Matrix cols: 3
Matrix rows: 927
Matrix_0 shares[0]:
3956931897739326232
317394131445939980
7503426181582281326
7155475211551278228
-3703912957356314415
2943513964013271938
4895765627070351587
6611612510094523045
5342987454630357567
487592137819180256
-1934207858605248385
4609425323370075899
-6793401946626405168
-5749974813645646462
6759765101879507844
6689403106889849769
-6855769025628628742
-4379627649584917234
9076043455734818427
-4961493761186074373
-1687683352108052734
-665753550157633392
-3644888751801629850
4358855807805103691
7679713425412199439
-7275369196913984207
-6501545802614558885
6664342438675681925
-2379826281922633561
2330457725700819766
-8450938312571238243
-1243498836147941732
3309761774007233612
-898541515342407342
-1135852383916343024
-4632175871076884656
4138990154483135909
-1276982374012043575
692999713222250007
-7373742658473010353
6452013339673746671
4169902247029208781
-9039340058570883741
3118894787554774480
8264857106105532880
-8034016432104601566
2433895496993412674
3598517380111157005
973979860745802917
-8875657511212684856
-2058566055085738685
1093103354725324086
5385325548250263616
-6452738080667764432
9212175945606485863
2594013840839290168
-1929715780381464205
-7643481029885698236
-4613143608401967417
-9085970037629356023
-7793556326271739316
6785239361867441515
4279365677455039539
-766277403317327844
-2122551443709071558
6826286279157944485
8612675022670257446
-1457678707894237810
2858551901259447309
-2592367656693242168
-1127011591223975714
-8715268383704763133
8233374867780856627
2780942855399664565
8926236677716341875
-911415805976957023
-5284948133448750810
1847500818453872200
5798456954905893620
-5779079186864468568
-6384458330886357326
3328756116411345066
3544555455422795151
-4073149869609659145
6573959087034365989
7105209927075234335
-3580798899390829406
7751897018200241088
407220742287939092
-5451861981085332070
-8259371670413362649
-4814166431197003489
4177552149294434933
4906140224469922228
7617128503901401079
375865029834324627
-2532634193519796907
8043759487272283806
5436527627229835815
-5856488478384933963
-7292070146029483741
1822974195579031428
-3970908197225571363
-991986692403759884
-1730897119109926510
-6375342161046697449
-6319851150639999595
-2973817337401808895
-6993320360423057759
1764436864796369874
5733771237282077955
-2716553624175505885
63802856525522802
6184648145250881867
735938373802606690
-9133600257801737888
6119320126124298244
5626101648898211772
2444246086348605847
-5490285862849121557
-4619856199175329877
4233866314870812039
-3030438036664643500
-2012610003293713541
3721855077171061955
6672687323398896616
-1717204742817112338
-2628352116048361047
7879102021525864537
8565861911754547244
5371671998125756119
6884218486155861598
4554559408131316926
3496275192501928770
2464061950312267755
-4948618238946080352
8108900236335749780
6503458364185005050
3849190899502821101
-4193862367512438850
1356753895650028177
5207103487723638984
-8472856630806453673
-6311777481482900868
6215040870148115541
5013822364320882366
-4690819438776258854
5355681644940740358
2343072027790364172
-2377303922426666869
-2822793764706812614
8504575235397212187
1721991247162995572
693368934234870340
-4234164525349977280
7875855099512401454
1771956018748847814
8160783351415856571
-6577385090149143882
-1814564285772726670
7154140450568800929
-4343060822273262835
3915878698345093298
-4899752876324753992
1110247144561643517
504536094995589829
7137690006405744956
-3040387445736513710
7221167666530657500
7936750678143238110
-2609919713637433881
-8195226069301831299
-8719824711065340914
8800571139971528607
7697697112047741752
-1253395607179442506
-2949473336501170554
-770881835936229836
-2341879462137056615
2948399289835886536
-8254408216696399821
-8724033991890447028
-8102517173750442426
6237417562306837277
-4149431662688778265
3552440138962547664
9187010619009841410
1804026034272287096
-6061147817584212037
2043312426144535935
-8200629944770830470
6264683841964778289
5242782708989888671
-8808338684225127928
4688595244551660749
3527494297278303136
1842083565202512417
8142607969811497022
5561199121654625375
-5740944138999999174
-4605411456728266381
-8779804259563489474
5798350429954045108
-2938565765761164180
1661821379656991211
-5141195295539914443
1623714783092171641
-6405253365581749894
4410116402417192790
-9043380736997706848
-2067133966813564771
-103095914782839877
5113986858569931182
-7311614664874946666
2793170617540535548
199203435458881161
-8357136014811121346
5988347296078249115
7392312152882644900
-9217905382405156830
-1837928785461313387
823529352760209057
3717769954285206238
8488101751327577433
-2912381644381420400
5887203268194952606
-7609943688901256216
-8686458378505286805
1288203883190997040
-2391961655452240090
-6814911184089565864
-7827923783934235992
-3271513565832950132
3602507755441929019
2525547978503437023
8490486460959058180
-8581185651511421384
6045044923498048101
353137475354051462
-443211185430507328
6319608411416755514
1075941665998816245
-922516187473173254
-2079539027345546234
9197435917380703791
8500973348779253071
6669276658167416131
-2563073845883491752
-4389070296597166223
-5341200796462384348
-3769593486005543235
-9051874604664280072
1859321751877140913
-8743650237954018802
-3367197444847876158
7602917262102804666
-6182752738592020450
3247788185353473235
2593661764754508850
8296545374884930867
-2786308165641538619
-8466048560638051255
-1000769716801551
-8566610442600001790
1261683220422787881
-8693440438519146773
-1284980565053657152
-741786803854524542
-2711551172636701900
3765714020282242589
-4105560623498863839
-401193252473829861
4417190062076090446
-8591543532180119387
-6869622317813025909
6447614348519035638
-290210568875735664
1753780902379250484
7302036514131066922
679262112896514476
-8693392255200493466
-6988138782947224667
-7514786196156356632
7458521321416408301
6791240668122442587
-2589107299177347038
-7420204269248888208
4955332360479758714
7196371628333315340
-7126430890111031126
-8275903666369531231
6726688873596371761
-182931748608538779
8158481725279908641
2147796492459999995
-353533101607684333
-89253174242437357
4195742036911339282
5356392054078670177
-3331294383190638813
8095958158017311556
1357167759971892914
2353700233694405713
-4934457822821137159
-5027398612756407183
-3091779746349130196
-433010950107867892
-2589101062377566471
2342534154128081998
-4482598510807620571
1793364251696039675
-3847884079321975722
-7653906535260359284
4413123304491286471
8897967349046075876
5971515340157006025
-8810032413451402777
-1627655047761088766
-409533310096663596
4768210950725017836
-7257371631723633118
195825371585329352
7090631494667834587
4042432261585356908
-7389264374076274070
-5076603454944312697
-1560213933082020839
-4069590647377885308
2445234499075142567
4207799929713149781
-6304085094190312123
-1988854198182785604
-8731434369993471899
6826928942768271427
-1866263333278268305
-6410630825875642817
2685452011073777594
-1410836715930293562
906986825827825113
6295584233166618226
8235834161783415087
3779359496825374368
-2350893466009127117
-8634373069314335259
7269818732731554431
7233333514966298337
-3255377489880366656
8449175498875445109
155364231975600106
-2896070612437485759
-6053814370026844465
7099533167509928981
8710780449222992471
7920391637405295485
-918701371360503902
-5029298058503041867
-3287232211246909757
-3243915176548757710
5209964515514916865
1645126315921483394
3922986145290867646
1809892963420061185
8482301394949143670
-2432765990867602001
2537590293024134738
5493638961873825866
-798134610911421838
4133207550063921828
8050091784755725129
-5280305303021997902
-5918849533441131726
-4170322170826143316
8118445706856759411
-2071112842178255395
8666138194026519439
-8886625282305710984
-8319645640848912612
7591895068422322809
-9150466724934842823
8367662916021909504
9152705456332053679
-2211841401577916873
-5030539759585954276
2844353444490339310
-2076026512204410552
-6567665511980032356
-1122413690593270826
6245521007926678104
2913711864675297281
-5929922214553564147
-5515533143190347640
-2864440147095698678
-8482546605749078155
1429077236163785183
1809820664400450725
-8643507297736452927
4945495161931054249
2069963160154299214
-7857946840799450621
2687900409171391921
-3036527370410412804
-3223362689469681718
-4240230753022392998
8437707369205717971
4277492240469062899
-6901605431354497460
-8006914661911615338
6379500240072362722
2493210898091958124
3043854626862439702
-5233608388161247286
-919560671275653136
-7284944799124099775
-1269017435124217583
-1146557368938487785
-2666846992741632529
-8545439790385294556
-7429906354991354934
-2630541813197962071
4272507058867831249
-6210458026403934542
5579735378919542142
-2990243736102911072
-5322033432054138276
-2735607892134709527
-6037974665954641923
-7662129334523483338
6845275933030232548
-2638417477706379324
6198925955202001919
7841507336313835404
-5895545218155864059
8892856535836508082
-497805303222698601
5190892375228642249
7049599231118695342
-522785161742680784
-3317583457253050719
-2174668888946587976
-5048092226899801970
-6673269093584919689
1050989318947643562
-578601565691203559
4350660378104126651
7847178883313536591
3175563100523979188
-1239856267135098790
6629102270277450892
2710841646974398726
-7028216634389047127
-2539932609373617237
-3981423840623131626
2635461593421603196
6298148706328694825
-5899668904792057805
-5894111004724512454
6680510023199628940
8724384742700072605
-3677789626938552548
7399463636671916231
-2682820499429109183
3667211263537029481
7991220650421285484
5190532066066191936
1727322081452893246
2723447429610776098
-4212269145318587501
522814250475792840
-322522994509065897
-3235460176042677865
7472205110517703859
-1994462734873633766
8796407929712373401
-7077399858674189089
-4864480918532998776
6443435850895925510
-6087349819791984758
4663495203318544739
-414187372907173580
-5409057024233995054
2232951962509729346
7208029009067997690
8848294377192139752
-5302099032980358519
-6435642260778600068
1358091162003400561
-6047953522663069494
4491279688460215887
-6932108849884501217
3894566337428156794
-6147961309264135984
3342997396552568512
-1773737211093074571
2006765573520805074
5953791884999297480
7728037343992781862
7354960516454315001
-1646665772603008274
2140371919576126356
-226937695747673796
4281732923230266522
-3194169835612491954
-4287110357501730643
-7180703494459933928
-9136510147425053323
4894036986614247808
-1391875365989755375
9172723499963917796
-8916576771184238328
5885831866141044060
-2117993460704117513
4989784114223183724
5293194500225525383
8018014498751957843
-1849488701065528928
-303066745922725235
6257066759449082497
-1593143374593664828
-7638233844664584628
1489295665084892528
318264595374955883
-8634704175538736856
-4785635952061329668
4650665493164595601
8201275155929226930
-3537829659394514972
1666916169066514162
6067480261575573803
-8965853601075328482
-998625424623485617
-3848319052197495521
5619506647730058333
289872085981649019
6561068671225896873
-4025121597546301214
5145740204170999736
6853405806187709909
-2186662532090087131
247814617405950949
6580111414435524522
4244060581361240378
7172941420140827229
-7030079523627790976
6939401670042259074
-5164998126387875282
7415232986930318595
-1992417718411058677
-5854419013153767584
-1146840873051578119
-5390267948886977915
-7294560542888753209
-8936208108717694346
5118283524279875361
-5886718436226552911
6986954750991782780
1482126989841142980
2520582995248153522
-1265846168170837708
-3957279088562560661
-197645599944271340
5628201089530104374
6085910519705608129
-6977839553986063765
3658392368567467185
-5042435905959048782
-3215793319934554593
-4475136332844909656
-1144661565237350134
-702780441261816335
4865182407308829615
8687482410080360931
6685345531224620135
3796830290042590889
-2728748009831462060
-6751449274041249596
411544080634247465
6413477682459658923
285408727657982925
-7497776719887309495
-6613120378407024303
5209977378873925007
8317576105071300486
-517920670000530573
5364809022084278607
-6174790433834681420
2336315091220226111
7701631372805603743
5040006283326616356
8308396078426071101
6798639069776078837
6821003357420820082
-8464297351755312209
1617414548565703861
7630022546972606479
6273005236004706107
1786867412054327118
-7315831524820655573
-510305242027582201
4908791065889001297
422528140133664730
1342306776032400042
2221544491721052637
-9163306897998253046
1588733652655213325
7824406182570694934
-9059463133725587149
1577090867363830429
5982291754588608392
1168798635190314554
6259740581957335116
-8907701925595965976
1389278160273144242
-1271657218524207052
7625583012472763365
-4156052396191591652
-1890082549488567718
-7217245738787795369
6166340369538607981
4729503222616045681
-5893198366906755073
3431731070635110765
4379741154567534194
-8250149132991586073
-7313607481515043497
4624118583264416680
-228777924694785483
-5851286776800316836
6659328943927813993
9216278189103337744
2544535188960162139
716991884271464146
-6131847275937574321
-2496472409418308971
1372242030299193557
-3828284326926694925
-5412880921003311115
-6636447776841456346
1034219484260729228
8773872034887261936
7521272391361085359
4689700616189466297
-7861141667642238955
-391131391872634196
9010652054474067954
693505726961108133
1344208504362267190
8144492643832744494
-6276066037895589042
-3685259633776039410
4133176838762864397
-1836025375037656613
967747629094834680
-4166228744950734277
9192785831607276748
-2243567908484802526
5239147922949449401
-2982757178639317808
-2511731645896830887
7260841661421004750
1235696120813355964
-979979442241587001
4466583196512466955
-385835713908722053
2740424083751942978
-4594698253455072641
-1070959285348161784
8786252062177605994
-7318995618715504039
-152319424555023709
8850314003620350364
5531009247382521804
-8224758197888159574
-7985497084203284027
-254133544500765707
-1078415159670836571
-360812672359262053
3960253756873456399
-6713373443419604981
-9180021551243032369
-2844101238721665405
-7210385100525030395
3724404548738818732
3388017860437452034
7185811076506275595
87138009975515394
284719610761020494
-8141665203805418159
-5911478887717124703
-5165746798155603746
-8027658908504817090
1029637238553971364
7670553376361788620
8826140759233041888
-334335280235647138
2652283926759628423
7817837052738970058
-5288096927970190149
7528969471086976490
7257561127505996169
-1259600799180525573
9191361522216338713
3078474498513259788
7370367273383611480
-7946752712333574386
283747293672432603
-6297899954208117959
2682038000746374779
8603945924946295509
1911856603580568800
5580556366423231521
-1105524323249458054
1881631780667847676
6023778007937748391
93070329742410397
5479452191526974940
-2313893030943447921
6988643981252339654
-2996043077620776012
-6649170949431389529
4983213147975019252
674492097095437007
-6911328893117674868
3848408405762646879
-7379659561546994144
1888424928990391069
377218966006868463
36835254141311205
-8478693312414431951
3841246222972543927
-1744710605132056610
-8827832469854779810
-297766774417901624
6827429318539531780
-4655133399041099328
-4905422743407502591
-8057574207662638694
-6349092125369179234
3625611980538666161
65118648568251450
-4949515070483824629
3602396693440972486
1821865963890933084
5726703805425015152
1507987562836845225
3424219672632405627
-2707521866750758558
-4920034564220418198
2845897970486222678
-7744174220457189691
915957619322456689
1349830044921028309
-443797480268291512
-5457583778238807805
-3444950687214802777
-1234369222388463971
-7399611266464047854
-3769879073632505246
-5308465401301981243
8423275679987240919
-713330899223679789
8806556088803394273
5150646866932214503
6330672309126047934
-3464657585718481817
4369380873031952064
6444918664517972540
-3490326877813523674
7907475767219029940
-3862664847614022137
1377943753800858652
-9163574515105329395
-6321032472592470063
-8485466717586903788
744863372926432727
3594616926625014462
6387142714741167745
5314042205416755669
865457953311447726
5266900565199056951
-7495208859665566139
423368467748224013
1584501846158640889
-1308938929084043905
4168349327445099218
3810891140986069877
5340633093201782102
-3453966115424650044
5097623615140376153
-7399343330510567367
-3484695867688315973
-3853120702040301088
-964526000902771836
-2439923458295167477
-1934621919793921024
7543939903141421724
7097579556575468933
6414668044655584969
-5358206325841057
-345764709582084550
2332738253364134092
5458014618306994909
8123082098382545569
6864925779681518526
9054161215639053665
-2900708726875551933
-2829714507095523690
1514592167109141649
7116833597568281401
154275493909375329
8241775093946228723
-5488479150904799741
5790665160257261192
8687826907700314488
-8888217798253110567
-7951564189158353525
-1976379418607300880
6519469398063116980
3140903904164528810
-1337953140969230729
5228683658772100838
-4893429477499986341
4214830107705383040
-7553230330967872416
5244211466986534977
-1360761537826218090
1065312685609085077
4008322801652314171
1612320186542126969
-5654688019612183715
259524753922030909
4387615523569765898
-4852436806945300047
-684246203549615659
-1407847365843153439
1903005991517349819
-8079143633191408244
-1180933953152992659
4520979966205925858
-3331034797893054341
-6817713454617387973
3190660440387453931
-3016606493524932550
-4532109682853683832
-6189405006827793387
-8340711972854998335
7350763211394309427
2193872990846715977
8013020387986107388
-3720351997022772856
-1225997758400849202
4410688175895288749
-2944281700567042076
-2483807856752553310
-7971929063071165400
8599772063421165886
2018405445200501938
3910480012050262352
-96637803875960212
-7590274978876488413
7324401064655314352
-1870510818283865277
-1769049437087361647
3035872421171823352
-757837224577279064
2316470641776224526
8051272119574894695
84352708839931469
-8845206547601566718
8527367647064490039
3883894025155043780
5550042100068746695
5187515748562326876
-3975652097508829345
-2682371858016853644
8410949067723161919
-4232480881215478677
-4105417755872356402
-6022827259051359796
3311500673886267127
-4086184263683623358
-5577971213222559853
-1357259206677328055
4478877360043169815
-1282354268310133127
8166680828331169717
4259785680546555256
3929456032475925696
-6102823392104916390
2178376692098988472
-1890122004971619305
2402297335215023387
-1294040209560119152
-6398973660738245368
5032841565313862316
-8900963275565416289
3743449001859983253
2261694098090165849
3665145349398409347
1076937559313202511
-4699908068876440116
-1755038487956202318
-2571943012024539928
-8833992340306239146
-3356803768032217278
-5962937855194370916
-3917229800184905169
-3860985158555194326
-3018941853629940758
7061983108275629603
4979344125960040789
7316232034366265948
4250603169538586357
-7242228911135461809
-3245224231012300834
1655834349106320327
1961056399045845164
8221522032161609778
-4036640026190650152
5838879933369433434
9065890493000277197
-2638667058466588503
457434083849681498
5328246733947017317
-2985674406847398347
-1268551640277620667
-6151334565155268405
-1858675184134692564
Matrix_0 shares[1]:
-8104433417794544120
-358763766973988455
8555385080832089670
-3462107704776994585
860457424987546559
-2935632160160474784
-8455584943416203920
7551258264455833980
-57676063833875476
1312993627535887256
-6834429316459585488
9175102817903620093
4028821841337166131
6725392446868166690
-1691330195796293392
8260767607147111187
1042608171253552061
9004931732869626631
-5852310307448977479
-8279882573755819892
9109194867707887122
518691659755430227
1877556410800811150
8927409075109486418
2527935689987379482
8119345160085975684
503934184335324406
3220123431698862517
-7043858225739463080
3633691526850497078
4241212031828698580
9063657640540366515
-7045201419363729071
-5362238446767409203
-8999099607966969061
-5272283757724649635
-4536940470883702462
7210257652508055161
-1340678993317907040
-7068655688685925168
-8283711558216690892
1670321111305397702
-5970157565712974042
7259073257645147349
150924841593347677
5373883006228662276
-1993809884287484137
-627539533787817091
-8132058890759092859
-4556788394472122388
7096789230672297410
-3067617202695755311
-1675092935856700050
-4230363506298907697
4511567335600516236
554661532318125578
8720702390503655071
-3019898767632847340
-2225436991718669676
7249522236356444349
3271333285011746550
5449646392004243372
-8024961233310522566
2239174530920608736
-2268861455544567754
-8178921265148228252
3720971424941333943
-2099965697660262630
8416093392932071087
-286640396276514677
-662422406461663381
-6404068349214603552
-5015119705558771883
-4255795293365000098
-8932660419340669596
-7694864653873116822
-1221058313279327092
-1785871804274856334
-4054487758857320723
-9192246327877215469
551233593217372718
8865736163065826493
514416810308627653
4309115102470905300
30680651626713918
1370967395572291274
-3984290174025744023
-8190358697638740226
4851537099353146692
7724394517726421438
-8266405966584743402
9178237525740710875
3609699541362254590
3380218159675347095
6987253629713822047
1833345997602627945
-8898971242638533709
-4230286067097116549
-2160297235426878057
3615811483301459425
-8147843726703288017
1785953613888442898
-7836542399286013579
1163370336135576802
8532352714967061306
-4201871596851880618
7159294783532916430
-4639517871571761221
4712984410033001488
-3445308450280585603
1144885842753592531
-7597622316805581015
-2066119904763388914
9208397493007274148
-8029875223018169825
4818792956047429569
6601336772656286474
9105517733799767968
2732959124005551440
4577318594459184190
2148042171569346349
486195684540138837
-2937769506156002680
-6091616320143227670
1876216225354514061
1912721750446176925
3162147531018347410
-4455928678856486647
4310373788238493856
-868837232552218667
-975717738433225191
-4484418733463101289
-9139772862022256099
-1718198169795783776
-3665202636873310555
-5831872582907822613
-6823293046158578677
-4266843775602673333
7815375961812143714
-4833766221007248533
-3742377976033774285
-6977859314947895504
7096722663503967508
-7830376286984809683
1818299123027221977
-7081162620250483729
2424700468478281288
4568957056989487921
-957480150232498348
3956714111521360224
8174211349505227786
-5589264231333471381
-3460371558393055957
7429132547900980764
-4732949963068683480
8834559962829927615
-5541569442115783702
5579901046734048637
-8353592616338633924
-8741608406628732041
-3082750297243244268
5397331646513286486
359827052989325935
281694702321716432
3897820168224616948
-7640251334615840545
-5210809093480047851
-3605368504056479667
-7477099267989462073
-5113080944290820265
1613444197527687025
6195471056335226273
1939076788641827386
-6533533699123838917
2363076691821447083
-2109606294658613502
5640499224729024775
-8276151939139842785
7866132789374680819
6479938316023422354
-8589814600306364061
6378615300255969687
-3161302498552687095
-8265321963708145195
-5011700166068920112
-4700317686987299072
-2866787994836581108
-843047116764782493
-4335818691367927593
7656100376996405442
6681764730413234369
7544048017689151868
8030847123909942450
8652205560642775542
4514852686651459239
4529555752613266130
-7014855654829874564
3562674660093272152
-7261895082855996275
-2936390553976657551
-7095732700224249438
-3113012759009497293
5910930905639351396
137171150680240678
1696055076385744317
786559620429013865
-7821089696289934140
5229984402453161134
-6089337974288395542
1586449607824765528
7211199498705264743
2585271870833068464
-3134617904295558319
284217719023738386
9191739324196103130
-139536192282427603
3692124472310934551
7420949952266517358
-4906773091058326418
-2910866409487515168
-6791524190185635750
8278108849529702353
-8448643831756912962
229121414609011650
-3919463125602449315
-3938375768107904843
6782070115803728916
6220203131422123100
-4628099836362110762
-2997796807687642764
2669465695389866257
-1140511279340192865
1778674751527028541
4966851810337535173
7966086813979469781
3458704002069112494
7192710903753483322
6111436404740213347
1977588246727846820
-3897287644724487683
2506505792596951750
-7646900523304871436
8885217971947137539
-8716981532507943798
-7362557379535141398
-8569622025866005610
-5093465398649893694
7566313987133834865
-8464086827836334831
-4948522257840681205
9188164595160461332
-2184136997193750749
5574517974124356920
-8756594343206999708
-1050194256468255473
2953815357477998596
-7312138435182959313
1323053877824252598
-2652654284217144140
-3608323981470265924
-7631355380467120750
6385799575202912290
-2957199956997716883
-6522475257275556664
2513724379984401676
-1934645816427852096
-7249915561811547669
2974111395416803881
5551864059134546140
-2178107332000467515
-6944507671890137333
-7182699878098294418
7583418339803578634
2759805823091930777
-4556549655465209103
3260925892376869802
4725539168637610320
-7751494489382858495
2946583598481641026
3429751459875841046
-3616933439187074742
5521365973288458510
-8135054301170667482
-3175447353325534277
-3074186331185002670
-5979223005740067847
-6010804346963609349
-7090474129024132918
-6198306385090855225
-3255069345114135623
2252645021022361953
-6747646397116129698
7977921501013472875
-1932535651388692540
-1970539559747238587
-5961495503754786023
1338191312062323292
-4113206098926543573
7708631465514449667
-1382415643516568515
-6467537320930117781
653534264216202517
1841947810662176651
-1997731840413394515
1968842061654063960
5031388712692724857
-8675030131633515092
-817176410238650139
-6364145424147009361
5312617012162971386
-1781443575770675739
548007276390842423
-2939058680575917832
1753241649645521789
-3483588686950008658
8326988732619092315
3620773452771233485
-7914740389336264020
4749005072427972443
-2753147053916046640
-4633805827963432237
1118247067891346693
4087873947106150632
-6605607855138290675
-5626273797357252750
-8559452111244644425
-2227998848429439800
2789155607617661140
-956750019093026365
5473863764901074840
-2235169707193755496
-239832042002614929
-5121547656944749200
1578918673292353670
1406847412448853484
-7288224418903292444
-4526074381211141717
-6847591688263484916
-7932060084191012739
9079107048649633293
3159556888035229357
-9196104673914943242
2583234200912880283
-2043617137323744132
-7789371647413682568
3045692522312054813
-5562698931296719298
6382517419050757410
-6208524176985286519
-37020282130316982
-3731712835755792590
-7619296911888476480
-7864308840468266461
-5570272226213827035
-5687767146487335282
-5535124966613299265
6505050154976167523
-975910024814404677
-8569400607012303530
-372965014361701171
7145264693661785567
-1703310359945542734
8705321015063247784
147372768982922420
-1824244279833521983
-2500402775217058687
-2039222064343528130
2093143325617794683
-4513480385631674648
-4410435031544202003
682109395200647308
7774409258063981246
-6075499053025762738
3801266496015368297
-1492650852038042680
8669230088158455931
-8232526679215393670
7551218392091280689
2700901630506192269
5821492824663406842
-1477037465214653670
8486168278871223247
6016805405386839530
-5390644846212350152
-975176378234606426
-4922192494801108879
-1968545232102787400
8438957749369315615
-1875682137917139887
-13412233992644691
-7178255420283124562
-7537114358192865971
5167659024901744140
2429328765357677081
-4967349942285561480
-8851450087593173634
7874745101090404926
-5203117873375520936
827983822995841568
8545650832110159874
8056462548803593260
3170211324610438670
-8370121901872870295
-1446619616806134082
7091646638177296108
8822186921003017035
-5650286661341425810
4047649721191734737
-9122619449990873678
8245676154905405999
3791932664259207708
-4581514626858905839
8826077746823127013
614132986422150113
783840880585646283
6438961755208493609
-1383472536975181227
-6591505321754734935
-3564070594940113706
-7121063243612277526
-5327490194483259631
6214774018980875626
-312406084296198191
498649808295554716
7029967717075143896
4847841258998760918
-2420316152420196468
3519490436828200029
7339950933736755220
-3854873285960250895
-8635248450761712115
4369366974130950814
703078383064849374
-607234444329376184
-894127062630396062
-3627814871095291178
6859591269992474809
7479038045716549064
-1253995581220697126
6689622679313291172
6525362435481011421
593068038320136330
8342736514459176094
-4502906814098741703
1349443341110101098
-3410533615359020980
-2216674556696715722
-8636097014325943901
8490298763346659406
8848479670586890041
6174929118083122954
-1387346669134137615
68005574052875190
-5237980766159709023
-8130559489386152150
-3748685112497681671
1827195152531245426
1058407361549578572
-1507548182737204953
-4633996641430925245
8576536027695717213
7484802480524206092
-1362774293181530845
-1015386725578704043
-5760839287667689700
7258505800393016279
5530933022896856343
-456002019852786943
4729849434719383450
5446206847876036432
5500295370561026869
-2818027450421049169
5041088689473550728
944544078390428376
-4745207190184482879
206521477295846442
-6531876559975473646
-6736456793796055299
-3662202497117852326
-9134360774689259403
-7497516721645058591
4741596790769837487
-7956359717417440123
4237109027762888391
431981880311977982
-849486584094597083
7058086848204367733
2915942993708996693
-1055990721010432246
1165851888524957836
3168186710200626032
6394181582645037022
-6245389622760310860
-3141899637779931512
-9009205725211390938
-3249814285627012098
-8483502024589172096
2741439874930907491
456483916268686610
6418929451260216947
-5064561550534575452
-2562994765988135197
-5519561239993158046
-6883504322054075157
-6564155609176922625
-3536539319023530106
8788626743640951173
-1955189552173410922
-7042700061128935190
-3993785500188919713
-4587249734496104034
-6029348890949921820
-3984927810108744039
-8387808474589187457
5942372495387731982
640583300588265169
-7499074317160973426
-7358073109933976193
9053407175110831382
6798337366665393803
3326056489004745094
9202637496795025676
-4881137266176767585
-1555543050961191834
3975239138363400389
-1537516014099307221
-9033385138889204640
-5629258764038142460
-676688024203850046
614832019582074995
209149501834584581
-4232707204448882152
5988764678545702894
2841693836043838869
-7370566030089702314
5229261031336721133
2710439756602839625
5415519232179179652
-1843582823057530431
-5058433313070727250
2985234774727302031
-6260997606886549811
4604781056964864567
7910874734767399733
-2388408900129522860
-3674877425721332702
6906766229256041000
5724755063025535302
7357337104460665123
7882201788372403869
-647470904465216063
-1823049416993580642
-5719277410468249522
-2990472420306565528
-3039051650430368918
-2625648652849271567
8368147603028806951
-1697523573660734699
-5637804283619110203
-5685124991036075715
-4627237905945405488
7518389765641815790
5121244792983556738
1810889601774961395
-419419060637678597
-9043259893079150428
8328660332263570621
-1081545781407921712
-5732558118880934978
5160231661311491457
1251379839166989342
8685234398945168804
7371311222574497632
-7783477102072199823
5476667679505927547
5080698064441034419
1347277831289924386
6962937610300001892
2885859061202609945
5788256760685108635
3000841398399347528
-2745237235966403487
8305580545091616335
7927867429633619196
-4544511781780016210
-7733940375588122644
8571571623505342425
7752988124487408875
-4063394421680255619
-8559766975333093311
-9060036227952002332
1885964138698185282
-7051217810836284776
9052662335767379374
-2699558885029588698
1646276336685457436
-8234317043161836095
-2655008953964948490
-1701152922378787662
1247410609862203096
7242768843744665680
7661600761942465710
-8204881747770446503
-3105484560290821495
3153110130120924041
-2997182656290290454
2913935900629811800
-8069860095251732356
-5739778551980256869
-6166054545928731621
556032866929009265
4185685324894223522
505760420991321728
3594555094956145305
723965903026080606
9162470024189384081
8326778892231966142
5469970580023064140
-7835752987072170096
-2423065801600819674
-4572736681432788290
1661368255215097151
-2718283154853800342
-7412377522272779663
-5638814036460653404
-5562658098986673770
-1529792806241174410
-5359028155755003393
-6189977076913222383
9186475526058055661
4448546109598027348
1746875211666080289
4401053077987879442
-1843124048272699548
4797751840903794531
163852089957720872
-3937606633068350397
9125160000437162812
783770418680857652
2135640005910398217
9130508495263924129
-5732705264086290470
6752875711881366651
8695414940386722070
6723653558879919308
-6749627460189588744
6901419749536342032
6170675969977363038
8486480801099150277
7985528247741779622
5952433499952522938
3169375112698896161
1302021376196647034
-6574025120677413310
-581787644718894311
507438228518051844
-2208439905466826205
2309751024619829527
49445906098678213
-3637081241799615911
-7010719483100704302
8038389671656628002
5127006944280322337
3209819619226860729
-7332797317760871949
-6481382618953839816
-3527434535192951397
2244636772071907236
4429783956279721936
-3315395916800588213
7861529462734961528
4938581238087554034
-6483542503377574160
-7865879348386209748
-5098323541158489485
4295965624476572731
3001640954540741092
406994645963573636
-5350393325460044741
-2661626410602596618
2305049621470783368
1277690937266807491
-8887442110600051468
-8368127556862689679
3808162162635685305
9198119903352119769
-557650095071733637
-3371247452268575056
-5783063097725806122
-7360208608988739723
3128987228156805208
-4053369383245822077
-6347431930367139082
4601679049294344781
-4184402062441018152
2446547875461246939
9106244182978548686
-157973498125319924
6667201133337363838
-1939669435627692
-4493307026898576675
7739608996812323067
-5410945438818728470
1145555855154525524
8799563205050519405
-8078758678770665046
-101545852742279902
-363319124452744680
-1267007742747801663
-5164037708403726513
3837939195896375085
-2334464916401905143
-4837823419065056765
1099214080047769961
-1857813792646453747
-6492841701638963666
-7233561052554571090
-5294500237799979644
2065754792373773110
3623210090161756243
4728700145807508457
1344946492628459771
-1031356165909143650
6019308422879381444
-4147274735542429243
-2176851837822969860
6092021178634868309
-3584903930644492881
2677169588849071843
3738235603270878280
3897932959465283760
-7393558505929828551
-4348171289453988714
-5308773707821721428
2885218441002917196
-7625295553505541534
-8710019206523426240
-5142017442277006327
-5285898023091305221
5256780772079288337
-1221000548160584867
-4173343499613507048
7187859913321157154
8498054701505701205
-6041672084001916590
-7863370991553701628
789369589139308872
-7593063901237461618
-3024190781642993312
-3105140403462150932
7458655323070810876
7283493726949169996
-5331806716287383481
5901460905189192804
5589816858878279062
-5194585570428714624
-3641521262400741020
3449097759703275274
-4592896503067355215
-1325458367961903929
-5221802601411139988
-2854994890893212075
8917513398879527672
7085703217995674628
-264040374956568748
-4286678975701846554
7576129528036050562
9031273135615991536
5758630130772029801
4819448256920169126
445076070148679849
2844186798943333804
-3203456493231158183
2120064180680771463
7575333531847296679
6909558579895267304
3670608190941115631
-7442094123100324658
7821487513464816555
-7508634364304226013
1071186542784431830
2852225922733788520
-5761323455656235566
5837726602992574025
-3897051275312703655
7277766247893897502
8659615399987070631
-6333687332813323124
8748210074579432559
-5636456430993837854
-3891879336330992094
7529906721563401225
-391416709814305434
-831192282962593975
7386767280654002249
-8719766523911524359
5653662646693989541
8652821999328844001
-6830901389355555595
-136614614390989005
-1671443360969342355
-775506381459445872
6930908789285465930
8168282534996098944
2486621974183231917
482277095687418386
-9042260494386934224
-6675561831865168094
8973960487327836456
1257722862493625444
-7089768608338905763
4988247739635131725
-8017424824477920778
-4032903556310947819
-3575261808421802626
39207570663953906
-8871273540488857261
7649156753605017472
8461768837285313176
-6033708232104627924
-7414168775319254774
3114966311594998282
-5475062851449881991
5753598339755630906
5618683555293542056
8052499267899168530
1474277381207939123
1285489559079411473
-4160110733979275378
-4740149747477202797
-8787717944450347131
-2342553294033177590
-5938732093917248602
-4020087608997536081
6761756326107183969
9207946635033687428
-5009801622488095288
-8410887688309099032
-258234235358039253
-536807727066550233
861764585693802732
5871057064870191839
-2318028524024848605
5015497562618742956
-2159410182042744926
6650509225761702618
-3560777307241225942
-467044418268462305
-5649303408333932429
-4576003781997279861
4990461418519561243
3155040586278939273
2234566480652355953
-7613756710795162189
3706715711861848004
6591243274771249849
-1361051312102462924
-4287448939239510170
8265742963722368652
-7342993360470621721
-3080439032408117791
5921761051791696098
1379711919554161297
-5548866392701606745
-1694206977395292703
3340398975585857326
-8300983769093379906
510533466767113671
-222016678365263165
5272303219994554752
-6829071669011120532
3485260873124209540
-6812384252196833634
5540689548344431054
2687470697600767063
-241715831963349907
-1848101280469304323
-3189459702058963905
551620836323056604
-3667218800487599163
-4152399627100346916
6963739183012849670
4543105087622930600
7111973929963802945
3089178800000983658
-2191125037886658471
1238769656313008969
4701693478216136869
1506687188521560277
-8862787306631707531
-5578270589217608339
-4134919805304679402
8681377683434782696
3444694376654621547
-9130358642230934039
-3457666977529420945
-3938742242709752846
-6678561824531094129
-8074851777570694993
-591888238896476890
543797868590618991
5724981178704076252
5888078489373870865
5227039241238169162
-4936083202439691966
419005017446374482
-3151626766581376155
3727230888637485153
2643649381815838910
3966031183615621377
8863543763580493728
2076274489188485943
4771280238092803089
-1448189263578709115
4356802732108850275
5969237010144079078
-5876018398067496709
8506340357527567425
6719182677409250868
5827585878652398243
-154289927988443679
-8288792442552497138
8403365166296915273
5335875954116798453
-585961213770672758
1267791574616997716
5785852390454064034
Matrix_1 shares[0]:
5166338952898919215
4328487945438963757
-5664091301924795789
-454250341063666137
7392582397161714830
-5010786199173014084
8456061258951445408
-5139903212579985286
-2348414999506556365
-5263314953566780313
7560422547301434049
1641168250393626594
6154104678177920409
-5907579770378663877
5767934924224596210
5656913139728500010
-5262583642950876532
8127347366244186522
-1719038581360511147
-6531655154930941719
-2800984343593730285
2813874051099789346
-9200861284843288527
2030652700274208534
-2037651078705764718
-8776151001777214580
3287286763601941034
-2265467689929793072
5323140097937771885
76587369717226502
732205595555254720
-5829457088095442231
-8577311972197891459
7488962159479249680
-5679704849238078051
8708004012112180700
8448979791363140460
-3321325044123779473
-3570060660217580113
-7326224453338486131
8140305330511409969
-5821595251723137116
3067981835675229206
-4776345750503816089
-2794998092387406995
1972957815924313945
7668570679410748075
-8886986882572387388
8865543318856665116
2428966489516643042
8660448349885280629
-6218910175519113339
7172157034504809052
-2079249060337669572
-2815093825540336614
3474861618528633556
-7448184250873317301
7429396747323465791
-113603202723826647
-4342298135381657800
-801330254166670630
-3032175029177720844
2861388980759630905
5822730361843978835
5265679283076159697
-969612080269735116
-727685328180393356
-40870208374401658
-4934900354683235499
-4622508103272219845
-2433611855170733253
-259935192093874417
5021004759985733537
-832072351918121573
-9119971874748819268
7257904478367287779
889984570709655643
-1967750380511254827
3462258219497065913
-1613694189668210531
8640076310148652086
1468547927920960557
-8300159046696888324
-8381413900344168459
2845293900898732129
331842509578507478
6506542907484786134
-3151709909171336547
-8301393778080462826
5386074080657904827
2474128338800971048
-8091541677996663950
334690989947954457
-6969238290903956695
2847495490941877368
-2678544460475792560
7917712080215541939
5296245636815470965
3947679017647089422
-7887659033963923200
3674644996143304895
-9120715586362232177
3975567171675117581
5107364870757595275
-3061420000139676980
-4537721510047051498
-6633620519307820990
-2075586485852568531
-8584356907562686569
8390088097685153183
1033903048399282741
7789322169117600079
3330564628087006906
-4014846934721025377
-9017060006017721277
7690662589444139281
1393256532867498555
-7093867419300283666
-3867944388771622404
6509801900104423817
8356155400381198878
-3391917347286012904
-172887249611315563
8810161228214765153
6734988146800012641
-555384635454580902
8107994519447003301
-3987631529859987128
-3274470682700164104
3715307752885349624
9007799081897310266
-271558470188131757
-1556019298568050563
-3291836401134412377
-8592651705102807905
4284964284757545958
588863623837180897
5087701067730504890
7627341414435151923
3622195730295155945
1499139557905927434
819003446864785157
7212714917758548733
7373274990658597012
-1700366428663023488
4886669752495949705
4092794416792916304
5243743277071633238
3837665120502410902
5444954322063321045
-8134390561586513641
4611999097364446606
1214684113441753761
-8324959704620925495
4390106020863010375
-3141240174125693773
-3112361046799583619
8056086943959826097
-1889485978038164219
6331173602764392742
2571681747014603345
-6286004790778671568
598710364210109247
-3192281206322593613
175957290137523861
7044247942998540823
-964147700136507659
-7631824650741474182
-3104754818922472871
-5701674894815792536
-1159337034585381445
-2508660768151258507
3051918637365021581
4439052896530027287
6718296294812039540
6314484007793577840
-6249927030883243300
4847500578161981932
266681009282695050
3902970040500632102
484270570322213407
-3178924195465882855
6841617169287670256
6943094629706416639
7791156751362348973
-3318924586668208537
5422320220020815173
4735631883727301089
2833544873450523046
-3390580164809711269
-5914379921854439414
-4153290677307269681
-3080278435096167577
3700440849538160552
368577893182273643
84759939611492359
-184198267236651108
5023207901493114257
-5459696724329690113
-4909705599261389001
5332500447929969480
-1815465006212797768
1592833754139731171
2373947033239735907
-3339626530084610736
-4196634304927495777
-2353155748518969936
-2405255902757564554
8398777445648968296
-6772216063720771813
-5715885553551392737
817210332210948793
-3143666049147932913
-1351591439547356208
3848897867036817522
-5146645025318023821
-7184562445765962031
-5798089747108200200
2567001208274842239
4594805428741111007
1291965879219618886
-8240735979553820247
5365950648364389439
792026983728405858
2456843333176153434
9021589661145463395
5647288487953556438
3097288071196791093
6022692564895490974
-8194047574556367176
2997053907980559571
-8866858706345471873
-8085394306571397953
-8230884751710268421
-142566822475178369
503376631391901370
-7255490921556476599
-3683135080977267049
8188563369657057649
4798465361175893308
7347267389623123032
-4905897214614256395
-7289552349918322855
-558100259943726829
5683365540299121686
4383036365282981621
-4035311393828781493
8213069291850808384
-7303532770771154761
-7244788728476524562
-1104233072973381324
6287967398565220819
8879132483537188206
-7627718908158429924
-8502142744810517245
-4257486014961981571
-1492792974929589536
-4695359979043035849
-5506041122941700421
8697181714102610325
-4931845113735849888
274993791390413047
-4760777591870893264
-8354989249569929229
4648990909816495450
-132146362086509284
4021826775065610673
-397339211337770001
4923590620033583311
-6611801473350093033
-9121254625383053557
6785782922046768698
-2644130315746943001
4046755000811598472
1315739894056627369
-1918231458528967902
8211709697921622387
-3106011008014696762
-389508006948981575
-7677008646556895581
-1266836472330909846
3439944804045063780
1420980349526003045
7990151326498210821
-6880316341766936035
8459495339387256100
-8781921154810582203
6173554952507944777
3321881838109123775
4321142709723615492
1579283139451666526
-6789146194573646908
7982689542814124023
-3038187309703265829
4602974938362482218
8016189698850273283
9161936380134974421
8256325791998373033
-6598472085733584925
7292088789515146623
4524597058562012690
-407057771441469537
4064771242299077667
-7826552488025726503
-5747377155978671638
-2083857269267317497
-2551314448560195717
2441171642870939511
1615584518038408289
2047072684297209587
-2720914264954189375
927954634443403304
642787800344632599
-8025497026811890461
1842289822185115987
-540172573986463438
3922683453243787744
-3914179544649942810
-4284141682982955383
-7251313823255719022
-4812715862545284352
4331314079484842194
5218720466477811725
-3354013400678369784
6952537977372036778
-8647716912074494039
3817387748480899136
-2457297301456591887
-1383830402968347778
1180378849000416380
5497191414708782434
8861743726203243023
31869105919955060
-842963995500539115
3919347938912332233
5852640353400333143
-5034255388067022758
-7546603087128260044
-746261484663641872
4743901824791302074
-2573727353662755771
4833298418775219008
-1229757074955771305
-6376499538756311408
6660905620291688600
-2645937791985330629
-1706608981102054906
-1235287211182042334
-6716918882118610883
-7166503053652850486
-4630449423216337636
8212762344597007622
-2938097189492025465
3369638237205981941
-2195787995070749
4210925401354187457
3604222929173568781
7144956573405531574
-8835242858342518972
563843930088051529
-6182867839243274379
-2691952491392093519
4883016291939908919
-4997701993561258681
5103277490664799488
-3414736686278311214
-7780010236957952433
-5081813334461375266
-8243642314099371184
-5552100523461288079
-6455852884625958369
3490753452587918059
7223735458357006460
3596712287397915677
-1234346725096832173
-6585559165812723435
7911677308093510230
-6486769173640546772
2802903403620916549
4860636045329597035
-4624760021192016024
1758040969167779295
7618584273216667056
-4335920869052684577
-179741210571567781
-2896218017200206123
3624329540001991709
7315272795496642844
8912334286803878719
-3871007139670240525
-7788612636319040651
414227752261309559
-618044281267594634
-4489000815212269347
5852175818183890687
4334591153971236726
-4411395780958327322
8628461425832112006
1722742422754462453
-4155397737681840338
-13549061340602514
8454764499792752945
-5394190527662635993
2666866152916329505
7575837421213784843
4791965473445108602
-6816800795999419233
-425418948467466176
7449124165608183268
-2330247326321687092
1905880740156943244
-4852241235992901296
1562491991939262160
6933458608330523848
9117685666400321069
-5116626186537474271
6769606169473216434
-330061390923859987
3202985106558559362
-6365793096613471042
5434101108197600394
-8499852074418427947
6923771410333197514
-5212878368068973859
-5773902180770026875
2942767721863735939
-7083701163845395492
1073409517432096112
-92812806345305189
4219689391757539435
6488291015604365958
4308317968956555302
-2774629173474591891
8932976487177583966
3581363736314018385
1195831140508649390
-9203635531535450293
-4398381707432207365
-6507599493835271295
895872602430984006
7997341892206000383
-8154438522839717038
-387244381529173053
-544437251386196448
7083737051207524003
2505561779546920891
-3718586059527993390
-3377299976786249564
-5070709861931397772
3744749928443800297
-5545483666181470092
-8133813673577575082
2971854479359573993
-1950510660926316501
-6589887991667142938
6817880158991230312
5860827034114691222
8997516227005593819
6648942352377763821
-1883158383511831126
3778210512389909312
-4885571180175179017
5027429405719518337
-6938715939340604795
-3098214673755521964
-3875582411609811841
3591786013546615677
3520792515651202273
7437646894581999109
4141163217738332374
-3378641433186791294
5874256285480183534
4495868919620344911
-2215399909704799077
4030248068613413151
2797226793730691293
3170021387280933143
-7310988691445834371
8231206060655640008
7742890976575265365
-7775702349506053025
9221711723049366244
4045051498575315728
2866454531196427850
-3388816215054666818
790193729566263831
2472626448464889301
3411371094816060726
6348681981913882561
-4985378701281705953
7861235840374364267
-751671183092399220
7099103377724410283
-7410794974364872751
-7570614334602233691
-2399612187279634743
-3265643934087683697
7295728267089067731
7531112380420706517
-8472983004062228351
-3918057083324601296
-7032800092527677056
-774993879129114553
-2387022062425315640
-417730893030976455
-306753673380249609
6209561418401913021
3645177264575786083
2361522486976983936
-4512177120232149724
7316962433147768650
6937390423090936836
-7074421384886228486
-5475220684111700659
1300653842512642557
5353373609255266682
-8003165506540137415
-5391057940924017503
5051348250191376589
-3200662608668345296
-5959889230237714475
-5099785840053421319
1558206326545247647
6323120800240683570
-2087929502586224133
7700455801756286577
3970074027546843775
-9122315750089416563
-9204477867501035797
8992727438569278055
-4900216587709491189
-6466482947542534094
-3766883556564209698
-2803426762270025720
8340907368458299853
-3849823567876264686
7893668216682102546
-303980127463303702
-5887020171501771118
5490588427777351530
-5061175289879894547
-7300522582047633111
5002377643154905755
-9175569331017898911
6181142001808554828
4322066247833572196
8131942513061948715
6359537808448123113
8228464546804797036
-7307056724874331324
-7302748639696409619
2353142248138429052
-8666737896794720106
-4313787345855985263
-6284611513171488965
-1514273892994591018
2359294584197719444
8744908588415991420
-6902698916187154594
-2946788468823857821
7975758158821874528
-4619967530465432210
8337372319560254691
1703246731189539831
2246540908395506401
1860370543437339539
-9067567256098623633
-8402461943526584818
-4060539455617684059
5296786933633046163
5555460378416368181
7230397454933086969
-121245257254204555
-45607664712737900
-2803113294737620432
-5415134157697015398
2058488625928592059
-372585166591325677
6715588954613023976
1358814167400483778
-6924093106266363596
-6958861123474635845
7143693966556095922
7824107112015823141
-5681721614299320934
4147661939212153574
-5669821950297455971
-5302492932048048909
8642040239636958865
5529312016729148031
7556102200539830624
-7431670997097650426
-3610820250643959260
7050793689088603946
9014007736497961329
-1933137755920239046
-2216429765079107819
-9151465651954942284
-3497835996539449726
-3904346343129130479
5452918854944658177
6315396980858766869
-1379544454631776296
-2963307924138385134
9212788597075476246
-1550280732989194295
7657796668659827393
1100908881063187630
1614996483884870982
-4453294434547708755
4717982054879518570
445120038933988640
-2423339829941181425
7673531492017240433
-1230215212472113938
5297076664228682344
3326083919051842742
7952353237268264995
1386569786947167596
-82360675360012868
3306986681778595962
-5131622310542126171
-4908568231053755275
-2741781324504228294
-7813642031242647124
-1156771359909593762
-241409302756167153
-6123086279314216601
6879151369675664596
-4084242427361683862
3618392788809214835
3092306758165641209
-1038915699968514436
7762475070814084690
7229557293051956800
4873730406488651686
-4808831869952522489
7060996661462584301
1638689095394616459
-6427285241284971412
4966840675780938399
-4675398583284150374
7670280292113388771
-2643288600326368876
2921820919458465783
-3448160059734711961
-501688352447379191
-170664131182925495
-6021267229449567154
5859993448832580126
-6012040123487577701
3757272011549604617
-7961711605050107761
448021024082493221
3104386421938329083
-7562548584452287588
7807167410992355177
-9202484336362564993
5742518922206766587
8045017142172478794
239285793546088134
8961084893134746796
-954381816964043664
-5504856316824720646
-757543381514301053
-3913763724608357521
3862271962725955436
-5673716925460474841
-6003827164748488395
1251249567691573473
556948631786959807
-4695805939964741379
-4472056550724785556
8112584526276209868
8334267414810788039
-3364455113819386790
5203178832678377875
6099993031592229103
-1425597441834492386
-2241347190517255300
3233057669022136087
-699208197043947502
107227393709125593
8886596900531171751
363031361869587365
-1151820470844338458
3900386645868778462
-3057430156165285705
491026981610441916
8433441887539581108
1533298894152866361
7386302581816239288
3663056709721794348
9190443613459781029
-5108824547866869823
4954561894657825573
3182965431042804582
-1492581988829298490
7112130448899602914
5823320312260089238
-5785179082957247845
-4711627749645442782
-587516597864354398
3877392525339999400
-6686402943606465065
6604060212065529864
7473493549409009319
7113832722278232774
-4664668410173169987
-3994078091933664560
-5901891789459195739
-3562757871075892857
8802786751091796102
4158658957407202724
-5561368944013655005
-7757945850547479659
-9142769339339566305
-309600059238082409
-8604199941123398792
-3863176070189848957
3725991106244419688
-6661792102613336981
-2786014883364470747
6421718843658448378
3148260322413885927
1863721488771471409
-2711679602719482991
5059291273725339023
63526154354034721
-5858532403171865504
4755135681393929591
3064171902945137669
-3758862464474140803
850545791169162571
-4388039721901989295
-5032978578202784977
4264376984711218094
4085537716546993778
-2354427140408065331
-2921218058915576464
-1973922015296082941
6326286652488405752
-6677476638382702383
3419497891106054598
-856746644122037060
9096719364233992417
-6139100456278454727
-8787715120243312949
-8872034150953650453
7775475586593416432
2264501352826030586
-7043119608096704964
-411438654438919055
-8650391078401467299
-7939897215456555251
-3749696857434589630
3186082831055606326
-8807451787812282455
-4262830584240045903
-8353625477096246044
3418118627682538938
-6736075315676436045
1949342650118423020
-1942271941933686121
-2950933617838106233
3022271859971721755
-9022898832648896297
-2963253238135518831
-689044212840544428
1276295565485178727
6498651271876636621
3897535298826965951
5042886469642926841
-8277410988313652211
1227994628907822130
-3729103091085074123
7974901349215608418
-110420978360241887
1842269217211237114
7079668167126755018
7081107205877101530
8703257777742840613
-6339286574361374428
-1303460690900999319
-2651318277006999974
1052435712976397979
-4179920794731149932
1798063820677322459
915605596198645885
-9044841693904436404
-4229498788811635173
7606868324189119680
689774216914890279
-6819323169339084165
-3577081553813036469
1348982348072556610
-3218860652027888729
6974572422969956313
-7759626351103444701
-258725933726901526
7265666227292034062
5396701545896145543
-356584301299901562
-8084744441575265071
6500318371836909584
4430539521732813532
5532954743756267321
-6397154411130393766
7025036308523704690
-6115891919172845657
-8902807571387733787
-4069450559821786405
-2357558571802475415
7876313051765148066
-3937587928858813756
-2223179716013978128
-9208002456977325412
-7285325843028375461
8352858857129830174
-7058932085865876706
9089776959751442233
-7771544711137663747
534055248884810980
2468074049200887498
7172760490364614190
3547584527157449085
-7719114344860862373
-252120503089399558
6527960740818666544
1558879883265152960
-1407095320022953182
5726962635659670725
-5245950142134180499
2538757490357295492
2455322828896187096
5062289143871137523
-7556683845430489293
-4293971830840683153
-8060933403606088659
-2115694564681020292
-4053181476385716496
-2599499406709387787
-6622919922984167918
1097042707772232840
-3689797426017556786
-9038217676922953844
8094932622315428431
-1351382327060548564
-7795496530502624122
-6085698966973832019
405114840180241213
5691285190273972373
-9155327718888161218
-3620456120974259250
-1420950356007920942
-3978518708987976664
-3636706310939587064
683393507117637280
8174790505499509707
-2597912747517223067
166516704383424338
7031624067176142928
686334687742674954
-5605289599677031318
-169815661526134331
-7611310481017859918
2101035026721913655
-7750910819300163122
-1795976491550287621
5846864434880903607
5039713620823212908
6529727625966739494
-5540356217229427887
-8805444360605947079
-7097470641106677409
9172066262180717545
-5095442917005982288
8977686817658795566
5474330769885578069
3489367191967136430
1420586069479193925
-1990664597159640496
-3770007807394426282
9091167923640456969
8885378194441763352
4792600410116343629
-2954513409824217931
-7527808569661739279
4092184276588006807
6476224568629958809
-864288797305308284
3545255781011373881
4601403181066544407
926624473112862511
-5569111436414742329
-1262531009688876563
-2931237274921908975
5528077977415448699
-9123476143374251725
-4040324161837388198
3829161253001717559
-4764010076349730161
-3691214220351263471
-5254642930938755515
-2481383984629182410
-517214270394947694
-325977692162701737
-5499554593788135953
5884832718792420420
-2616875400021074533
-2193253816954351012
-9119257686727356567
-3456429461188867545
-968105692414619064
-1834643948520468863
-7300018993587510309
-8130425452366954407
4140464844831419149
8090537556656208312
-3149732536753047464
-8859180718860888566
-1766207760246336456
8188514401265480260
1379923816168136777
4511613807071567465
4735323825534763024
7665218926076184920
Matrix_1 shares[1]:
3373281427082424822
3286388156273673648
-7111333755963712250
-7528637360052040255
-7849843090234328542
-1029094333315008028
8796823385546447600
-1117046765432186630
-8216682203300468935
-3369781675090309462
180973880500464335
8705154393396178923
1676600822078776560
5043367736808595424
-6204179610945069164
-7553879867989569923
-8836368293646066734
4108261797308357169
-2540229693847518753
-3709485709433792370
5623163853607508510
-968596879578761822
3383932819427085171
-8055862721080511411
-5877609977376331635
389762065655178069
5087144546155422507
9153123284999667964
5904423366086523006
5120538350789328476
-6072072478123972520
6382091507024261864
-1570591421031801724
2358312224662873866
-1948173442499589245
1034613097495368361
-1011229468975176834
227363637670703045
8287510664466036121
-4536487337504479109
-7911241672664431115
-8413689644431000363
-413697827357495568
3133339815839393368
3041788195644573475
-4979832712133979370
2465815430582338730
-8320823072812001379
-3439780578016823824
-2651443680713598152
4885185905936410652
1163473441159236919
2031423472729316847
3682909197907272079
7025794138631066251
-4377453628571355675
-1762320701074101148
-7686402723757239245
5235063973619715979
-816006649565841633
6684682252685871574
5179503994984271089
6669996767085075034
4706755163333108275
-8111478295295290731
-2351415594630908790
-6009541823280488277
-8460546405544764844
-5494467240672640412
-4450773163453601548
1514050841624702718
-8120744999677170994
-8831705617234246357
3575540177323956773
7153301251345453921
5572460482128226022
921658771149242821
-5071854128487060121
-6524996948436175197
5910266653031711695
-7493205615120338202
-7367525365803347582
-9022685925620600165
6949412673929811809
5572838898933964774
-1535537027997778164
-8583438165530699371
-591906026502918625
2938582867990016809
-3976586203325804257
1057737959642083321
-202191448567239329
3691601357750056746
-3397107879744629319
7750241275908628796
-6630508469522094940
-5156591976729820537
-4697799593731722472
-6314123512671348353
-7267172974524799628
6562564214524328185
1940474640599321822
9024907590377457239
2820902185990273870
1465873085885527347
-4185932561908887640
-5376918902995085728
7972167002730958503
-5944867184799118229
2559472126233528346
1743569790615274173
-1110717574388493869
-4096954045156255214
-2985874499832187132
-5987373558387488482
-710830200926434956
-3546640188107807491
400003560287256460
4080818642967831349
-5465129139076596673
5421281275829652722
2254208587220091305
-1596481426863204724
-6601840776796957754
-5249772115178563229
-1749453374792505227
-2950164770794777886
-6291611142610875779
698907415926337610
-1288657660719845324
7711642290197751048
5929485044233358871
9009011102389996742
2826950255719794403
5836069006221205317
-8932604990358304098
-2330942266784605380
5220074795527314225
-5664674391441002569
6460408258212052468
2257259422800694286
3452713510034824842
8919435786520875769
3419815096401121319
4719668048350832096
-3721204658388295548
-548308981613997244
3058577693762449883
-7319421242318024865
5910074036172809568
-360602669993764301
-6172240880982219850
-1045647452441966512
-3551183991098165705
3182920236642496162
4216934330715213294
-1137210803171236820
-3715249315981007795
-83771678763639111
8596247942054306998
1473933700776473870
6115228438575038297
2689103748194567618
7895568219323117645
-1966719532752157968
-1736522046144821611
6959559247191916366
-6358142698987484779
3401051114716654021
-3390383316148225246
7815441216683410819
6624793344517493189
1840530076941830935
8496574088540958095
5778901251948417900
4711113150183217875
-2624872361934770273
7268446210305796341
-1210379382112074571
-7076891195771376954
-7611922672578115813
1318333936252215327
232160505487127209
-4908069335379683145
4849258679697996973
-5154758575733861169
-735577379225404060
4455809711969738309
8218358607694784038
-8114398026319460628
5290196072889050966
-3645454214261221543
6474524366261148252
5683068650198492586
-4918871753569629474
6560582009175656539
-6585818623372208440
-6814256286420108194
-3055640852347276212
3954536514816670187
-1693770555563051228
5487710033337771076
-1932510444336908713
-3395994352023236249
-2938821681924658358
3052648173884406879
-5401149052978693240
3490362787512355403
8263055327901763506
599270290494713631
-1752868335642827982
1658852649700520059
7017277850594974410
-3528341578044085889
-1765212827919363276
9222027153989977501
3135962663895544217
-3657284795868366194
1478005101208308868
-2432836948489040387
-5020053277791268691
3768936659223761183
8190248693076822197
469341706657648385
5923181477206574695
-4097188821579057150
3802300706415866030
-6679201985787196574
5559066297229994654
-7562112270811908954
9213197290334984273
2800159223351623660
8848140879886255227
-7370346079973336720
-9193556383667913371
8925889713619490524
6995775361447663886
8838265201778135222
-3305611866085569274
-536213344231332014
-8143908081679527495
-4886411603567533495
-825402261448098115
-4342949090035057975
-9198858296429552772
-53710933738083470
2718094354795262802
-8799315866469961008
1107188255828097461
-4113224938157403491
-6629998760889062486
-4673563686798642452
-2630194557493906294
8277553361671246558
1652004422749787864
-4610839288908761647
2102497558728707387
2225607589254242126
-4739251378836186787
-7300977651320451277
6549974027171368488
-6071238511395088718
2352953841247609294
7129511709701648033
4972072116426615187
-5815210923219212903
5697867982707248852
-5755052487557030937
-1201855615663126332
-4862408701844248905
1023915143278667307
9114226419275157272
-3548613252599934888
-2590835698263406871
-3319923491647841208
9110403304503608182
5914017142358838705
-698708369811974011
2760578705142199695
-7844231425945680127
-1153986298798491369
6449224310141702094
-9102678786250176984
-5513177249991652974
4947622064523955335
3274622219703775578
-2970440539799758377
-8007854834501172431
-5781705203146316865
-7793456103804725862
-3212040844233376667
-1586955854186541245
409486933696844985
-584316043007973169
-5506842272093222432
-4601271767497215092
-2973711298155401735
7862011159952261475
4057777391746119214
8251046354439661003
-8411423885224181619
2962463798330912986
923473879903498005
6605611323420812802
-2272135231477986436
-5949867447039484889
2801328257832153860
-6715415884835534186
-1884718435056180051
7563622064064597827
-8237041705036699709
3635437363748034735
-2470075341680639609
-865024260059612751
-7725347356479986245
8879087903100591093
-5803122518208411792
-4744486567709224087
-3815567515663442207
5345921522924869098
-1402917540482432114
-4382621363866946713
8172769383270219980
5845520137829798507
2025522285741259181
2875947221807675135
-2525349071625690327
-5322597844676780706
-1180582203099813162
-986568281118544759
-3835182861631527398
-9127748334340305553
-8686318957473601604
-5848136094008317928
-3134954820357049068
-1679999883577404203
5785463183497271832
7234791166477931510
-3946156551206930004
-7095449933568851079
-779481483732445576
850957671611315591
380523231690725487
409987763214020988
-6920581500179226826
-8294562829743046635
-8411328532872776316
7831215756156854513
-354733963897825814
-1027322407572849747
-4864917640752281780
7212046915903272332
9131560584304481428
6144210375356058131
4923553588213910224
-1645560133248527173
-5282387511687511511
8804990078889514447
4293372033029486255
-2950238384880389845
-924798876485221793
-2892025881060263319
-5951051465619001721
-8363528488454610145
-8555579610115217851
4401598431895174014
-1762597665257842269
7860787134910766043
-5422369849386117168
7713322286336016208
6817078278146348498
-7434924194145096566
3726646989416448791
671719941141812761
-2235444644368557912
-2210348848863786636
6245170608194239476
-8374799813612967230
999798754665138813
959005226317018802
-8365856658452582784
-6800383556603996572
3628974860728055182
-8474640328112403268
1231186409450139606
4594469920200785560
7999057273282878105
-9096254955528796572
5733101218160501061
-3872113472072023879
6039463487475720699
2018516517324549035
8591296799608366427
-8606606697299987025
-8296388891149314761
821608792617103922
3631604874464102071
-5210634039143610478
-9167119302740489606
-5934880215999967692
1681735896796878708
5245589197882284077
468131821715477139
-6455328887562518124
5300140899221101178
3770932098511977222
433025679155320221
1149537190907929519
-629961935883466127
5239692213502882722
-4361139990209848314
-4617671266958328688
-1311314832408700753
-7295009307817976559
6466146800632196212
-7291732584586012563
1321436682807192048
3216084974960973588
6591437041023466365
-323417466785447740
-1740729662888687021
2061680244548916185
4123978691172247783
-7142733598152241692
8165219517496746400
-8720049413253717778
738544704669623344
-7526685214938542147
-1491049107323703435
-6282061684544245090
5044131537569506864
3190375703900639318
5557055708948673580
-1380828726861500587
3943292533830722780
6380411733826595218
1021879785047175163
3205080118483078714
-8100228935776748097
-9197381642343663526
260112065627068414
8052181479251658921
-1972658715522507883
6094608076313165820
-3416065784451028877
-4522594500824403121
6784824402444009215
-4827608454217457869
-1168546423451517742
-6897464941806156091
5628472024411237324
-8785028139627286120
-1816094963259681776
1055796944268292617
-4352419990869024547
5426027570255862359
4519529811790063105
4728509648536466677
-2556740956530741724
4666040949263861223
3899616596177075004
4285637016097467941
4254377226457583129
6352204286024715471
5187703972830067112
-7841872790981033851
-2957290574561204747
6729410750816119361
-4729850037019650746
-7788695703364770205
-8963402325514039990
-5216504190019300191
-4114737252824759375
1301882023618798030
-1836367589595075171
4806433095179999700
931092556774444119
4313480475055533649
-6870116969377632153
8673544208876251538
1643112836883457859
7415661799221199502
8148806743937295446
8970454461511394845
4928615364118650931
3459162133319133870
6962289226806086207
4211682269683878867
2218189431301142165
3070500227674974967
-6927469699757715789
747252304071118168
-2679727839091890540
6531768326067486912
4596973028894093325
-3858269284014142189
7916657484823620511
7016339127394729559
8420638014834532358
-8033934543455793688
-1209500848119205891
6666812545625205997
-5172329874660680317
5841731355585129552
2978036607859557772
-7452387373318037108
-5959980647415698629
-2800500943443699869
-8759781537604578891
-7084824077366630227
1050814991296524484
7251585499699448120
-177071091822610041
-7961696789327031447
-5072199343410992860
-1590859248954885034
801170698267818123
-9136778722649406817
7858487578853131442
-7774071927207710624
-1099423318107740216
4889042320691494497
1215746969310814821
-6111047732567855487
301151737073309591
-4413953906498845742
-404123419238582442
-5404415861284955065
-6385027398070266283
6786401752854330310
-9020657253292342620
-176185437549915035
6421049533279822793
989566448487356295
-6961028043617996853
-1027320479253751227
3040902768515350719
7122004745333952341
8412773262811000771
-7638278048432144014
4803672088495192910
-9036776534822236604
-3369739548802422478
961398085534515373
5862909184229339887
5449650049625940837
-2701031545134989711
-5031482699802494403
-2316618371576654915
1222811284341302840
9181303178668494143
4921630988573046502
-5621719617985060408
602707948669886607
-3207104465661287096
3314855190086315899
-2450435589655701475
-8771631737911971789
5393828688896596351
6859786785172992548
1784230016342833363
7176984312039785875
-4658302243345518498
8455659652372704842
7456847279275658720
-6780530082514038970
9154312825931229842
5503508540938892736
-7058151714899353009
-7684212997306478686
-5511958519436678263
-9109302349978775890
3319562049275585372
-3163454255416251308
-2322902013354208842
-8857503709982906754
6868384062691702651
8167282849888552827
1108730721840508625
-3545759865212140790
2900684544224699642
-6594137413536608998
3077428331287296482
-7857576334939052916
8664379652112568150
-7804501745215988523
3846465016997100914
7777943706413838289
386963759566433655
-5523060151350763370
-485375120101017425
-7740060374473176964
-1157029790410821011
-3766735267098616305
1087221202177303401
-7246582754306471081
3461550166295147871
-1638339967882037748
5884533367953070446
4580546983063755264
-6904439127949962567
5778119811439890464
7124421871899703073
715422210420497592
-3149961292803691482
-5935451986870934048
4935654062931576046
-4522759992925246277
3069580393456721080
-9091170555243757863
-4786306140530582503
3999511303060927604
-7716768713004184894
-8352142077390015491
-7883498820773616916
1980728859892447474
-7880016725545875788
7713407808465120803
-5516807149665391238
1751028708008850776
-7325589208676365536
-5242145422176009787
-7653604667555554160
8623564358025224351
4432378317438524940
7459699674670997798
2179005400349350137
7205011178339202040
-8244359308761179730
4199678554003103290
5393751223269931367
-1306478429958685162
4905582950677617096
-3328357858691256977
-1734268067079853485
-8331396910079337735
-3163903108640783058
8924209751130377388
8678815034014346693
-9168502947695938980
-7150532052577205929
-6599683274897078754
-7972935939034499037
4866386225557652283
6551704923302610408
-3721341967538052754
-6232771628849842140
-9082596529385942292
-8488013184736541335
6477517369743635742
993321179882130359
-5963094173543445565
-3258344075636587774
6326337544198839985
-4897555213411636688
6917062450620730230
6820993134916512507
6176232698923946092
6564498958657041041
6115454771885686905
3163198618478995762
-3548252238362141598
6920182166219209552
-5678006942242256217
4431587596092328011
6189983364233615704
8507128103123132401
6580110556797875637
-6432507600582701424
8434689313126338487
-2272253105820184275
-4731509285710223109
6079836075278860351
1974712931295736727
-8819693510249968826
-4293949652173582562
8351975056636507695
-3344611785090623624
4140605934129735158
5539817804266357620
-2414948762590127195
56650975409233027
826733164387175634
8145702780504958515
-5787897944930701798
6913836699473963799
-977772312499505861
1641542572685446008
-2314363017118222373
-1366165475665258878
-8906688338710616273
-4243120802484657152
7471951021497543959
-6426399976171861425
5528154015771233262
7510869615377524861
2474553156774963132
1343358364356187055
3684555275328865772
-3601959105346496191
-7413958622497869890
7297424747333441067
-5562582576583605185
-6441130999704113533
8505159254257643654
-2836916020345415639
1332259670063458285
-4185362362716684526
-5271058672031643264
-4513168998317924178
-977733477139919660
2536621187824094124
3397809449186738265
-9180095308430172713
-8434217419522056251
1224418058239879652
-2270861203663346148
-267566753584576231
3082834443365820113
5143173379529991458
1849535100544553763
-5772491712305820749
6654017726703665435
7286723362529966949
-6934572899953823149
-1983915559337509437
2713295083545938853
-4159612776844547803
-7633051957345500378
-6709172674336328323
6288218314032129369
3851809830627866860
-8198560054985254805
-8509931670300528760
-5874517469062527861
5448904279601605393
-1280534809953243180
-3783007706662273858
1360857629221882978
7242151417209119859
3161744843048687494
2726368904929154141
-6552610081360508710
6353041357938477981
-1230397000529061360
1320708467253572958
7028805937870201812
5233001747579609769
-5559793094722782989
-1795529811799195444
7199134825608447598
7450819747856677456
-5619398530191233105
7006894568860483699
1536067258340371551
-2904581410456135813
-1715007314760646573
-1090543779153630414
3664528192018489145
-2578298715949585758
7894244175551981702
-3065489976015890154
8677568612837514893
2809549588292700706
-7034501417772564358
-1978169021636641332
7860865240292972790
5499937338084357183
1733800333435190515
5370291630440791686
5718118185554850958
2065867329896576290
-7738890104270358033
-7134929671798522464
-4185505010343991864
737556770302105632
5891265841116242184
4106146417368091838
-1094952155680022506
6828514127646847265
8247854409700461019
-3927872827597478866
-1608446921727350434
6392717083478098145
-4868519798414162915
-6893890405404628636
8502863224228606693
5483496618531300886
3285819776662472120
-8056985397903306408
-891551908569281110
6649470374822335125
-8285908804004045559
-6429792513778724838
1899535226674454262
8384550075409111634
-6864642035957177016
8099950353330001938
8004156894578794697
4368178977692259989
2635323868139101611
-4398089438919895825
7409200629146086041
1088443515678673732
-3329401250574439507
-5349337838287416580
57266753009194407
-3473613852926621979
-1914021883098627273
2103087829827929625
-8955216348888847021
5729370460037527939
3987559487041371333
8476177545567690865
4957932549400835667
-2842797647292951636
8120738805337880921
1581867862637512257
-2757326062950827079
6192916104762900658
-7517317077532408514
4518373205239289540
-3124283612175724178
-5018363965007942897
8732966721143189807
-5550723485668754844
-9132026295819887242
6284242271775198468
-7947829375120406704
7203973081302661036
-8507371515063010999
708688935633498186
-8762824508125946823
3193908472975474576
4437959002903433658
171011256840969059
9218965326000471521
7531316476198735530
3657587896416121839
-8014153784937262387
-3018836120916637190
-6772241037631482627
1730655688979124326
7376290087175788346
4265368280157129521
-4259421550192529666
2736813072415717356
2205342712333004113
-8079898828156745362
2150849131399942909
-7700374096478721992
-1765462510969393758
-8206679461481652095
-7698015102430303589
3585866578647525447
4476276712046881286
3905018664050912734
-8556613910974984309
-9162899113089240591
-4626662194192599492
-2311484915156540978
6037559609107847428
-8587827645583111023
-8354436589931216681
613221324267228860
-6697472759909725386
7407822224154891451
-8715449636335847527
-6080455026579196711
9123531065802445893
-5556487950647999643
3587578501952151615
-6623148138179106023
-437415487468694470
-2909423944941170559
3513262991267029822
5400021643319891770
-955406907641046879
-1239203325485280467
-2419076294622163755
-8437898109126815531
8908372896408830201
-1742654110114860287
-1075753192796509175
7375023473045815737
3063165964751968302
-1618060704124587632
1184679951144333662
2965559094494825081
-6759885841574581731
6133954374457933962
-403290529308764049
2770471554435496732
-4368225669430296313
4844268551299489785
-6120577634373831737
-7292862193332496809
-607053947973201412
7583503725616502834
2672850185911137715
7851148769792641917
1504409439858971596
-173872621844883689
2610006120123314382
-5158115699800366593
6310139750931547087
5759326622784297849
2975828916199918284
3683791846841013486
226101572938852033
1461481642183871539
-3229961176240673359
272397388249506148
526337543758146581
-9151004336651758583
-2604072742516382304
32380106233404180
-4558241955172434770
-8601744779131184903
-2939642322623133254
3407615765184347019
-3607297443656014800
-3032958728536553946
965967254854540388
8308464805531452996
7368459908714869006
-2419172773954785332
Matrix_2 shares[0]:
-1348435669013045151
5973897899325147500
-6913034127833331221
3910726649182656153
7271735885669723887
1741561621055769624
4682240263463165981
-5003783768830046805
6041080494548540767
-689673045673175681
4567698464868143850
8834973872642897997
-8190187655735806318
-8189395011604086658
9023188945569481684
-1499872840904108864
-6400896685286702612
2478785888263725766
-1017616767081081126
-2082112507063929352
3226451541083491617
-4903895147450558870
2855625162663828176
-251080726105208335
6750813315255269489
4732277730671130956
-7030583119587983451
1790125070637111548
-8773197135984883833
5101577063687151669
-2972926755879137163
2365788741398524015
-8535922460662043411
6492467445359747647
7898822251127970955
1706440710809278967
2023358685803737803
-1936009394107756149
7783914354566015099
-5388103650906580669
-1900482462494799405
4564788002886147025
-269844842522270015
-6366945244984277351
4793224747639023141
-8542094659883023094
-6630931515624565846
-8394896679644203530
-7351066741678210838
106997813552325142
-2024172204274386909
-5576581982329991853
-4730136314643188232
-6913198862000665810
3894392228717534296
-5781327502098729283
4354836344556312938
-8920336823627822663
-2400707736727507085
-3330691864825278468
-2251224274818595748
5838174188933693464
-8012714839266064449
8297669930912780393
-3753290024861093835
-7887180364965660212
7169137638649682499
4117348386301484865
1159762481291925629
-2798222507676431083
-2085381863002650413
7794311613340292281
-2421617747215246371
2199974513662895471
1990593371723123503
1247284192540730786
-7363764072721609275
-5822198952587552022
4832857803716551389
-4167800559071902197
-6291484567396322652
5283809577477461636
2290493674921919231
5652883167160056182
3113640401194550114
-2271371895138970701
-7213082714180792069
-5545765123917941037
-2359996721294516893
-3917207467852579417
3938543429118387775
6729661663928066217
-2255597052756570133
-3262308050894060886
-1439225451905713395
8337081020307077674
-1428683782820153500
2649842621362173412
-3884056966509251624
1411879818439241099
2269168710111478726
-7005222435278507039
3783402078268294356
-3823403873181341112
2138890479273236185
-6166903763040925890
2672297140232094080
3966766906525788449
342010533146343322
-5928870413385063738
-7348486117189471714
1825569692856428580
-2437074727704381870
6965415628871807831
-4170817558991722349
466202850220294326
-6995715171408955421
-9182512082976281854
-4891728540933743200
3553466018924301750
-5792499946184669033
5973295004004285139
438251030214537861
-6451077121993625517
682543566931527426
-4919990246180644371
7668794752794692262
-7047638269059881184
-3553141949198550184
-1557603950646225903
2334536429064769464
8010533594391871527
8026713618352778700
-319098167107400994
2418496337221967666
3235942532330738119
1491859051226788810
-1766609789618413504
4851765146722662961
1324800890894189960
920664472005284302
7297925909563650409
6615429202966634197
4879071096980700456
-1215725068847960598
-7549269568851763235
-4118437945072238545
6392956260473063167
-4838784973455710467
4257007052926354596
-5573420769590865869
-7611908731898188809
-127325560236442699
7496427904749669568
-5209039614503598463
9204391619841149440
4494507823035827184
-5257711580258656483
-1553321207065899864
-2964211548168414222
-9161339492416803298
-8548907893699451703
-6454406353077918194
4426923451387979385
-297896636788335307
4633693608898619749
1004703351703516977
-7300147354814038349
-3858852918571724878
-6923971157817973254
-247594124084457780
1054586558311633550
-4896568004237543580
6826088193589325007
-3488837062213561556
-5893689416431784994
3787622108033365319
3272716913926272496
7959904172378718681
-7880638452720718419
-4681739540133236973
2904682197209341457
-5203248748886069135
6804396872150568563
7243919647765350570
-489304209256170878
-5506852813367442704
2704339042115619133
5667259765239912582
-7866617148976255765
9159454704968283489
2740160360832300745
8229425251934747495
3429656219285802429
-8928136479210729993
-1104562307949254953
-5248867225595200012
-8499540488749796292
-3778294101055555415
4738790155335058564
3949159527672497036
2383486727100815757
-5104673485730442583
-359279418875200232
-6436292368407999707
-8284535134817305917
987118695199808979
-1588059671636318480
-6677425244244626427
-1232357346986878236
4119390108143762379
2607347150148529978
-6288718006117323451
-6212754158598947893
5954268832140147592
-8326183027108047798
-7637155322261763558
-9109101523893212581
-5445240632153277868
6380362201804652781
-6749519410407839152
-4256393289893927532
-7305614262379558546
7068098085488218840
7399141638582063896
3267221275669354792
3669386798491017510
1454574112001528178
-9046997842721727425
-1027860963922763600
6188567007784950034
6408433394235777633
989392642546313498
2829553754073274484
-1340204902883917246
-2134280700895016335
2556072241141249029
-8519141646736479676
7483790811751235740
5709199496609453364
-1625912457896427226
-3375738119889957246
318520916593523283
4845618665893475879
-4813889461942669382
-5612655526666535254
7572366450807339280
8395826228201635978
-6116515874829927151
8844020895704127704
3795507257719245338
1765667602609710620
7327591043587763197
245823499732239715
4720228397716842109
-2152033860213931109
-2913863638748582589
733442071084467045
-3624483484795135065
3863922779400445362
-9060653382349802541
-4679977591786373706
2115247371694290932
3252818024645149585
6229674351613776039
-2061243185171812316
-8074216148875217392
-4823242846356070496
9129769898390690903
-6145548420859909648
-4468236377281788875
8209455108606891009
-7816354446081941624
-1337675575644845368
2932287424340312055
-6245680139455143137
4265580238309671412
1938867034024313044
-8416172911425566241
-2674873439899757301
-6805217001723755170
-7069092486279740148
-1736183789687162240
-6901500927003682405
-3697812696415895750
4060634984960495220
957808487892589651
2610550693915393077
3488821983423403436
6160259890314433719
7505267809358921448
-3075962205640387376
-286927784676278383
1369598561127888254
-5287164281792390787
2896813465080731896
4290599689419453385
-3980432383822562190
-146273674785007786
5306114776569042249
4733671598251531116
2066858966625728214
-4725748742390416309
-5499076535214057007
-5144011299983979695
3596163718402294120
5973015701050336055
-1499589413055890917
8756016445209920945
-3580103548846977136
-1013184458472815410
-4679002699100973265
-4444349165087755551
4481163108495464913
214183800418190775
3177667709615971324
-5574660538505086853
7157643954937474142
-6347529943519175077
9151982481092668690
-6560363678436945758
-1885136231061086427
270608910101070485
2806560016294525928
6727288177551419845
-2939866497286835706
-4072181131128197589
5207086299712404598
-515717194551613865
7819200765573282614
3942544109740355190
3139604188678957845
42062846638762061
-2065113473417318267
8279110037498631675
-3286797677208889911
-6712962422272317799
3647353851874725435
-8071880030719571485
6811756079714623625
5261891811569067161
8850634194018897622
9160278967277638303
-7882871205030217098
-7906939166678943287
-3441503909145620599
7751877131619554034
-5562962262098486995
4335534993132497824
3716386580832052059
6610599381249512602
1384609949975027544
-956450953750456264
7020498678374409866
4444388438062991225
7030938517701546676
3043397756350485925
2285138698492424338
2042784603579376283
55396131708250084
-1978225822426915754
-1615348918003246264
-3537345968648209407
-6410187059183600997
3273389653829773690
-7676300084168455656
-1524734157723113273
-719873228506075692
-5688205530434202305
-7948705009342436
1356619309462165216
7754068426560523840
-7405707556678897140
-3806726260546014813
3052442979664910070
-700381714957101478
4532410100633821582
-8671217386894462238
60731444364266606
-336164746152706262
-5952454067484993009
-7366654117086356622
-507248281428096656
1987067076022589777
-6998815318611653369
-2672988895431829123
-8284402169411756576
6185200252291062106
-3699514498698944768
7371374689501383354
8219271922231418439
-8065435481741762119
7834740349251963995
-5697037145389745784
4682025949259312364
-1523295140252470963
-404452404845355231
-8415395829737152894
5852595832283706968
-787938072070874708
-6225832903216244613
-3476543581850254341
-1645968017830537239
3319636061636828791
-2427832127158227174
3874613278739884341
8819787343034870112
408170802100215556
-1099549914105554652
132727784142350786
1785187809132546454
5614811357108996264
2710122012177086026
3709319091328256341
3468592658855551644
-5539841328410689999
240051693973368791
653299853567936863
980963903821042056
5315719493713284726
2725718870865513505
1178510834396561313
6548376477450126641
3498473785160229174
8843008459157032841
-3458191879635807435
-6812895875331652843
4831622626925733883
-8808194210348217395
6661308292691571939
-6802546778485792053
-6228379173296287139
4930569988547570842
2048420479467153116
8627569607609615992
236283671841157314
-4234166442734892631
-7955768222817797495
2775634164136764425
-5175888121412881772
-3364576461469809943
1456017587005081360
4348892570566653685
3765773116834526505
4749848392278526953
-906655932856487159
2551327006652861156
1178390471847455169
-2567647077016460990
-2317264419448965586
-3364490397430563974
5838150030519164295
-4905869359284302778
2888007226401933770
9111395512336158351
-18146149611365522
8990873621178132566
-8164707567342173775
1913950107510439820
-3751869732732602798
5349605224611679826
-2291833854522832044
-4247314601812798614
-3866501399820708420
-7540623243172862408
-3944928637430080584
-2895106827287365829
9134121413665840080
-4614005440690719666
5744916319855885626
-2471795050379784786
5453722365572445990
9124235846673030119
-3868266519658880914
5152595033662877655
-6737600388882320817
2148829430242746602
5839448501889226988
1654774143076858184
-3273207674385536673
5124666437157689082
2349295305219734215
-856522555881352086
6354215986599154113
6989435381160484406
-49367789417551295
-5180870490058679726
-3558824119958331026
493869321108921850
-8130128409054716951
-4376512296765826751
-6374884121792585254
2310140824625699749
-8763348523957571556
7234830434992225698
-821269856637454257
1411746617644617828
-1048449969351049563
7002675703500086273
-3618102895224427591
4461070839874124225
6369105555995520156
-8880701300315519309
3440744654903469678
5375871352526319735
-1599918453039509480
3416404558004585080
4398545070145488882
2065490985221771393
-5528546627605910588
384356099740349053
-6349564833079162310
6577815339480807052
-8646407169551281041
-8097650502651873905
-6732933066259856498
7553899843761951444
8842465025359249193
1064924656006930285
2305625041466275123
-5624972701776569877
-3533644877364654442
-2177310404597830076
2871487202145526748
-673122839763974836
3900812506602844904
1893915519367108200
3192768230960632232
146196626827311850
-3333447660060865649
-1659972072141869251
8572450903189455191
4637408414823193856
1943004012952523214
2900987961980642403
-6903868075628813743
-24650254777247924
8306473391288219230
-8158699098087077788
970765529724435376
-8564726164988983999
-6619035883351784073
-730474326855328000
1678819347151487835
900418855894868947
2108458756569590563
1029675954996898896
4432701395263308836
-8031568888705315857
-4825366884765382053
1232446488428423873
-4739998293647571612
-2140545805850684921
-3240827149631484085
2250901687261562427
5153210012417385595
8645347950125295470
5571989982256623581
3527380858393806331
-5757167315486012209
4660992094801022573
2412801752768762606
-4894232390503162654
8929581945698068019
7859225036799319571
1234045683284606005
4326803818900123372
-981692893745571018
3286862439009760862
1622136922414063674
406310361422702055
-7922852953024614491
7340300792497691983
-6597349941703716845
4686961110962553013
-7441905459095046816
7491296190815967421
-6043226186699375470
-1059821595406853331
-5382733049775583643
-6002935188330271322
-8455015657008241460
-772696570014709967
514766614607874099
-4575548227821016902
5118625385361864420
922555174277721452
678659606973629831
2557095555694444053
763881757884535154
6229268360090461153
-8130946273164242440
4970325608460969692
-2167377103715360057
8542193238823793700
5125892299235458860
-967936735176177482
7986144991299194280
4646078054671838142
3433879027292757756
-8932448520609560818
6855003390665792004
-8863230636043864573
-5684661812159559505
6603553340998067625
-239003077502324511
6083301637726345967
2280925865749165331
-1618400378804300110
-1660267359936223553
-3195075453660213764
7175545202624550147
-4166594413725338532
7020113018492723299
656400294443163892
3486670995406300988
-5450560435287564802
-7553275243399561655
-8292990469784925783
8765336368890854362
-8758854329510726150
-3319608519348102316
6653087679159440940
-3503321964308845601
-4382307915799596601
-7059342413617689294
4123291557327737926
-1714958448937035949
-5581291213578267787
-7818018145185419956
4739357904661701527
1219715375845601328
-1836098108264072579
-4633847666424770075
6734322403834375752
-2147168205312582880
3402049909037892549
-2095207069820872117
-3770776504360906511
734212634758175862
5076828273256793083
-3648109331199958697
-7751066894796618695
-7348195062147278950
3277777780284276678
4567536212259299217
-2371992892083743907
8708553773651865465
-6370721582604323194
-4259762252064693668
7183014750948007819
-1703170698332625056
-591038169485775312
6440479511808258625
-3974552347092107043
-1342694561362883018
1181772443904743312
-5549965126326273070
122226628932005543
-181659166932350940
-8443362388472091618
-6225030509213141802
1538949273367896775
7528179760195212963
-6035954387075328104
-3497309359726263750
8585646436402598934
5541594157600800521
-8365539422843989419
6057981262202356285
1415120079370755652
-8161963722301829117
-5867196028254478538
907278992516312664
-3694758479801557633
447677071361823824
8574863657190118057
6051562925681937931
-984211818947904235
-6000535954319700946
-8987510705064255149
-4621634230367779530
-4399446046802926857
-2153398084034528570
-2364633304332073243
6258407008786832128
-5494682044729571577
-792523511369176064
7649230513689145798
-8381308909668842222
895161334330737097
1660493393161586072
7033135190138804078
2391227304424281032
714346761764408368
-6762789445435386267
625037218286969401
-8297492653073102323
3676594465891042145
2289786848749279371
-7929961872094767649
-1226236013141724491
-2507514087616086810
-8392425331798235997
-7044361534165626569
-4129557338304301760
4329759034130226511
3749096624869799074
8950439284325482552
7886328127336946722
5824089534287462794
8224591341847808885
-5915400947877504886
-1860893141111327098
5162592855766131355
-5640610793943363407
-7761484313455993433
1268334723752532141
2591142854229268355
-6676231893414625140
-6157617991904438932
-1404438841188914506
848680333991429280
3585181767336763195
-9165414567212851238
8670463133901685110
2218597139218607331
-2032869629692469574
5777898016892515304
-8853864320974919590
3833809007618140542
-5907059721816792978
8067821254386960942
-2228982555634591274
-4198067492546726849
1849263512973100273
-3767963228408861145
3131719520551526117
-3112571291356958337
-1866571122642739715
-3501698194586704282
-5098273824448404510
-1798673186341872413
1679596563832513018
-177507955106022324
-4117730207928432894
-1692068482620089149
-6181967839594694198
7615459032209894651
-8932283673143081165
-1054030711309999722
-4171209022593111272
-1985483155283893716
8854159352587234246
2403717404411563263
7580520133244616488
-3254716654807639981
1216638178634904337
9056433794420552264
-5647637585674845300
1351949867085020750
4695517496979682154
-6671471998397452255
6040654136979746479
3293827954490501821
3441442311574598751
-6130819219070694676
992394052929470386
7526399569670651712
803563430832790695
7550288709807984568
6060642867557343532
1230643099484164571
2796582865172701791
-2364880105950568128
3870826134243144638
1879264256132273200
-8813863665492884993
-5911047123535605054
-2476515058995656874
5295657820428847743
7199756418194511588
4560697945982667246
-429143737040968651
-5581199369004656060
5732778639678676204
6161713106773880090
-8858561835372541022
-3615607599261898417
8603810847748283359
9018727272667894055
-6652536773797077523
-8021354859461293734
-5776554887879153402
6496373608720185667
2419975670828864890
2839922107863803386
434855894945709019
-5952683888425483326
-2695694538512778986
-3758572409754992084
4630239827901921416
-6326375739679132157
3868867914969782941
626898731876343682
5126680084841001592
-5626842521275290631
4286035418865340990
-2282005019856377639
-1904285604462755534
612319176752446069
8482161848405751460
80226206493362090
-5902422696590733253
-2589041266819452581
6835795523750474296
5838070009763996654
4061714935626329569
844910595975534634
8386009575807562236
2567065974683244207
8620642627879032663
604389112683104932
-5635153024448383192
-4910926978523544815
-2758995500420601265
-3204482353073653791
3510325411080960297
3581395086432271764
2560508848572958416
-873384019406192072
-3468959147789248731
-2022265091563912028
2255058386388346000
731069613967531016
6917615446197056987
2318991703537097376
-9174820172164762614
1659751796944460699
7610018904782127049
4459747526006452218
791091197449246781
8079649489668584776
6823302196473587711
-5461015780174302650
-53993152241782798
-7558613865862920855
4932054295180219951
-4945730731069860772
8785980766855196097
-7866388857984096552
1466375310565843824
6820954633224195139
-2548248839620213088
7805896403883158767
4368130998788187222
-5680468449545286340
-8265925842379510562
7596493411159505061
1135795477805881620
16777313420501819
-2465674068128167870
3279191002560297271
-8911007698294748136
-3556843987760188771
-5010866201039736764
504041628406913000
-8656951888505647233
-7269633170469267206
6141495990338202717
-4611591142901888052
6745404150581300483
-8947094321958154723
-2828450696170906900
-1425234427375982864
1637952034141208951
-2662873134711678772
6590103102868947101
-5491048593503787780
-6698806731046529808
478638868686640340
-1566357797109881070
6779364704315380671
8505262081123899320
5542675377009222221
4802137958294884917
777097226571063158
-2278099384546402772
-5726413670978199627
6659926305456902479
4950921354611951860
1121679227568385281
705357996397297043
1613140616739465510
-5648918159712986817
2240129432751866028
-8178427012427202961
-7012313483492392731
-686353458417871571
-1805911388661195866
3872966424996146669
6754260417275142539
-5307657492537114378
-2173665019566726521
5665904901392453087
-6882337227841057480
-2971567041429545547
8917777005436442357
7876401326806872752
-7847031763060292964
-4730813505583501050
-7508944660720630558
-6377136015381309168
-5072560117051614750
7077243162032875605
-352542219199874738
-1402932215747466904
2002087174315060016
-465759185794899990
3666523622445032190
-7466648051458263853
-1732981035023151974
1896424040840351443
7365632831133310132
-7301875062410876513
-8384013693249576741
-8622888123375761901
Matrix_2 shares[1]:
4680640617000360066
-8316911418480820992
-9148547709154838138
2329878511460156564
-8754624563179398889
-6682444486914810990
4917573452906811960
-3586695998942948557
6314834071439241923
-971646989549242385
5587952360417817933
-1825085662735517910
-1286526404971813340
-8173587638396387240
6718248487819453479
-54753584412143991
-8264700611140408099
5193702503725963827
4409796939613787399
-7293557211472976624
-2231075245322751445
-6677558880159552657
7359920021901898153
1961559325626797118
-4135171073747375583
-7722996913533334219
-1209072486192217433
4218913863491542355
-3262186339697156846
2628002233630264307
-6153603682023603768
1871126368736864244
-2950848136306761325
-3864929906287651148
5151473747234320768
-859867047966883624
7894825221926051550
7957166512780682621
-4455323036975191987
8673775638813441874
4846264289869384267
6009868678376533463
-3506276546066425412
-1265488628517725500
1577359714958353152
2202206618476089723
3144119563174780323
6595588914367753337
4892628974118464972
-5601411638262776203
-3231105569885952299
-8707628693894997276
-5994670485044047358
924629166917217619
585789479475981134
-488608148046715973
-5121777150376596912
-779551032484371200
4271266233282723278
385774794518136921
-861246478810739510
896967550915024701
8095470197339384736
4696711773374513604
3028399457025199273
-2478858812027840909
-4938630035044709609
6249708901741352487
2831246700812919423
2206688730439013576
4093080460254980131
-6246510873371936156
-3934304741121576119
1696349472693053317
4449185820234680439
-6841821259651824926
7203971049590985973
-7458777105796115959
7869743092025792474
-59176009323739157
-3764330230397279661
3778274198451029246
-8883179499824629250
-8115999325194019555
-6295376647360640753
-6722517804354025402
-6258813713440679548
508163894031649754
-7437468443846797331
-530196003797075225
-7058518285981934894
3273762509200109902
6958961199210730064
2671320466568800269
-3174198030576631756
-7958642699421837895
3687837033001693868
-3628386316405646743
463355554205978653
8456102769880788388
8942865828774874133
5085695537544461067
258715751772744461
-7217161576385076462
-2682422193272130506
-3872431104512578549
3450426183515725120
4063163347876429366
-5421805945650111013
6380870740153518625
7036421478839766916
6942234431106410393
-5689120955109998015
3138374897549997497
7259185717329807454
-6941890521611428454
3792249061294556843
1491656800941814275
6261343769666374820
8961135894112784534
-8077796872946159264
-8977303228065004156
-2484575356108708739
-8583584576372762951
-8564869088326072503
6006593490634029144
-7175858626424994654
-3868462933238257806
-6970930051468229874
7605812132726208568
3045222570883323177
-3551176059626584817
985807116751739756
1987610039844483543
7460738777808663898
-3532686169160524034
-4358917602408019124
5461231985726432098
267421895179455421
-6637877014194396877
4271116448010717909
-4897151573278104166
4054985370713445940
2352077591496734106
7246948757202286311
1804592164225526726
-2895808403026741937
-3873115465302421969
283323809042036509
-5386867857419282751
-253068641086880388
4062462807232360515
-7615601505051179126
-3939080855142575457
-6851677142130403040
982931338673804157
-408122448117371730
-590336926656805256
7704406430592252915
5961003402311171604
7118860370848449154
-7709841030840649716
2102616008779885432
2200365386165541218
7768558212844307106
1967168812445115388
-9201973643555095978
-1376788522313990090
-6724259845751624336
4331858905763985284
1759211689823407436
7145853751246982504
6486085127567419809
655780863705738390
-7086078663188473352
3435963389416574159
8186294204507222062
-3600647070156714493
170744017544885666
-2059835567700488942
-8125941267995106117
4002981332476670050
3909282158276812406
-4681793227041912624
-4832618168165578645
-474955920180017160
7905824469331176103
-8408740541530051287
-8172768280380098079
-5002292690111321384
2676226573823468083
-9122963578682850415
2771760284412517884
-7201457375844142440
-5197601027623317133
-4696864263546931807
-9106619816420167678
-2375072040866724433
602796143367523876
6911973023985829817
3921833294393347588
3375854532029300919
-8632029742721170277
1013567326945271776
425890484546827535
-4502314554042173619
8534965156780673369
-3495337583088127287
2517443467040402334
-8222326577479662684
-2708336520061513636
28083177299280079
-1441650421768160776
-3606317487341679083
-9058763327345557382
-3998094705431825612
-6670616634380901595
-8500823827155380772
-1722320890686542718
-674762402121348932
-6442515206296265348
1289944956127086561
8057982639260783390
2106211906327035986
8681309852494290063
-3234419006689600424
-157802545955252703
1798853005312892815
-4013920413645870650
-1734766446807088938
8458182129560490738
7321098152186104910
5082523555944512205
-3848862802097787586
4123150494778217927
1418175083626010340
7191812896227419433
7496702522152799198
1790261058788236426
-1230406563977767349
-3222048934587395255
4975155301027728018
-1850941465290993456
-7447454755545480248
-2967766911261608943
8988100368717873159
-197009157784866551
3230010570705190105
-8981261253471852714
-6231036946301464408
2471244727451693087
8972627983600616248
-7543877746519520238
2191615659575990401
4724653687966578055
-2920541948323882226
-8153249445250702022
-255773212160461000
8973821249900506683
-2288273430468774068
-1024822943816133185
-4959535008307545468
-1296509534464664582
439096497345044605
-3803577893033437741
1153217936129455004
-4303522216570349822
-715936590975781574
1791803073646509390
8318497515295826663
3767197130440691250
-492482418262046357
-5712287550809351311
-3811101047761416882
634267578294573393
5022118052196461784
-2124715089253053979
1044390440473364481
1764487634705886567
4870592564014829337
1909391357155313833
-996360242180970369
-2746554976349754492
2773633203335769621
3753478880517017489
520251595373923919
81776492107789794
2465548008610803038
1430419928229577226
-352000981285476610
-6186257799111546773
7612678835402185390
-6386447493871548835
-3962189964529327923
-1210461236483748514
8379737207505044969
-2255339202163019536
1250296601132558199
2194386887140838529
14349755745632537
2262099566923299474
-1508091489830685124
4456280697883497067
8850992664999409729
-5163225607792487855
1041667932224977789
2811915178575012535
347830972592600774
1274831275784102094
-3887345321720372106
3248442993718950450
3664115637658869495
4312652454048345083
6180016272642675172
-5998635737834657559
47828899173687913
6767111281519527224
4010774172893138767
-2234188621756244169
5715384676756390376
-6332250611035343209
2676460201732653964
-5630357164963192380
-4426213208938224326
8242829359251554929
4170406108227444167
7238083966866429538
4878667959104014448
5544562119258467909
-2877275714833893714
4069482746086729312
6890330514163873719
3886493697042020079
-4483536516773072386
6674486090878756021
-8642397182676394160
1636933823710666210
3569607449200963620
-5909795271468364729
8826799152674263009
6733210580849258845
-2173736791216484052
-8583801957197116388
-7731973416855908450
-7106188463179085085
-134845190552263420
-916775770628980563
3708348029332921399
6815899030584151105
-646188603968396873
9081638875647501480
3665113442640619040
-4672239488739731381
1297542969034539959
-5949555287727186658
-1863161767633139728
-3151966672791092630
9156551018820702963
-6127496693463732145
-6611007520359868297
2943340336584911468
6304167428928418168
-8673644668513905035
-6045085232372495578
4108090407192319753
2623527873604507328
3470059766279551562
-991603732818326699
7081014233805981521
-6392467417375697205
654196236800766039
-4060077833584569826
-6476726096849815564
-3128603707531205395
233165586431737566
5094107470902029349
-4537067348052249736
-7175981737586383858
-6071306218304286222
1043290879103197126
-6108520449135399346
-2441438190924208548
75924164578149187
-9008341135403000103
-9096398188309274716
1938732744929871334
-4753910913572883134
3257623803093211682
-4297914823173040636
-5600182916614068280
3728283577598849223
-6923425833265105986
-3440005410042920621
-6816376118263407374
-334076881924028997
5689496011623313185
4452940191408052821
7890340229239193326
-8659679565597757427
5900487102562232599
-3346039345886540508
8987143802976263544
9191284731699673742
5000715705000221237
849904671524774102
9119975172872877786
-5727039691426132375
3069257917532829942
-5626393668478021263
259050044052557961
-6850365513580239018
-2034556298604779783
-5813683524746026409
-9088301882151287666
8082138286774092395
-8406789407740911097
8724927851883889134
-1351478964229995370
8802567324974182241
6129034496555064906
-4336862250496543667
-2471901551211933156
-506666358402591568
6755105548476077614
-284984634014447006
-2212121238562509637
-5739498062654089270
7443406207794457683
3257585941264225633
254057528544844263
-4795815555309205600
-8411068624170005371
-2033553910412559245
8336442863366535515
7343691320480818975
8193002753343818856
7817148061625469128
-5032780319402727534
4891587967622479285
-5685374999797612899
2475189036814664366
601698850344098123
2009312013358165156
-6713637674866346898
-3458258960480665928
29310958102631109
-4732423727171922968
-3210559673163398653
7225238480488703226
-4430304296523922338
4127808301554885130
6863653799802052799
6425295660980713468
-2646999521881703547
2779913806128373902
-8849360389457829749
8598106740211388076
-3671398722293799596
5355392297459180738
5171032492162890036
2591096056481670698
1208810220739998328
4258092983327435396
5822305673683596427
-2276052305570992949
-2433243201402177337
-2981102153057477014
-7396805726789775792
-7924264775209824558
-1954608423972472965
-5548489537097105066
4583983771168256841
-5189054049551175819
-3961914608345385790
-2343265397307843449
-449286245116278640
-5884084403907349007
-6280359879855222773
2473793785715925654
-242422666518829443
-4592138693741073010
2485408474860945825
1634865767620064410
-4543206546121443435
-4564198208022390142
2792007238858152174
7707691476303648351
-8986107121537191140
-8723466773540740283
4382080086636435565
4008361710708977116
817723296532007094
2248113098243345584
1665390352303957391
-4351972660491023661
6327929064342609445
-1306655982251107619
-5194652577346082108
628202292439118801
5703100472342579237
7043596392987075365
6699221098613984741
968396651969014828
-9020489229497737055
-73098966907289710
8201402564966840484
-6777963114105870873
-7049100102107753192
-8467152150758543363
6989390151686936156
-6282988951660457765
-334789400571645200
-4785640380140160255
-1861707786666194022
953175285510053797
-6148060890519770814
7931615183447968775
-1574770036367271503
-5720227286356847445
-6292444440052540984
-7862830291392301240
4234563166172570354
-3137974770418419123
-2031684480363943435
-4297743833767400497
5152973524849236779
4763184704854508341
5677454220293057590
-5059264420662232433
-6301679439077628831
-2802449186634426731
-6441498839566640417
2612870895677522296
5423800347566471190
-647131173212831211
8724642578909199527
-1194033502207989232
4395589611482235800
4675592985749018197
6165223368247495340
-6450928695383029810
-2390279924661950468
-4825384239463272336
-3894044919209656007
-6286394564862596000
5013635895139069732
9110822295456896504
6599364728569644718
-2794408298420714362
2902537779835125693
643546555412969525
-3708300870321919665
8145207530930322036
3143666763656232781
-6605820230164748355
5861176430759183236
-6727933086613111497
-2846915588816994020
9056387778926028697
-4416909229322911571
7908466682158950712
-7964108734552676536
-604249404200342681
5135573466980071352
-1597660631920252680
-962764540433198442
5626506586613985246
-8041603915733865202
-481845438604428260
-5541955766808484301
-2853980520159614028
-2903682646695580649
6814586869084262750
-3576660002096156471
-3244332185164874269
-3401386752088475035
-9111816710554877151
4592768348737933269
-5283406831413601502
-8028396805369242287
-7866981102595266823
8595640573558442586
8045541909560292577
8278739774202015241
8054191705589782185
-5248452852470556102
4804797704596154990
4385178906608587697
5161334690566428465
-7761471298983677871
2172280113308004883
2635579686991253534
-1842799804244054913
4401112320447064288
734902330922274190
9139239203239947164
-4358336083740720700
5791610304429545861
2273052364737190090
-1967646300817001810
-7722429549617474152
-5911685774634839670
-9194742504425004120
-5564648848383038766
-4842294899877040288
7530263544068516798
3270633126424056125
-5932102265731512377
-143381421966593988
-168657531695718419
4510843043547263910
1962702196262832929
-7951872748688553773
2343113041118149153
365799075642320722
4626531971254836207
-5917950013851014779
4969000159809897168
7438433480517591985
2261165920424596821
4720592584357007367
-6380248444165694259
-474275830400332149
-175130683944807898
2433160573512203069
-991455771665972543
8979017653887242668
7095778983054278856
4343334037947274714
-6364770799856162388
4386393615861675615
-3681811746560474853
2965850642411331487
-3462478747081543270
6390110640602933864
-5241724051776710865
822024707917567069
-7216028124423080182
-8462111301336015664
-2056818391447068276
-3222236661782838220
-7898450102352242621
5078978599871603747
164533365976655118
-1104102527746099535
-6617092041100801045
-7515181446789357526
-1642350946938327226
3320504921280049635
5997190685686229269
-5481463716864358764
-8807629261078329114
-6548970662735640099
2353932261004984126
-8390981039198508579
8553281801543128710
6057260574773624351
4201767688720792053
-2270057180975064489
8083393292021463048
7651516374093503262
594417455396366289
-756486544223687612
-8023656655910384670
-4063797265088115177
7777216069030143273
-524644633334186874
5030176620210547676
-2721526642830466893
-2526944233396047059
334787747299184770
3080097136722044694
7463413645868751067
7035143637271985853
2328511087266409407
7716761620750559805
1498406243919214474
6074640224062560867
-653494798447418779
-6498846028817169298
6664056037546734358
-1475957983371401423
-8974592360175830702
8252028389608117618
-2656199957178040175
-4106616461630865982
-8946413103658182084
-3237485096847468657
-2187014381228622788
4539181011939506215
-224765708535729550
-299245080406080498
-4602027819230581022
-1035112833212486105
5643797327433368715
5999066847324352112
5493587877625444557
5209654406888243489
6714857884918396698
-6688279758356579932
7612478582059187781
2452927831327941039
-8540040782259391159
-6927581352972323715
8274926308246764884
4633262544135336078
838503938537074944
-5653178129942255122
-679865097603603442
-3394256911500371433
4242361324032373331
-2495898465529337988
-4005247850347342999
-1697911946486377948
303637565156547101
-2791742835503856383
6290275933110517246
-5001017509201679391
-4950534276028363555
3655001315370689868
-2378463886518602227
-650141426412741365
-6692057536669883904
-1702438586502900383
3384784142540590747
-4370859370474464975
4165768296853984318
-2032372185640566099
-6777440714350226199
2903853392044015975
5985729958694927361
-2064161782364244168
7663855901917437721
-7529857922713128213
-3196935370644591356
-7718607444414190486
-3139638480398653422
-4376984822676843197
6477932793771646443
-3769924461114226519
5484015969459818036
-3655700708045618062
-467437417275683017
-3738866124883278250
-3138302437157493296
7693162166945554902
6028555780235861948
-8710511060707016045
-8332686835836548745
-1101901191580122566
1087816965400051413
-5518911579078523811
801397915045445137
5661354263824967310
-3784280732426341837
-6327382180051200390
-8820855316291496180
3116572199624768956
3361252909778528570
651627417880183916
2292620209115242050
-1734596701999985160
-5305170688857067221
-6365575118851620877
-7835309011702068930
5892521658586717764
-1121255362164228896
-6001408543652259196
-4287033099243231689
-7616498193509130055
877970167317477917
-2814592109197513863
-3882139618208205595
-751773182748080052
7536194976405384955
1388991618340811820
492564249359320089
-4487447859570514941
6073517201426337988
-5058777925471302342
1800905965327694101
-8046998263482995982
8184214612604658623
21321656303931081
3250790666831794942
-9005181218925092529
-5945112259674456448
31203971292795207
7564889559294092425
-695468567801611887
-4891077155436036861
-2779534701302127887
8224776978468923519
-2283293308662048242
-6511945880605410974
3485712555927348047
-4894745368481490599
-2115279581790470166
4627127085015025211
-20338397033359627
2491260748735698022
-2983460330896604280
-7913429798436262557
2030041807833456145
-224126097029371475
-6627105867258126703
3139072526832387184
5147327096967107422
1914230272142118897
-589601862704982209
-8086008466724532147
2795705287936983411
-4269802602690538269
1142687563428620397
-9122299838917760375
-119661502359995984
1338662162101266276
2548559436517026714
7217865856752180905
8519485470037738778
5088525440167296726
-2591316192772811238
7046695584463250268
4120063973633948134
3424465975445639098
465295136179575308
-8441104972893880963
1383715165468387694
-8950154399812541883
-4548009491411042633
-9181147437833319951
7320062285402429786
-7150862885610606780
7430174664182151480
-3295622384720662086
5684556030811989760
-3286226065839501668
3350493564183041153
-6369939158862068527
7513464653079191651
-7659773221464617085
5254663781782734380
-6259210907668519904
-8690551236238224350
-1026841313241449426
-4363841612782554972
-7312084406609998166
4452106856616586378
-5436800064630569142
3186278029267881
-1652359242887724235
8129298636240175675
-7526257892247717997
-993703163819769152
2862049006408326947
7369838649226878857
-307633921596645143
5185906415105465552
2573755731698080842
-4864506105860169875
6404552981259816683
6583818505850906141
4358327696913593046
7319274889733129373
858810472649471945
4640948202187147148
-8743445525826454643
2091205489801174789
3522410809839519337
-2741109578746443917
-4912180820122478487
-3461058416060019583
6493959661817835334
6357974444860875305
8498219945828005138
-6968907257253574274
7978431586076914164
8688345183421617380
-1777038965493481569
-6605249518460197761
1052682038611409539
5831813609079080066
9000240160140249722
8812325666412696799
-8561844877734256186
4068951665769543616
9087457252165552876
-4396607271887623268
6713040366049361340
6560816510475910253
7976064832270738936
-1251744063335082546
7079524110306940164
2806902485727827708
5577325687829185518
5328650640288974279
3503738015862465569
8123603644966017776
-5846754897634267057
-4302674060676862458
-7401695993992532660
-6162337943253407893
7113127944580469394
1175130903620823685
3022589375501032602
-3815535312981520652
-4776614007838015351
-4415041723318452329
3035870127831551152
8352520679465361638
8727524564403509631
-4356547249973828269
-3165914015728976191
1335658981973828382
6289062594091084331
27682794102617312
-1972616505807555503
2735297544251562312
-6776514759370509062
4538604265307975674
-5997981568319053552
2416023230997426989
-805724156942495805
-7165459111668964730
5036340783881541112
3018238141240553897
4453038714235566985
