Matrix cols: 3
Matrix rows: 4720
Matrix_0 shares[0]:
-1559227273441247504
5827337293214751085
-7762840543855766173
-7515678983887160747
8401848367228783396
-9041414867232269774
4073211452390544774
-3609837318794149081
-5459328457988834104
7375410760475096640
-1453037297398095033
-498925194473145248
618357883349148105
-4225225122459222071
3744184306568668551
8249509375258751997
-2174746169804371931
-7771710563027295217
6219293646157536108
2267873921521913834
7367274173512265764
-1460150883570627482
-556973193796772217
-7914496994954562570
-25308763935832809
6737900879700058554
-355870515108815716
-989315604806431964
-6066923872838854491
131292155446090721
-4923438578288915915
1006593602141268204
1400954111872613507
6049308699156494705
7564587903466600184
-8173743831957594371
5148819774184894109
8793049677297352177
-6077806059282605306
-4619476107668454234
2700259667143027193
-3873165731881324758
-6996709578697837443
466683480984183791
7277078449125205999
6559199306971835776
-3884478694188226887
5458747845608565189
-4408313069424565985
7346414410737166232
-8401861644041141341
-112612844095495100
-8508248144902961946
2492782166283984148
6950454010286411431
-721660591946468508
3300736789180683646
2311394395728472673
9140998871874328813
719259159515599070
-1226367567188942930
1340664842054803111
-8047618222663567953
-3655561148277248758
-877519469155290175
-6272915473956765337
-6817121680072317801
-4588332641540921512
7758287529315456093
2133279122576802565
-6606538903493083554
-2277866457205679581
-331669459992483367
2810203926570602984
-6970629096550885824
-1431941766551037534
2799009341853771382
-7855314413377066396
-1493350556474467477
-9057244484223417007
7473357830893279994
-4862591979596928718
-4457427690020885286
3948058691233486104
-5823747118825956309
7979131525727851940
2173024734681333549
5444250282364241659
3112157675184035442
4376535736954240289
-1113666893533182313
5145794387882306882
5379184437238807165
1089887881360229683
5995686490580287805
-217680006815116911
5050111527459674166
3207466979656070279
5360950272622300115
-3655004515894450618
-8668219050767039737
6500294384062021251
-8027044728633432867
7901700828865100176
-3170441831604660915
1112318472645708437
-8457916657969664088
-634381375483262024
-6428505412402538447
-8621986861844902131
-8298522973687871709
969980849096608404
-175151107574767053
-4424843115993661586
-8647309254445083123
-660405569984017058
-113940516276923422
-5695588765768614732
6756290643930464725
-972350341965889649
-4048701901564666956
-1536504434076764068
-8830814261433322270
8183656450650363723
7898766571973202059
7558427154479266314
-8206570624426405204
-7406932881641920455
1173315244974794440
1476433385912662789
-3418746713356987662
-4940453892508095025
-3339003845245295645
-2791634376232397308
9218558252268166403
-1878584305718916300
-9064793251430705514
-2818265552961885480
2954370051541611098
7758789878617111142
4927658053298413801
2524697788748549812
2887647360880979840
2108221248726161973
5605394937711014979
8900151694225036918
5467250767045414576
-8764954909663476157
-4157825132393241897
3373649820405923964
-7673859996498688033
-2404316756668780014
2178899375170221632
-4455979977007741794
-2798799625768016967
2546956740874376813
6204939687074868289
5852479383709895634
4903251669004045796
-920456784669088402
7279755291586231411
4711466227745289160
1033976342194843377
8113974086829446981
3399557901386209849
4656182806475122699
6923481565675723170
6128419309085807259
-844041517443940668
-133784453635085983
5555410117479800005
-8264885509050625324
-6542084949395372950
9187982635841942951
-5620518408641333603
-874834401216869927
2023120972954662454
-5306127420565159262
4637571973963517555
-424050701450352297
1357444471482900856
8500747390457117438
3009803497271309490
-6555150620888434479
8164506377864766074
2062914244285239895
3669476640605271979
4528088406103476850
6273239223382258744
-7964222986319998162
-364359734178920788
-6978551412891099395
-7912510223180885805
3134508853223005254
380696196818523833
8929219659639285669
7965992153603651485
5525022857357526618
5844503026886427278
-1587462161958673191
462182030430107235
-2744283551866091708
9010705383004799628
-8149076799652332783
-8894162628921269571
7997533549515583007
3303569886807557246
7061998232798080279
6436313103067643028
-4745960738245435433
-4990412829212941835
-5230910755211958625
8913853600428502357
-7467153773813193706
7765303640965339528
-6302826649765708465
2026652811910454963
-1608561900816095444
-1073414148085870401
5126686718862146349
-2881932123088164084
2394862759486869757
-7762032172064347421
596282010879107731
-57918343116233252
-3575971727140863789
8398566869271289640
1386153180107323492
2600843234810858084
9119064144979231176
-3147263826700143860
-5948198733107945397
-571359179343229423
-5498744534371478108
2258134584438420325
2104578677281562979
-7360499836184830678
-5917917645640332522
-4068276536214910020
2551987711485308637
7357688020936840258
-2479811577777986700
726822380833276005
-5574061150074530643
-4001743034169808503
3037531034048812024
-7890098909552869990
-2936048352652742295
-3701012848446608419
-8072990949585987052
-4334500087239173806
-8850674251102674799
1553581101283283598
-2627155750282638427
-496490127158955228
3952479655714815417
6452347208329294990
5601467816319440828
3943007777686157182
-5809470923640228040
-6794607060191028019
-5459866122905224140
-8339750417049282309
4532873140731372716
2293421574223284312
-7825892468251087641
-8779746124528865238
8188580758463616231
5658133509418813383
-5715680079712452728
-5158214824601649016
8107173117920709337
1712400600606941170
-2143061906555625700
-4826271224981982701
6296058967014559338
5558833242848694935
3531910501263685463
9123102897076382887
-4049063703819644476
8922250921583735879
8159875763739831861
-2224752028561863523
-3030964381402941671
791864299872989314
3739258026988360725
-5678806147109815303
8895462298210678038
7691679383322654227
6305546688309762117
-7114975804496325671
2794484674784160285
7307903329914742224
-8589399844260288906
5997620043461337183
1216886350219083812
9084584496002406145
3814662506775411015
-2670167571351396986
3072893151545264210
-8021504240998979330
-6202091918261948521
7626111703828481132
-2990688485723013375
-5844125590483046263
2404107933998045437
-5876267801868716155
-5124610531240626782
-828590763524208625
-2431177793076621444
6930573857651724194
-8600329905819060215
1022057203471840752
-5121789681649697476
5387995798433935132
310271470034591380
4294094019604900906
-2150009128091044499
-1701008055179096252
-897001976589403150
-3720410486735642237
-3882559244871583302
2289845495064699128
1085280706480491267
-39848371198141357
8619796535461633514
8279983464822818147
-8781339633364032758
-2704361784586560798
1822347393745527830
-661856282834464474
-3266265478727855603
82297537663808503
6713118189322773116
-7362393364502957904
893299537497751172
-5767195429004903228
1342575505013813431
-8263521780640786562
-6714429637996414748
7183487105942940478
-5543782380679003379
851159577254474490
646636368279912756
8651367548313013778
9155988846563364293
7146178593848530267
-3890550864510703628
-2366549935640865588
5915683091345624622
-2306356332695191664
-1174396757332665004
-550338061552685025
2857529390952659145
-8541772626689854545
2910978604865229236
-635524274432430123
616569596957822605
-5561732191686720976
-2281156517636386356
2130363056884384269
-1340433651184650012
-5077197786639810860
8593703293191404558
-7992035819094407500
7849182746075062436
1179821062989436723
7188803202065984523
4459513161007148329
-7491149717956396662
76150246786077178
9186523155286227764
-6360978055808771537
5976771169585621938
-832974655918694932
-1383225115680994407
1944057687003058693
8050531276447925871
-5563250367433977875
-6729496563563516558
-9067563552550395422
1740709782142851958
-2557734875560478816
-8146743702691103627
591640752864545429
2479734679167014533
2633291626464779650
3066429087818929711
7867020315730295142
-1216060075781146035
-1804786444249646169
-4094102525956321713
1166056041817885788
-424327736726616356
3792383860900219158
7846439444860964145
-9000584401504141442
4979627614212284613
-645505164755572405
7342051505522208901
-3245744916409246538
8499104319983008622
-2543871245149785526
1333543176257001828
-5140291010831742658
-3406130794958693058
-8239897188482803977
7485900664766153827
-3414447469963477076
-4632997157648405919
7297080684237976523
-5124704909670665162
-1953117483135727458
-2597368251903032856
-4423333852717573585
-3548168149374678508
7526056614166082282
-2839321482900915970
1110731865400609956
7275833726976417188
8662076405413864869
-2091809910347024350
4487150015827957322
5185341154872271325
-7844455222064987666
-8947416192722454823
-4658828255428938153
1327761714049766363
3380949879503039468
6565353904330761038
-4803700749542691430
505772910722749244
4803337723583170802
-6529145723012728585
8569791422328854142
2676816532903735036
-8526130053135867557
5674046759554843897
-1020946667653162473
8399920949338361666
9003902160177942536
-2546944019830847512
1467091747487119234
-3042993581135405984
3138612453383118276
-2819415543768756130
7202478640891532714
14319151068575900
-4668639566569885510
8594802269466308155
6847354980224815224
1352653818913207258
4662269395515401218
-2077921038333170416
6028816435000947296
-9196362218812578495
7304125902008444204
1916127828716110925
535360828142916371
5510447931688613144
1915598505693377194
6976665995615011153
436876505024398219
8667097726975145026
2255042226571534260
-4496487384449821108
-9191872254208628952
4582512895038764425
-5758877710530182460
-1268649064952293166
-7769797326710777836
2200234339386129159
-3937577155268360152
-3535610900111806794
-565390452124831778
-5748731335738365939
2864700899488943356
-5033372020742621617
-3760279458003626909
-330828376555460097
-3926448218123914578
5232333567031787377
-8959325952331508877
6167796916375688371
2433557875576066922
8887605204225045227
4085282380898803581
-6443049443058218163
-5266247722348788448
-2230879700348385650
7835741497069333280
1668753918610921393
3157034063190173406
-20587967297899322
2054244679013563732
3318812278649392321
6253887574824320195
3904455884153751690
-5479323569043556496
-7352775640680101491
8336534943772847885
-8143336409874927439
-3498222375397810185
-6129513736394813075
-3104735692166902551
-4856441113471536839
-8742083000004341487
-66544117689523794
3314514065071858918
-8608407965820159600
-3538473089526516866
2006288343555752732
2772229890768574924
-3712815846367511526
3790264214809237755
-7614845418279379639
-7206852010664948459
-4691031157071827904
515324269951718823
-4212035551562765896
-6266677742958381546
-6192246242974523885
-4404412711800395110
5027977035226855752
2958830802345221190
8662286829455151573
-780160828686972411
7434849709377269277
1220220315341603215
-6144547579627864727
-2307907074513157149
-7266564637898167149
2172747978845336187
1395730163482479592
-5815323810125648350
7643684281785621374
-7933777296184570899
-5597196424561800466
3991581079440398614
4848215830033817294
-421827608824743470
-6307895489867438393
4998438937633658537
-7208870287007092298
-2646567104881471020
8551683822110089360
5331917872150843276
3620976751267487328
4327110381242166280
6699895823140444344
-8426532364154745868
-9056299577088940264
6044563196917747265
-5156620507611285359
-3666112199014262852
-9082095298487545284
3538593509817727952
-4367959139914286157
-4195903506533010466
-8330023246350529187
4908742598549207576
5131027191917416164
1877924089375155737
-3346738391488755711
1582860896749640099
-5395695963872084324
-6935552037623822505
7527954868266783298
2935927133819946360
289683756926638194
-2541877139140113081
-6732691238990322143
7000191729660150436
-4485535318840799499
5022874436728523932
-5491275117900083015
-8477796317018789055
-962567973687704920
5884599746825702160
-493949079851003884
-3078791082414875177
-1260075433098338023
6242925857704608164
1569222240751524646
1620771151501226386
-4082384195411159443
-7611640840419357313
5084951159137467274
-5032083943340292748
-1732590813996625777
5488222573467106911
-3211687438980142292
-3525845783997262026
6189842214935023299
1018986467496587192
4559267902025530027
-8974688919392796935
1929141934604610266
2494651847668640612
1496415655227934203
-6655928155993156280
-6970889558726027341
-5363099118733401474
-3549043711903290782
2461494593880497319
6864635901418538407
-3000927000118349581
-7831891754895879449
-2398905027879513940
-211613450117538717
-1544530335715840407
-1807560219451870012
2052912055413748378
123393256595897831
5174699931500610540
-7575810272501925462
2926194655634969187
-9139446991677352063
-11666119328215617
4889137401765251748
-4134956663302879022
-3568106566076839847
8256892421378517899
-4290541207353453350
7899029648149923759
9037045007442895235
6636814283937063306
4801146389588391723
-2290393046385979797
-8558237550753063402
-8770251014236539696
3147773350265410267
4571745192722475436
4312943517406488923
280138962816354233
-1224694831061572247
6404147103736450821
-1471821350476432723
4031152369462973612
-3827964827870651518
677622709646615591
-4230988177115168632
-1135550516795335349
4189598168679349083
-2748319474331958860
1754493538074016682
-3024726938341307607
-1795652251547511434
9038991199239825880
7844045423509216956
-7964072272884241832
6530133423711965655
-155232031648600723
3675857138096580997
-7244559297200815553
-2261001958052984151
-2245477591897506200
-7957560982943050125
2645171307379332412
-4463750142088190881
6160287671156730628
-4490726048151373687
-3790081476475827179
4899168838840586530
-7586008816913179268
-3990006482372281179
4605930969060051724
-6008651027463620542
-8716094485781198837
1584298794888500445
-9096616587937388644
-4787224343036455802
4984794838840655395
-3227023829870502047
5715673030611859156
-3122569182604788228
-3872650840169543096
-1708257336782760141
4798425634493529442
-3453617868772942544
5312506511023698024
-3550596057718058415
-7377905490768135721
251856140434022379
-2815750840145999821
-5340413149120738739
-4042542415450315702
4151574593045269467
-6337473319918207314
6674111428029338790
4747036186391820942
-5163448736606719576
1196410566234916734
4550229052135493502
8571398456812941298
-9086578708339330734
3901131500060549666
-8860127930654808136
2004755030281360368
-5133926624087245956
-7636684254875142407
1291871428977612467
-572409236973485260
-7950765760842542608
1785477322285238815
-1856374141586713605
4163422474659537412
4546244484698566242
8029697555712846982
7080519521753221839
-2778553801432344756
-7923064998499116029
-7908781336350888884
-2310679371758880493
-8415498220828946699
-8042751406631393249
2791997048309163165
4966409181425894673
8322563895411588925
6091971629917892211
7953337233094464474
-8500730779421032154
-7556960689642418299
5533237115201430015
-3542813058404010051
-7588517260553134246
4823127872597410372
-2757668752549855111
-2620453959256480664
2021582771285591363
-7174551190680902685
-49831556079334384
2663877428092545886
3915059622910621425
-7331439255258171670
-5140344720334160553
2664024334719242437
5896101379541982788
412836344082670577
-5978253183584077701
-1291252803887576513
-2904236477682135906
3749554035760824874
1320128592444578842
2816799905958723810
5650629679447727397
5172892273588316226
6971646376854761922
-1058306713520346904
1136056863256635941
8901820445368965734
6736860292788890713
7884583868965195550
-8359864447846285677
-17034327039632874
3426362818856368091
7853244162293606173
2910675850261395719
4364005745351496325
-7271602087537789014
7048670552617054836
-1444031874279193725
5528466939819538609
3464909863036809371
6774492311750334764
-7747222683365097376
5880206355632419001
-7977094424021547683
-5360972201365572266
1847151912397191340
-5872454988145747922
-8515215205453076524
24276641338636575
-2518173412946474117
-5600027921711607909
5487021638960616500
3215682077894233162
613069994951152763
-8457086876890591306
-5026055471030412961
-814774672099142675
-3588866116615744442
1896301894050133061
2909278429291901562
919425850095016609
-1015432544378629672
6064040394480065066
-2677170233670169951
282587577537477011
-8894408409380636976
7154847863432379491
1603333952435238796
-4131820079328686156
-892068038405935780
-4429197859206535406
-4513328450379781967
4924143518494568595
5430593951325502293
-645452986846189660
-6570546003441170938
2804581975136910133
8933018833174336561
-90799183413002792
550910970352607709
3944347637342176594
7354904657524552833
-6216212528884938473
-9107954908149967486
3107845206804948293
58324510872668926
608768555545315313
-5671651642932051211
5230169302428966070
-8121933313258584854
-2867505413103026550
-1597316229438711229
3524914889249276891
2490711339654370064
5429922747614368742
9146644373796259934
-7637262150384007315
4040198639567820676
4354954256307222278
-5397678573611775697
1193722935583508157
1057254436213354391
-1187010083940097508
-1858515544573870891
59175721091029000
-3056958863985263284
-7422964920110405421
-1951745519576620875
2010420592639565867
915586720412020928
2975576710976783689
6869033605266302706
4811857887563879216
5462789630835151616
-1740747197245329707
-796886875878130225
-7584990374052836620
-1187626281404221429
-6644667802137320425
1784374154443596521
2802688680606225489
-6363981831505383035
-8710808974078833083
4942924005570213427
-3972207025762406065
-1997623410848176988
7025526499167711821
989839836114862280
-1714023253723953338
-3093974990168025369
8046758744741310288
-1484034371912353609
2160231321717873536
386308795026770995
-715948758683380657
1646349275752096087
5261239529802230035
-3229224421600217678
-2613012612586587118
-2170400095743073513
7388687339125428859
-5423217099989057875
-1165862228478545863
-3670583367730708256
-215387319375609863
-2176566537474614321
6005246202921511895
-3272168980120510976
-2792743023362998983
4921436756007880456
5145422667166235136
1586570153261368900
-1352152504070584274
-353931298881666644
-8730800987196554882
-2733281000790853499
36654354927632799
-4201683010820736894
3154411548251588393
-165163078888521756
-8473109404153947434
7519486043835499337
6535684979715960244
3098380585219324363
4457176450795006358
9140314279055148068
-6295678520139883870
-3965885950949523472
-6595139786472625209
-9210960933407561712
-6121307511747038715
-238830743294389684
8783287627758090596
-1379987676244643767
-8595076686909529885
3668287696298149737
-4709994412732378071
3405510225096721255
763612674417062398
7058095366740002703
-5914000008618027977
-1981292203885627949
-6944393652088339941
-6723294210482868336
7619969122313621886
-7888745525897507907
5031022106061297623
9219613042825297333
-4581917576585912371
-8399126431331298025
746663753128748301
-2692244425251755915
8365887551292866196
2804728062009525530
6494263539423684574
-3080620119096760714
5632915421585737641
7712202988476569672
2846825865314100572
6059940916280519129
-8185747129607497574
-782814792269263654
6572256523800180088
-6445268694116757279
-6219585497537002964
-29604067542314091
5598952768951629223
-2842050466995910386
123584718235228769
-7707475624948120065
-409486255610991452
-5311032583966906826
-2628911657200348772
2007194846684229830
-5059776608288446413
-8916350277107866622
-7195460386618078780
-1909293234913149355
-5698230265761269457
-5640471299387473898
-8928812497741933100
7893212209280262443
-3509628764502400803
4283489541088125942
-7427723151364986005
447644491875851901
-7915338391501488016
-5418402057204219531
-14921623701968529
296207671928299210
6436259543261662036
1219116663573065459
-1582933478083296341
-4839338759866907224
682630213798386078
6327330824832625673
-6976681264654646236
-524775891684920100
-4546227396808564276
-790653286527222667
5664554957946087257
772326257452843642
-958643197140190895
-5876808454821623586
-6837990624771138094
5059905440460012004
8986906662158915232
-3729989472845021812
-7822878996693169739
8238480883891543525
-4404203505878030562
8005761681682280602
-874255800830627958
1417146498313322723
-598465707971300367
-7492719236962718716
570583309456911127
4826176016502249532
5205201666209743435
-5048001657382835593
12559159633794725
-7506425176632187853
-2619237613690342420
2816237050161955799
4270032634409189804
-3621064039492953355
5892467052457744975
-6033872340904436540
1958147418779559934
-7427769382743573642
-5675083886583054556
3729442698123149459
1336968227257016847
-2445858592045032213
-1171444003907099462
5913061750082091578
-7709785221815799825
-844026987938908223
4984551739830602818
5221140527504893892
-117539951608357113
1794741062608405987
-4660015236460307040
-1074930339587119528
6446939232372663044
3233502532634399855
8281651949162546269
-672443566004955774
-2222603826449178478
626423206699023804
7745975840471357280
-8932098238894725829
6332414328804780610
2319117400022942153
-3272244265965415810
-746914812467425814
4107203657757241288
-8889463801198002154
7137462620887604149
5640153803580799082
-2001350641933987606
-6348592990870980470
7501501713091845345
-4580021483029145046
2890034131777981190
-5687837883008039144
4781970038696065006
5339666377632368851
7335788384688753576
2598558951641782496
4063913846822768010
3897303183901029684
3862952179821634438
-4565996772575264929
3579516781454256885
-5351530945602831098
4650476952792352820
-4271395350659214280
-8906900721012666106
7348122188486519260
-3407310629907890338
7523063026814999899
-3912910235323576158
6353739927095538366
-3209247545473320139
5409686926523173861
-2627858164094203970
-8084838425169529549
-6243205138595127984
396136384191458325
5585843809414128045
5929644090760399072
7015414853752529909
-3976260227803330210
1860794507881968739
7264585407368938423
921384500060234266
7632318387697676417
3073543861810354578
5535881434853945889
6401575685122602517
-6583354682097194143
-7901804552145589615
-8878042418179640923
-5166221696640297389
-735495377839381904
6070247717982713842
376193406828313540
-9039679020742654474
-3832180897919555029
2473555551367460356
2626697884021242312
6017430054295088312
6647835751898520161
2848387319086512137
-3449896909081061259
6399455302474453151
-3540569762664871581
7512542685121916487
-5511083383971935346
-2117385041433825362
-3688103801970793497
-4782340696501756494
9094488126699977469
5284940611503658109
5117408617103707900
4757254046045525924
4879864305920050635
-7283781514624961453
5342438313415077624
7146878555952595661
1792837343995380537
-8244758203723690236
-9174950134358579222
-5836138834818725696
-4481291779344072540
4645428610044804810
-6428403644508851378
-3929498075171447887
-1087542962103858116
-9074652618798767452
7867754418229103887
-1243341579635633092
-8300282571476188187
5920362523829991060
2880043731314757973
4740948685964632666
-4007466488538945561
628228465706744452
-2801329724679232919
-3825867357473028859
2205718630200946226
-2100896956382034959
-7272776399672727634
-2890692023805019330
5758516201445581088
50039426897352508
3475450571573616051
4399676714393779670
-4959843553366881006
-8585041567301789657
-515862893326350497
5785541580942998492
8687199684959811867
8731609641007182913
-3762975076953378637
2832637328363549449
4600267978691912645
4415108514639087500
4839021870972228459
-1880353859174750250
2956504336859656386
8148625311005006280
635818982815646488
7721744425001514661
5748564530947511649
6943694392465857551
-5479466839282646325
5452597846978051445
7870987667677646981
1407349907836253878
-982910599410620120
-6954210110358192803
2972907518325606187
-6108127385438115094
-1286686879096778402
-4216435728758245133
7019544017272134253
-3830123028172440857
6078662883269485848
6128433967976739203
-8582447174463644486
-979715532829585779
-8154468695807607246
-8075574473062351966
-6725699900433100777
-5574678761428452336
-875881145072289363
-844261809580201198
-4366233801565758142
5603187434021691257
5457478274378454505
868369206692520571
-6221087960242556421
-2824910644312711256
577321620905621219
3241981091450401754
3945383984488784158
-7914716169101767949
-2669888586223740806
-559468780902038680
-3802690471869917002
-364268211888384595
2029015142555178607
2442437895188428574
3619773733068913853
-8523955457669199331
24592475104322821
6647811981036021636
-4866917370237827638
3217408165846274438
-8696251605264533012
-8055946833795999474
-1000038867161956032
679253557383577542
-8548179311539668340
-4883976718053068139
-3230763731119771639
-8237991298257271971
7122062886354428878
1573777656020422725
-6244536919137800562
-614673362890203580
3350152817450331023
3350351367873719942
-2347758582596112780
5423789279932251433
-8038934229472609289
5771083354181290284
4466054509402631632
1753233232129052745
-4937605206276578853
-4033343067499954951
-3822840959089219691
6947486827777426958
7039032142217602827
7731794239840438600
6227917131442585859
-2272317501200408639
6891555976552193655
-8993889020855961260
-3948907162924228549
5343796062680473768
1408446451383820355
-4607078509616032779
-3945480364581558206
-2930328075461235934
-9114447980572884070
-3817958824532306552
-8842483573000852219
-7323457572002234296
2917338474991728698
-8313563755405189710
3368402315714479730
4533683674491518665
-7779348810272324859
-8343995108877649754
3535055445750571849
2805860752824464653
2588943187798199957
-8804491609831323279
5219624160991383245
350700700472137965
6203998491979921676
3402557883983440935
6973623277096108494
5283955225347317281
-5111400548387831094
-3630011255581592345
6523366395570476021
-2513826373516365322
-1738578855623653320
-1679415866101809514
-5348248880079110392
1097011491489461318
-249167402005141127
-7492516636904099489
8710164139182436695
-4641897231905173570
-8728158718167399752
-6606808902295402157
-8909580480464509564
7835615417140588552
-6468554915549376761
6356526845039383109
7765718621205667607
-7785678947755911125
-449989821192371534
-591954518035275962
-6238856959870760105
-7939049618192536462
-11525122650040138
215418518563487088
-5939905183703625202
-2384569089792752797
4413456091832480819
-7840943301838196439
4621444659551925727
-8268901010324244698
7608650524682567885
-7824550915902128840
-106341457874720394
-7484589688169096566
-8418500518413468734
3809718152689545131
2433150439473725487
-5202058368838841952
-8065291807142038455
-8332711969459666683
4232919510745447315
-6545898400447588354
3470747602624027603
5723191250034643537
8851436481402714843
-791382494755639377
-1380179409264312443
1031319299652413812
8313350256634050979
1935963969170473379
-8065412974098455439
5947526579759608119
2793746679862114085
2530578370032867968
4246681042112358233
531650010868118465
-3371402912019104628
-1762499422484505199
7192111543798995125
5622352857182742288
-6180288041987602134
-7338193674820580951
796139111745274963
2771715987366406874
-8242935092887802077
-7881825735030470819
-7887440538926226087
1474947973148033879
6111123800050590822
8284028903570499361
8573943525006294573
4161890144743218630
2455828875723698028
8376803760138136737
-2041039153897149953
3864907739240138802
-8147354015080873714
6335845817855724926
-4795226040240015906
-2273080984497872096
50712000417118469
9046136370166553754
4583206236785677056
5331916731723530854
-410091382363916763
1097595254360959597
5096363766050273079
-5923937188441083548
-3483167164026498016
-5747638996990253944
-5700537794153652211
-1077841015210349130
-8490273906682426269
-9125343128873557376
597656569145947584
-4705738837482077712
-765151897792766574
-7651852466302984475
-8765931298549007940
4202457833674644970
-3854533393056084837
365924898509251599
-4917028898830981732
7407561989490319673
8337073744692132016
-4516439150450526974
-3317499947775616691
3808219390686777711
-8981779554490610118
3741801128943787757
4500301646837907959
4137278044633603520
-6687878760427859105
5895633916592231407
3651366259450658703
-556515875370159260
-178541098889871311
-2785526983138469917
8265270507583263774
-5586622661162645863
3832357465236328491
6237884578632443740
-3564441059913994366
-7457571477104873906
-1296727771419677907
-1737424091984357938
4809326529704952662
1001437616717729818
-2479780591512623400
7302245871325950272
-6201196877419636632
-3061935956497555004
-5053876626500609554
-1381914861517312406
-5963072014415847144
8523255747323854248
-6089892962503180580
-523140977328346386
1209238623910365827
-2917681592315664858
2884516628407001351
-2299285414938388616
-7066002058331894093
9058521862107269819
-1867052249024798576
-2137382642398303475
-2620708010389891346
-213353462338870440
-2434084265718080526
1089097587639248934
-6238147074461408659
5021036105117611294
3925065982026050712
8101196496302463416
4399457909721587723
-6808262742224847394
7086351258685996823
106769244312082682
6847234840363978703
475763554317781757
-5121583406693079719
-6522036328194586894
-7343798249953685328
-2241554074688769515
1068125854762831173
2375266773455645163
7470799888772760568
492124748182047916
-5662359858479962069
827584528893178501
-578399831049713641
4190869952163828025
7823658588971736446
-9184551724271521177
-772013337146082041
-4630978242812556415
-385505831458387952
-2752266169828877193
-9195287522406088202
612748120299699694
-5065124472623987859
-46675796408339190
-4133181543294298857
7593853831626104727
5419436171403774129
3482890825446914746
-7805810427743264289
3139125175789201754
6817523321598504673
-2624140652847086932
-3088898964326975629
2136121841986610048
-4586702363591417817
-2652562784690679360
2090230593623466670
1365083390504053613
3812713159485100349
6803072057970604717
-8326265236433120482
-2442850641038391346
6377367386489055389
6214458010560946065
-1322648720625739424
49668475496913860
3240441241832753133
2530040468688275236
-6297957439364705054
-1062837735467445651
-5144725739403304982
-8582912600091315746
2959359118136235919
-749069806658018554
-5952111282699484600
3971393902762979039
-78427049160412894
-2508104804571344671
-4587835010141988374
7287420784163105711
-4057565907131062612
3265610937425666130
-8607715788116661781
-5956380063270911484
4015822940489429758
9199958619878067045
-5664344665014953210
1127054034800724786
3974322980251909765
4225323773300840619
3884604648848981774
3386192259940974114
-3756438245602922918
921641480358795282
-1107341364210645064
998182336005303496
5350267611843957391
6968719301418248934
260362181312576201
-6967272701314362606
6909048745637359106
3763920827821875745
6887597244161818043
3211871108610684064
-5046449061680628559
6218524793607562802
1175651115703622226
-7791182669501293197
-3480386316403793469
-1971468770814793221
9049724699671143072
-5754374888476545857
7589562332305538672
-2764447374522884728
7319621106072871061
8923405390426252866
364088201497449204
4108459491565029668
8466156772141028163
2467949302227814711
-6406731407422589338
-4754633576615870332
-1015395025414288224
1867639926751759242
1915152996040814766
-8914602651275551842
852392132166325002
7981884367562436474
2304427321997450027
693970230853115403
4731516937035251888
5115497201321838699
769627630736724215
1973590719043924158
-8353101807098651575
6380242197054711004
-774782072361173476
1446231830169794540
-2018227317076514005
6296378776848742524
6435061203449945048
-7183623012343761208
7896670891397111609
-9010106299483849186
3206024732749332326
4736661154708276656
-8279665408911652233
3978950489880496149
7076523467102124871
-4269247963903694373
-998710705612150700
-6849723887704753093
5234014627548174795
-2818806685065142129
550970207128994722
-342510577855234888
-1098262508355112028
233778932824374327
3146999765640991575
2776865006054408991
3245854416160921056
4983419441960499503
-1076251415116042184
-6920197960740794130
-1123839603800805831
7767992532395471616
-6419936455900037621
7421548133104453691
5559358290028352026
-3486410989588609559
8768438041727464533
-4519409051190710758
5047641688584842337
-2695056662275481827
7592923619158926621
7853105823126545820
-1045443649717904658
5491516263956285941
5504015927584924177
1204901379482287158
1941117377946894522
3118052624528130163
7982213398147916172
1469477046462379997
2514731369296617362
-633440075912655272
-1830142099271609186
5234934848172214293
-3131009202014651707
690786478406240687
-8720296369700184275
5985585028084428835
-3890352521451650103
-3836898512809281022
-8914534353573484366
8732297865275132579
-3606437920096487868
2848020965166781140
1305528265640289898
-107506581347949598
1851269872838665346
6861033030841281872
3038101353992745532
-6242236722805597285
-6948722345521446941
-3861342087670449628
3115903940923111135
-4985713033068646243
5638091284126986129
3168240533572553345
1085352050856216047
1426713515330325335
-3016127429262604165
1680636715440868431
7439027830205747573
-7449437158121403769
6687279682962374771
5591583111467349878
6944375778852678883
8671537103126959796
-2575771534494814490
-5334007961039478617
4353864961920430648
4676936945399456547
-1499647550783660531
-2527549465932778708
708587502866217294
-8369716313215596423
-7659371383653290102
5151018419439701478
-3006721210541898204
-1472528462621181764
-619622933081440818
-3323264837474302980
2045299165768960954
185121817118522502
-8380676428001214765
-8393204462400605823
-8768640162948602633
-6388017403850715710
-7888162728398093365
-3899151622527841092
7453167579746628471
-2563392494469489330
4008011712511782615
-4881771425849092310
-2695758010879179227
-8241088841423305716
-2755392039772689199
804718329947074775
-5402102451916747909
-5116606562128423510
-2698125071604489179
-7376801230217042851
785777595071573856
2003398059895113611
-742951191942682736
8922519527853516296
-3966795912884661883
-780080031545290093
-2819374541654668777
7236045472853889401
7023967027586771393
5470849951223193066
8949977003988157283
6423219860931986822
-1092835650788994742
-975096072694016786
-4900665068688731428
9029066009887087366
-4064307448063349985
-7818900848363208948
-6945103233468396508
-929396651717680100
5725958081742564921
5300604502649904675
3919900219745555403
2612126204076110865
1193398650250469176
2226760337130575935
-3277791790522996532
6869603758723007707
-8677514568596423262
-6243846675380552796
-2393712437608392558
-5221787257708795773
9192960804675455986
5914749019086469318
107480925481961556
4456482693754202160
973967764749949972
4894983580081883920
5593138435465782769
-9139958223161512603
7755914964140766314
4964627362830812304
-5488148137023184825
6627210079979427877
-5382067694648287085
8468752207791358034
2148258095939690091
1136184157481522950
885740984297959424
-8723082038412355883
6479611845671044627
3782091173379708238
4450073456494025528
-2556122109165087508
-6698163962230415559
1779679249558287169
-1977005281023154775
-8681484466306245373
-2397551144201486943
-3344495493315399000
-8867351156235271155
-6787834785310558437
-6031419979431872647
7456543405824568525
-8031817918538616210
6099570538191218577
9048749301186586247
3092410609496623257
5917567075672174923
-4256277592371202890
-4461423717327434980
6431488920309601870
-6051954571668370455
428889714278959784
-8503277915914284447
-6495969169731793749
-1495819969106765556
-768539389410680738
-2017135034618561822
8198389113158482046
-5534618291196403475
436077668526894276
-3102322478725484150
-7114521902667583151
-2088961802426376013
2482032837108039831
-3829559047075403242
3407577018383659636
-441539208596472234
-2279311116065716888
6371341135273760302
-4868811605041710695
-6622364139236167647
-2043398516330685778
27720286840541986
6491709051502624329
-7279506959429569307
7814979716746263986
-3443307796000533019
-9091999777793318285
3880270473974455855
259297743011778979
6355396302835300873
7848508876123153027
2663157347088040408
6174243656142127554
4895096158424828004
7264963528532997402
5330899108827565300
-6056847743356967474
7527900289705342530
7391390770353848606
-3438805757837356428
-5973703524803922756
1795554937385931112
-6337840279435648092
206053711694606457
3087522107794287697
-4875577186308464279
-3335687823177491975
-327733882574661768
-8170968069149073322
-1935531021060640902
-359332789685039874
-3245758331017361508
-3036606350059323970
-2801754356651666536
4055309669295240336
-5122325784991351943
5546700549964090610
-6108646347111179284
-5155113321578604538
3726019855712558879
-8560419167499106002
6118999513407025312
-8444036876644930859
-3279562399601082059
-2281106607388714355
8178129627934208519
-3431840422181535048
3180027410988117771
-4907431663476704628
5236101160316661760
7831957683565145435
-7579670386345767930
4877641838425877364
-1413635705683619119
-4275728518128064245
8369888971953630800
-7652509329493879109
-989132289540141803
-1360050494079267733
-2245420426595502942
3311410849001042937
4049818516488422741
-5423939496974353855
-8826197307890551966
-9417870652873886
8340562467883145390
7479843892086318530
-4234836050415037011
-5903230805309554826
-3469694613992407767
-6160650851409539314
-1161000256476378170
-4708910696950954416
3471825734725589240
-2915451885463094579
3581041066487785140
-1748429380162802763
-5099785298754348999
-6564985535951738015
9120658157945168584
-7443874298188830288
5438976730788272638
345059945107441583
-4935216383723482623
2785850734093010022
-2890546469541484649
-2132950874891775381
-2122416963583519357
-7533066104017633538
-2807926013310278441
2228709307167304917
3327035881267126425
6527901491234828157
4237197265890790521
-2473846566801602024
-1944745195527938923
8883007919735278218
813079635482012483
6418236147371231817
-5306703620170554113
-8446075569022416975
3278194775837814975
-7014797338783530408
-8087332761684975018
-6164190433933058219
9009082907930204152
-5686520704887647796
1773033962506100466
-4587631930720090279
-8210607896101022565
-5588609396509528693
4532694370969410182
4406015670352312428
-3548238099507250749
-3724490845191929583
-3659864132112238869
7861753270009621308
-3466703480652918206
-3358512236435660554
-421809034756183482
-8130049962575371744
6048454615299949059
8309936480476141202
6004189893600236300
-3509909949191056486
-3116768625131629671
7999077433778577314
-2076369795437634876
-8502152785338361056
5146759492775858125
7441784121469147814
4062038063661868896
8917697341538762869
4461823329346629674
2582105239399932867
8946319237854326342
8392251588385259359
-5811052937896824387
5197712624742753943
8816450971236982988
-4435837218578612584
-8207580559805691653
5875832924840730712
3569419918763423682
9146410712181200625
122225730226692372
-9145317125679299638
2120312918256100925
4559252308577764479
1964879172476903285
-7645599152213743157
-4882280871526381678
-4803326024479530960
-1726960539276786459
-4554753556178334403
-198641816162684240
2834042691309552529
1222217069292956486
7106063068748592749
-4603960075807473430
7157313742064363403
8158436383457326586
-1621857307805100485
504835875687974003
1504640245937927116
-3028904734718877296
-2352570116257210542
-2910418480972052190
6551825704257235308
-4776265401963511983
8258956101720408115
-7519350405343789240
5561328569002475417
-3372332655439752812
6968854881851648994
-3625317608995814267
468053791261957144
-4818801985888239257
3149344191891430320
6426716676476726919
-9161835420329041574
-8199339995329063920
-691012336229855936
2101173853493709183
916969769681848270
-6778013658337539052
4808684244686449987
1905507951391321476
4124494535622516750
1212762873810092161
-6896351910477552589
-9129895232853339833
8520994156776489377
-6515255639378442613
-8371735139716092028
-7540901689949180410
-4811774563408444185
743497427770013960
-3772032108981481521
-3370917964478322215
4140744123062245266
7680162266341094122
1063634618460021413
-3254702112275431254
3763005137267203731
-6223621647255306262
-1438806275375980968
-4528487486587550412
-3924164942774381692
7584061076665693675
6724976037924419747
-6795507282096700402
5915880548086687415
-3735706205237238106
7635024795091493233
2354729682197627533
1396547858754499163
1549367714970727846
2716912019439407235
3326717961915144444
-4871026051146253492
1543018116642647857
-8242799655213155923
3204243425758849343
1444415408203464591
-2729515067252389131
-9222356128740483558
-3260224837516075925
1995974761569262829
-8315426461151949698
-2157241834263584636
-6925012905935341093
-5638893143632348120
6330085112831741928
4715369089108387656
1725338786982066750
801909728503585125
7933589797752560696
3330603236838349743
-6325131146242586728
5991047438461429813
2328016254337865413
-6139257122406682557
8881662259284188742
8984734624041618254
4749658260891069362
-1170030998758455165
-5542360581894272895
-4457958543876510888
-8972820854497624373
-8470224718544765064
-5141725671778682790
-6188117516262957302
-2256437747936115226
-1733761873543700278
-2613049618404075558
-7608099747995611559
9110272351742723750
7810264116656124536
-4062992126273565040
-3493531801948277039
-4413709006200487568
3292998090660043483
2969822215589506604
780210137097061403
190705870780869342
4615068483861437541
-1033736074093690025
8167436311359734945
3398416056671871831
-4818132288352870849
3367757682158645513
-2367474477680440756
-3057045103592675671
-8488287687110290556
-7237810725806200157
-5008884460686041049
2038025891301507838
-3845015496126762226
-2153332612949576551
3525076618936500853
5868670850265123411
2549837216263041763
7788449620301060383
-8997681800980962853
-1048591946541180999
1909684936864049781
-4683616490919624564
-2860682337327843055
-5641397527491977232
-4265980184254002756
6565106502973090476
1046486915212931212
-1040639460359867743
8926629563814151035
-7616911308238826650
5294235046358531426
5035854594757236042
-2373881362976009715
7841613626611171576
8052630049956676689
4541438014922347614
-44862034533716658
8753602584944363020
-3653057623612119777
6323973135104659449
-1771258928636943419
-1220050850014880421
7721700835530872659
2638376619841281707
-6735100682874598145
-6554153305974561731
-2207319393251697255
3451775540283383607
8179885793068835296
9201674835520461909
-8762263953436729316
6652708983084680679
6168029092070258845
-4503927904043361842
4589853272905167741
1890529350627071622
-2908524334091619298
4791484241052445612
2971452228346586584
-8271623920197781573
-3868645889015773759
5566672391823156562
-7301011123586778136
-5067889319168196879
3226118783753389738
3766405478274325514
8533194135995410432
-8317772926638581304
-5520053462795535464
-8601672069353558983
-7587911446634240703
-2280421728916510577
-129520709645234076
4006952073551711247
8023370065970584827
8341087810685800509
2747590322182197159
2138506366021985541
-6299699043551945849
2522780124191849839
4497343018466059419
-2832402322599023491
-7577471883241299170
-3705577151203912815
-2929781717356186655
-1154073105352713978
-1689146879886243051
4152374503105384045
4686270581156454030
2084199951201147180
-4907273762333807544
-1720121018553876606
-3404534877289578669
7610947855122487866
-7160913052825498450
3260454060438279982
-6792325541496271310
-6270448923197119151
355793174334146426
6122932847206308654
-2538866092997335664
-1504332865875417808
820204735309252090
7640329899591477766
-2513850963421655864
2517161886806478086
-6073394258877438005
-7119543636616317404
6660738593649243284
-5047077720035863458
6532361830991479573
3463327705775129755
5770015945495855136
4058636600119607895
8005827806428249775
3299359803918145845
1483413995611769906
-5685982159198255763
3945139699569418507
4031589112180244108
5608930719398123861
5177061450003575938
-3584106336632315289
7281262969764168205
5755850309394505504
7461098061682314650
2495383366125262672
-5994345562566572044
-4764269508028674306
-3633456411957697114
5701478653595574434
-811658392712613854
-4288435948563335092
-4668663582539803998
-1925994870318857815
-8872624946561150829
-1462725328055813593
-6928427145411228126
-315965880012282367
7551244641044667790
3070310860555831177
-9008112055326310719
-8150238063369912670
8867526296690276077
7825493400889909565
1478967670692150922
-1318707924967953689
-4156164747138907489
807212856972588284
5812593186885565632
4397124312785797805
-77638519760751584
608926693560911598
-4364197935199801453
-6623127264346588611
-4483082465973792908
-8152529194218771431
8735457145848090801
6428229959533078688
5509074534570876261
-7659791511462697065
-5710598496609963736
-6718279803326009346
-130497054239425455
-3530283346657113031
9039811413147917853
6901309420678203002
-6634038279196686641
7967229412847096278
-419461009451929077
-5893543357237578980
8735806604133796165
-8706572041521310389
-1683725211634463936
-4178694471123423776
-7241535807168264272
6632459213962341863
6865120978847381392
2494320362166604762
-8663323755150965211
7769685182831477144
6631910949138726249
-9029080854264769170
7136051138228120953
8231193485304667101
-3616077191009815667
268340865638751190
-6692933223636696893
8870686079893577192
-8179744079005975609
-6116339778169780560
8974781041596844468
1891376921480307201
-1181530540734837423
7067401588801312351
7297161063727123546
-3643334369945556163
-4143647206395979240
-810317596053761063
-5719449612003190071
-4340836221438514198
9102605494598341167
2620866265358181864
1134655166931072822
-7795552024675216064
7177383931309065400
-2871620944076650988
-1666677882656719612
361689478177216528
2677953145771736385
-2037469809735424065
1721376551943995290
8085132203955504260
232948096915011031
-3289368978460820152
-4716967832870394936
-580213300346997231
-2348488447952874322
8721812575744899535
8536729346103367087
5088739772846698663
8520571256521194514
6880788460954781999
-957309660137082764
2216297605549250380
4443192229092918175
-4183579799062134720
-1676235175267111236
1781585710173145885
6541360165914782845
6259580471091186611
979265900251843381
-624017238527515859
9123374981554671458
6799791600773155404
3095266315587833782
-4857703841569628431
4109442774030705111
-4643714850590391944
6166065837626684062
-8672063686940373914
-8396741164080803333
6364700944239615773
9159953150139971336
-815530072403874520
-6621115204218149070
125109669621906113
6360459157348250929
-3246293256149184257
1163112515689903502
-8894698260516361586
-3265737677723878019
8051283011664714763
-4832028109291354823
-6382027841075737709
1686170102198318829
-7578877341565905196
449051399060247570
270974910866105667
-1509780598672559043
-8871031943239669273
-5060543911115743006
8837002026509863534
-3241956114363633180
2233955980892705438
-8354967668072691979
7131921163952881193
1021732398741758766
-4386331585596515418
3348860956117983985
5719974243156691470
3728748700904339972
-4733682809112682692
466894648167951564
4868006758404675091
-4174250734763543720
-9165376620030035206
8486031204769036164
622812806113298734
7318409604445313758
8165269314893085928
-6783590691938105706
7961115380831699009
1080941250033228243
655767224521418871
7044247014547610661
2486419058877253487
6944602852890717131
5814083779417120062
5173919269465391612
1652733070921132999
3914206959389994087
672448120082786667
-6052728443732019244
499608233784567495
-8979526435547296937
4867909582214128210
-4416120928317156470
4714802315104980641
-8281719955028570344
1887139334713757564
-4398807578843107166
-6080628424246026222
1326235483539780631
8029384841247959542
7783292394340841406
7290949187069080403
3965463898619525986
-6804561747656608378
4051018529851271620
-8074523832102724192
-8265739228710026283
-5403457833615928438
5206468255411826548
-5326896206902804723
7538607453707946613
6882894077953412569
-2620056973291188352
441119000868932578
-889220531193347445
-1178833859892727794
8654865861884350055
-9139996591864387493
7630587309252702867
-471617051934526778
-7934121118258223517
-8301135960130831672
1782666137804616725
2852586608364139549
9182360548770499192
8318158744179477439
778040995294571328
851164798197269462
-408739361399926091
-6939517422909591163
-7727676626196448156
-5823633536444405631
5140767695769590726
-3227580800219817828
-5792692027706955119
8266387767966858973
-6334508438600821044
-4129573368167022667
-6964868845236957187
8847767450131375132
-8062710721963553846
5545969161550664349
-2848735619036239372
4920267690158452329
8491812778298022103
-5107801662120135981
6742891646032817908
4039143559959918791
-4869414958365481107
-251600188533890571
-6919788442442994599
7370690394926535727
168931114425372562
-4799736294547880181
-5900864001512651969
3334039472081202907
-8423706552140808756
-3129310971353380181
-2662906746730111586
145310767708542706
5788367309685692380
6604646050892893977
-5052665586579602953
4347276911248749472
-736624730764563805
-5276448648577298532
-5612516781872901980
6377597234916674474
-7784111801587168149
559988463381144128
-1363983593874602867
-2353532041893016985
955222065346733282
-709473143064931379
2192067466842919227
3407247057735742973
-4184022233281156850
-2044610858336848906
-1487772459114336451
5255148332300880156
6250952258327679481
2895913478604498463
2901359171701727008
4160589960746564485
-1562684089529405976
14129047916488463
-4918469718304733293
2623284767039720209
-6834724251241248431
6392872415315121909
2871587273485695357
4510589795695340243
-7509853271171393005
-5931891899389631473
3815729611698354265
4633398528713763846
-5204051852933475462
7055841099025749576
5835298173991811853
-7621025837087384066
4118332344792575110
-2756937851175369816
-8328299141600936586
3291349244260625009
2359298654116048359
8031872227463144398
-108205568572491966
-490035100558390043
611302597741295296
6782288617360129483
-6257168284691747605
5193869205621214107
-4626971075655281156
-2550415717906641384
6325513059535984104
3392895361322473399
3397643014746913898
8649916521015392295
414145073173209708
-5027194186701008558
-4858199067554485515
-2631395860425317152
3011128044908383911
-7309968870271942597
9004146671137703886
27611604996327013
-5614522156237800272
-8537928271223281254
-4027422957071175426
7034578982969422515
7015003850586743644
-3919016037242509698
8100734308244775102
9046120317771145222
-5596968691043178532
-9065193057411366215
2065856565268204822
-8416507912242866350
-8302106331566799474
1375173620696408690
7612879086308685679
2239118192768984543
-105251789596167293
8383295247115739421
8965829863036576284
5088063306911754019
-9142988960698651272
1590120514765280323
6183762126361903053
5708674558138117948
4458075977611578805
3657066566967348285
-108067812410995753
-6661902954435850220
5369265779750449069
6042711438340874009
-5427434727174954696
3703774531065413502
1661466673889955903
-5949547429643018562
1297787772884829420
-6800613211040534730
-1623141551890667687
-6005769871299847626
-1791340084343809251
7842709559204574666
7951236351215004622
5942559630637883050
6565492778904477489
2568938761717540020
3241498698976467763
2860652609048642282
4890249664155626254
640856656776388810
3754486416633402733
2174972309240609731
-4232087915835869930
-8531223946561723761
7387486200961208034
7059216623073398491
-6785705387123075595
-3464461793224273547
-8384671800552895082
-5552388617652177530
-9154674518056535752
5967496662900041783
7332640289859909254
6416562339383431407
4869660703719251636
-6039381925749119793
-92218987547815617
5170041519563030292
-8481594699227181796
-3897651635005455994
-4267143994602479683
3146607251347219495
790583600831829413
-1012828447313160352
3594626633542376799
4058065415878644638
-3680170788535886540
-6273384954260765144
7466999830691155675
8133216812591263669
2550884134404111904
7042514481070279073
8126191312639523919
1357043449859676510
-8144842213565493547
7665015734020110612
-8952288282631085416
8145940257153614450
-4378834789956447146
-7451380047999942790
4331823045243154300
1006030601811128353
4112798268193858496
-4232693875262642153
-296784635525169968
8960897463434745483
-6247366412747926121
-2375870314723362860
-5020364675740740002
-1380507315339598893
2158694773633148967
-176553092821196303
-8153729126903280976
-7380679721101046647
5018461847118254949
246106620885715809
4281390252583905655
6103580110063794445
4344001085523212981
7860262786727307112
-5918079110626153313
5703681103970973651
-3453815964046437836
3041059432904459449
3464332016088761919
955174195296813566
1648095456554996089
2275596596610507505
-4981256714256061854
-6022927704170049774
405972469558891200
3362108712286040561
-6832834289888816220
4157611053872114336
-7701460187993034369
-8948247402082579981
9172803414572520053
-3845751401867884897
3697763132645812268
2927659429449628638
5925593522286137727
-8804640980497305153
-7920947782202367956
9013691782261641632
2535020078597420810
6541225775071407669
1165699427771949855
4816615244166854965
2233757652408455658
-3727131741832903299
-4020850672740151773
2020839661776547682
422065299126298157
4920721915836524725
-7127604488365227209
215149888529465062
-917261709087999740
7151809400991252372
7400594413836297855
4471192323648785079
4150483713019069737
-5602560836921795489
-7646177406008650821
-5319457563133643330
-3496017337357144367
2941958462786265566
8532624570474829986
-3306603321444028830
-8381304234521449050
5968054250959055224
7897548024039099732
2597792082540437125
2458463638241784409
1793200308610529099
-6016271418110656033
654082323846910049
-8748983645286408642
5214693634520615678
6872887084236534578
-676947924896680949
4927024960899195526
1319898986727851561
6121356486316725049
-8943505816653730755
5856429324580472524
7168591637008003509
-8758818441034015713
5292142680899232075
677721188192164741
-4836106587095715688
1819315185554140234
-3245419082409585421
1372068552264742285
1620583681689523359
-5518919051447083410
7295337849407080883
-3249004715798081526
-6696416229010478080
4081574478184178887
5284414274301997306
-1681008841017902678
-1503515804203277802
4981922930550031825
5414445097768951661
4664603989869416410
6006133332805128856
7198688683437165369
-6850000516389842411
7825179670250823062
-8013879725811142138
6896103253833141934
-907386532051250089
-1096635715239819395
-1261318065650416097
6751996826891789856
-2398382270744456642
-319656136504654235
-2677928287819640327
228185050993520915
8524735102071444166
-5947445637345363709
-6382586306286031023
4520434731325648727
3894273679021503607
1468874077314223499
3414545384063277872
6329659533624241137
-8997256003949803547
-2063113461577077248
-8172383768674356418
4122469496092561952
-3995567705422887345
-207746446280017867
1319963054396095708
1486564447265039343
3424549367358180646
1370296451323969561
-4278439179539668328
-1964095301067544883
-5490025869262235838
951652667052011033
-4051294519431758764
-5967629516878559330
-5077514229227861289
-1284313012990370543
-5321548393190222342
4042984482962976930
-3474601273211688754
-285864135094986322
2517969711623619940
7771869332416938423
-3542842612251639391
640937296837797811
-3021443241024187565
-2439122444200157227
-6036896010584847426
-233383101028752770
4832802309192637384
456305412700333783
6578496664147754044
2532803416319191005
8889653629037328588
4381983118465435343
-6454690278856740102
-2264446497157699033
-344568017884443699
-9024623640807162763
2989551976896820844
1302780768908556405
-577182577233849823
3787355948501733067
-8962494323945797853
9050969077416997895
4989946328654743988
-5534283882003241258
-59634718158098501
-8572623657188927536
-6805190518740895109
7424238468526467600
-6574631626983260148
4605386675655761232
5810398194048125943
-2563698708682554001
4692043975978234053
-4560826145542871037
-438709474420542070
-3128911970607895966
2277196956550545650
-523430499306667227
4572701765934290000
6835606978557761211
-6327131485940625830
-588934013966371517
-4118695871389504536
-8702246162876612173
-5976231104267357117
1625008340037797457
7129129999485832605
-8495579321756484340
-5944896791401361283
-858043291746214355
-9188838157659856543
-4474509000262951251
-6502959197572903624
1829059094637620791
-6784755721407741731
-2198063051427208362
1950045533195351915
6534355366661685310
4165370631904081050
-587291859837319233
4512834688570852680
2073465917211823531
-2349837851833795241
-6129127251993023567
7199746081753968565
5801636978921041385
4877490046123229791
3756096358864296836
7323149915593373482
3061813028362217279
1115190619599308894
-1592835780755501863
6622843304057770699
8398873466277423883
5910768610949181005
-7693983084172720853
-7692823501110500240
5804366741781387914
-3748351567773398761
5116592545315953868
1491530883985381795
-6336989079493309832
3568169131738363493
-3008168465159922220
7797953025667059679
-8253488059283765029
-7236956022561273908
5797396058799199232
-1163368059745620604
7518754429018745903
2137961385552272463
-6246235688071934966
6617266587436339195
5755873601671643828
4932792892098612747
-7937958733659241963
3164975801615445735
-4870282235153958537
306920905442610369
3432021485286361210
-8312620254725056608
658336559623243548
-4372148017023086822
3157368374021280434
-1295952166323094286
-2076253513121332665
-2205283955296372524
6585726275856318143
-5648723563393629142
-8948937296526809568
-1125606915160528804
-1085656353644714023
-457470640486493347
2561433226470212479
-1701164720802086549
-7395517008792846881
-120577752933915133
-5272769090805361444
-962396307378476376
8627654004859208511
8255472138633494329
-3298718740680256467
-5310117358243985192
3137201123890103150
-2274270700574663463
2240860509408122912
-1103291541998094998
5472662430293085060
6431780954709370107
-2948468732061771596
-9017728284210276334
69839550426097296
7286063950371452975
-2158217135915679416
-6287326271120946687
-2928998811305734511
7593884269104942212
-5400032897127785412
2804552153715725714
8078081415094149576
730111595432360777
90325535018811696
1841521342315135738
-4711719523853421264
-6289080845834921482
1960567342818849965
-4821943655451995710
-6020531707615708535
-9000901544930071095
-5780610323104499613
4979516604878660149
-5725240184187062484
-6898473935496330945
3717721498321686308
8315855315110542962
998275999198462835
5810680432605550942
439562890603439395
-6768488388161894725
-7680871832596423599
9088693497377661942
4333239109495105706
-2681151996842315941
3990227449219167732
8662530925571643735
-4941851879094007764
-2638756424500635289
-294829787241565188
80515766738610094
-2310485247859076215
6634314823135488845
-595034775383012980
-8137695193566710854
-854929941594352774
-1580103195925392991
-6023650477741237894
-6553265335206151317
-1808991108797311008
279899629408627866
6548745080611009122
7165390830332941569
-6421486144916811095
-8675235994400762753
2211626247654621365
-1421600692909763378
-1633092921640035622
-460377615740137110
8159952723383210556
1590668671367004555
-7749785779476021613
1161122548583347162
1119251217763739388
1205547872182199049
5081767376329872257
2890477887673195724
8760207667597537571
959203662084958801
7615411197891929386
-7110135799203812061
182404233643491916
-1965356223414427123
-2191558104136303942
-9096856778666070574
-6665399314988958697
-6492371842241351291
-5975213074574307521
8115508339748626639
-4935786886555639315
-3805993941185134677
3725487052568246574
4294513838308634713
8181789474786016350
-7382797462323984771
-2997370029335593507
-6203102056919652511
-4593963912173666296
5270631366047655310
4944436654181170277
8475961879242355935
-9136805038982078454
1534080839709820759
-8690603234367409220
-8197935969055405880
8462240488508267195
-4460993125230900187
8378887308832982742
-6101471797339811498
-6545724668994874901
-1825266297448848875
3279728818988675790
5826491775194891678
-2149191185552420051
5748574206861632024
-1765631406288396514
-810810367807149112
9217657780993886580
4159760634032686827
-4116947958866916268
3184848210575114711
-2839738235584013348
-8891186495477707961
6955086818363277999
7149605924095962547
264072388018950739
3019863708101278805
4749873070783742740
-3927226029989505998
4530175884637560217
2170328000357156568
-3218044036689169471
-5464638722442144496
-5417955397337590982
1637751889265933210
-8371331063739011525
-4193459413364163565
6996160123215422843
8450777472025317501
-6315573528649484812
6977398677163045816
2425598483474982769
-5052817644697420362
2004563311498415443
5377732489794269089
6986100422083584851
-225846401316956412
-4344262917305907439
-1198938785809989869
5364432018248780911
-3111171112283739442
-4677604440030181445
7824822561081687748
5661107261401874429
-5306127961533394619
6124755499913170145
-1971815679601641337
3867364857438429325
3563697602848278952
4660800614749209139
8345598936859322236
4441958969907748587
-6215585970063176852
-1878219584436306477
-4107760512722199887
4077345955669245352
-8412584875826729995
7595348418412728494
-4496540440606680533
-4951215957645263183
-9099632588287551404
3720925994375166650
4791989002755786409
6840537686322521196
9175040908902179334
3562224419433621577
5082067565366336106
294025595928423884
7149079089011784736
-7647481065994910297
-1072434972389912898
-7252620423140533354
-7513445387528636791
2632977472642348959
-7525095829216881911
3276132784150882528
-5815266380263968717
-167684926466404761
-185837414595135444
5240328957853291506
-356973635462087200
-8954914828982907097
-8818154530332516333
4028084622236283570
-6707302181613607635
-4495107148642415580
399820444864096387
8933232833146468305
5924787240718853645
8997029506071180443
6302604787577840258
-6910583491393331969
-7466164489381750891
-3170420564455998294
-147237896991514016
-5882238026626886839
-8962358793479287282
5602025195713094245
4356363364650032417
-5000919658233773675
285146281455687161
6641293677825592404
7029497785226905379
7660044707352233250
-5933764787097072493
-3873633382538007524
2482424540783104173
7698890276812329901
6497104930037446943
1918654920318820824
3836892282994362222
-7056899133115558629
-7637414326023549078
-1667662339478813027
-2577928166366854289
1803102032902948193
-4622432015941877966
-5044614624910513384
-4703683181926385947
-2611371070255591860
9089196195786351953
4972324753469123096
1278029119311045167
-4128265463430028454
-8225209401042312001
-6768711864369396059
-4623560368713986548
-7407884563086308148
7884893676960281624
-2205872309993762581
-3099841783874783400
-9126197823576380767
-6610698060468622343
-763346776411872362
7957912935176125190
4840833098505655160
7183369652043811912
-1439701105782970899
-6742100544902787206
-3192143708129086595
597724919721678640
2150140233231601314
1849451240929178929
-2151062432374464588
-124056626688562000
-6303165762535392731
-1404221078342557446
-3647597528950987046
5780005948524101108
2259815475969150980
-8983494867520708244
-1671838694317968100
-9160674465772241100
8576136795040647932
7519483002347289726
5792578460719790652
8183282537910369204
2770547356919382573
-8511341844049296385
-7462180453861332507
-157582126346101477
-5961286147202220959
6985435979297782187
1809655116190366054
-4303141468438614207
5273211591639838852
-5615855869178170300
701202193630287495
815356152653310960
-8665161297697471463
-9078031578653887245
-7648647372583941198
-5193334713197776742
-3989679747478334892
2231657813436413026
-7463902762553713779
-1457722599138557575
6652702322157364902
8134815639032065921
8032212649427260715
4173627215226569226
-8903629139389766175
3471408816360562000
-3684401611544696211
7598955935910671977
1200971231795200896
-3691702511098095486
-7693935307110079388
296507010638512667
-39040976495883528
1858216969257660687
6164479043709810023
6732884342277258944
-1544339218948119167
-8599262625959051946
4110839668623803712
1448642633048365999
-2758071139840540887
-9074348009788539195
6028195808528641899
4955400133849933237
-7099449630582883937
1680490495985414038
7340675884717131109
-7171900149625295885
-4026907077254970829
32569582853992090
8340059734475549436
-6720897604384019955
319046598355921320
2713181913315337625
-6751594230584544
-2409851344170202789
1225752171531991589
-1074063619868106520
-5626251060334265226
7114489004954512861
-3720543769976940263
-1232777911967052183
-3057884627396482562
7153501859189018827
-2621460588112003641
-2547885610007200365
-325575568691244946
1627874294739361952
835278908359801990
-7110936904707950776
3191674288750429397
1278839178806829139
4294956035123986373
-8010218716086947429
-7032991248621347037
-3746989995270457480
1986038550695343830
4523130691220902726
-8467451234975164922
7411880007608869787
8186316085479500929
-2684765156034441117
8928268754865499532
-1176654670284887792
148744900489704926
-7819293000419640378
271641779609045081
4363343056130049591
-924447942496042454
7945093555249778345
3010339051383747752
-9027145860958852124
-5688489990769321767
-2251634091916550635
8794074556126890583
-4959138899496857107
-5364116479969339717
6383161779141380223
6260288047036124057
7355952432133784531
3274365274859986382
-133254897905244558
-1801420412442906233
-1389978409345106156
7025583531599810142
8476251533784080176
1373654913763225849
6890691327097082672
-2348174767299861680
8706765353409174663
-586166230630974701
-2600903493396190745
5475855416077738727
-7938678638466156483
2471514948144416501
6289691165279521843
-1956284304039371456
-8495176368644724390
4619128092446406579
1155919186198760830
4731870532839596940
6493504647604142994
1065624208268937223
-8214008675577095603
284112783643874592
-949526721238700611
-7004366976708254072
-8952531283698519689
-366734988633583659
-147663062150126226
-5878163000692187797
-5122822152323153116
8289202789384993377
-7706352288772795548
2630872600079715679
-7602660746182304277
-7086589511685216220
2504121925920086282
-2336927063482361597
1267429671030775079
220510888482968145
2338726219372670967
6097925885169049254
1020756697907416990
-2102520651841700743
2301981997179472782
5010001978576285421
204029027249801784
-1173434214228942648
4450519948730848734
5834362653380844504
4810333295568669302
4693690278535533673
-2340910028773911700
-5879396638822196535
6105715898101771395
-2813467418265879074
1785887241084775317
8906507591395575957
-4663666060362912673
-6711748297609937864
-3429469141346352465
3328475959528860371
8849342852656848431
2917685692134276543
-16177543181205066
3250389715346976523
8387184017686596704
-4628777473303332039
-31636469223465891
3913827110028213415
-5629123880309786990
6714343364454155217
9066155363751931070
-5865051146783523191
8121636340557927744
3990165803875217165
6038221585812161325
-6242416967547367916
78804319144013504
-4238791881185963678
-9005380601293906833
-4176416506232077961
-6060904895001868644
-1344242498273432578
8864759375924744634
-4335607431954866110
8529553212084951109
7999073443957472641
-3502957168309850070
-2506468216516174449
-7968365313333618086
-6274679559260263559
7869314684778975214
-2621131437230841724
-6940432482251750627
4148917818465294590
2474827537713527453
-6493388224677990682
-9202427465579171993
-1206703649455284371
-6333482546954188793
-2026442041099149787
5158069471003648857
-2467830772526397291
-3515811681054202753
2953566767390883685
6350091307708015518
-8618685278195639036
-9183961125818164058
-4066697923477048388
5801636559048255153
-8955785676607119081
8302972762489902665
8824108211118523425
7124846995852661392
-2973320685445235053
-2947956266743872622
77886110912205144
-8648421499148266779
3279507379207955376
-3128681292882407697
-3628313069872316022
-8134956921731858540
-4243999725875322754
1363486612190874971
3521413404202455542
-1715064521083250048
6468847528445197702
5456926624235468466
3556835069720951154
-6734555989424350207
5798232269370072018
8409557573459326239
2021159261287882529
-2161458340139466466
6130574948996991042
3079910263148923476
5185388316134279207
-1937116464289616687
5884291792297695435
-7632248911806668206
-5994635379338974303
-5330313138323076260
4042081014561958910
7203768748108098192
6265778295268182112
-8038947033617781431
-7263065832704117761
8308530957024411324
-8986974541301060880
5808386337734739982
-5646481013284399553
-6856546395079844970
853676924123058012
3012694414695912023
5537960098693406483
7945164538145128780
-9070042077716475396
-9171920024249950714
-8618673857691859824
-3423239757623819596
557607747680317480
-3012874622657048145
-3768414028614277215
-6621548131424136198
4967888590347894095
-7783693521435032050
8768631294647014333
-7641033466215174579
-801524713269587365
-8460927400401194671
-4400268244971338830
8437659516976767303
-215766077253806116
6256458288022291290
-4702668164857967707
-6958301259085016545
993213909052785952
4455245738509170500
-6128581811418914204
5815994838209430252
3327743237755504712
8962102898360335450
3326930376863882595
-7051336300985554869
7208669764935678049
-6089981490964732420
2005457896481810486
-781046400607850266
-6795187498993515972
-6222418520862000336
-7500690896260124989
-6609009821476091375
3130117521095789932
2736147177359921912
8787947395330113847
-1852810609993181210
2067378180388215185
-6827999668616093883
8088571802607224838
-5984234338099240676
6381216199451194745
-7420604583128121158
-2428027371400320030
1694754084412606455
-4749785167689667234
8625767224999100942
-5946740279860287300
1919244759777393033
4637032028003841316
3611153036659713014
-5030343203799457937
6187385299923865974
4172309279072890515
-1785368848558099545
3965236303065862379
-7970206427575300715
4048070766229352311
-8008843486683518519
3803044721771681785
9167625412495573830
-5714270159653790734
-6716357502896727460
8014491671009833591
414854604747553713
-1697430986357814728
-4948965266034427572
3818130096270049653
5978063742049533438
-7394293484285953531
-4328984255507522210
3172444063017458717
7613896618682265425
4214858079861249461
3701453749849831961
5918609622544504570
-2297977215024365943
-8353843594397684903
-6720389603192688841
-704223526542309918
3434940791939875787
-9028599012423259732
2292513175762508153
-7069797831336398184
7308480480261896647
7043766022502754005
-8485801945849189885
6977227050663852253
6676280841884528543
-1057157570232481692
7294357124103995859
-3502926609968297636
7383936754364297595
-8067247197005223463
-4999874273964030767
2320862108496327487
7817225530295982431
-2857734799103958416
7020039471719967744
-9220858186647986094
8196372172216867589
-2200451217719908958
-1364006344021669303
-5636949815515871047
-5405933047272941015
4914403477269090076
-5621399355756429434
1598615071439258070
-4689207998172356265
7370770739126394893
-7205038892141787709
-5624075192307119740
-9028485407213938415
2396784778778954555
1414970253511819508
-9058699170175825126
8457654821491548443
1025505977224050695
-9026689571379961319
-4106896763695669153
-4498889715233178602
-1569653905332392800
2538366851682416410
7028113819432184003
8419442554839716334
8762202384206552786
2465744198247875466
-6599953077370058555
8080478332467946058
-7365688035525483573
-7642993685054456818
6576517044725471340
-2392674264501783211
7714329369080045155
-6490954250963450077
-7129084610802006794
7992166877205634547
-2721322201982109909
827273104807721032
8386811097656313393
1726252815498085503
-7453351344459446264
-4912408477584653944
-3334650273504001013
3772329794009835410
-7919437299535514603
8800645721303510335
2779568232052461275
8821000364681646350
8110770536456105775
4138578105977228097
-8023981849097392868
5619957617388552030
1429598934154790133
1700321425518818328
1979733761485634548
6431409399659049139
2086366951014975401
420091769661955596
-7759444890722668032
-2409793814413295348
-6657984368942008844
3954437957829318368
-5818034377105686400
-8400663743238195479
8017035402631180898
7714600063776954365
5840153243607573667
7168878490748904180
-5185744704995014817
-8578977978881753306
-3606646943374019496
1631417718688960485
-6585087892016119175
5659389442927878435
8826165264684613090
6534870970742075538
-900804253276848177
5573078071168566498
5121227447874675472
2946054091979958508
6511386928675121447
-4617065127619090221
5077405990398315249
-8213429281934062695
5994539063573211256
-9110890214081416194
1212386724266086852
-9116815736727434089
6145169342351685765
1246193146849360856
3774641021636060493
-5767540644880079728
3310112634824190348
-5654318548583459661
8651684675631476138
-2646669742177134639
3628331240650577321
8422986639477995572
-2855822937771547969
-3521829972261212527
280141248116749549
-4195917145880836540
936073313021400738
1667902210412059886
2296197408423122286
6539829305163537301
4645344758205703588
5235700655257344518
-9043971497850296260
-3421557396973617542
-5680025946480217787
-4391077844706758882
-6278963592159532077
988026809677382989
-3975959900749623558
372827432782426869
-6256655492223635201
-742651742637036290
4532965735320048980
-8159487431344746198
-6276057355484533621
2119311105515274614
4208077475973561123
-2030770302622682120
2795968715423674316
1345843484424321790
27603231231405045
-2997716333807334536
-2926356831446245046
-2436712479643159097
-4223931511365246247
6258007099338524000
-5689813959250001156
269540744893690683
-2810431872598004891
-5434878792302286096
-2756043761875695905
-2467732252335598153
-3530505708695416921
-4170978910033121976
6288535691089588039
-9099703227160632905
-7950151861892460772
-1459240923133438123
7904045341225857852
-2934522583541602932
-7463774978776735859
3486858872113770541
-2777926392419748111
-6085531121226598953
3904306630546935694
-6888627372395919019
2006171000965787105
2911709589241863313
-6398058580191017955
2141201719863414470
7650079613436214374
6241782928969152529
-4964521076470758386
1265886464162726317
-170423139282314845
-281679616746164227
4613970353135441743
2246723974825295445
-7326050312174078291
-6238942933822236381
-978031979118949950
6613446528272691163
-2265215502944752710
-4571908069103195227
-233669259016744815
4450006147157343574
-5968954704378693053
6787181355229061632
4460541064232268358
6906092360609348793
-7348657286491836939
-714756945455737402
3535143037028077532
-6188184572885942071
413578008584557197
3243564320754839838
-1205180182789214493
-6376684772563614781
4623181378901862306
-969993810884932522
-7937398125500003105
3176197331805715147
9063021931663627370
8330232551911715546
8276840517447002647
-3103425233353625165
-8176110450875955649
399126760036445650
4403448985581391832
-3016602445638780004
-1223330849014173155
-5139016245329286351
5582781514692955756
-3006800716489070182
-9025291027830470678
-2021211314360383091
2551357601883429784
8102862523721260181
1669032034508550605
-430098752261334630
-1500583469814622471
-3626926973865302221
-3277393999120842643
-5443264779198638552
6091007340086449486
2106532473357438607
4507436817908235623
-7026914076425391827
8426408417430728406
3865498677526268749
5925579540326299426
8943999574519354955
7720212296879844647
1318133475089394470
3542532323628376992
-8229087363649216047
-1348459412817786341
3937423668312945588
-3318876716384625619
-964146861241290242
-4787057048729721102
2211579235290115427
2603029395923490238
2768740720112475709
-4935124764059530206
-4958338127621959582
-7201571021923988803
1467807080216308510
-9216694889439572571
1370024178513110693
-4221857923782973613
1920578004989395585
386189546423971551
8804207033460321754
4957442987751712879
3772577746327630490
-790481000887266985
3709742471413938474
2737155066796097909
3422722920340362122
4760017105561008695
2455530286894126861
3749863115359011976
1078007244675570376
-7582300427113913716
449842110554787207
889679482458771300
5457665528476686004
-6986223336350192058
-8347104329985646920
-8827547771952822401
-2868851702673955467
-6831813739706908907
7697671520987847316
-1857492429419261155
1909684387164562682
7669931854596114722
-131651138237513843
1672135450717611138
-4963867071288912804
251941952644445966
352883377697991635
1583399775205376385
6245610026002098755
-4822455756834979265
2184890596450658776
-7665510910401876063
-666537782133420859
-147192162081237699
-7585200476560893435
3353306068911068645
7262401150506705940
-4536166793733417703
7946516376235294789
4246940558625641460
-3488092665422245921
402359360198256710
-2342058785796295099
3744822589373443931
-3383907793857295352
2163588603008525778
572771913762484743
8339838211366651631
-5288357984280575602
1753821310522994956
8365608509431461225
8036612528154902976
-964720847585671404
8348695052608795295
25249344289699506
-6224309315892132918
-2004344458023159530
4290903847716111607
9048921945578675629
-1590868876993437743
-5587966302853205026
4517484773768140970
-2108399012651336099
9063303395568765598
-4150584919518002683
-7812361705970225140
-7277202927481301840
4366253825983242005
476138129394577068
-2517062690137327828
5414109057955766043
3668288284437707366
-5682905151068255060
2936321321954527073
8376370913126885369
-7417303591419382691
7160203916332809486
-8105580548271146597
-8641294496316366309
1955873144026046018
7936959203708342970
5075861446084887790
5438540468266048922
2228844884489568564
-7992009110103106507
-6021680359249048183
-3771717311531097171
-3613176646949730597
-2560625296494409673
201258871529686696
340780751814041043
3569143958850838484
-7054889786226156103
8160046431352250749
2827265357628614841
6695974178027451129
4617608062351852200
-4615471298073279171
5504644715221548349
-4914339459813322227
6051904487959985530
7293457090476557517
1489729185344478839
-4170906031532262386
3779216766389285689
-6731809831004388738
-1193402168046157595
3873850769117245610
6226937183023578293
-6126083126588931248
1352984302452710234
-5577396958335637820
7092385730775275479
-2482099487886678150
4779511076100658985
-1579181581349185246
4859252258208488810
4846592199175799849
-5203607976373948189
-8065791744243754939
-3304435474778433911
2376354136695175987
-6392511777714258630
-5197416428291486667
-8493656222190114275
-8195384811788534986
-2193178341760800472
-4977587494187525015
3037948583830061679
-4898525184237248994
-5329966922955924007
-3308159407135441827
-7525425110961642898
-3330434822356776683
5538368764423178757
-7778615997608094584
-1681721391817773144
6181009004535197002
3810704810253237502
-3038287926188487368
8686087833219937186
-4496345679875949189
7983599850904097644
-3509065399890081957
-4866394946817593067
-4954207513447676980
-2934239987728679403
6951396167835548085
8009195641813384532
3634863853296211145
8588364031876281572
-2177612108336927125
5397151698739487955
1006733960764417196
6134930080425590611
1444071486333749243
6727423577040140813
3762729779797404028
5283182849722102203
5798982858544157934
9042993662165194616
-3377854044071001375
1153884466377352373
-439914346833062157
4531393165485162071
-5816417521704886273
6833896737944391249
-5795814369846336702
-4574867850777482794
-2270296954574172497
-4210665365768126162
-1600864098775226552
1674836432749214048
-4662358918840720547
5030084813171953685
-4027779106803955035
8824660186859822568
-1118813682433613861
-6381537277036519891
359227525025515111
8770199822701689334
1143747502707342397
-6900464363022663270
-6837179132669539893
-7280124915394976291
7720515615131634603
-5278622982065968052
4764601930067266381
-7771735533993651206
-8839797278476077763
5864215537781358380
4828890464338403500
6845681223529280975
6679260102456406192
6827128809705766075
7511000344918911363
-7719005528866447005
8715527287706307079
4357791950254651752
-1194808258869844644
7950348408547419672
-2764749091341481153
-4940336895250012465
6125116106470786383
6639200905701263043
3308006727581647294
-8496324765903750240
3697055099231356002
-656458483281026570
-5248266785100447673
7764126780276647695
2517911519391908940
-4401051693101643278
-8335101448875846209
2206426449691760046
-728110624501445382
-2955218908688382019
6766420458208301767
-6937024374431528997
-4688211698341133464
2416521925329239330
2651796775808367016
-9169901809451446331
6841058273916953969
-8421244015898136445
8159635818866778224
2998415054544609517
2626538830335268142
-1924178325834363547
904340748970067087
-3566870847821042804
-8969226008173411705
-5244731262099145930
-2859290179994115902
5215470787061854455
3091901150981573687
-5124496966814778943
6311672598489027488
1421696686408319107
-6266236856598991560
1033983454951953616
-8234336695417672346
-4030792079385112845
-8347362269090731099
3756492159278781689
5954396030638837504
-7652673182580849495
-8843367224107782723
6912159457188324390
136487565591254171
297678620835433517
6748400992880612665
-3367057270627373090
-1801214857067948213
-7145319629122660681
-3502773879737484201
-1455861016991150557
5756538726113030435
-6588284244256236337
-5080306213728086088
5203646376783511481
9159924682421496990
-3632236980375419338
7622360833601600600
-5433611325374885518
3856558239918513102
7661160723910160737
1924035122056770514
-8757079308317454961
-128460484995888687
-7882646946480858569
8366723059259954052
8090615326669519240
8624742453127405544
2245375194673457833
-6298914710162320993
7520677445470875154
-489747554610397809
8436836979817087898
-545933242587900720
7482865023100261918
-6379576669290601334
-895028288243102080
-4477634941284662862
-7241311347641295391
-8641379024315510736
2567383679347887639
1407480453751641318
8397002811688698831
-7483728630250194878
-8372602869210721178
-3710694540587998901
-8929172453713479467
-2325517827338479348
-2247643995844761986
5868541972094938442
-8142585972616966141
8055175086380929569
4300241952520439562
2314382949450962637
1501176427339014056
-2459399103014829097
-1898284803208809922
-2766120302464491754
-2658052336592288792
987713267696284222
5746135290920378957
-5288384661086542516
-89443502770399018
-7584088038046129466
-2256391098732983026
8175858036563724778
9014937522124461639
-2530447370075812907
4871643080259136275
2600322210605695925
-4512074639295930352
7782392244592706822
-8127632810690361543
-2696134401245337805
-4710941668191326480
-6059814772900876859
-7444074254211539981
1394033924337920886
-1691792608776614652
-2840845380765151832
6296739880581156223
7604147459765944380
4519149596577501736
-1905292846296390467
3748020015168690370
4663955899741418115
3916292602955597598
-7048279529347632029
-8094252118091366340
4608790499880163271
2900235307629901831
-2182116186223715792
6689605250125240555
-4112641983125676033
640272004762165877
7540112654631263640
5958239820991558336
4595051182748052620
-2256212293804071382
3610458222288728552
6472899107621369986
6261801710314781058
-4886318297160788043
6961510143765376860
-2317303154039023634
5606347361685551659
-2315628823029822235
-7461797945007143545
-5900347116303317858
-8026279137305322908
5587958610001865722
-55408989488854740
-2653041953235014712
-7866438665854712658
-7906272202788521377
-6700729209424895794
-2143882250531270054
-3085319490961208046
6624529527986572780
-7429825592370956147
-4595913324229691612
-8132590645310863853
-2949267344859358819
4027919134616182939
4474454996434426580
-1882415968970101068
-7426912779428181027
-8543224098130768804
2865201373814625524
1671855224122780747
2603463215098775745
2719368043940721027
5737389058256528912
2121478828530765383
-3247781887796744611
-5585552552799994845
1984428217805247609
2801985686629569274
-7820518626731368447
-1017553623021194995
-7190994739229694946
-3514167549622131393
-5204656383053766716
-2904123703438621520
2089790673425001093
-4027224938332198005
-618978204288430707
-3212452196412047702
-3913353897261147898
-4716671422563212522
-6572362311950725198
1299768807178097172
-4887821043024831752
2482644862810673964
-3302463944835002070
5449734818347029246
8719384560966892084
-6118492185719111227
5795392111602914119
-314292591118042003
5891657517815247745
3936543341460249506
4045874457033758319
1257057728404357571
4189254761544141797
7963824657399984932
5019087459944866024
-8699763508550867866
6623182238835029277
-298183209051765602
-963931975989144518
6179813258953146427
-8500254028158068135
2145115518914462808
8513911898446621240
-7848428431192425442
-6210179289510227362
-6971109866020578051
-8393873956551280299
-8911969573856325074
5798427213099471644
7353957603468826581
1253986213996946137
4031574226368920062
781292077963696653
-8978582138206211791
7263545015873604689
2441632701958731500
5930826601729810057
216276717402647367
7741576519445261248
-6029614605053306097
-347811220560365654
-568953069860434749
8345525986685890155
2181006291937778322
7487777321301158486
-3082698702780545390
-2393037946565027647
-4107515639396446600
7237491015097053251
3862469507237917445
4124151172638248223
-8552951550595978807
4032674698525334905
3277677530153979954
-6766344103489297260
-4520716187275846864
-3217354263609745055
2662386241509218467
990558197650346024
-430106386649195919
-7708791447842810715
1812090691341279960
5993836010151236324
-2203181292533198167
4127502597227941764
110426732316840646
-4521596538812056573
-8565961779220249923
-2513621929767766960
102035290310383765
-5429587577583183521
7525212321424046253
637536316086045346
-4607291077079652949
-1300475483716645526
5526671894785460779
-4664854721242549528
3992144629052124843
209217993730347542
808962698554866087
-5705891937964062546
7793072986851693978
-3884650571219676081
-993920475642630658
-4072109954803128628
-292691933476223097
2741586274939480405
-8971001334539706199
-1271235389931915055
-1481484475024305065
1946985258843502384
1776888135207784199
7154614167233946996
-2517737785457128086
-725476021495979655
-1428817236498073580
-4779319532391133664
1604083036623047722
-2242992468689484704
-2464758807183630958
6435639894672442102
3249699191197123659
-2398029243797501160
337983012285215931
-389844700835566835
-437593751127754963
-1476154451423655532
-1162780983684046667
-6957016281292010004
-5985126735713499663
8368080087482772497
-586023925401170552
-7383767277480482751
-7196817333800065996
-8460800139795570880
-2918357908395495507
4063267443401121444
-1803048225242003884
7180497950840381267
-3812797940100764732
-6277012388481101504
3184738308395835029
-5567009489016794406
447560488366659953
4338867121267463932
-1979030146679372970
-8821549911146793388
4420586520930034433
-5828509799261988083
3864371073690472892
-1018962832017161372
6022631858659493757
-6320442700826573864
5289991890263508069
6712962756928338825
4219304193382665537
2448964186865511614
820161940449911091
8908518092440713886
885516734612118948
5632732869899031155
-8384425090197350166
-4896526435041848554
-1304301131632669794
1475003394014099122
4207570212016395880
4915256736296141910
-1041709227044428188
-1992660150797841789
8981968026339748275
-1593739662596759815
370727063391277093
7577567754074445778
-1845188522069729827
2013556177548468870
5791832082912562640
8484523087737929400
6716592061796445772
4077242465961230817
3252287925995875335
-6814129317806531808
259259972378623752
64650488992021243
7439002244198036294
1514010608361818250
6395194398129766202
-8341032274697411223
-3443118809916637931
-3108878672905767801
993340177833300360
2008436238569774032
-2993069468790316151
7212849772231229008
-4547981371184919435
-2783584571943164613
760865752949677050
9150129684334377943
-7120030252823483867
-2981695410646849819
-7959687939935781335
7799760153706267413
3144656038885245383
-866598670945955804
-2574330860527690665
5635699547890741837
8900886832903612883
3448976410048735832
-747317497955255704
2744714942989085106
4473907257265168953
-3009624188374641481
2670827123950102402
4055561115053095940
967081519610861215
-2462967535719573980
-1123101827982938878
-1498300384847761343
4357763724288464111
7224459299577318297
6274928125557601029
2708734062781866763
668599079579436101
891560079739583001
-5624852691093003254
-8080716400139529829
-2372515966327719254
-8341919100340249148
4144026670455378185
-911914185817784240
3002199440218309787
7318195658705883818
-6655924227502247056
-767172028657715789
1654009861809682584
4386860979829041955
7506972467272824369
-4898634811400773065
8159296808097083019
6891548684597275284
-6419868991419978767
-879753887513769647
-4206882457965542545
-2909154133911866331
-4245023700699054652
-4967288056633902577
2111914515422495943
4651776918135657014
1627126230285961293
4245481492867241794
5197158411732125670
8277568991179642713
245620517820112275
-9129242780048971822
4286477912881984416
-3928205606627873054
-1416401046927260820
8498824564122094342
1028681366756279412
-3730198877457025083
5194277855602718852
3528082608021019484
-6587002852823297194
-2228002559622608882
3684189645592835595
-6941695161599158435
-4778620813564423738
3173715291789119215
-6705499156518403295
8378538322887739566
4455329716099965129
-331855901269098896
-7305798422764624398
-7401178715586875459
7971342362564076574
-6805954402310586428
-5959335538190279297
-8087671154894333915
7192257255950887955
5083133546357878440
-3089867077423962979
-3433365768352198269
-4915003274170476753
9085450878301112775
-2803294303494957137
5733464110301461769
-4058830515345410220
-8390555719138829409
-6063433191690854536
3048583692992287114
-1742182521084753754
8067321205063030418
-8950023467920817454
-3165423680789709367
-5420139590139221653
-2791241245656113201
-3645212916292039038
7143195232863662571
1516158104972161649
-3655165657047738337
-4843591317213601835
-6392841756223791108
-190480592663130311
4721550465190256441
-3547076374780106548
-1358475563180343471
6739626066963367725
-5591043310584558815
-7427467462393945251
-2504688672963154982
2824616501031460850
-5381211883203016437
2879666623714746279
-5605051801608041942
-1977384681968869267
-2855807179516937890
-201454873814281502
-1653898826155546256
3311173884012061967
-7960315491004966109
-4904941759656907319
-2239143191429254126
8387280442719603041
4499648627512874945
1759190003346021659
17101713978502042
7448951874581530205
-6850681728750500168
-7320106770630251695
-108483123108861112
-3002438062084110342
8628814037968666876
-7478697484052165466
-5838417860517365656
938581285922960816
-4182859459290850307
6455152841161644858
8760722857551134318
-6392014306073565779
-1537450006930264603
-3315794104860500176
3728328252339709897
-6841505227584401565
-1926544792473461046
7274407078041557617
-170314790764503791
-2675724283469143874
5319595887860195108
9156750523620584452
-8845204729800925445
6910023902272748312
-1670176571649464749
-6405815644740420184
261125338753826376
-3988004729654496386
3015782621023762599
-8741362757468850936
7088110242313114273
-6276883224432370156
-8835420382485532576
-8972766752670397260
8759977145522300608
6899160830694035713
2794943755043499922
-1666382348554687590
-5479077651347336331
4187293993180630900
-892860569426509596
-7223031218036942065
6338046411490708121
5485143595055923674
492593119063248610
-5157929802043364207
5134903903135318875
-3060794344097946694
270184589624359275
-7969787326641093071
1542789751390668310
1747140369956961513
-8967937449686392130
-6567885076607805487
-5345422737145749178
8872105028670937197
-7995462402143974784
6955527134646404698
7887758768755294769
-532979858221033534
1106982273381730024
4275127112624340228
-1635477445078440333
5163901375625702267
7709738917507721538
7813299086711924504
-4385888974295874799
8359175941132940033
-6744759861476869415
-1645876982726834129
3105567956171621115
-6229699331837487906
5066900462420351745
1697860724627964440
1768625176328502040
-9164203374814979110
-8732685511836353660
-3598601782411223793
-3227405133695366904
-3278608345419958629
-919969027533914009
-2457786653134544601
950221735068459267
1545296581640236816
1666160989944604649
-5051707376981774516
-225697162489973784
1809945234895898655
-1271840433958635863
232706919455633272
-2263306603612492957
5093736255132262038
-1663039370144163211
8371101228748957710
8430881160007361364
-1390773694377717544
-6245346036401551769
-1615891186994905515
-5676547202852563017
8555762900098577778
-6017674139233905812
-604770584792445289
822662623867489229
6764758536517696291
-782386676296387056
5433592966710117062
8109569861346312882
6469681377864050352
-1630093630756896127
2156903258702838211
-1175537971948054924
4952012296082183962
-4479615784796341530
-7199229161728446587
3663778440148414909
-9068313470942410580
-922946225197484044
-6425095354178254967
-2132930385163875109
-617594334913772982
8898222443851591074
89923700356136270
5367376658885857780
7898097537298571008
7347022509626097042
2447528894273564923
3506002288056158595
-9118423898643084362
356890386311624831
-2366734139350937869
3806903744083955284
-3855295827212027549
-2561771778329776519
4660749260402416240
-8113469079736844427
-4843298517227230714
1953508011977146003
-1345109138540537597
-3318053057847394189
5165789740372720750
6683299896820284409
8870007148793199351
7164277146292728593
-4912323030459313090
1510879058749714764
6377797081834903820
-2300713718072655788
5454329406140195960
-5775765058985717207
-489044969969310759
-3922325166319869215
-5950195317685247634
3536014093711646641
-8200659635493204461
-619247741325775620
4792003740507446613
-890518103128370105
7058377135230674806
-6409167862592674086
1647879984604381651
6974713000730192769
-8222050548561327860
3626186040221274292
5802880754242965572
-1019579079857948768
5809131219415129487
822981206124494163
2554384829340401560
-8303725944364791985
3975654501521404734
5553720643415285668
2831045664433320904
-8854011772259638318
-216908288685430632
-4224291252987474704
-6456679561841667124
-7826266492765247355
6508875500321830723
14297665520985452
3366771198786712449
-3567900136453440536
-3608980850569336417
6192210526108025833
6412245894627397018
-1274234846613086247
6085663390813411339
2325935857927062704
2419179441636594377
-9129991425418597729
-5044736593181032189
462835363997985869
2788919546699909043
4758107059003942136
-9107858320755838580
-1063445742823904788
-4992071953726047959
4527885281410619815
3539010764669367213
-8609897642069034142
2983264656873097448
-8762269512738089749
-2625901895924384571
-2176657264987510654
-1085386994978297493
3611918552499546031
5860859679579264656
5803797243221617259
8340189928751807600
1792747367693911878
-7694234574726903324
2115589660888913091
1843677563419315947
4165660812161896280
-2943592538820489383
7525636519095784862
6062657581041411248
2616147038327874291
-6392093883533099995
2949543040487753443
-7854661495757129582
-2815994698896035872
-7697751378913785053
6939310100978280484
-2235886023259604379
-4989682753902791286
8923347103225156645
-2023755646454012213
6144391812164544388
3686548257015299790
7532654716764525468
-2402150994884010785
8238958370707399098
-1230406583185815859
7335404005997964303
4216128952068908747
-1758561973236489675
5460677062601269989
8695594249576534890
436209431705442922
-6944863892792033498
-8650690603518859184
-58444129212987290
7533176065851287422
-5295339060279311652
-3472368970617308876
-8746527392003778047
-4149084293079105161
4743326522814870320
-1606483443671954268
-2576453802184228282
-4824280092904308134
-8942584276587531115
507165723473401955
-625894448343896128
2828312563865287154
-1271968861554554962
4871593333585402804
-8503139622166991617
6795212943703158951
-8931748477797854321
7495910324619377855
5825372937826031307
-8772176115206747349
-4608829799352664498
5403077637017319391
5613141467131542902
4107719499231370171
849746011619981591
-5205919331933264353
-3346312722551254532
-6007363050144364622
1007204396832491366
-2028982149104720179
-8461474703621505370
2121647974944099496
-3312074305144722611
5852392691633872358
-4857257477643163184
-1121277498332239570
4961712120623131653
1824821160725601984
7845261157186488919
-3908045564775349994
7594188484533692792
-6197764827600348887
436171931723848869
-7855730243530304755
-7779858872110123680
41156123657647625
-2662301919464111633
4057482218729841683
323677624345927622
-35709497565730238
-4640672954239429695
5993021528214888980
3999863269821029795
1675254359481849935
-2081936897636871168
-7924309912103681999
-8125639211774105993
1443110877150549114
1949516557167320086
7496581943216310502
3698813015853109283
447176649123726602
-4335232103145783330
523760873086356891
4311871398512388588
-3596505196977692478
-3191616887233436864
8220894428002350007
-505611059324078199
-2547625982813051118
4657415027095054040
-4775846222917792491
3988063222055781856
-4672048752184108449
-7037992749358628984
864350304658577100
-8387353888927450137
-3912910201347783486
-852773921069414794
6667026265729658132
2337454932035419839
963009659686800852
7814404843749708504
-3750277340272972164
-30803984582377843
8779964404954627204
-5192037256650218992
-3345968540689224568
7510452302974741752
5558336784696418342
-7536923197683817872
2000809808621398992
7554099472780134940
2636792361133323844
5209639134208294525
5618481878871625570
2026451753207497503
-3265835610584936493
5529563537943574999
-6662722111161641633
3083842736141230362
8824380523902145841
-7811106590889127856
-829840199141307952
-1032441035258369101
-6279087562228092161
-7736854044680442569
8962165713220346302
2643734862912606646
8588511802030377622
7092095308566807114
-5227886324958102389
1428702372535913333
-5280366496972048984
-5704529262299718126
-5122236434696776920
-8534840066266011302
-2915084397746423371
-1723684154151543402
6919154162029737899
1420002160098444087
Matrix_0 shares[1]:
6126416866183855574
2991759873096661897
-6144835708295451386
-2635527529017938288
6181971227594386093
-5262294124595373529
6165778734746100077
-992690392640093913
270800994158446290
9140843370526872726
8727318190741525251
1767748207520114510
239223469200740511
5836024151153891303
7172346615876053545
1419046550647346616
7742162165509732708
-8445511793485460613
-3587950809319200000
6479023652483980482
7942646375027243542
-3438986893756338626
4954499077736131176
-4065899031866666913
1035208970061199305
-5563708179726627538
4369008490091208326
-1052663881705557460
488404641571107859
-2036955797298214694
3816211626421903577
5323053000063289174
-3797144066723383061
5127100323524240839
-6742807778692716219
-6256274525877903766
1261659713498061137
-2595320315303307251
1323386098785686670
-6119003860033738492
-6269916543246491547
-9126051167203405008
6179507163735021417
-7762231449183798218
394775951744524801
-5858509971812957389
-1651558622071115535
-8437556792023706546
1898968885337657499
7585230434562894258
-3712137549966965457
-953804694620586481
7856479731905686253
780804425546722844
-904183091549596473
9190924082197652468
7949935886261024468
-8948308987944171363
-7721858387290361280
-1094917203087672777
1156865859767995288
2070524785965782957
-4246227427579648732
-6900320715756037942
-1009165152854623138
5702537964418481887
2066820285729431710
4069633683603078738
-1537851166765426177
-7597944617016678970
6404775123757507504
8595943315608992287
8040897305018757489
-3613804746280050621
-3019818996349080163
1991528849981313355
4717616271636513599
652410325214141614
-5889287047698161091
-3583008849454728041
-8028630234598762621
-6633609784500685905
8809453571445687863
2199528707748053707
8171883198462393792
6920930961583212979
-4902217478170787565
3895720720021542832
4830258398852530324
-8966597699923663241
7974459426209683694
1214934258414154516
-4282717636899070520
-5225931392862272360
-7362386328647352873
500522687462615461
-5341306593500956811
6126867473988858399
4069825251273562435
-7909110332196805624
1353802717906259432
5664745117432280268
1933839147182426589
5183823661809837536
-6855050929716962754
-7565309953993724828
-5599030732841193668
-875561051461209582
7666514772710234471
4773458843608422094
5203812777707564991
5451619640737302040
-6756324897303047776
6016758396541812979
-7824031193311242788
-3828236576104883054
-7401124367491758176
8910769564763372105
5789619636634337335
-7350882625995915290
3775973516738032447
3597933485826886022
1448467145847058279
-3132747661889957833
5601420369121201368
7055070958613099526
-8408801799831957977
8289774563333700016
1981613788117436909
5644040721284034540
4119333166259869136
-7701025958796369700
3832487278245359707
3102699041992836531
8294073796236366219
-324415219269010814
-5385364961760026737
-7725275139552674700
-8501532275683875792
2165247763438600207
-3046100494364385953
-2658799838303285469
1965923120356527101
-5622257113524313372
7832414074321488181
1879397473905820607
8517875654548950573
964532374466745863
-5035689686235156804
-7627307705938662407
2892324843153440777
-5017360088323758044
-8787027132305550426
-6996254541849233016
8850402212437311419
2584332085303823663
-2084980108130186800
8016533024742274009
-7088813268804285831
-6403590648203640337
-3716641011771920292
-3780862451157028195
-6424746949577012032
-1273326165772812810
-6237760251600629726
7121500614878715221
1554076702551312
5226313671694686524
5990316244356031390
242375294511445174
7653750984735984866
-449852095299572598
-4615583410123981116
-5586757811732932307
-6673287363292754273
-6492731793113875122
8939919389067746079
5116940023151540259
-1162564117705255339
-2511447043033745741
-674963878214568042
2652607487243332397
283965700134368644
8189916071742270611
-2098891929997822472
4104793757757608135
-5901417879506467455
-4229935505307143033
5396136977521075418
5937365622710257841
8019372306337200580
-7438502898149488009
5456909966806947509
6817492423693007086
-8842947013495956407
5483020543826793097
3879725015808377358
-3742429599618508981
-6075769676373132780
-7090883450790232746
-2314250074553165511
-8610773295140949341
-6674321147521538209
7028505037484810476
-4267638123890212084
-1142661001175033010
4277235760948706558
-4271065470593919322
6805986760431190013
381483776178138065
6090753081742348497
2222825374399184936
1212253351159558309
-6174433160938075463
-6853160352456797186
-6003235203641941333
-5607758945531502097
-1847301591397351260
-5427605377691375174
-662068783720530804
4946774720143153419
8962787302318899870
-3491502160412189149
1154450475553167429
4429426855322627122
-2336380850131901904
8904706182925067842
397270197833003898
-2266788065478226568
8632010693481654320
-35054768032625959
-8194444111878749010
-3083914019741823842
-5215985858844321675
6396209380494132716
695715792035416164
9204317203302613548
8759686272048180765
-477869201895342476
2375806516643071931
-1804800671653377767
6160984422727306900
-2332552369202978298
7278222227931918007
5005239641577775228
5926879931761925912
-353549109794682694
-8393834483860486986
5660203359483656150
-8530257935834912229
1937871780035024108
-7761899754048131811
1686988556665656867
-1387313287652227823
2520277286228262211
7889368181698504542
1651588566048000840
1204138641335326096
-3157756924476002056
-1004633647570996518
-2230505964274485008
-7074301772453354137
-8851822938881020819
-7650150823038045741
7864845722137900753
3759450265675441910
-8309202135812869376
-1341797185504458992
-7913913422043571154
7335483126547449867
5297143422020866234
-5869766136388469114
8218551821183987459
5287922127892221767
-3643024943680927670
2607163721698388750
1567116432771696935
-7170245912280628285
5958810349004394472
-3019155143607667039
-7586536089633573740
-4419362910840769304
-7776020855210755035
-5026433811074587265
7365484136195391084
8710912652146627121
5286941575965951424
7417231718972705383
-1240021198974558265
-4959315907665279194
-7630153272477974590
6599984190424123504
716261165879133268
-5856605648675251616
-5674429623898025155
-7248832848025265570
4388519244629995930
6421819965161002288
-9167811476895105711
-1941204500385916149
1026423780172227236
5166568132654250657
-4042976567353766242
-1232935980761825215
-7149156207193512568
7294995897310360614
-4979860970048821916
6333886735132978405
1386170352674429689
2094846183052045016
2033548555485039938
-6881868386764075568
6042116230980715633
-8490417325213350804
5142786773405412746
-86916449442470375
-461617620099552239
-704284538115128748
-3650104234019114403
1755929073259197848
-5827455117468231276
-8701568105198127280
1680331364264217817
220326475539048036
2445889281808883730
-9082239708765529923
-3659559166767149072
-3434933787410383911
-2931294118118645271
7332102232968854884
2692777340968499277
-8305284339844923067
-6780890375769776067
407222782068224142
-4420972267919506359
6775177959124924980
1025619466639407910
-5988055514078620296
-2152603967966393425
-8864229339730603631
2415487089763650537
-4501343624969889047
4634127535617312374
-6642476513971036943
7139664200835680617
7938902697094219104
-7108131272625860694
-3340509676581586956
7850305089915453786
-7957690335480185628
2451939743326906518
67369754992094823
-3378311286814305744
5150652262947421813
-2136240622863203179
-8698390829995163447
-5800540668077179689
6409736978609320160
-1928276502237257802
6416302990852502396
-5237805149177039707
4429595762934611159
5865164481078135172
-4264188743732491975
2899496741955894133
-6568034704015329545
-8312499784818127473
4421149208890388521
-5629819536659515500
1418160725082660605
-5554631727066731083
-7189212814513407876
-5715519218922037477
1398032406344526566
-1455649467632630068
-1216779330968057560
213063079759724156
6470658904253676781
-433881336446064240
3439101539513829790
-7402602935074365050
-1791865537348463737
5415421598739819637
4836309073278864710
4876978023478865487
-7408117301003724800
8570423849784359176
70153344849548467
3344377273478802532
1538771373320794772
-2576989946863777605
-6156201697727704968
-8951890639708754379
-2048883264368154351
450257634500342164
-6892415214038727816
5133287138113292715
4429428801722513749
-7582918342985678502
-6543953540085272526
278612862181528182
8878865363307350184
9102616217578193659
8360420682500576759
-2551080079591015789
5918522567104929539
-6567529044168348695
-7577869568484699570
2363815111016545649
2225273377430934498
-8504596009123537588
-411917563539385303
7626216140051862549
7783308097244328547
2749957598861264446
-4418254594972976499
178872299375297557
8582138718030472870
-855595980361827361
6400569647339003663
-5920767768809908489
-3018747592646060469
-6289979497499800662
-8667650854645992732
-6535136762476077770
-9146289345804755231
104525940558212470
601292973123375928
7662714206985706238
-4626846460582935246
6763261593810730116
5001350787043405441
-8010211549957482986
6316728684842952488
-1222852540431876044
5193314807375651863
8522151041203585353
2081876474289228707
-4658057439739586864
-3114268299954080747
-2664517793261458244
8615158518028289558
6816329175695094663
-7659966299210135420
7336747638793265461
-5054559092525825370
3243961450731520214
-994040732656702804
-1666935633762187561
-8022468171094060344
6418205713206081964
1912787048876948600
5922863208544545856
8372530903582840477
5393778569115242683
-3502908347598214930
-4727234519665993813
7529527757303500971
5994329988608035293
6741003689775131147
3224328005552447363
4581465289581970977
-5497919859139633401
2114337151762232906
6973981900282753280
-3316221922212320560
-9078873679161411984
-789181498008374802
-8038950257680865234
-2227591939444547955
-3303010725806136692
6501920191797814197
-3769110894326957365
-2089501897207381781
824962683372765912
-6120877662558457603
-3330730551617856763
6806971955928031154
3741344477024118754
2732951094019346753
-2481366173388830937
-1913103962922467062
6452069092580448013
496639551993036330
-6028050907535164539
7837800736826594097
-5936291721027171425
-3397719646669300942
-4165723895661069261
8220342498132640420
7309674233318815170
-1175009504757651882
-4156035873695176094
4706689834238270131
-5547843433862048150
-3094400832148800734
3976962047728631205
2918093885624709069
2387540637076091434
-1631687195612068553
-6020520967934046928
-8976296314786283579
-3144893682494471501
-6513284148197329491
-5499541098377124327
-1974862445281072016
-4270454593732070997
-8267395525317591235
148539541465822634
-7070315908768228915
-8909976036123526475
269509606872941497
-4610892853925948194
6691967977474950839
-8498990156868429724
8479209065001207655
9221161771564798931
1944050542881526326
4592746561596644978
3199554045063197179
-7351778307073344973
-5156491461981626754
7819727604743396481
-212583797879455750
6373682875996424421
6623746439750285642
8747396273247430869
-5346111146514452145
6196721788224472720
-1751777657572606542
8929597147319362671
-6414837954193497901
-4279623917056908067
-6002199969003135126
-3226516164502014529
-2329241018862015110
-2874702123688273233
7957551741994219328
-8872089347290768052
6845569878378830599
1270544953950342631
-7831391605442358358
-7304916251746263049
-1954714323331131996
-3397365578263181057
-1618590005752074661
-6864878227790569132
-5207441106598393262
-4603096793496932026
2028657994850044628
2902354660229648026
-7496232782655635495
-4967363395677013324
-8182463945481748
-98855410694431683
-8986284980438334418
2187711021408919736
4246294216716999267
-7629003877336348789
697889566447964570
6987936141250507535
8174422528555563395
-8921620291333365765
3937538635159072669
4526520808017648281
2013436605162101418
963831508567512648
-4251776701638148635
-3028699396050602970
1218707376860619158
581560981482856306
-6403976034122656969
966192124266897696
1105219287254181973
6700706338495239743
-731113890477926848
5559343440993985596
4589298236695927308
7358432029287961811
-450078712462718302
-865414270600082649
-340980766465412200
862285791822535505
-3918093643642764809
5609338338759837121
-8083607507229589339
-2149423821199124863
-4732789011151342506
5027470356174544308
553849158132894221
-1289777657405433044
8148360027637922066
-2405102566086337120
-6176320595045342755
-8701477694001930613
5798224031609658993
5869617386490215602
-1513355108496843821
547235148133702416
3385936151291655796
-1117704659942185795
6439362855278815573
3381006619877504201
9222352295343603819
4169842936790708614
6629856760961939079
-2049277507545622532
-7330568792027097235
-1672527865632493479
-4635858921091216447
8009014394558483545
-2133395983163409745
-8388897769106572370
-8540921653949675538
340108224380050415
816610591053366486
2743956156055122404
-4091307692076865012
-2617454502851561027
-5133692254332502549
1704112140819513772
1549835637829987400
1492336113739231260
-6232272756382957081
-2363592973400459411
-5316633033250898971
-7891873704756272761
5343434775421434584
6921416586267388455
1636493059039216972
-6958042116342387847
7385730909995916260
7853861197644676700
1936176694149345037
-2914195291925365578
7174760246466716036
-4743648384412581417
6781157103067893970
7229074295658981382
-3190186428878953600
-8862854604194011642
416626096526588858
-3840641514697771956
-3280607528888705085
-6358550161316714384
-5579964959311039617
3490181790066065236
-3016101994653884356
6169361618522484422
5733863282025973804
269287636714546305
-6199231289645206751
-4354647960980407864
-197020978819004291
-4650634079019552904
1745114132659289271
-4961607927985386928
1988871619998039086
6497263999171282513
-106547272507387931
61916793107314422
8014118477731587008
2743276431560762362
364858472066692583
-7230089506559753495
-9163962540680943438
1009356734133875259
4794552400638886824
9178392988945299043
-98408373997116693
6083590830921569572
5787062608267238503
-2810072049676178677
-6897034028020390887
-7441916942136287348
-3022166430517786863
8105147549932522204
-1175227045626789226
8436603154902088414
-361628323078256427
7647017939234693477
6744238039971590883
-5271151411226606903
4860576366849888635
8430091807357828601
-1067034966171727433
2007656634959529280
6185147805490929622
7678524138487928606
-1830698145272184143
-140421822633833463
4837255258408883362
4582672723652931630
1121054540762719622
-1383627891911162512
5917404926798970110
8406310387408430564
-5902385329183965170
9038483493732968318
-8867631333409226698
-5769691334107013456
3126946731512233978
7950325305551554609
-1389433353720710354
-2008942600841492499
6308649183193385939
-6177691924749195615
5401364909961230663
-7406748980139002885
5119582765095147390
-5623409648682281641
-6160869267584102597
2789572280428033415
-6630745002579082163
-5471071785226430450
3474001989918759094
7000537710666990574
6540671186853544011
5426331974906846367
7870211831653350085
-6611378227810795597
4957621682840862496
-938328808086077896
8123606156249171781
3767816270572840836
4741861671104198424
-7010736305533468389
-6585121808557261630
333765302017964987
-1301503652039246755
-4337403957727565335
-530231342232566862
-4046684618484739975
8010612196944660213
-1806289415313931270
3435031372690010732
-5962960896210924388
8757449514338128749
4645849027390283634
-6279993622462523349
-1357833145535381141
-6668513492504469194
-5088868708580304226
-4581611506893930314
9132945226321546639
-7210212115462401014
1093309849962313084
-1918875929994004436
6186314938019537750
-8031241400097731176
-8490009904182108610
-8275515232527934198
4089226483421707424
8226920798557062009
-8618091043486028973
-9097778792362019648
-8642120738469048521
-6537238157724441309
5434544976978999115
-1735548984143658492
8075213044825802801
2468333929764571015
7013175205626557220
1202753769291950252
1014949177320726402
8062440276695817047
-1549807261611901132
-1523803797910628050
5945015337638332135
5336767940249617959
8928538187766039219
3765485454134112739
-6445246938932263448
-8215996362019558503
-8617220503224854844
-7812612854882009154
2564842763704560084
6280651010777453963
4988346998094180144
8606234522528239519
5007170240079762068
1776974309001321982
-3981623872070911276
-3614941425004368856
4457732291016870940
5068130000564376756
8221294158142754706
7460388740289699335
-2819813849221071138
4714985756364681628
7510873515489660692
3459828027545892707
1566524816264657903
-3479568032288690023
7069639002130021739
7631388019352307755
-502466935940322098
-1732393832564789803
-3505129980249660225
3108175768992030563
6757374992381378268
2710582687803169220
8418542725325264086
1164383937526009387
-4864363030399252619
911984660468880448
-998775233147116360
1938341863435113843
-4358781739686097565
8480782802032173636
-7731503745294238603
-6553655600884971112
7238298583968785356
-6655654380080810514
353534691946283690
-5121026441092850317
-6635170106458326108
-7972591438599040006
-6909926674214655647
583580417877808356
2335933413337939582
-1507412097491159955
-7607039578040781433
-6488685223864318775
5213635412315705914
4024412162737868042
6895592918580591188
-6427520367157188900
5674424844718132382
2198245319188732482
-7608067821600122086
8655158473295367382
-3019205768108730809
1644068179294742659
7205183680268370650
4319596061278092336
-7905473376134345912
-6657011656448704156
-1026262008347990184
7468370973503333139
-8351594503814858834
7532705602118727119
-5486392627650813361
6782252023327719928
1127569346429737472
-4133879542392501595
-6779495575728382256
8100283385775136478
2023542660672282124
1569387945753275491
-1048058997421938580
7917905472694840621
-495087910362246702
-8315627144875204656
-7892453257801107842
77819558900258922
965853608118887075
-311892633280320813
2369133931623001235
5912323413490406608
-4024537252210536400
-5402667304402975427
-918172587784824782
2526902031479190427
-6677301177522916792
-1594427080704919590
3827174551393990459
2516765465145912653
-1030643586967836796
-450531768911321871
6907027537192393394
-6044161444631283643
2719381036484909434
-382743569688353070
1327222990221557462
-9162979405628184145
2841178803137927299
-6510955499446087561
-7905086021777868304
4914891271038613134
3589403683934353194
8917829142124642696
1663374498514066438
-9015852981574633163
6222680811338205468
-20717014693973032
2497755018849070760
-6604882857074839952
-4536226090658188089
3037933992118121328
-1765592859573182203
955807202922651895
-5253955954668502994
-5816436912039706357
8143539015603711156
7551286831634037569
4220390291007002548
-3986958669639678512
7074743430283443960
6792320048658121616
4996902655315168504
6748675132455826139
5180487488484054776
-8779061193445301163
8347533841306971490
8599352824542261687
3525212022123772925
-5292588400231148464
7583270285243304966
1800879636049893671
4186677507276789677
5510767574188888220
-3774071391865022246
-157778447445533791
5659814413612578315
228314387169618665
-8570824489994413086
6259516291033973233
1356261296819010651
8750307064681100734
-7491150609705020973
3400944829628927842
5498591393909359564
1535603364971365745
-8876761703394305359
2455942707568794441
7264302652255863242
-635288280929443695
6581783928309490403
-4969833138724336831
-2232863156645108747
3525117683662693302
1111030025300698592
-686365247966583488
-4244698990614899185
4139777190264571928
8038205701486779704
129106387074534640
2203746083622561928
-206672834564807979
7890512115029615178
-384604689969348500
-1792988107718519708
-4575720615609343008
6985577429038470846
-5268132700924114427
-496740450102875471
-7707092472694808108
-9080468192705554828
-560579503177310939
-289308824277161906
-4346985201607465695
5757894056097535700
7532171540161646947
9007545003718158436
-4639292196746548482
-7327841084841483463
7823932848837935361
1834851022707562232
-1401291259162596342
9086944698896345896
-7763314977661157562
-7459334017309761431
-2175868120636704630
-6449152991663960925
3406500957065807873
512582766770308837
-2946513405440784647
-2912630965685422419
-6470348324252131059
-4168298992077747214
4963226766675620767
-5282328793499832817
8623776693358138016
2877655707320585193
4346927892742776985
-1319058694525452356
6181532875277753813
7048646429512036160
-3249297636254898469
2789069268148498403
-4328964158477312958
-5375212717304267079
7533016780583451458
8397812184196086502
2218821024016119918
5740715384787857247
-8789923321998183009
6017973371393549938
3302611677135156377
2586919023175951891
-7755012338981592110
-2330373077694860695
4890600401792120367
-5269237094810806620
2686410376812269926
-1725963497631750874
2374488250118635139
3215175749213251457
-1819341991594663733
764209211843375638
-685771330743841423
-7313243101833186792
2937812609020677290
-2587057976114105480
2431435909192353407
2476291498485125511
8643604082228652438
2241256752223680598
-508947645138126428
5606866527577188639
-1996840382236146565
3702013796443930918
1246091561799546824
3200354428014454977
5825424598528852067
6522541927973436856
-3803340577819563339
-4513981416229680402
-854525158613480444
6746254312596554194
5920792887158850504
8108555714172944078
1010539985364674805
-4653222513639675052
5917966323299696100
-1235166052096787426
6074632722135443172
7109365756815260141
-633087661712990086
523446248212198904
8791321249045676639
6940333048051681985
-4893290187467167676
1752184832044390764
6595587029374153700
-8641641882675455790
4457553456668427334
-720172786153889874
-2453794723942864466
-3571992336946171932
7171199920089050458
-5358127509417962292
7481272087715775748
-344308081420733656
5451890499073136537
9068528983117876560
-5504553263043318299
4557556123662415697
7669004260620089342
3310281248282680244
2229223028108220204
6435044027510336871
-8529152416115927384
3557733103348582042
9197739138470013303
4500334539588838170
-6589956745961179147
2325332689850982946
-3472269445770634201
6519970118850944153
1867527379599374725
-4122527159367254414
4361025532757541548
-2601595180441721349
781896066849370731
-4415606255630810972
4633795638007071716
-1568367556816836261
-6619321044167784542
2152008643213512245
2667429045926110269
4884179144906875847
2168838087654056544
-8835572043004223193
2219625696712468666
-5319738286701624129
-1446358506299753859
2913888300199539746
4426972866872185003
9096714442000851552
4006863041967056329
-7692939351840370182
7190087541974828195
-6032195657608569795
-5878692327063372382
-2946479203729313222
1322480016848684776
-7027371989533143026
3561921704218250649
-2641753933989583786
7372069191221407987
-3159745753011571340
-7320609484968849973
-9182449214065979695
5843925705024087639
598720421288190582
874588644975069047
5282524273051648397
6500781539133531526
7607202513849648872
3196105464860462350
-1758582126823502060
-1495107836767527839
-8041882423106930257
-5837188964351038236
-8420908007757035368
3314465460898104386
-1060381409892869686
7904431124894244773
-5194021437382632513
5393964439530197935
-8811693306858968980
-6335287113225976515
8344220968266544554
3882085640923389651
-4167436262077734258
5974993072887013850
-8806731029331512752
-3659233041889802536
6067785967210812026
-7876122546706482285
-1649767784222887174
-2499079976686909614
1004197367690616542
-3906662620011125090
2041707446542002411
7759685837493063665
-1209971770101992015
3680128132119301689
-342934588300414719
5521514262467473929
-8952263509306331735
-2907632891035378521
4840871004753879944
-7706916096849473779
-8627955289556986262
-2900348588092265146
-836804827167882169
-613066810165432707
-2282194944174923888
-5605875681833599126
-9022188942783887691
804458280077293645
-538386205751556373
3921383388536134117
8050639958638489496
3512117383701614759
-3512315953622423496
3469820868750242657
-3374859162356236363
5278211779407251968
7363167374804490281
3283929509840147864
-2764485890271707061
831957558408039142
-3233972942566379905
-8009156362772630410
-8530682096483921556
-2057043825582290353
-1800231698072985570
6048131677051657367
834711758701156230
3501868519587947173
1846097904176188731
-2894895036922489895
4461119814009327013
1736577436481910825
-7710243967244336068
-7170113405292346279
1325156230864840386
-3345616638418384160
3589645691443043553
-7748089370796053550
-6452666029412375004
-5695971617488444073
2089903179134144478
8266944325067267378
4575217350931082449
2969899598565360683
-7701220641498606394
-1215037734839397707
-1312559982984078724
3643053198543574618
4136143096947550222
-2017935994033905930
-6640528728054150093
-4190552020988437480
-7876626654828863143
8346115485854185555
-7127954193454097806
5449106388954548741
5460274328240433697
-6322891703657094861
573865811290671603
2825949610117480744
-8915110643598985989
-392323669462734886
4076136635492703046
7569181529713201815
7963845717235220618
-7928514430640580760
-4003586220792597059
-1526846126334521090
6257730313214805624
2390493130444693083
1925858757343917206
1723111360942436136
5796490752043861034
-1122357307665564371
7063247633790463407
968211575720221690
1593083803042952438
-7092345105553492533
9100146018311919936
-3624737424533425458
-400614657830321637
3384175924365172036
-1121199911784371723
-4171690236206560573
-4165798859392476702
4157284121669331442
2317951652345628338
-7401381525901785727
633213672371498155
-1329598410800427954
-9003763728683674775
6820652688633487772
-2657591131938517334
5959409125122895783
3733115341950896975
-2447949331819111481
1874599535104687900
2437496846698183394
5068303746550002058
8814999410489427495
-4381454591134661297
1827857910646121835
6646694016492088408
2079238700151637232
-5297010453739884873
-5056017169547867433
-2339808117315581245
4618136413841004626
8352457205606012856
-1285279490528337281
6395708291340135684
5318110292616930789
3545857084080569030
4352029934926539568
1450438309356112696
6064365013637683420
-5954059482131499595
-5999740857375852107
1540625921302185256
5397679766573915313
4291582466000352915
4795897392999673469
4363416279102137029
-330678426732478516
3102078391588926513
8476771347250672653
3619854895813780090
7984579070701804791
-8635408347848934501
8259835921911483692
-12255274289488593
7936730911780954497
3262806058583402750
2927095373582953719
878165044747980167
2029054795530834185
-6141806598450850105
-5629254540027063179
-8540049891917941686
1741499992190397189
5270521128013058236
-3081603433493802302
-1942985447441667286
6016663285933958796
-2991922738179375364
7803086337262492872
-9088526194512220642
4880761728542361882
173093911704864765
2041022987344443167
6166004817230272042
6486556879966527486
-7559880862200941643
-7363593546891676198
4289633474762556443
7225479111947837255
-3808244491998599225
-7311845594863796651
8163747895677999703
8788163766539616766
-5809406835347958597
2650571767526780352
7174752871989247019
7326428328011008684
-4167705484384087907
3264314252317888418
9009671974019981558
3250371918237175266
3485052074463543946
7681933682054037924
-6217565555755084494
6192588926900471943
-5984920861417675138
8684194179875079558
-3569019587294980058
-229836800600512496
-2931155003494719573
4512020307132138784
-6517203739933678964
-4594046724150543000
-8744456123691624706
-1239505736440339835
5712494695744626461
-7298037483519222448
-3631385852984136934
-4107817096083446043
-1052923599488349228
6761362025792809423
-5184169048259276337
3345326828575703547
-8332077475709386076
-3273301583397482553
-2009098410788752497
-4223743763778991940
5785428991605951689
-2860182252449074408
3175341367533394420
-3693997916870333566
4615704473373763282
-6871683610022478939
4180625736038770249
-21381168912790007
-2664709593742131331
6587396050714905746
8440470313748322715
-6828827053452001649
-1224790391218498770
6270067785494068562
-4341073158669549226
-3313033816470180816
1791174565702329199
473700636596612439
4125463612622792508
3703311446591852297
-4928045693305554880
-7769984253041872341
-8921381486481603928
-2815630681386164814
5610992101275943692
1391800147365212666
-8037671726922782349
4707091471439191549
3800991645190770450
3042405561790198415
-8291859861311234028
7182341802652054552
-6470359811440737698
-8245355527557867815
-8832733447253666959
3215089892818933918
-64334649284475599
3514375743405904090
2680436839788828246
8805342300488005759
-5014122598402793142
2228445228350676084
-6415158589834988713
7994979891376628811
6796920292084779551
1620270987205905594
-4569987158725272080
-6619535245386495243
-3858420187497542187
6369940180020973164
-4336750689583058174
6727724695971477195
3448331247432211964
-4906608564997604942
5143059797804876599
5915156126937049671
-1999469813203630621
2488824915454513290
6653278625541159411
8050145301861550592
-2841366116394928334
175393217645404277
5011904938133568358
-5621792448125814007
2984900365903614736
9011774611077782785
-3740674945034009789
-3463214063883319481
6019166805180792749
-6213290555634632760
1127637325872011211
-2529857588999901834
5283819474644714895
7825491469234156622
8637656177361243034
-9167186698069374555
-2174096721048919051
8238380437980354765
2220421287955467715
-8363907618169142019
8654206795333155285
-4877572866367741232
-4929936860261624107
-7281402960442093327
-1165715013252965647
-752067650329705785
3565451642602997031
2181044726513332189
5676586825751529129
-6530852691126743549
2885054459128480973
886470835322877431
5969716898637857835
-5699306061576848824
391995508585502854
1402782534596078089
5385186527743666757
-8341567160209997297
-7650499010462852853
-2396278653883360801
-4187256381578004778
6887520857747151662
6801190728446381464
-4739320441764978046
7754744019003626434
8976829063433289172
-3359699044068895724
-6799620836059103207
7145450923940503643
4815333996540136387
-1515476933295163013
-1141396418499669863
8118831348484024387
-4912930388236862419
449632192000254989
8806744109467610044
5000050937990341944
2892312187643739645
2259972104150305917
-2613071989725459775
574588773798763814
-7102588429376188470
-1498570766602356839
8959353085820630441
-1590681472026338096
-2158923014459060655
-1793598639878462568
-8577249881555296995
3049371457031775358
961941459758725022
4183594985720984539
2561131312495750508
-8203827640979392754
-7538918245353671775
597242152496326411
-7009473184647448534
2931931784507121946
7435076626379106648
7113928953681993081
1457571961966457934
-3037919219735039925
3130969205054671140
8032309300357629637
755168555376114382
-166065392446726573
-5018686087982416456
-669583233948744775
6581209263072885011
-8713496144586502711
1862234858900914614
-2718453365980817710
-11850578012803242
-1620348803761438573
9072008204216672366
-3605527884255734238
-1435926156687887042
-7061777272026864833
-8632602994214580616
1542874302013348347
7825834203323517673
148228801762673985
4714374256478069568
-4301153316395343864
3886284925244119372
2574124628024087712
-4145062892824191467
-4951044091197096661
4431488504280329353
-5834590565455864965
8914262053418875986
8203972651046980554
-1024820840315061081
5784398273828875000
6753829186580193590
-6976154820828090288
-8904264851577156679
5249277558321914982
9181490861768395373
-5250278727979352986
1338054820083187048
1626351902016285996
-4822461407934265743
8837005258343759783
-7679935311052099513
7047175024322661833
2566585234331912327
706780864065367892
446334606999418690
-2076176658141522312
262734395302762440
1722158347912112525
2767105118782282175
8998024307244618782
3155513723975394559
-7418362282226345806
-129460177387814295
5233453084654165552
-536178439823376286
4534616778234099661
4850101342732212175
-4704766972482447004
8685279859357397156
5172465694314127344
-5548351710872094459
7128738506906056930
6800241037934923526
-5086105680334207925
6786144037155377391
6136433802185476762
-651482919081146221
-1721852379057155864
4620168943946864878
-7019278554931845036
1380860138351805559
7315759667664140816
-1299549629502747863
-4598191965867178362
8337261627191036498
7919005043607164503
-749685897741720012
-8090137673767780646
8631172779844093471
457835938246451648
-309042121833243047
9059287939196062929
-1482254005877939233
3447089044473621353
6247889011847626165
6974586336006362269
-3503255112428244024
-8422050425138816463
-4081093818381903656
-6589685342607364229
-6018185343320147183
5864791878040827230
1881946906409787325
1042666127868441025
8952020619758512452
-8763732254749896246
-6764981963812511672
-3224657943732754633
-3494345157175448161
-7799958111622237375
-3948714282863788624
-5098095181485617396
-4991728138095679837
1726566912632149918
-6899630073687526184
1011374550668084754
6156363727026423981
-3074061512184244099
8444228396454473432
6312155420282977758
-5065159377489742512
4952108231380895649
-8281789942741042343
-5045383831860549551
6128319410997557636
-7531194392669957163
4692832938223673812
7178829154931960915
-4750839828536024924
1870043837149295574
-7863808751461396208
-5818881199628765914
4929488020615411478
4799667090123067036
-6211771364286588988
1675324301290624776
8411494030728679414
-965908623018684851
439672500600239755
-2091477336287641698
4828916923242127163
-439045267517793368
1905116188495858504
3650250961860208168
-1988553631160135584
3751525177483679147
1300590244465798143
8761383129775549986
-8393076300539280573
-4597283949216911485
1224090265569800605
3402336022314655722
6214181789695162027
4091662971742759774
4189458445216427422
-9097141356161185290
3602961349568552016
-1497279012829154692
8857200805846254972
8180568047872361750
4486764553629534326
5741441017451169409
5584856528696235252
-2417271023351605168
-8762811279598415027
-7371139392308808523
-957419230388580135
-8212416566800338945
8681304652447402323
-3203961732194837690
8405888010178091715
2740105896640112313
6647738856908524013
1799367071592563269
-5912672735851952304
-2911268488899730711
496165858780324705
1486835579005352351
4587136206705156918
7393053859943447864
-5654393900576424656
1608757839943587009
3234936847523971933
5103243449213848534
-755654317849363389
543495254982656732
-653601093988937536
7776540890692004710
1670453956963028375
7288103815157543694
9105657326937287035
6322769636883381158
-4160992722891817706
521706177284754867
-8745551893174563648
-5569794792597724791
3252437841310809094
7456073635986174214
584167122844966742
-144511402639911131
6027230368645673809
-8597135484913515725
9068292586275016199
8341381792131226743
-6895367854999579222
-6464093959006109913
-6398195309974418236
3211158618819689528
-2252409225254761732
-1047808534451306031
-5478095950520936748
-1203555350191825088
7279563485974540020
-8076039679330144858
102912389756889958
-1051215552072097420
-6449945841634865173
1795388558363744036
7061097496395273895
8093481770064162501
9041419005709587237
-2136601890174990761
-4820541223395335633
-303881067905875911
-2784056395335285121
-389841041093577667
-2436837245583816178
-8904402878065856582
8870476061354407933
4066543514805125828
596479903119237060
8596432754108569544
3405274466970902015
2197860044957416221
858323609156524199
-7627977486565478344
-721419728266196401
4534809493893170343
4059874152920310827
5271546489446045602
-9202213198842168200
923953393896512049
-1579861585209276556
6463210305855358470
-5936601660571096223
2869464642607785377
-7669657994221616433
3389382916801988149
7557733407569442116
-4340996191234383044
-1671691441814161056
2860052190369671610
-6015697512895445995
-2876904489176212577
5655001395957736990
4243442434522567836
-2772324987580749476
8303488759829824861
-951840379849176053
-1879318742092651455
2957863472099348560
7760986854318294563
3562523395936972288
8513347087382377004
7722751937738749927
-8748138069993918499
-7700578624714491646
7652353887095628090
8767807314100736492
-5969363359184205105
-3875809707439887729
-8769715529818908455
-2801241831964336640
-3741439352239125023
-1646096683180568341
5107850695535116906
-5701810980683447178
-4167515859471397889
1040924348395495402
4749664548199159353
7049536280651279929
8648185310408393409
-1636776112944806277
7300479890297588794
5847448818282035132
7224203840787488894
7158456994569146866
-1884821272682159689
-4972948897754872942
543260977109306321
-1338450156112787144
6169956944579137848
-348670664630133178
2383688740237908544
5113475123500856814
-659718584801993529
9033895299496383633
8594755689190722233
6891587791329587982
-4128590001068873497
7853632729449680043
3992790008543849834
-6429371019343438097
-7764052675886430175
-4129302886015354336
8035116103163917478
6969695698370669112
-2275348380446869305
-7119981175853031005
227464183955035645
-8252466431235469308
-6234516392443663941
-481463845758918903
1322104974630969161
-109738441844930569
154232639665234827
6505814345742617911
501486912523886964
-988915889963909192
-8291055770214123616
-1324969139606241635
2207173781443398606
3891874871889932898
1180309772788374019
294891244410377663
-4838006319930377404
5082328600447260223
-5816891276278112373
-4927293462032090897
-3124006769512332221
3839047308942873425
8946781832930823542
-7034942101804039286
-3838546353464917153
7623020569142662353
-2987602758933421037
466226773828554611
7311126777035908736
4350646119431757857
7353937596209904194
3359959465229515656
2764245710745549481
-3533174762479039242
8109055922110744343
-2214846810348449639
-8336116547036447675
9129911989549639912
-6109286529657501691
-7152516136606432363
9140155650865532404
5063302842665017370
6186919464104114871
9016772823813372326
-842508014630150693
4259444928919215838
-1635689513540307739
-5479949840938524947
6077663139642509759
-8786425693376120832
-3709110112799602544
-3043848560123797789
-5333909634780455995
7553932447225446751
2911155358328218804
137204027803797127
-4368793968094163674
3253636021844335588
-4135507256952694462
-1533720899801187056
1073039105182922924
8207173466003561746
3082976047089730386
-2191753369791337897
3809792557809405844
-2797522815508177003
-8406018446244053074
2722057203114775366
8787245275728178287
5212726620149278474
5226855787803788427
-6854512404115834194
4882147247807613284
1731491511082671218
6404113063209847827
5829477780349909202
-188875428878109278
182788995799925402
-3878486536904846388
-2907588510532385748
-4183274144424616003
-6718599628241750783
-7598135849274949219
138013999859896524
7909761023162548188
-2247120310559728202
-1512972878754684450
-3779267394454458626
2127148819842846698
3979781923893427530
-396114505757420792
-3459790293369653907
-6573155916359651744
5621052952264679430
-2808817892879964768
-2872315079293264342
-5737148524519011857
-6751799228810687871
-8798568495562448380
5499291185822761294
-9142997191424403215
8180161020768879130
-6491290278882989784
-8387013798469430654
9167641855673108661
4393854075635524538
4558075899221783700
-6284167839417259812
-683539473668539049
-6141413437890934552
3233176915494112090
-5867835956107167439
-3781303250810346261
4587073118527146605
-5847370549885909403
5749798138354092946
-8636076510403367809
-7706131742792824717
3619522683037912970
8958000529172459424
2680761243530278817
1445479554182293440
-1950751071555285768
-6605495146029818490
2153716014898018845
-2738829022139595927
-4627123220148219414
2943457032240372395
-5208991158975028350
198787885217088431
3484910260821374532
8504700345940954508
-1606628400331147494
-302811176964560574
6266536574008204736
-8789986323819814901
6065332277341820046
5222389797774744800
-7858749522702315213
-5100042267345670299
3466513679595671220
217985008538863592
-691379760507521099
6732319215230983846
687621149474216728
-4926577835759096553
-5361624189878013588
-6888464669946755859
-3404212488501834573
-2574977738426793720
7469970081722764405
313138330446335616
6243852000261998038
4532323303488673271
-7267134212388667052
7240941134873958955
-6799790051249500294
-9037955551341552275
7057292390324746908
8248592827398320663
-69868764512951208
-5852663060166842455
4918299900678314105
1539417405286634627
-662351329854671598
3829454834695444966
-4652337526856625799
657764568149531327
3499523985803501922
-8790471027239248895
-5617638205997516372
-1992660506803356360
-4847112228509551626
8431022221507873915
-4334986528409234111
-198469764505418826
4454067403894879156
7471034142203733668
412483770311231194
1994733087477901447
-2368083737984156309
152627723353880486
-4730120048822407361
-5525356248633332790
-4757269111613988654
-7395752600794278218
-8124732911594636144
5073448722282827280
2391921939364808113
-4979021823811900309
-1872973856783785131
-1774580549266587745
-3823245893952247736
7100545319842558547
6234844907514013001
3638373044621585303
-1058275979177163839
4856454935813921952
-361829833277027989
7506589497883089557
4747710834994757727
-6268271160401552673
-2762817957348906603
8494534986860564611
-3675584317097047654
-2615214414780613126
-7090600484870467775
8729478831223957397
-1945422603349403730
1117492978917719968
4724901381467364342
755136296160454387
-9119044462633147826
1221620981243603371
3738445005328162536
-4844691800539447804
411606419508536870
4711103132086123775
6424395777225875680
-539739974999905708
7319092561640995447
2486263477166377104
-5014945646127649636
7641061623269617561
-1891757615267996625
-6969664196827805756
-1667931389539143874
1421813016878123580
2244014283464765751
3104562426584165650
2212655882017547961
-3483739774398590797
-6374429045126027895
7531679785577365120
2706510639074759178
-7597784518159561674
-2761172054953512620
-8848497527574882857
-6891214482729519779
-7483934120210819398
-6793535140891529002
-1015405309539764519
2349289595502607419
2150674504430851453
-4723987675182562180
-9089638635492112210
-1048765865162092017
-7752977513230535574
4499659166008581655
5753836550693896713
8997671026410565142
1689015847308313028
6070644160956772473
-823744106942713450
-5114475738513816872
4067100048528789513
-2098693289257189818
5579846738464836531
5326768902763209133
3008217221836922196
3054122439364268110
8661145196763383982
1797841021094385856
8730693786565737737
4426641030436672440
-7211814501408426052
-8863182734967685715
-4313014502185690586
-6363422064695736626
-1027582109452233619
-8516735978598697603
5769067417579558379
6917268676664244434
-2317956075248642541
-4550768969856495665
572406735349251118
4510581601199175225
2482437107426542438
-7101824604679791579
-1735973890871226473
6667597506557917622
689683041586769149
2379769747830240624
3842531060917522896
-2637897260540193262
-5639557451529804581
-7948308747068857897
-6830968008172216382
-4622613328925334270
603323887376696346
974684526247856705
-2480847250708781594
225944599235445562
3191445143356958866
-3556542593445438450
-2536433377003571757
-2440222632038134064
1099280541689503733
-1833689354722971606
-2148239715733079000
2631166480244074912
5908028101266839090
4386067440077081147
-8550992669726114713
-4351763920484374770
3092130527046497859
-7574615069379461717
-7425111445937793521
7803357440410595829
5849993091372922638
-7757329825956192868
-5859890746948584070
3396794834287003811
8259637307117970168
1830920061623094844
-4189442964698086302
-1583312340483735316
-6627151202071914370
-6708813318100905672
7888602559408785237
3286251617193333165
-7354317466741730082
5832777249329187216
-6803842514201116848
3515092723120256945
7729084191378973052
-314942797442211074
-3943949031550687368
4507644617834116096
1988359172369629476
-7547044687185804992
8856594653961971951
-6027746646414253858
-1574494945904485789
-201593725749049252
1272098064227679024
8807131317285576729
-2248727575054221845
-3145296333344753362
7479188750578416362
-8897553608820624012
6113037927071748571
8624366474045321738
5328172093706472603
1030614747109460800
487493875631357020
4697413073701475805
6719408027466599388
44351048257864958
8323547938222722036
-6118231578103371164
9042230160676276512
-1978286747886504906
7653593313558221397
4257823509289688634
2361864665468142272
9172491025520250916
2529125783522398653
-8300922066469299530
-2064466474337781780
-4533557732926967246
-5453629731288834014
-1441078290582923546
4873677798866368507
-3643028898820797285
-4246935518804875773
-9149811413406077281
-748526984305447585
-6781355985564108499
8219525872661967691
-7565723287074238394
5733835415833596766
-5644122841873355873
2344053224516043785
-3538442639352069983
3286078257545825226
-5036818321703262336
2581623165423943987
-8470174092115502894
2658525716089730482
-219824553350254115
-1549620395414525846
-526491328140280522
7461265745805927742
-2709401635173608928
6005033779890600755
-7193049442686795843
-310406473475483205
-1483636840942500931
6811795979789037784
1706577381547652807
5629063290697012835
3743879154415359371
4463347537744898565
-2553880381336223189
7024824244371106434
5703507896490544968
5847072505947276446
-3565268121669023552
8946296851005707249
9022258130856694495
-216548581709778983
8658339118715905770
2832254746106136648
4474330295434856726
6232136954725161199
-6057034471931460411
-4408782399444009539
-8784240859453382315
5856759306729740515
-8650660719640827885
2686350006533659380
8991144194043963526
3816785517707598466
5350904532301655128
-9058960866957651454
-3938081479861783298
-5896419473995671688
1283023777457071455
-1272039844258825789
2231452758616294499
-9023306278746966676
-5751676922845528208
-4663660940232249979
-550779268181579474
-3614725071275778293
9054416047592219026
4193718745611819949
4806727072130102588
-5013232134280356794
-6072088014371056005
-5244426822725012941
-6577856720692404515
-7977404858484659321
-4089631300379795082
-7178861779163348338
5176675900289689252
5966368581941432907
7314664144632815350
-5177744772592779216
1111421443440108360
5038403403243657647
1250556302458981829
-424480427944170518
8680079609977900921
-3946301523311422210
6577306824020621276
-8335907598287786094
7008267098753449796
-5886576341952860976
-667552341689049246
191403564206877924
4255622455735515759
-294301025372410511
8811825839865842832
4498490655227204685
-7933313074693599904
5539639173372835756
2826824329572802856
-3493734234896341210
6233648317727757299
-5839866957637824010
-7266682776176562609
4683966494118383445
-4859770225945140536
-3195818668756206562
2246201057529020571
2034666838510425746
8822389996902607455
1175577417886676494
-8597686168438995429
3192388005486946262
1315919645393517378
-5502226087173359756
2031660037716126583
6988680351781039562
7083992938909223627
-7471164118890429337
7563761790041436209
-4168396191051560022
-6743965826733373465
-1608737313736805635
-1846091286270007620
5460626318879292008
3377510823197801864
5446391202774745428
-6053340187733306915
3624881958684109141
-8331118588074626285
6495974715637206120
-8617189656053031351
2401937316126596862
6714342122923065026
273790611515914737
811621878997462182
2327959704641431567
7079829715439737556
-4727550300018238823
-5648494443599419069
485983664074532560
1976597783560563472
5447298611036586198
-1526296688163320973
2603379515999748208
-3199197045868849213
-1999574810113838395
5461202426931722372
483933433696134481
7509261850011900261
-9216198088817172449
-5196631410415948366
6583305161569010135
7985021523686047386
1138908560097583790
-8125581073175426079
4390053345879601244
244501908278720879
-1563501437074357500
-1188510808236880851
-4761129113153637280
-7679420901573848413
8499581056311391059
4711003663160418719
6076627551926682079
-7788465685038662846
6434016784236593727
2682784705111120024
-6455764821253750482
-7820367568560001494
-7468962932134929410
6549366630637401459
786643245764648370
-9198776324050954246
-3198904800594067907
9155558854863917009
5010609678719723621
6543910019982984293
5758499530532816110
-9102443877779522973
-7826127106267994516
7288990629539105179
-7787610666005190159
3897317563364962966
-3184814208036065270
5968947850691553549
5643059542810882662
-4454113230357745482
6341316997734652934
-568076665805010832
-2508764457834805926
14146774297220635
1685015584105402363
2944632029001188632
-8079417170785503341
-6106446422277747619
-5223414385131271592
4034218283091893303
-8924378738607657259
7938526030956611946
-5715896545718300203
178409293064239260
-6652849853584699778
6664879979344899910
2534507460115398604
8213478439395380495
-7895538940703245502
7858745221418887402
-8388764006897786537
-6981729842105425192
3776101557854054305
-1264319906164954279
1741360281494406142
4363408503833553548
2870948248337303578
7141692502864946618
7529532430794235957
-7540961561170947984
4540787876062562117
-8103408434582445027
-7472913969550200205
-6703705711042677683
5478748828668100761
8561187939967086961
4421008421263323332
-4656594867213395322
-4339436208369949794
9027624670788463567
-4546795479193431536
-9028218859312467434
-2657794869317623685
6881941841015290225
-3929745836677639866
-5109142596284446360
5535662000934325082
3368467085762221364
-3631226433066358782
6727953781970236724
-7914813126642823464
9166101962514081725
2103830185081635927
-1269555177384603447
-8698515142999515744
7363677324850227808
-8199855112468077586
-5475515420836520134
3778774843204576207
5502717769487862553
820868036800665696
-6427650808363568188
-5678902580414699821
1980207062027783476
-7331912353963368134
8882052903448406175
-3486441446400847458
-6253023058935851402
670759598036770726
-5370550821356228855
7751119828385900017
7068099808086943464
8561930795267865965
-56539133792885855
-1988378934031125888
-3344840570221530233
-7754546892959112737
-8028087185919316385
8169501606223637239
5427296748194428563
-136244240990666541
-163826182432356414
-7589647267550184667
-5692723597369793219
7847865926591665769
-2764379478606723959
8926174416926919592
3195663305462786439
390305518947496096
919899996801139270
-5259652087302515273
-1107737259877147781
-659307551151091678
-7531656608674432909
2970969708104552624
-8799232061046769851
2806745641226617048
487134516747041167
-8673430246902680702
5305337964009985143
-6097358147364994252
-401632353441205076
5869129748922487575
-6004723387643408703
2404283871269742274
883977026280038403
-9068229026702666180
-5111761973581412495
2681891951702766545
7112906206154566677
-4994492678650815794
-585960673151028082
4939653068956664551
-5484084238615598593
-2209449042431712064
1863119155068120599
5014070526388244997
-697066050645822989
1528289989052365843
5800371366525570359
-8548005650329105856
4547457905102062330
-7008686763878669077
-845353291561402032
398412347502753851
5338429364040044630
1846323395541773834
2159992882939075684
-3429913590946111098
4088977245278966181
1622287619640510738
-758332678692131137
-2177427900110010145
-8061505324128404350
-3290560204055709260
3847579778502247729
3993980077767672314
3670256530030639560
-6284461227290813692
-7727143577969102538
-1588602856835956579
6007461225978954723
-566923679594113288
-953670888055780998
-3745044196342276656
-566573498779422020
-2178811983960470324
3652862380722294977
4620204170618297324
-2115086830459954109
-195612757145298540
-7050383974446715925
-425679545316315763
3512011432080214256
1925376915873919822
1322376172649148620
4831958099034302206
8045911492972869376
-554355431715873912
-9160596122251337874
3053258115491272679
-8479092447316273917
1125507477296089133
4728097324692869886
-2267487080685374743
-8601630080669076967
-7887618890656392753
4204041745677451708
-8017841682114988687
2169203778999898120
9134657757314674743
831817019431517147
-2972588126189900017
-6717209730289707926
5284821111651030995
-147938008051303640
3062304568293054312
-5467536386573759694
-3742342395636115309
-781936357166396578
7313951204030600902
-4783495195427177886
3095608506876749868
-6525392071581772594
-975153183916242633
-6541976716284916661
-2213214134855264650
-4289466174352980266
6224060788763250233
-2683383053574717018
8128903661713228776
-6206389517649513004
2296845086656488675
3661132442592161913
7227225915496524239
-2339574635762654808
-5840113339288358778
4366786400181011793
-4103115931224920272
2443665186607438046
-867746629449047817
-479782486210313156
-1897351147322314873
6181937108365554463
-6243473275760668564
1800591415749754543
3330532117635068622
-83126418671332669
-3042301745138149625
-4540864917192050081
-4386780961278371450
8257503531714587018
-9124122428835444387
-1219175916975884826
1289733065432390451
9212794085406539841
1435401263321892157
-5159590572797861168
-3792153811633677253
-756160705981848963
1488890522739170686
2093131208081837718
-8615463067242263625
8662981789337392953
-7832221278773222737
-6973638022072153458
6954846862902257016
-6000202517808463593
-2788533780873874970
-2392787363363028240
256718815471561552
-6572227859691233689
-6432965680212281810
-2575247710300475278
7287541184455062881
-8103777286128606874
6195780572214145817
1851240750062864257
-5452327984585223305
-8655913791988163580
3267660196129215271
-1828777922371616819
-871818957434565829
6879242350755660658
5742343058104447888
-2527938586184817883
6865272146064632698
-6405902702211849321
2751044439190058744
-6485791515695358828
-6381721447272291975
-6496787803547312822
8580632870670649049
-2715788840810068770
-2481523435350718279
7377634849826214761
-2983768380306856722
-4441751599791309582
-6173460084156522015
4515896945343500915
-3016502979686396834
1594584289605475389
-3303032720853915661
6670069970706151715
-1070311906281493682
6368267679265584343
-4469217169976139030
8712021322178400308
-9115646306787435540
-461134406467308986
-2488658662970693289
-1366646746325597443
6462143779006717207
8897473969715551029
5841192104749849851
-3840289927130434996
-700383779796962525
187069906606211958
-8855614051539009454
5978070701591829781
-4290208244417317195
5001021085248235823
-871709886969906922
-887684847883699391
3716001463070513374
950341732676548090
3817157382233644017
437763278058445863
-6729357042468286023
6130102510721692112
-7158747407359956143
-6655494117933942320
1017734128154073283
-6468479061826757081
7497964706822431304
6200210135199008559
1114956090882038580
-6608813948796531530
6221723088346595450
2121868677947441995
-5598219764381946259
-2619267891259475234
3486777058597585747
1382702699600797494
4981829669340783910
-7022439633212908484
2930969139335838912
1006245249913468660
-8915903223963092681
-6716111883640624771
7921807618546511900
2858488924088395016
2779420653485087145
2075904809385513571
2810144164072024455
-4960117894912971831
5591815069247373791
-38731009563347681
-7218847793449453338
457994201584728929
7181102935517891090
7126888462496451564
8144318677068716820
4987133071488018967
6813962479768492573
2057231339336352113
-7392859470302814457
-6496785283874718771
-2046046606601354260
4822816750721230816
6422026207343629362
-6114522141527415813
8290346501706536984
-6651953162108802352
-7582628845339548907
-7411314115337103050
205596662784623888
8598383060632048887
-4171124761506078471
-3501773974290977968
74226734926422866
-4496359274999023136
4518454851655169885
-1148154685925158810
-5626308961383446470
-2111830756508824832
2990416204985650321
-8493261412517270783
-3729877514853850577
6275042555041645197
-8893563091931032134
3735175377535095504
5076242792070203533
-1444234717994398821
-7399711782931319730
-1468583768856236444
-1487536505512983533
1375564141310144867
279056431476939487
5925214641717591618
-2793013855965195254
8681107392949637972
6555550990725342706
-6889016616195487271
-3711871232727414233
-5578500861887739601
-2651159845366504406
6109367629323744675
-8294416853962369058
-7264931404692418405
-8062307077227651361
-7110367187130212226
-7477507195207268518
-8934600580224640491
-3010121350713662259
3218698622225676222
3108771872066563556
2387226501232721603
3664881677137003573
6683000471425560852
4731117402353657681
-5964389471090487878
-4678748210328462226
-2832577697318097402
-1288242141025959428
8352159617997426062
-6763734305319693574
-2195998553720054500
-7905069857230204664
-7102029963173587798
6717042821803756520
-3247016717378111591
-6787615521094225748
-6673049914181423385
-8285205278373738914
5575526021327170252
4915689045961538220
-2194362701550988483
6562140497871279031
-3667058578754255338
8382304648527418719
7703378182551021364
5695692230465295866
-422709116128417959
6526292744579085834
6172760891501872188
-7536293525411485207
-3785376547604160966
2888992029516578089
-5063003508615594925
-3566245951919351449
1041379685697021920
-3700068715389936353
219851604871326021
809329466767655484
6714323225825207311
4338056958443226083
-6898620671203002198
2368185172064251051
-3694640066675674596
-2923575681926180361
-5631338190854602355
-5793523249057925668
-4658270711757577147
2923486473632255730
2460904809646605399
-5251429432803771228
2892803314868553617
-5132341170331969274
-4096129748377051166
2511031494261302572
9172992196776684666
5791678464981267555
-8874793922467989863
4452991444593946286
6014444833986741156
5148666511834538266
-5193067933912913165
8747317395564444724
1389329332832132915
-3344160173443717531
-8331493929052929637
3680223882349979847
-6226291600293641441
-6815497169605093500
5569515097874400760
-5876071887800740528
-857619635815950053
8496496399587794386
2451991768598258546
-9165051206579692076
-247416785448868963
3415547386734702058
-8319773645126445669
-1526830577981462321
6052880681107262361
2139723955024818995
-7279292190348651698
2463422460449821611
3801302668280302516
-2071022924257485086
7194423158154719043
6824810944777819201
-5293321778440794693
-8931624675708593952
1404901984483261792
-839146991922584951
-2095045759582827021
3786774280267247998
7883804449784099351
-5034927776841516194
9167195871090168910
-7275216298338233995
3311764538712516980
-6417415827002811271
-135843645242774232
567089890766979348
3498752546452476139
94390018039972934
-2884205688840290202
-7834198139243468758
27786490864697289
3583312352984136241
-3659120683056933096
-7923472271451619562
5982592210595141789
-118865557624998962
-3243086627428899431
-4346020653162053787
-7167123693497878862
-6131012637438946830
-6467367605216797508
880618094966619130
5166140035244770660
-954703543523119759
-1541961157626505926
7487594362946155900
-3352469746603209268
-248829564168061406
3689566688813882113
4707014741630769446
-4884041016252325914
5443478141413127776
-870009455938619057
1116295325401670452
6188724017783057535
1976833671410605325
3634386314710103216
-4633173825338631070
-8800462231029642517
6611339660140216003
4082901054047930097
4901856493637018249
4282605960100567426
8303924205899411991
6416742462583515252
-2527664463030680414
-2074035982511518484
-1152970465093905651
4597252103517325461
4776205760926129779
1029583658932310556
-1869975677760211482
5098017322353844934
-8074307665468056253
-1384560793985127456
1325157236013228266
-6631059297980489701
5745181336329392259
3500229963325265765
-6181784459137965968
8852429367003267686
-6054320462654792899
-454116617992898469
-2180087874349143981
-5074069795593103279
6845617767192946250
-6009137396191049225
8696781858189245980
-372952115567956327
3393645341217212073
7064892158681863210
4559696463696061737
5454256220829034521
181056998743932002
8267183942737976622
1940128001269865717
-6291985391812491000
-3852806637727392007
-8750032398140673524
7513217958226005039
3372680643645424804
-3858989872803854083
3955815231737091801
-5832919781021258569
1351997610486714462
-532199223689086078
-327854495970382406
2049033150859367318
-8160192537655524184
7887358342116199037
-5052860232303350196
-3391427014495208950
-5440221166604941435
4102205377894462546
4619756306320688305
-1243370786940374402
8707286167479443880
-5752187874647154948
-2376021194589111443
-3037280712581957987
-4876717382196620502
-5879976836362970680
2979299800237264976
8180369795301400788
-9096129414900351036
2474615151789243432
-7686010034539311309
8951081387819221904
-1719230278520507053
-6394410197709570871
-1504075218830142657
-7235761913228243077
-6952963351869931868
6142677153001322698
-6231881946109374049
-4311488066980436563
-2426386656891665841
-9102921161372325797
-7471269571478700072
9125631960218214975
-3299111887066531890
-4062761844606172247
-6314702689887688074
2888192776167716959
-5752672893830812885
523774579982122062
-6229808486835811117
650170520114391354
-7106373927031934924
3027447447126086819
-5425112631033830354
3526292231777783779
-1641332489817853951
3967560046440278309
5972881283178460460
5994345443050222828
-4663182421898918836
-3502078327598052339
2503378565152765737
-7392477311004072146
-3532266552651835036
5712805356519714731
-2806958195980365720
3229244928081567361
4846873740232413388
-3408428209913975553
5304622457842819103
259970801166724087
-8574522705235211880
-7067539764882713726
-6617804623756762838
-6056678782320152228
4078643519848350175
6292613135565002126
-6884947918049991830
-8587028056462539922
5786274264390611139
7352927440564919115
-6437961069971266761
406076223643611225
882911127797239130
94128073504200613
-3329457103572045296
3493749201468961920
8089173958840004439
-8831698971577939520
-6791072065515132422
-479560995430122766
8582629129113169991
-2565627137262924003
-743098716241053389
-325309469448539952
-7321252893473482270
-684159520187273790
-5095962647119159913
5285039595135737449
5133229975221949502
6286182241011804776
6677212818659662088
6993541721878465948
8575279506648319132
4905225337402111961
-2869020397232367949
1629235284599867730
-6347992490197416532
-5095026365851941178
-4094774292074089508
5964866587858058176
-3136693860461351541
1936631059535164366
-7769758504123275578
6864863062025299607
8294338513560787491
-7915627486039548379
-3611873134000598479
6991616668823315999
-693324672796155917
2550980103838006868
7055644694839765259
1462494262362762877
-178437271656276402
-1463632165159322862
4680036237115220204
4675708650237317261
-523934306435498068
1511679119108793731
-1033370818975282850
258837001198538227
-2955925967997332355
6733353006506711563
-1902898701986113210
-6257570530606862684
-5476176699830173454
6359724584952753501
-6502497520084071399
8978010338989414655
7092199546957413148
4553272892876518677
-8409286763184531680
-1990365681983217411
-6721669687420102408
6883756415997401279
1897006939347455957
8154381538195754159
-7107799945737402819
-4269685931855118409
-2770069480352282375
-4653390850750478336
6787686883902728951
-2500162224035811963
-8250638453044988327
2066380205846652600
8656698298476425441
5400026310577306949
-6670036492979100374
-2227776694300199036
6580157382586194455
6218642485363594589
-1017865000674237312
9101405316178151917
-8758076235930351021
7503231030799149242
-450599036937359544
-2436476030515720789
8369958108195369389
-3736983752895484215
3759427716891981990
6647830040784692419
-1339048869780533213
-54319750856395077
-3766219267090061056
6128138773080229442
1052376211525190398
-6138621408849229762
-1052251320081132260
5195219897163368648
5725637641280281944
4018047652398334291
-918484226213471676
-2208292709798092129
-9064587684587111519
600422623679513350
-737081696703299755
7017132623814343965
-4342623009297636312
-6466002837386525083
5881846972621858956
340675784009421632
-3451496378296813963
5910595631380451273
-6374609367457562984
4391310064608887628
-4495937924370709642
3844337594203808901
8627380155589780424
-5950952432524730263
-1131092505473456084
-5336087782670562427
-2384177385411850288
2205862723136688739
990226600633320765
-7881709715801914243
1553239473083244393
4085237228882403200
2350323271859616807
-6503762634445710342
-9018047750120223941
4354026906279480626
7035611941680705796
-8516971217040348509
-4535570683718361057
-6731468967309236953
-6001683435324983858
122257060770439577
-8685796963076897516
1837616042210617705
-1951118003246563029
-8873717238530688968
4531057896924951818
-1688647022216841104
5457417956667796801
-1080020543164156111
7720041373571196116
-6769709050239575454
5037791816307415511
-7492629659277915661
-5506070998313704703
-4937114670752287514
5597795236294940067
3833324272584005785
-3606471841414315632
-8793647811081746503
3867334561400796626
7866015033095930338
344211228177153312
6365632658063383536
4729128602514527919
-2389110193457966413
-5834705165083868436
-6225168461329307125
-573103013196952126
-4134617932284106220
5628982311599931248
-7145811412257865366
-2346094466147750970
7472213537160647664
9088218706996361031
-3031372849522121066
-9158694088913257341
3665869156905896546
3623121948769864876
-5339981095707387776
-3608212455634586221
7265222672246980462
-4694741647721598059
-2596596539001901365
7896246419603254463
3877075321918626456
-6887619705669215606
3506198639705054498
3922235972312850148
6627171273486782507
-1058043720770965517
-7899062206767980827
-3545228983481991071
2418633840723500856
5500213303587805177
-854852803699820221
-8018429948842138845
-5129935869909548054
-2643612561665005675
-4478286186916428665
5989411907388157637
-5214298098733101956
-6429286601317938167
6991205274085664094
-6964798625702883974
-8209899165886025772
4225914190102312756
-2445872246568232542
-2692679780091808854
-1345856001877029999
1785401293699819871
6933660911068763282
-6828886761041685893
-5912628840218698018
6091551818970869776
7421330770808788682
-4809086926590949957
3461651962878197284
4623991418708867244
-528463611672515883
-4428868532450745901
-5881025438369021191
-5324757526928010412
-4548259832305815911
-6607137421774916882
2602957107345549397
-2623068071304195298
-7957474401933357933
-7945916918579896440
-3740847657840290799
-3137236199425487705
6750962617244127744
2877985424930928740
5805557308452186252
-246209660883462019
-8796897113879244932
-6932036785902951044
-4687852094521157850
-5575242350373877295
7335313235682021211
4069594503766448797
-136947930975072351
5222008148199288041
2113424363069601315
1560815612283186860
-3814787242524735308
8385556123769321034
-2045507143553977583
3375414138113943199
5721851976037812258
6637381565897043164
-1018865993056479392
-780616100609060300
9175980709608227141
-3578630320074204413
-7923028270798968728
5884949267908021848
-3316772615257700681
746431207083102379
-8268790956482710548
5922501527652276389
3145000015906251591
8263002898117002500
4074100293426075526
680711082311304187
-7975515796377856074
-3325235220697533315
-6988126314588540153
-4172812178885628835
-6814888282759283807
1769894837938801383
-2060236330596851690
-1270661270363314902
-5249769049247753039
4399003060213054392
745394986998006301
-6441270247517260227
1858994868970821852
-5062489129698498105
-8218771759797842484
-3076787252222940568
-3258294835423282819
-3702937523716363659
-8359488905348014954
-2571969277258524598
-6087510993061680001
9179487800641288415
-1242724051884203869
-5124164718684662647
-4906896485226521652
-6792493005858945181
5731652088865455706
4736916435124052364
-4596149529201331310
8450996216640546454
884587926442284858
8622309341227053267
-7632642936921094332
5884760905865591170
-9054318448487073955
6274641328292472070
-8840475432586422586
3912447189161088899
-7756723035475882538
3417044857300818388
-2094554262617850758
-7724931612451343596
8118322560801060939
-8544241367510130258
-7848823661082530333
-1455137987278051245
9164538440663148165
-4679770659353727954
-513808371968549704
8828166388217570976
-8875499719928571393
2239731115810080259
-5600221828443954124
3445047844470732759
7308003911851587453
6655540049081344331
3431539499621245253
-7020041770895927593
-1923083548389053504
-3921776820144589820
-4785943610176259326
-6282273557401732249
-704603535247831531
7208148007198356688
727834647793240871
-4925038799808041929
-147687806797439205
-3653273112927491423
-8881431813857329892
-1518655681271250616
-2229313515100945621
-7102979110378134449
-3081024766652414284
7567256121229552055
-4068894531560375166
-178191290955438831
-6685546179091392891
2769957874298912543
-8587881693807209605
130608210565050870
-5691992644703507598
-5451029925927937283
7339458482411178531
-8223590045813622657
4263021813565490032
5981114756379742107
-607412814859086848
-7379542932956401829
-606212698356341193
-4337140409607281312
696130090323248807
7051995705464251260
6275373967987728135
-2752243062994931378
-441681457270269601
5275461453096735722
3666772202095528752
-1792347412808658974
2345041413249582311
-5727994573554755471
6933547362582591524
-6918452514382434054
2639505647989246821
3314282157732206901
-1157932026197420066
3654081543678743023
-6557391527230284423
8434279529663474685
4978377084622710561
6500519033300958308
4293129165086336889
4560092629275708233
-3175540878336847045
-8975312473201276372
-1842136047327512710
8419595299676529976
2548820247052008237
-7347502589287719267
4952679296939907789
-3190891305850698368
-7007308891959065949
-6422961677207695647
4211067387356988554
6714602252050234140
-3248314448055257376
-7104625900742395072
7975687660025034036
2471615347550650977
-1569217453730439119
4893762770437922896
8531489015172522353
4612984470341218398
-8296026750067265823
3896035572749608933
-1887568276593885630
3477501451301569997
-7766708988603840435
-6544107899354159808
5777684375525327946
-4012420517644571775
-2872609028346906912
-1243642630010303575
7070991729349894745
-4216352281313524489
8051281864519123991
-3508265283598436026
6664896402005977264
-4236948810818350281
-3364163783088298282
61427428707873862
-6622589156108073642
6282022669542231610
-6588603155945540430
5994788392011769786
-2587825169021279490
-5928280273928333985
-4209212773155774669
4955074701150877385
625522485866042558
2218395724057587282
-8775476300451201108
8350355404816928926
-4123655331292021169
-8317680798194675907
-4179091820187084092
6682214337489431573
3146529643470881168
-3088846106314500747
-2953270111491251864
-8077679948486935046
7961797983832879528
4278885664406125380
4509813364266137861
2414224191395744111
2144264328037137197
-6016508705677292574
-7979167541035111662
-5648173863967339311
-6451960418163099557
8970860484474276627
6205870159648311503
5785124013605985132
-874682259980834115
-4299733766782923254
199841826924877697
1199813915748539863
5797214327326889409
-6946032118210567798
-2166694687283318738
5866476660710941993
-6818399221548703604
-25291839882537960
-1087917390423072722
-77639252125540653
4809316767714406708
-9027236365076882154
-982339481374329079
-8423939786956086198
-8610211237438708545
5773268817525325304
-152974779892522108
-854825516763966774
-7687633409839374900
-8288043995479931975
2728251536086409493
5967333395745431709
-1826021031547267453
6864849153972628971
-5911559646554033172
5259844209306508651
8427607932781488351
1775217235267925929
260530967746238577
-5281837793349097156
-3071412808118347313
-2400273528189772661
9046776737997229751
-1791898860645584473
-3198056984388916492
-5121234055266990063
1237268231567907778
8778586052324931146
-8742421602307902272
7691021225739454504
3234881961076934341
4481074647678403772
6208639506551737197
3912477078035396576
-3535301964557454696
8548068683645686597
-5213785832562485482
-5864564561361564684
-2325866455118410889
-26131356214689280
-4927233212103826648
-6508881059573131362
-8524054357856802276
7818595912163599345
2862692196679901360
-1127481057061794710
-4716581681567788395
8700265942585831453
6985402660721806762
8200362210851104985
2324611494890379551
5199263251021229480
6368364612781502617
-145979753593807215
5555436873041518674
4060705765838619153
3106607974133025811
7079236834048347478
-7711753639336408288
-733516642373924562
-6325011644940113015
2765357431537066564
-5546274900939112569
5782888864011028625
-4179881166569204513
-6433217224302075286
4870773241191822314
2133228915447224257
7866325701604909338
5444670556559054236
-3304338201444066991
7071897947241858009
-8704001579241756272
2107575182161138097
5012845925367260299
-4529626969907187575
-1091243654683610269
-1595997155805339501
-3871488861182002147
4719575469233754365
-7143670559377097158
-455976121017783751
-451780157722103032
-7317639774473341969
-9220393348448169639
710690848356973288
-4041801223452170715
-3414900437586151006
-7974937109711714145
-3279634162129066595
6852243132727186290
7510422991299591836
8275487303557970532
7085529111303617671
3096996736361018152
7156969749018973682
-6697765422383782216
5369945757628633829
-1895088543062009346
-6502531456163371570
-4633631857410581879
6041424312903002323
-880033222040346702
-532133227752222082
4407968659995650826
-3038824660659565961
-6542080761110007436
2536963510443752172
-3312431137531321614
6837315248306115879
-2443228702518466598
5824300752095652324
-8016337950531408785
3718456895952234691
830056711286162575
2655304873242903562
-6701466623756862934
3723113938261173529
-3276248436482184009
255130803703246865
5063180178166738500
7162291978442798566
-1881632851375640365
1869552088159374011
-4343898842809788737
1150658328730513567
-3557309870568702640
2456070932114503262
-3959807468779105863
-5400322677014843971
338477559310825365
-1143719163641488383
485785067334808124
7959736104303962033
4385627254022251433
6807081270470059042
3833214727591083219
9099722489060800039
651212338511331722
-6061437447430542988
5516792280598317308
-3111833028250883080
7734692106323546872
-3590134913036546972
-3527501081027212673
3626624971204132611
1162610440268173417
-572288050085373279
-235441558680081819
1663678162786737407
-6486038904833757746
-2045332866128125636
3663828157687766808
723395869764176315
-369090739561763159
-2777084288111217030
-6807109828005041949
-7428421874021797495
-1269679416198602095
-8913546723081866630
-4992937311460528099
2412239834087386735
5941903639397904333
-5604791208925391402
-1873577364416190902
1445757681608864017
4948836667928103665
-7870770290168271685
-2295731359857307070
7158909650250398648
6723101611281808970
-8874181642197350978
4443870493433741873
-8257432063639844446
-568108659602803051
8011841504036998944
-1367015388250677753
3366522068037697436
290466912497766409
-524587732481399032
1221336985067951414
-7007192591684040557
-5354173970031794364
-1717673692400852719
3543394212446776483
-5729590540886879225
-2690698965091579465
1144409437647509414
-6967254520680967698
1370522429502050034
-7032058825512425036
8557537736780751807
3402197685400737348
-784026305546381712
-2885827524032716371
1224371941165215224
-6648491425615432047
-428330492254133043
1880086317252924921
-5948899094898171831
3049397558326383539
2770898616119046693
4946362202648385158
412671494588290913
-4291971984971781271
-4484092855224307424
-1867847450551677820
-4344969579583053159
-7739876397336433209
-7195984046700588893
-2168890260328682352
-2256274261775718254
8177474124276696331
-9122656593230807802
-9006194117065065613
-8895217722398095027
6594575176841760659
-8760095286511497508
-1643469528446175624
4676237744300329864
-6970921579640197691
3873317536314623223
7405734963827335964
-8920804826925687569
956630500043193685
-2783218049533511815
6440595022973830033
2580562543308600714
-5286317232299653706
-7800968623430776696
-7749837556299688265
2247600852007875271
-8860712123691816097
-8472536705859934917
7654106400863455047
-3052878937685480006
8966007305147896136
8406025551931702087
7313611521931915018
-5364394516489920951
-8432923896416349977
905825532020648848
-8445198536614605952
-2412833627398177232
-8674578482906271353
7742899313009161699
6412802157396500586
-306561942244782722
5991888540320069490
-3839171336424673199
6910651480824969592
3292068119809003089
-3894283781534790271
-3337710587931977842
2214876704445696918
2868727805839119870
-2521044320628003328
2519699479668405284
-6658982404007427839
-2439056337525178447
127480557920198222
9131176407937868845
-3281847812458374197
-7941940931805822595
-6443339294711742293
-7190704944804044390
6572161834493744902
-430596841496087421
-673419883991986874
5075972997396139115
2022972145961159314
8732281492617452693
6285693122469448825
8229564692282380651
-3090796812526666470
8242169585843100701
3949777708755867554
-3978648313141055282
-6174232879231565553
-1464843163760261050
-2987140203956085088
-3739268950501704825
7481611175455022224
-655242598781667942
5423722756058613992
3409158902985856486
330738448908633473
-2943104794522280713
-7369389591304095416
3622594477344525706
8931155420027307092
3223156680179962771
8199315132885498522
-4661463174614090547
4758283939808349599
-7238233397293079435
3406247617126778334
-1816600446792795652
4788863489989207342
3557694007147618909
-3759635865316784153
1123502475511241517
-5301895336701305743
-2400740911798697047
-1471180735897492735
869234199242033680
-1542355465093764452
-23857285987283169
-3558295488429157215
4044096450971396038
-645938691343273312
-3920400743655348433
6570062717577930151
8829440956245212185
-2608488525357241288
-440924073632450421
-5742545153247089301
1729905451861863747
-7106572343291044744
1666662296150794250
-8939203023071111213
4951026371339556960
-6804901001561709815
7605228034568961257
479991891426838306
-7416691210622598541
3144112086435993905
-4072235146996277058
7910596228645391808
3296974117782128698
-4457570440990481029
6144771476570732087
8947992780351021848
-7518101195251175355
1143398681020805660
1673028295129812247
-8043809628562671832
-4407606792376830940
-6218399542354994915
4768667981709862463
1616059140002067207
3849593309936546419
639084433893459804
832804708525624085
3148767676204002207
-6565606746713241697
-8794493953347248580
-4192314755656262385
-7251660812025259669
-2575187544905501558
6348869525935263748
-2266040721452370549
2848385272529793461
4670578797968171683
-4646837935948604379
-1066442244455693145
-7572184529425633238
-2556388402632340358
7302742920712055071
3959876376351295832
-8560415482153570522
7821522819176794310
6705367321672171599
-7566009390620140059
862093144157434979
3023236011058824112
-7236712408049138339
-5567858656307773955
4357501713655002683
-3659129994847275393
1767297332345520792
4134549033985133625
7462117472755937756
5113370926583015673
-9219607151210791984
91153972786362240
-6686581788551147228
-1077344109204466764
-664731069672586661
9167601284298136737
2774565645171433233
-7424833504704230134
7513616010381515466
-5103520223059542486
5118459345095525041
5480289571147565395
6666484456917664412
4916174315097636320
-911250328514413529
7696743871342076239
-6197627039144081614
-7650471671522780697
-1752111280820491587
4281248276145714906
-746259321475321325
5321611922575506539
505045592563433735
-3615897521916105764
5739087013648208568
-3121546891726892517
3446418722840105238
-2162185464020008911
-689395419966201925
-1143358693493209212
-3614608999128749221
5295405367167320386
8067179258736849300
1123774405231958487
-8516249751007782019
7424642239159980743
-3355141525095583894
-8940897175087200262
4660724021830815129
446893859849067151
-8725672053591530464
-6005988831376584952
8269568404794158547
3325772129031744309
-8957290038711428792
69149948859230040
655392903048312906
2844172908786939118
-734350522324437402
-7722424025888997173
-4423924718016874904
2049184006569651594
1686810793464719327
6051464078777353477
-1978236129462671185
-5428360507890573174
-8254331927401680059
-7093846444902615063
2695044111904178497
-4582273398403321742
5347657188452507456
2424804093453434783
-3626432111626028117
-7576757798476667227
-3731110904360832244
-5435387800134883208
4414553805909491878
5472987429014377769
-4029436448887777152
-3813043208243889080
5401684810356271377
-6182105543919744344
-2931348450788850025
4983059755473361304
7335131508982955189
5951133388661563779
-1779035046331846465
-2902521407025986634
-685034204525396406
-2354710031578685777
1332600880457344339
-6426704458498262612
5588463447271060240
5608642868238859295
7097689117387350464
585020872932784817
8550143221923956258
5049664122436582335
999346735139281190
-4566629876604696247
9162521295757508337
4222786221215837970
9026743069500137393
8680111723226185570
1650663382653166110
987766665890049648
-1871456588047575914
-6547197330273810510
204691019937254529
1025988454034243244
8507762412007624905
-7056771474056513039
5263392110134358623
-2503453175284246878
7846173425087558808
-7447688920343039669
808329388752073157
3170356359703883216
3499137415096606436
-931725252957038745
-3565205555981595197
-6606331166795472243
1493785906688544747
8822284018885189945
-3579294783403142366
-2659732488966606114
-7681430928972422853
-1630639226310868365
-4201854751864602638
-1624808619394024583
-9123341824596961246
6926063325771617840
435282999986055732
1994405104989518523
-8277111537064584039
-1350305293046859642
4049735298141617471
-3126679277223413101
6169451266852528689
1493335254602122927
-5114623399070881044
-8297267256576363523
8613493955622623600
-9184269300169868873
-4764415986010970613
-2251480735251939343
2703156628571490038
388276721834311517
-1857150080283020075
5416798138890603078
-8019511193642499655
6721391607796485719
5296155350790911867
-4790482045554233677
-7723643656390518238
7402898611742457901
228493982622186258
-1746181418960904260
-8173383945273301263
-1939096315279339241
5580420621879926562
-4715922358501341742
-8908771484281222774
-3699821254440571893
-2596557184999114257
-4100868184664363884
-8556505003252927463
-1918131929373769078
8835849420016424213
-173064509111496308
1155175362765618662
-7061025854300330253
6943011706211271633
-4863415511296191312
-7316231811714689784
7649050304194996364
4930440096028813587
4726556838236793601
1942212020769399213
5887290909828573505
-1093525844435541951
3845659837476569108
-7505078724687831859
8414922832726768983
5300774719438452795
974501346416783127
-8198837969833188849
-6533011205965880967
-6721138543668566868
6298632220650142430
-5961082927145024510
3827075362134698152
-3535611437598575176
-7019989759161351052
-3982180630058374562
-8454629395188083426
7109207326062939461
7633563786777113143
-5824324917313660706
-2412655974520633735
-1277718021517747042
-6994534534848942127
-8187960950465433579
-6811665091107085992
7453415801087525472
-5459265809202430579
-8682419023134246048
6281665899383959101
-7259041552998807057
-9037175693628263183
-3957024726241070797
8234566439951993320
-732305207072634401
5355644433851581639
1192476296142326392
5694665317158854605
-7779393525567612796
2827943478325621219
6881460732008156035
-8987134969258229650
-5035556600269532095
5905755926846506910
-3357885423315198449
323505434613639047
-1236992288198662861
-49905325579895523
-1475293984406578346
-8886238033555565403
7130669438690198260
6519955415023119741
-2221660417773516824
-6013729645789352660
-8841014005858128070
5655593070713448534
2901726686498756117
-688500068854215962
7622286514532595789
-1319712355995613096
-4832671430208832536
4554411603062203983
-7878482668357809655
-2144608577953409039
-3406473704578992938
7515702821053658817
-8894029185992322652
-1295014780671313688
-6995540410569032183
5636704145343776018
1030050458757340645
-8130831109725903370
6328943593046119411
821567770879122556
6776380810498113216
8880656899614952189
7213301825771914075
-157662056232481671
-6927114736646566324
4241909454940591411
-5671191020269615707
-4750350805047363430
7575588178380156265
-6495393930871480718
5987451248342129928
-3145518496224985589
1204890440295863880
3330514586908039371
9077992995420013635
8538932682774058952
-2827983154535860353
8333446023217183567
-8197864324268287680
-8905408391345988122
1994349603943732306
880310033355544121
-6372274500158066636
-3519270156795061063
5891064100234393464
-476153351317673275
-1759492893447667579
6151111107250284621
-6342319381788080500
-3511759567696201721
8593991997185717942
6708932145325964447
-6007923228137594966
-6557160317529668417
2018868887804074671
-1718342458142096641
2643275071762949270
-5413353655982394950
-2106731773702883577
-5074190859749551882
-3793625932116496877
3956101706519292383
8543404645325695124
9182535578066515518
145088963872608846
-8081761686111670063
3802072681298571426
-8187724622840719852
2629087884317869107
-8291180642318994267
2611010575913506835
-8542441136017501650
1798183678408919831
-2051978275886058217
5851027146809434060
1181162246632168031
-3281393524227236390
-6849867825396276497
-9092801896270608911
-8756415401676339801
9010988869496673261
-4888366777952541241
6733570869020070247
6509685683080456884
-5754704163996291649
6492060399715822702
6455743311092822132
-4138398350390214610
3150787726199089274
4004605842000438176
1117587399318162285
7928831625315100197
8835882322936138413
6090096162515654111
-7489751763179819827
2526940571468068741
1275199463630230587
-3374772899415645667
5342198349738358353
-3394875041691918790
-4803675491891188376
3532043418092690390
1250816562343022134
-480895389941575006
9056435253806928120
-3814248366369627112
4551572188304722450
-8099929433972880467
-6434942940034502944
1500118908828098312
5968948237185708240
-2296582061391050355
-6610875083635418631
-2248671391679994641
7287778036410633636
1816244079774341489
-3216148668771519840
4850862849195109944
1594355194777599812
-4883921009401635161
7767617388914606943
3582912958575254438
-3906538457858216590
-7306958526196070389
3585677445378707158
116300962016173246
5669359870332176826
-318507640940722150
2902135003956006451
-5005464263814312808
-6284530188305931503
2799470490497119875
-1574538935402594412
-1252613387425731563
5906534556389365747
-4616423701224487168
-3482608291512792084
5792235692395075770
-353730774056642982
-6774864842432200075
-4474902185753907706
-235087114020479198
5166723858980540339
-2196840517882538364
2084614188956597347
4685490481348796219
5684777897295718624
6147079775646328372
8312666055268145894
7112726710567397620
-5476838972793513902
3332571639536239293
4270087047322092803
1429896611693931712
2153011413036261118
-7476013083677744109
3171306668462765562
-2667452745315881149
5003631906724655251
1103708288502924384
-2856531474301117346
-6289149338743711528
-5892573852635083951
-3798596736423863572
8192039120164392361
1863944082859520247
8673650563360708413
3748393582762598058
-6063549565691673819
5183539587884436390
649932012057146140
-8096666580135831584
-3944760552728793764
6584304589856190507
-1389818281009992137
1750237599191261869
-4598413137512777387
8723328007381027205
-6211185710702106136
-7112915522640893322
-9022859540707492225
-2231725665186312376
7353585576728266729
3418994787676975454
-1773059784816407885
2341749898869909050
-2260754492867531078
5852746331271246671
839947540749292412
-6160316501787247112
-589997831888582929
-3033612122731075821
7306233945052883700
6864496946277692462
-6062970211545685401
7632018309850607299
5077619047675023506
-6763883143404841308
-800734918806799215
-9152054790223974245
6209471995010279408
-3148092139621357632
2377191094774151650
7432929715482579521
8256541882956235646
-2948250417493349118
-4091305430046106236
4289396929068880943
1925118917246582916
-7143318818549886023
7219733670431147783
-8697415398432265566
-3241734527429568721
-6723241244583508296
1097159831477663928
-5395946324479664788
6886557187608037515
-1589355612754877759
-8559980585966470661
-928484035321026373
3970871593378015842
4217875419019179372
6984107070237425292
-4812262928199897498
4954542158472943066
7985806468629261445
-5794265999711728613
8524013100171075794
7022057976811944389
-3102658777249747833
8600585667741395501
8534351069367352881
-4308653241440365911
4483496033917114139
4042280904979503159
5666438923356335026
-6756992932415392176
-7086667650975137966
3430374421430484761
9056389019819984470
-8467522627525991720
-3898867439091519921
4326945719566047360
-2711981545505781707
-4900842271077757806
7553481729467627527
-9097690185057208732
-6360638652202355450
1533245481663055913
-2655085870921565159
6338631845390058457
-9221343226552834019
4648687467658426808
5335994022786565370
-4112837077044806731
4443529488865795928
9107248597548667119
1485093480301955516
5765079092240805110
-8741988084616119572
-6639562671855876247
3889193651712285570
7005236619163072880
-7763594660577333932
8534849763820455774
3390084542822720034
7635393148558092994
-7082171383774843187
1329865042466591526
-3126632376441548172
5232596216676761274
-6330932793457919097
-4742322516534533402
2368728668922527243
-1790676533896854097
-3564297222147466403
-1817824938987172402
8701014278459694388
-5743494884790519555
5187208539658363357
-4948980930502240697
6554441791017274664
-6423012913454058733
1538262759597233837
4213445455493828068
308998427762058848
-2237829460409881758
6485693014749439857
-3916316581835758184
-5148630371781587904
1509494615003714145
-2477952282691658262
4912241070446719162
5908563011367391951
7943991543103064118
7081941928073222659
504824638991694603
5669714341973269728
-4323172389748527636
1069430734148876996
-3904201690015505185
1698186102746532888
-3922638212697618896
-4498245582784704643
8839605972812665695
1243094274055879141
1666596416958327401
-8203853499353196663
-3550887269559002206
-3830624332406631307
-7185350189818529783
4868376197943489388
3754006795080920006
-564009411201344398
-1664615760433786573
-1936620333350709939
-4733725124138803701
-7069427983564264726
5625730669560589203
3615548927563722687
-3667890851974836658
-1876849441598775438
-4483560103505654614
-5179600300175965025
8290843366217052044
7833286044401248311
-7292769186853598341
627213831730166786
-6651774680721042799
1174212027693491530
8218097405703499207
-2352228216307830708
271201289407439040
8046169711674049057
-1063791350280027145
431112253881963648
6457507683936078195
-4330458375010068010
7614648030180879475
-7060245771386611880
-5696639200276056991
-8960277964519577327
-8253842380079515130
2118779077326895270
7740808191804134825
-265918228791680245
2909668230332467608
-4317508860051294227
-365448217714160525
968248373100185224
7590514876905486590
5133720750770502302
1377238171789474235
-543875837574820724
5501860193660060331
3839310401172544655
-6322532233016293799
-565149912615546437
3287493241474113551
-3131665094061730130
-5189945614451925710
-536821778091512097
-5722145189724244300
255088079054245876
-5879111971321176901
-7970466219462721670
7097338968253529026
-3295405044998417974
-1065883624661214301
-8098891694935598139
-685792983130213571
-7041191262387481021
2760444766261250236
-7801026079196366447
-6645199571642347041
6097395798953933024
-5339271899200959367
8872437541791669841
-3506324400800278842
-8173305041642782792
-7972389563127766135
-3540064847682629405
5089482002709063302
-4600530319417435443
-4477766515650492861
-1442986551969877668
3768055277935012236
7516888937541090795
-506216154873227578
7777405725836298653
6115415377391562272
-1625882992674840403
4839106476919358335
-4435884654076972847
-985607559110939008
-5037391093068258967
-7724954106657224670
8583196163688740952
-7459892800410688960
7740040266992840268
1911692575770886574
-318555110910851575
4453611950216840753
-6950185165243499115
-8625927814348327795
-2137395864581164212
-6177076657692758209
5266017329880453539
9194472028088661946
5327888354760744091
-3808023694741731209
-3142027956506311015
-4585260552364829398
-5944293320017424124
4094640761679169510
-6754604388911889629
8045045670876936809
-2128170825366230314
8556716942610196604
6512772215887556777
2857349997285258953
-7959954837200134122
1894745510213471368
8700524801442903794
7252454261257990041
-6588186861808834531
-1841300908270562671
224729507307599715
2681327107760385011
6951426217757607350
4557460907703151584
9014021261475745861
-5292165712067911436
-3541685628157141648
-1246628911028413136
4072686602130132305
-1337045690718497697
-7882568671386147720
-3868209474088725771
5472269878066229642
8201472170990246884
8727347631433363228
-6864750083042046629
-5878283971354494864
312366052160803837
-7361524588693041210
1902260774387494724
2222544830939359195
-8244091939488722417
8564713387785717166
-4524933358527824048
-2588292094200046401
4984631805443825028
457321182480764361
-4504683156722283358
-861576095788687678
-4781708649915539876
-5302974952018789490
-1209608773496504749
-305532293653112652
-2401578315613826885
1705580264321472025
-4516001372127850197
5403646473083635881
7430755801952934123
-8042716759377228418
8738286954361536368
-3213496565456889502
4175475947638152968
-3390740566040737324
-7765894749034163757
-5669384416596668612
5594690203178741177
3842978515072448774
-930747667627799916
-6485260721994698180
-2750372660713129764
-2906165903626821839
5974398125661501255
5524920347331879389
8265880250689474091
5795033748973580340
-6978787364953600732
4642792374901964273
340600766231663108
3932772931677390017
5574499446027154438
513733373953912913
6062156650675439989
3877605017629590153
-2289856992583744634
3432568158473081951
-1778268604802397446
-7640394871186442699
-1201520190237788010
936195227817654547
-436865172670415771
-3307494619007576666
-4167563160933923026
4530821830825809558
2429436708565895535
5804211356613675967
5628494191739664856
8721459255159592071
-7812143123262051758
-2763123448138137709
-3518101778207235013
2516184786981172879
1384772133054277454
-4475791064702316659
6557945711655266739
-3258997888436629602
4480496668932662855
1372702926372520049
8740729992428300945
-5928546505605396767
-8359961563324299794
-1397007864015436578
3641085166828648990
5892263157558632180
17089944694030261
-1606983770413623228
-8293971113143768298
2579209999584016994
-836274160080553313
-5996170506533974784
-276097955538516326
8972346271372492386
-2073275429211779200
7169557401388091235
8063587923660181877
7101813733168287938
1338689255739571610
-7183128185044210482
-5093817340118142918
6941354275854122907
-7374770784160902204
-223741050515514593
6606078054903333874
6872942807905432384
2169495384604670225
-7894269726431534218
-7165437630511531520
-1680012959506511839
-1564848817110413713
3307546086923784743
3810026384771413256
-1218879126262277878
-8862080854129427835
3462135877846591283
-8075904964616641462
8938415652485150999
6249680763434033321
2521702753365119040
-6000479653350295855
-3218302082875746162
-2061883055863148176
-5873281275712739363
-8183629863857278517
252681789012267708
4808642701858491258
3154597803308891339
8196002704449812591
-2276604359431999703
-2284666398064582642
-7799118337244582397
-8351070754147367686
5327458007509782404
8246677832237533511
7612955960138351448
6672544252033269910
1056632519996874122
8201382891346288823
7009168624588749721
-5748626322631325857
-1474369734090833978
-7103379449626538142
-3519957389567449755
-7400950456655374185
-6787668083507271440
-8104857226957877825
-6471962753478528438
5496784837622523821
870770357515630014
-2155578728136906588
7692661331697245087
-4225483046185045734
2415416898376263385
7544635389150570790
5532623465854448605
6792624202174041729
2773657132180072850
-4065628383896342896
8937305928977646789
4679960740017439316
5627699334242665792
2981890774951299685
-6442868481747884480
2692381403698013385
3921099268710810361
-9049733299358235567
8785429092561209771
-8360309290870761482
768210694655661030
6494442087209917674
2852150996272009088
-8682799371034726124
-5649717587720422324
-7447429988791882152
842700802505650055
-7636217010336192540
2698651720701557575
-5755775906855340943
5990861383056317531
-4058406662294340077
-8676363031165589651
1711442714942082644
-8592242777206649747
828236457266478394
-2080924877576363013
-3311825208624003370
1940535632122736273
3168566442452886598
-7417793528092303243
-2361628540960649788
7200082853051097569
-4077478855469284196
-3496975333152494071
6415871485279690473
2397778824359974389
-5699833602494014221
-6465871257207479787
6065753007997687179
2245627013026438250
1493761791280893968
-6997546215957437401
6920488174347480219
8518068077710667818
-681009011928272087
-386705071928776202
-8157162920827830596
-4042501428806215440
-3782339476205763170
4049999633573027679
-2862161775755812255
6811736663239712107
-4625792168327460176
-7332686131295767883
2156141606544422319
7442501924874595089
6794003829960926055
-2159251211068003264
-5701915295469293692
6747901282210445711
2383104901970234915
-6437235066924837641
733206826640971665
-7357108957420753766
-5360186239850005794
-5282736351561960937
-1303611274884722994
6364704746053810096
-857974804220531050
-7632024251952971486
-56660628556587214
6820842448838150185
5781896161105076116
8194166766075224172
7870483556714053275
-1660464713805863756
3697449096545336917
3904892721482758992
1909074606817027597
-6215981327320328640
-6050376815641103188
-2222107082087808426
5909946124570373144
-591840284659296005
-3327154189863036619
6049278311389052709
3126135140841858274
2049334214134620901
-6795071290954447167
-489166854288693665
-3554229353305188503
1786418083992571139
-703016413955827602
9084913602232526231
7243995907178904980
7895484328780662942
-4311159855763925756
-7348408153518982833
4474727846452960900
-3158428489028428580
9124801692980833844
-4985556405094383449
-8819869881533417329
-7689928287866353025
-3378421744217828120
-1390163801776534041
3111524501336147581
9118909545481110879
1330753849093955144
5461457335273905083
1118479484482637621
1118760454298769797
3441966029471391000
-479069404153726846
4631751007469074258
8650447189470669997
8117578113731610210
8416673318523823936
-5577961670845286767
6014170064849312641
815279752385175862
4836335260474041739
-806837117227338143
2980794702600677384
2603706494936518690
-7839056714492641369
2696784919649914542
-9012730642597882064
5417550789795003148
Matrix_1 shares[0]:
2882962075695253751
-1548031268671977223
5040140418599876468
3495325052473946155
-8730719830075782901
6196361450382209001
1837817336459420568
5713944592703394475
7273312845097683351
-923049718075025598
3840209509498541254
-9069587202654545747
6285802233571549538
3735580720970323660
-4415901380086616110
-1721079832266556942
8529784956006093250
2980055730818702161
7876119201349094644
-3834256263300071565
7947234420777168669
7375445892841490315
-8119072075802658374
-321620152643551319
7261024820662516777
-5151017442369936740
-6681839537679496395
-8100682815938583252
-7624532199609868484
-3476936096896601462
-4464016896200256177
3772895314673060031
830437205257061479
-7912525207172967003
-3681871230769946437
-769611900493866455
753561013516997643
-5183533602281200421
-4488638125181055140
408139921872140487
5377278695645310547
9063829447637997625
-4563153852882532906
7853070598742136997
698296275616113475
1871966040070807971
-2182553409072538635
7565165874087616057
-8482263061773517031
-1631459746194236766
1824713833522717169
437643506057208641
7751957565534078814
-2167726364249870358
-6589425336039759376
2591827610730286325
6164745714975618083
4586963503875639226
3142396878726955396
7947973952858553849
248129081972580086
8779704370822896516
1456108223018498641
8929979699944353985
-5551454543570210785
6399527416268665699
-505182242784025827
2273218496755384045
-2937254920916330982
-4066061618206248756
-2861303070668583214
-3747689696283008471
8925030954566638269
673488980509335399
-8805271693950126001
-8583846808045974245
4832732035793109885
4141495263696937178
3573480782426118605
7348744252228110825
-4705597467730368471
8076661170106987364
-8265844507588910407
-5476552345755828552
-3861526303168031392
-6697995049148684145
1505997592080661636
2209785320525759480
2531291430828455867
-7293623387410198747
2701942893676785636
-8596856938232967242
-8005377367739255475
-1943276825483123210
6192675704748019959
7372359497260547332
6554852974934042629
-3550457967506412005
670576090804851635
799797679553156709
8986569490800631553
-8353733696905898544
5463259571453266304
5596275740021572500
3023019628222914295
-4863663049001559999
-4089859430446843901
-4862823799689856697
6356275073262958039
4256145095711830539
2322727920318192666
-9170641712498472500
5671134484967698755
-2093169095908688556
5005634599333873125
7523132154545110188
4729580126179423852
1298858254951492787
3060562521109712107
-8388335402878266962
-5646199606341289720
-7691957745642849479
5905360245011398937
1466790074333796995
797878994154231580
7551401482541860799
-3974792053019104789
-7443874837253152810
316911381675993699
-5161318607645328136
7526587295267530067
2422779486515717464
-1223560919782904544
2111685295660736266
5890396465233555873
-1822414394068491161
1258666312795398534
2935366502755432865
-1453579267211736710
6250675597210298581
-6588071423854031828
-1405681020024400320
6861157226822465984
-5354651931479525707
8464347562171272941
-2854097117143142383
7269535095761510332
-8042998972988630714
8988469003257106441
8235993450245370850
-6366479992106750506
6131620310726939466
-3924439882024939135
-4259513484262793630
-5594538500075786432
2161916623899821724
-7153477021383165183
-2409361233568748891
8298884166326603133
8935742120490692734
-8174348123210247934
-1167247994876377270
1850433597081474527
-4216997050759165482
-3451502561260034225
8697603977442358818
8361223210128572257
-3017068563489097084
7450591065243164143
-9053472228013440026
-1630311082462119799
7787643067982175830
1268607513918876442
4266511019032642589
4704771882340874196
19284608451902376
-5997782941900599928
2748938247092753202
3831508747476774949
2747811545629901974
3606744053912405062
6348200437993570337
2399526760608432984
-4692610003323511963
-1505176425296696758
1128819981823779298
226199273145353896
-412208901409021746
-8848134090751767656
163301652578771264
5589380991194107371
-3313037736621947661
-6764384525584622074
4851637338537694457
6877736623761993661
-5041532186531567023
660259409570223326
2058795674907817590
-1836744617518685461
8718126983762589544
-637794474014726026
-4747185886420112393
7692087597411540501
-2969177988946079728
-3874467973154406271
-1629188443587100611
-4709803546917932930
-5356954968816333866
-1029345024964598114
4878478985005033292
2881469376959562011
2449463657197076317
-7018781918806290661
-3380824515312451555
-437592356724244111
-25917261488458395
7150279911035630812
-8293520633118838738
-1250809005528634728
6515312674267509908
-1599897907097826280
-7405582227481033241
-7828158836496755652
-6064860285166688446
283312830861306669
8464443739533500000
-3051710844196091120
-2880070719231686910
6246682189091828444
1906083770169729543
-3218395719718125520
-5460006730961964758
-6785259070765496360
-6229991773001162296
-1897769013377625880
-2755009619191447602
-2313716798051894419
4671682641237303562
7467815042418734075
4169252271306547871
8782548695998200638
-5272735236598586591
6401614850977643971
3074294576862881111
2733128397882488942
1083153235168805554
-2994429650890222972
-4637711993483437722
7668200736454853703
-49284324259499340
5303067248133630130
1388246001353237355
-4937939583390957110
-118672149609761169
5782161905490956991
-4047823599971206805
4030221516134651827
2879164929666843145
-7774946684580404042
1927276581319534465
8300097529065213484
-6709985720103524812
2371922762632643220
2649913512633147525
9078857869128376750
5864008854738140566
4831510936487407773
8666845064640106949
-4122704641835073946
2964476269341329149
-2009548524211171638
7335268510285336878
5840807215110837805
124402030453462648
269986037351102447
-3438387069824067516
-6438069215466488879
5312660798700608660
3942131620005509159
5830882883460051325
-432411151977674973
3157404106120102600
-6506188617667445348
7568093807124321152
5795964968594826924
1189224219357375988
-8251831552326071075
4614276861211155118
-4584658123183026071
4075362464911721730
-218250953010446491
6758804891942625992
-2694183398052469981
-2458292452260939379
-7156846579239830060
5872616013746348329
4792002985079969745
-4730622128495824608
3806252199734769560
7977788184105890611
1569806822494548067
372328502296335084
-8692534304809642401
4899577680991664973
9377939616729366
-2259833260213816724
5242638382595321363
4119188584753402123
4832406210651270467
-442537229750768237
1430447900384562518
4631696848686089291
4767274104744170560
614262299631831755
5605145917271968721
1173597501481129454
2440823379451416561
-3687424014803720900
-4302032341913553541
-7355674943121656458
-3221553791012828320
253617616580007172
2621010416590508198
-1077765732913767807
-1103212526402761186
1486371383527587941
-3262158430064893379
-7555235440136796402
-3362236939724146727
3025556213924780829
3935407796251129261
-4743524762584932697
-29895740484580554
-5586207625962143836
3927437422153268019
-2814508142892307030
-1102719272086860036
-5125060131375296360
5907224500553970817
-2911758413232280388
-5408384371781817117
-7009780953236309260
2396781545391978644
1534353685695688554
-8767762100542369799
7697242132426035013
4897724990475298915
-4361687596785076595
1357083285083974210
9181882643293313308
-6272914410091767272
7910776892393584219
-2876239062449927377
1392865260476844343
1626049916308312592
8035625354811888065
-6487111862039581440
-6405956799333891921
-1123532333415901937
3048051707143592682
-8498803815789482261
6456532149539544879
2521862665222616520
-4926551080833327480
-7795254705531266689
-5491053992263515504
7449716594588114636
-3044337475087686055
-1363402199520569379
-6082593259499754266
-7425801955513401596
177847879463525086
-4055655956218077117
-4420598194231839846
55629245287521031
2484684232994099586
6806460546671618195
3920106279597967006
-1120611875671110437
3366858517924651041
-972584752129468258
-6161192148258944831
1168224738543669977
-9174154894157932086
-1766273966673872150
1530087752242793125
-3202895133352554648
9084904840644460745
-4414060458890898283
2149500894304061051
-7234990012141839218
5570015276396003078
-5502920692935701818
-8630486144386064465
3935135491244328212
-7865419102677961444
-7527854777434385557
-136939598534958516
614173100664272407
-9097314424164338701
-7253532265468323018
-3849240884510799026
2927652232776062993
-3881324786882212226
9086962213742844269
-5224434087994364271
-4999371531449265878
-412765131033059064
-5108220283931007583
-6446517255648106494
4165890112735589230
5656741221552782271
-8953559986978723386
2401454395571594561
4110406093134854547
6955157672336996343
-3354547613661381626
-2007058068496548299
-3384305515723190458
8473959807261912534
-8321868946323520026
-1799518781878422922
4149513436142446718
-844655766165458315
8413090949183794207
3128880708205496195
-7748268022423123367
1768308401671476798
6833226722091268807
-1044724986705838786
1827070441458923084
9108040515768478283
-7373018466460105567
-3092872825009883260
-4395278873287780867
322068572369383283
-4748384478399672088
6265996727827866178
-5443143626589379902
-5800742010290182875
1925542554273782606
1736749483146970601
-8073884237955293298
-1012987931409094641
-271344771050549558
-6852379845865254489
2089715676189835684
-5392100690066543726
505210418684930542
2102546353828393357
-4144284809287314560
7780281605258887350
9211941575638279478
227034778141040866
-4349316949303673343
7863625461085757128
-84417796161088043
829140968727347522
143337356040668576
7276401156068812908
3593204704429520011
4790299559552422447
-660782600619884540
2216279681262948316
-8701565275147617487
-6747875684432732813
3675704196687400595
-4822927044272779899
2902306284340180139
-6012295121226144797
7870017916045048518
5204713437732195502
-3197829684787733310
-6112322473326866207
1861957469018401187
3193316893135608868
-69196998300063170
-7475317424367442863
-8007777497934586917
1159830863834719427
7478662554927762228
1226956595542579069
8848547165093994981
3861984521786757743
-8381318664777379487
-5326550537299297501
7060929619812294613
-7713130429258829233
-5309757402428536554
3935856286074222599
-960831487993914942
1958170837185210739
3435859009463604780
-5249578218458155911
-4329727676195134622
8743613405890726015
6565329617572111842
-3481877666264306501
-5447920395934849204
2733360101347948314
-111092064940312561
7582609955834798489
-1286619196806681418
-5347410348761563366
-3980364483230505622
1291183888955200560
5365895396378718064
-4683446174551174353
-6641256159003597430
5410392773308139774
-1409837885511669321
1903728846583748414
-2348518300141918477
-8963003876183847132
-3011523472775994261
4752999885607679220
-6371109975004291855
-3364126095940063745
6673626472389017544
652495749121583155
-1654920071170638521
-7937777581586296953
-1842253063576411852
2767761134003481520
2080249535474331823
-3549691997348863326
7055608777254000825
-7725031439003674018
-4243104641817660137
-8329685719470553487
8949830184168650612
-1697433844448522999
7144032166710595541
-1805613490018326265
63006216253339466
-5387569796145896621
-948840417253689954
8720798779447199175
-5267981596669449925
-4482803011290211042
59562448690951867
7705112630090365271
-5926661957433243628
-6007280781136099750
-2276772313277274240
-2208154601966626014
7807108983603079233
3436204283491392029
-6218923416769712184
-379449741718567794
8349268114254014413
-6989648643351556499
3876561239953332967
5521470461023791200
-5861057964535386023
-1222445265948915205
5055504109761871631
3847785482232010843
8421784103072694
5768927356255994346
-6224040072896473815
-1778763498960334555
3012416682505056618
-5399192402576029723
-7554336450627523061
2001668279966856216
-1066737269683949556
-4637929896311070321
-3514549693526955996
128473990647087552
-8137192554038909137
-2090414816825374730
42107827056169769
-7544433000257100454
8429986934783235207
-4800877823961243211
1173082140612730929
-5259740170123294225
285468934300805086
-6824546326767776448
2967569579307920810
8966946287534560485
5168102289961341981
8251531876591037470
6899769747182184855
5075970704389838283
1795317744967004751
6317227780417910107
4225876029321370100
-1387427965454672270
-1249415246205576041
-8591556850839038766
6288582510160349731
4212510586507013120
-109252823034101074
7663308225276462788
-4504435920356667117
-5115848063616400198
-6208657742555795221
5393911529146945919
6066323324383145116
340900071557290074
-1612690343196902941
6769772637025094437
4881201976901600363
-9154753936782929797
4110276691654847406
-3088814264300978623
8190700921990818254
2587435120598012552
-7914350423691974388
7444877047291398939
3646274320145619884
-4236207420929500612
4576981762801981193
9086384340679118681
3627314213584451239
5572054523903888002
-3159789734850542238
-2886204377627268299
1162180854007211495
-7151377845288625678
5707314174178452549
-145674728629146932
4217534021667491603
-8174357731690891194
2184848155223191920
-3227596036739797792
-1130379232737580741
-5588047912961507844
-7687056756547477935
-6530946329029030027
7404787624921742947
1734380780704099002
2786001766849917753
738257433363165237
-2381582915256725288
-7552047969302073790
4659610034307841421
-159544897588843586
2590646824612701857
-5648626317903435654
7416614903640962380
6330655012514079413
-3678560875049079498
-3145611762612531501
-5296928879055183857
3562938056823319779
-1892961957399006295
-9217925730613019669
-8040711135985328616
8285935185472074557
-3548511749766590047
2513300349966531051
246739455893028574
-1998084030749307564
1232316094398356515
-4453113394815973345
-7186028661441703861
-8722902998068997190
-7082670384585332581
2085732933067980557
1746282524437644343
4280581004555651902
2411420355987713731
3461171936728885557
-4712012590872567545
7918799520359050330
-2825927955776606228
-7540817584235786034
-3376064068154277772
7242601011064196834
-9111941118808246656
2881855379487428752
142610780282637252
6208644191452807722
2917149921278250564
494961300136548131
-1088365536246092986
3075235157933589263
-425964753169149390
7538995017978817597
-3142505067497510828
-5986240662011531436
-652836621290054498
-4435475632953970471
6475342517006865621
-6944981078096146310
1187307226509947622
4610002485382563899
-659537878745496600
2829307568562819454
6759990025932594414
7122320808199029127
-4241786839818107088
-2243106998544209472
7596210368694380136
1853960918350093341
1627902117452738765
6651142671706478270
5794235432420113936
-6592975385103508842
-2328601510775724898
-5139098989294593047
-9217955440400941143
-5141496196654587046
-4774613658387657711
463129930650341785
-7849492009146669399
5882177119050822128
-641291053635392004
-4559165072906436323
657304892987837930
-4634453831252994223
4844588746089786723
8497139222100330617
-6850906748392566905
-2865189934722431533
-1350026582243497735
5399880281693204853
-5025359562722303169
5218128603208373529
7446443818561120737
8650535812502438567
-7147148050449353881
1260240718391083905
4110018373708263282
-275323233637115349
-7401121620610850027
6934843462543711075
-405481480603703319
-3703920726369889126
3829760517902031706
-5052734823002234567
-3691519992406439723
-729407198833857397
1243034369288000883
7404664408533474893
3590251554051126152
4861730302001866585
-1336332030003030897
-2067070090553386472
6948032563281986847
-3669282202925406767
-1490611134372152929
-2473781822952879949
-6347293607272655977
4351036438507080672
3436107480390340423
-7653860876236729316
574360572819343342
5964797279642028850
-3803784234530521298
-9111134102944963920
2583474731172099832
1777014830707533664
6233601181995446188
510402893281288257
-6145792514210284286
2481965838277503511
1441315761200812609
7833058717597810511
-1864578552437682784
-159978193507690501
-5583208202129049657
8764102614568359343
4160264452648694822
7429216629144617387
5764929020580269998
-3470909319665610081
4187255396992349316
843946546676027657
-7069488772680065970
-3869307814184415817
-8458562034742531176
1359375642658062711
-4147511376189715329
4825931466929554357
4343868627285122567
1863966429422142158
3342644495557233495
42406804399414752
-8425307027007313377
-8563085436112406625
-3800470218045265533
-2469633033724340062
-2796074337898673665
1844001211484335010
2219870344629289688
5284568037526809632
4728936613857266814
-8153605445936809338
-8163539928222307485
-8414919461740775370
703006574865679086
-5414070871768991873
-4595302543159825145
6486146459849964909
-5364543128206471416
6959181875138842184
-7149113192895892650
7620456536405680234
-1956838700915877762
4469480417618819622
5001143023920716562
2318689154166277139
7056228468928445425
-6013346836246710571
8055932835785830457
-2718031326610368476
-3465189004547772993
8333016479285173740
-3660176437634270098
-7247437757856193233
5132380381086027369
2595639622148047874
-4190416870117120093
4450541696071516589
6942508266765616456
7395952933876369640
-8721701477535166268
-2486144409840799439
5146359931441242899
-9207207234392536605
81039555582453795
-8160447474093664792
-8701193477236928285
7712363908518211850
-2418808429729222937
3801348276798782403
6046726107664909883
-6849513904929297494
1736058712858862795
8787715831079291199
517537823833694196
9138117544730706969
6295725737087447672
1225109705376384786
1997819932890241567
7233602916863485912
-4781620167981617680
4107786377630942435
-72400942247798502
-4372268958859540230
1623860747306188324
2698496141308246297
2778050087843901185
-8025838327131981559
2398470470856461670
8445117993105974987
-7320562818106971810
5972429603732618204
6518953848976777622
-681664604070644300
-3108570368621332209
-2243821627685050248
8297500543084857584
-2237789750383715922
-5165822401835488277
8469546680863307570
2544762572031611045
5374571756011615418
-7433190252429314031
2487275142569095698
5966963754976403460
8038193156695705204
2750144991199462316
379607575340602536
4273810090545639909
-5160646790152660090
6457901238947692676
5686542951861141685
5427981508252489811
4728407034025439455
8819455889246448770
-2219056664464341696
8614373986336329336
-8950635877339321496
-7764291395473859421
-7111766048499141951
1614734771347746480
930927354208217013
6788335597078361318
7690876751455140047
-6402015098978005069
7328653969609181651
1855390363281744830
1573989409291257471
2318058060574585029
-6307419326496588390
-5720195800616307490
7370037971496574780
7138219659634169967
3602848647635881731
1503607244745061118
-1335177362178575957
-18002035137849622
-2073469586916385170
-4981420290511430875
-4063494177110592877
5491540143903879524
866663718247963291
5047352536218335711
-5694555750154234506
-602882279085611676
1788577501862929051
8044954110857380784
5714184632319820293
2721513369874135967
5756693367753686006
-6939773671569217630
6506703103794665043
-7774548022951710556
223899566764424064
4978364406127314803
-5374651357775956156
-3974974590425789685
5120806777546435495
-6240721092615119515
-1304965663899331671
-7013742580557025489
-152131998775242630
23995060652471118
5742272875917008279
2581585214868108647
2496822222410589248
8945783698289505101
-7652966415092784207
-8124821195176982040
5589319397707361301
-1441687425422029506
-2503044707322964888
5412606568812898550
7903108608648344463
-7712971193361999540
-2330019588288008494
3209232058788557016
947119994759699896
-2863433432001412761
-4695081807139952099
-7447372077400870847
-5245149418697967610
-3369744739199123880
6377120878576071211
4420599070821164956
-7525674381277455856
4147334551597518925
-3887932228747552249
4524522750073355857
4014452926223633755
8854675324008757293
-7980406646298288707
-5384435826484366466
2283472021489977077
7945091781824936931
429886441626696178
-5101934024930465213
3871469177994405922
-5838898099182525718
701174569557547201
-6986492719466605842
8672950918242407983
2182129734119405599
6397179457366359444
-3166104357622542085
4901031038970494859
-7183351931007043913
-7124769523012091976
4325153630658950165
4932913154391958765
2590913579850086885
-7096632614784381194
3699448691888629729
-8557410874576797549
1216851176179730849
-7373539718783747609
-5030146188997317319
-2282848165517730647
8950819788108382161
-689183840348661209
-113861502492751393
-8757805232682041924
4701978641683214304
8368798838901312977
2129809531880281589
-672415409847295377
-2405617581945103445
-224602354445126107
-7815212755405788061
-3827457159338052790
5011751261453603131
-8430534482376133994
5522261617588188460
-137157398480538335
-8159556292253613362
-951375800406095735
2047640449323399915
2273520125938275284
-6182119983799295130
-7796801323868712551
1424135705489944635
-8213624212768601887
-2691135370316056319
-6894858630637818891
5295152061154302275
6895922106210974874
3264822307005749254
-2189795326737909570
-6209813623476767171
-8083497220963197711
3859935116577609912
-4328177871493807433
4229505738203436788
-8152509707919395432
-2566676735702966200
6505247098928096236
2206285930413088986
-5720710349271106546
8910935393874696165
-3053495664421826346
-5175389489226796001
5998548139906800472
4049819065459010587
5991271157654966488
-4251354675643078057
8328197602550314409
6116770822259318702
7105541089986810370
8559697239970321493
-293710552915654471
-5338347448578416451
3352698955857679227
5458310815648055868
-1826281028388304798
4643509914723820368
-3257022891738845706
-5559957190120548254
8659591366929991198
-6067906477473829556
5179427469557695920
-7778059485114284099
-5015182138230102514
-7698187115164179382
3542033696127988890
8506919922875102913
7377889314376510141
3724868814041957788
-4282078908656191369
-3578542153797937991
5537569980362910511
-4173868589424532955
-8303402657798397932
2236961422525006649
3221703712854399147
3049224570256376391
1466988607866227129
-3061821554905275937
7677010106548666313
3342913484353831106
-4697299902479251457
-7943122798574515308
1754685631930611663
-6555489415596723345
4444516606260292511
7464920622236167267
8944914013831308316
-3405685284149333029
4938298238880689021
-9000638602404526564
2509910648088877119
1867701013683819654
-1273775606883883453
741184096217084269
-5304811532687780387
484983179376945807
-4506879690297368325
5137985710778532689
-7766808214039511693
3100362120900676488
2049200086861838575
-51483924452332335
-3193679541353301630
1441664855358802715
1120090400842619169
-427608996842655790
-3213391497123034806
-8999285325376029774
-7708239929383229344
9024207437098562401
-1320490629969028898
3308733707926098264
-8655504248805840348
-6528348182993259376
-6343853524930921986
3537892843910333441
-2905597096733243407
-5983920934207115927
5428768960582009026
4207748364609794969
-5889770607857955589
-7013465687303280268
4275444829919195366
-8153311785778455446
-6849267039254277545
8969856984403208740
-3761294329948547783
7167812425270746577
-3556879524043999024
1282777834198625428
8991527781220703554
-661499596704598951
6181520586437874465
4990719270746327371
-5071342844872093950
-728654071427542535
6219981323031195497
271859548068245905
-4104555250904753474
-6400341081351633582
5638962921751724117
-6445095920163268609
215494855527169059
-7661269319404740874
6305825267058509447
-2456923150271752135
3180405897451382449
-3340225638059382713
5486464242170025139
6615449639814068914
-7061881798598853801
-8853454779637500965
-2361377385948030849
-7397196638792104219
9128212630691698315
962829163238495048
-8553986575419494811
2329704012504800620
-2302263628350641995
6802952456799427156
2040809886300478227
-5497575198217651910
-2055163454436098610
8941129403316166145
4206981958434614931
-7966366174621199005
7528995285593891932
8150137362549732870
4145406562176256917
7054447360182706214
7790162099155543996
8970869696184448720
-2637542470458268140
479022604245163315
7728250549863642688
7428637417174644691
5884268431958220024
6340738880708122014
-3433289542008441584
-4363808217139409147
-8060815429042360640
6615382015635469326
-6211491547836697238
4623998221078968424
-619199700702452688
4849521299894995322
2947810603064695784
-2357314143558318051
4477459150396037417
7050401623285724444
6870907826798925380
-4796471389239289466
7247112909789609511
-1838849095854753231
-1814040557398525690
1256668247010256693
3792027937038600603
-647181381552920952
-3157154886631289581
-3944287229217242606
7434009939072207790
8192173157876942950
9216872464082609010
-5534314405677698518
-8307396982071974762
5298983394178426268
2269541141857316963
3055510281618902054
-684406801994480753
-9009605798582139316
-1608047754251003569
-4205121777688102353
3518214983905673438
-597299031916503928
1171510724004471116
2322220076712729315
-6601500653267031225
4030203849347619388
355657309676698614
5074243960203533237
8706642017519534594
1481744872615068775
-1518839697229950149
2912408093893037361
8184043300687428386
-330105031166283319
-8532481653733682362
9183032733581119031
-2141537316079623654
-8814853982712136605
2378472429978299030
1454447170829845733
-1597499295839473199
-4630177081197960688
-5458928678804968522
8335608178443125488
-8371424701149590409
-1954374625754758749
-1841936260809225155
-6793385634380834183
6750849581341707655
3511099856742501536
-8346377070340029779
-308897866081553964
-4046842269561472336
1249132864156019459
8679983531290898161
3932524973549519053
-3830811141579291757
-7430923834279208607
6213108067702939286
3852145575857921313
-6256177577006828362
2882536816485384156
-5231154620367124313
-6180633504713706368
5635065691021582266
3986494302177879120
4207012431449059190
1542806414263526211
-319851476615517116
4821113231879587151
6875867700769308520
8891427462833056903
5107539416262047053
1457663229317894923
-1084936696085324405
3624316800151758067
-1960580321046762952
2724297058738383504
-6843404264641353092
8692017763037328189
6717087933586978284
1921953008348891050
3831983654431969944
8612003659773850654
7115519366137670654
-1034947891197600705
-6489958942792991943
594709109017474264
4118108332243993445
-3951407209447746924
340031934195345568
-4784904453586248418
-6055814645531141294
-9108311442844210227
-7667340952841935835
-8275425850214368726
284083130353295856
3491578278450962945
509613573130629211
-1073541550347670550
837873335605323135
6577482132182536469
2001358162732389466
6894740074045423761
-5823572858839010171
-3358834131509169235
4846613251518779255
-5789847913220737507
-1001283529878005409
-5535165814490096903
7088917191450553026
-1846864931966962731
9162739433923378837
3406799778310225889
-3388801505607211239
-7438259309219742176
8871267662028479883
927741768777852974
-396877536585532988
994675222611455001
-481013859592497056
-6354952031142124935
5220060628507246285
430862746461751144
-3874325613863152952
-7909093663804353581
-5607810821268471855
1320431059001021859
-1464258326455947870
-226344791393836785
-1273697132398332742
4251613403709116402
-6410835636124020921
9198117432180198894
-5638441761299026291
-3826482461078157436
8967840718775413824
7863631856516573256
-896243050973996153
5320284303023904583
8508123093626412417
3205309193828562108
-5734826564979103209
1661152966815523473
3201066615583661501
-4789590401594610993
4480853713178906995
-2839862836866981747
3243986700487694670
-8656953036613965653
-7967750081640412952
-8132510700108398313
721941826191919015
5027428928474037389
5165990900301299362
-7819823340696175182
-6941859531476421422
-5405632473007989438
-435263182529384630
-4742325436658236415
2634710007996333935
-5495321403113263861
-947523877801080513
-6070703173062581108
-6383030426605644246
-5299000032300443993
335510499342645882
4478291936851405852
1123865272468489453
-7571962871331096557
5645263429157708472
8970606409978061757
747204019624427751
-3394690581982957297
28367282439981698
2568082003632595387
-193466874026345767
1175956349439564183
-1855495421492316662
3181961766210537060
1103735344674814247
7785426105276688484
5605432969027575027
-7334442490527090318
7384489826999397372
3541565636308994402
-8377739721208635132
1897006171170985132
-2531928395311680745
9164457312197791566
-8695949019336583769
-8621991427675247519
-4751002742697697113
-4711620503285342355
4962119913097461357
-1219373231673556617
-7829206817987598778
-4695647414541427402
-2678614471990763681
5546926009832149121
730888482302131365
-345528501077830358
-2063891430914158778
1737021048556255396
-4647735930147034389
5811627879353396450
3654482915450130320
838981624949299938
-1789965096078511546
-6797706699191728801
-2825370885894831426
-8915816273967223184
-922721590206974713
-7577301655149548569
-4519558642947226094
-725887664832615309
-7550355843529679871
-4206972329497917949
2704406332659504911
-8854939664654699991
113202370301028483
5809375868943316665
1876472411045927097
-6963381627602390820
4986214126811126121
-7511864861701200899
-410852338929462112
8329021850895550949
-7339241494670398242
8408086541610024764
5003003796283323906
-880269138091400435
-8252737807502660913
-6558520068812220382
8636281843627991860
-2632917119291398157
-153857364607032079
-1956723035712043838
4103569088173443745
7932089629001438916
863004442603181882
4363470714386842399
-5063759919378529940
-116172053690291716
5318309191039841598
-371062895764641094
4581468006401331594
3663827171338269407
-3792781116760212897
8925243854406292214
-6519528810788869807
-7044691147878822601
3192842594098559543
2674609586456145451
-7549624494733909952
-5621575822132377866
-9025063556556981414
-35421588963200774
4730913027996991038
1823362735733104344
3149847053396343453
8237384417967616118
-9071181039881366196
1259598322593414712
188546430612738851
82274850929863320
4623815744011675869
-5557764931042597139
-4346097713246557947
-8356312938256392383
-451821452611242268
4734151186065106651
8207043033597733200
-6763258974557025851
8416447585420972975
-6308881549650322560
548424844949020909
-8523151910600782197
-8136737193694248654
-725940325024808953
5796236133040482583
-1550654154721842117
5310093051383185118
-3630803536287413115
-4791862404067467376
-5146366125115205001
-1334742430792623416
-6077894738043243506
-7574024247063752498
6107039017744222017
-6252015249464700778
7441747149944554094
-2314769134993821831
8682139567259052435
-6169138960486959725
2680242737744686227
1654882931494150912
7052804513526594907
-6008867493412517311
-8990753314700583065
-8461114011400627338
-8679461323120545050
8002851075061414382
5585042010761648301
3237422573177617431
-1577842941931666007
-8196319993333922023
8634877047377356937
-2914719028553957235
2854357194012602214
-4116040581191805715
-5042625314264888810
3183946056637144500
-177384386801700474
-7706805732454029938
-996302269677338733
5798247975260448433
9051327599941939678
387076698806129918
960941760776740312
6400125999436306858
6795803840016307791
8362298829414753781
8091120789745952164
4234656932701864044
2912492521792296684
8207709849547654155
7252915914968851350
3767391417493414243
3901224964941967748
-7748576125824231083
2214371766219284001
650498635078686836
6091263729131343565
575102899485185420
6862758691644947326
-199429410897629304
328726924869063600
-8088769395081837287
-6220196447252755845
4711097001414938559
-7300974003358034428
-6043299184932984444
4307324586012757391
-6196763151189560945
7827959057344651032
1981057475459300512
-4533806649566466515
-1834645617883406731
-3290720280105371342
1204421045995599133
7401281175922393869
5109563576582873815
5274070456191104032
422558651794934812
3897060294540237845
-4209008302491899523
459649224269672975
-4012464031787461163
3699009919128638060
3847902321937717078
-7818809044280975432
-3681105553323630557
7324853095891058220
-3312274824004807423
3384906334068488544
9085411907522650223
8886174750725434313
6568208245625856572
159607288092952856
-112800882950059181
-1733461463122555890
-7007419067275470871
563481407046264933
1573357544372286785
-6582049397504985325
-7129130309809503570
-1008340591788664843
8478066469136544765
-8423606771158656810
4894806613313476088
6885413997803593478
6806804660048137007
-7929892357173675398
-4895082648864556059
-3384312794538895534
-5930378839201506496
4638631464423107449
-3175357643589323682
-7116756414675580207
7562348916391398775
861227639488237602
7216634361166929238
-7935437283715219319
1306202926984584244
5130602093759926103
-3377145566610087933
2453493958788925780
-4604117479640363827
-5607149077628836061
9143906289742206334
-3432855102591729578
7602829864291926770
-5608590888973557485
-293837285603740560
284672098042580117
-1473905127000138419
-4508285413945769646
-2520037471657558201
-1643274168811775814
-4036318832336543197
1846522123293753067
420448338596686058
7133406484345208538
2838567230176176101
5442713855551901661
6004142750475533934
-8657316269644052840
1957553932596744029
-970857740847311494
-439784566574482804
1260357969835419147
8413455968666667104
-1664488712913612183
-6734654521681355139
-5783382196117944504
9142118392448719855
7678433763765604923
-9050480186349526350
-6823017523094955393
-5725859529509531923
-8632795036541726313
2898287500135996933
4360441274372376081
-5331018775280662673
8410096336467336554
8837385929257836606
208824483303034785
-9142245131606556434
-1801095227085693620
-722238113568527564
-62722475178299573
-3339986828395547237
3214326184017194130
-7702509357456395054
-1571786432958685716
-8546660446180998473
5049955363555877253
7541483057583526533
-1477791967507688769
824869903698391685
4252044329884855347
5564701528313223095
7623279027889303344
-1231318174726333087
6393616227919781543
2846137441362832826
-5058859457014808735
-2088008676947410216
8876255601737482416
-4123779048575991902
7993868657441161852
-7303612733590447038
4690360471215561188
-2570426662105257582
-5318331367246952258
-6416102103293662976
-8800723367154339029
-6825475871406115762
-2713446583911812143
-7460669771206991814
-5862705574891926470
8165463660794633557
2093630695493278229
49616799274585043
-8055070911570559853
578227292473874932
-436694905764057639
-983795657289418800
1277449945607259159
4423269211917224129
7750473903159902830
5359853879038237663
-5655665263236863995
-1334394661555123566
-8427558412652835753
828047409695322925
10875346500047546
8053490875683223596
-5536058548096223266
-5560306329144868566
-92932732801834068
5642965678024253175
-7888815183958452884
-8511731237350081250
-3226631428033607191
2157237720319518970
41064259302646978
-7382452123464970783
-1094909430469900185
-6595769836256898231
2298626679050475751
-5776298619450292571
-545374813205250493
8053164869351929674
-967226485709505989
2755739649371036002
4312636405741818988
1030487030927515679
2377300715583521358
-444848149484527066
-4862435096460180441
1213127458239152438
-1932449036223708454
4589360019290567079
1898975506493119217
-8542422404101106227
-3307963863856575476
-1765936628375227889
-138960974445193148
4142541849934834369
6361300774656293912
1450908651484145096
-3690400321758582918
4899803524563038027
5921390215857902914
-8843714150639443072
-8216916115193093741
8249556948407333075
-184946747419129963
3815293678278307243
546981780912999467
8692120435702221350
8683006732837029021
4245209431165753052
-7687562547915127320
-6944004143753919441
-6813021814830300600
-4821416480181196560
6450517208246934635
-6809705931301284633
-6759457737959521602
-6520612973956305108
-2860023188790772705
-4371578208745131990
4100806370383779182
-6057769799271202933
1363337543514548210
-439037314933891343
252937972028404459
1765681373279189040
6988459801032272697
-3352779143699286316
2265369338372109857
6360930499525477025
1388197583757931491
8916934121887152749
4155203174666812476
3070918422857539725
-3376607225889624933
-7289716410786092880
-4749929456009460996
-8632567068873482248
7700422585520249249
3846576718251181213
2526674180255809233
8172227260729089085
7830667139925342097
1214198915042925940
7503789662959190018
-4242137555906621264
-9028797278186143810
-4922771918820395993
4771139512935503200
-720082469019733651
-4947552480768200234
-5369952681715502412
8341044048584921861
5373401825505925392
-3281109377427095030
-4548245104244886159
7633749538048718451
8892248387790397376
-5040887943640033379
3183973317194785485
-2714925881029616919
8049088350619820492
-7810551657913974575
-2169043116776410448
-3128816237600324417
-931120449693041196
-8613023025916341667
-1046921587248968022
-5573602150394274549
8516134318230004152
-6227731252604989539
1157353648923926856
-7503079486026929394
3706321992037021309
5216277183595210709
-8442532717539889909
-6322767756535085080
1536131554604822181
-5724971578671624882
1714297210031299299
-4021660338596845429
-1691532802811256901
1914685239095189600
-4937759378616929223
7350370353699959243
3994547972444963396
-5868169328150642757
-8907674045634953170
3074718048038801588
-3924371757753376567
-4063135982881791016
8956725094929469318
621266433626216301
-5699878133218288857
1602627548827049098
8081329820155131954
-1920164703749402366
8625205035822211745
781005358172094712
973002603548985441
1774099118877702900
-6424647528061590925
5782219398745011685
2056714819139457722
3813793461727748471
-8354394024054690572
-8391139042130971895
725366729572564279
5220978860575504755
-2546135060250410376
9000057968665145112
-3760197282520472623
-4890781132696678160
8134751377741060568
4446136985426794274
-1613530970125239729
-2353053503613068107
6465631464351153470
5828384657876599167
7660238920271325289
-465036233204114854
7653856463753237789
2171704771213047298
-1035530616037236935
3224096713009330123
2998543766549112713
3757252421580453903
-3549182532406725920
-437461874919126641
-4578186016978895834
-1904436369253759010
-7457964105853994199
4597788113804749329
7951234229295581219
-2172511580952221879
731083466891279567
5064493631479186607
6175236194582931767
7422307733734905877
-8580966402057590528
4172909957736177363
-3185114478617356547
2501069060614786306
-8045825019552254797
-1144132947096891097
-1269821176752393158
-269271922808158760
-2266384614377179026
-8404427733672253041
520212551418944436
857418091754955019
-9180997987593457728
-8399607449751379453
6404433003504384365
-3050256499608804070
-8865383009472704875
-1622823155012021002
6449679041022751852
4000785085337306942
-1174828124769472443
-4918742201044898471
3248080838992036206
-2366224685024409004
-3496873684507899616
-2452343003074311707
-6038522582175208531
-1347575397546181882
-8765976385263929019
-9137992810622170244
-5464471743906045218
6176407340634333128
-7932891503203352913
-4546182950955340648
-2779910648462682185
2654181718263848902
3691046328717589273
-3901859967336406179
323885439741890618
-6666776194251155314
-3935657634947305595
-4339310661455639667
8842338877554496228
5513587496758108652
-3699288350013484953
-2308089157321582921
4879251522112557647
-1555589238521581835
7322590328305542090
9061583631841934281
3484797413988573801
3333717638288223072
-3747345321041582087
9114278039719450754
-2506596140048499615
8717422369548259520
7622051370611629391
-8629735825114871842
-7331787286554096047
-962302550858621160
4145894903410067795
-5289895989602009244
4149286853009029065
-1620466919797597752
-8072458019220221707
-7371927919527367601
9103729150078415407
-5637091189432153803
-656914706041572068
3184882842254588762
-7398618459723568183
-8667320675722852704
-9150064447558851544
-2544021346989769782
-7955817882356789592
-2993680290361362246
2263708483622364169
-4725166201799593710
8809241028049631218
-1848100641428501873
6090761807078123989
2769371338195676881
3877950528684781157
-4776724207027053758
6319513777026837210
3996656174801168909
298926270477857857
-6866620555854242101
-4370168024244129545
1918171046483801619
-7208877442696563628
-6280420549013488607
1949721861265144755
-9043094961972926876
4727416677983789396
6165026763624008707
1968756323588448165
-6956754451206886189
-8362746248487985701
5352239025836994723
-8747797893577976692
5211219497514793061
-1220646867922735904
-2682058963250433525
-8112043530647642112
1192698807648556087
7440604838482914696
461256621848711576
-5273307949284784045
-3581856956071866491
5233436348261504379
-1627152572262193299
-2848331895791086749
-1460040743955842358
1513075355133067629
-5592864422045322100
-7154326062595251465
1395498589093615532
-7616945803877324235
-4021497427704774571
-7780765773970321542
-5491510176170889379
-7080119617935543610
-7255735294370238191
8317375390176095661
-5058998570138231140
-2013809233821741056
-5091574236088304065
-5002063550917386451
-22033293448529033
2998628884408854062
-3187284531532298006
-4738277460070019236
-1221608261336173865
-5975466627552880476
5491481924816073637
1499925703789906053
-251701321560950615
3544565660328863423
-8000693410833005918
1119525990988376519
-1998641289820527921
6244037268581610205
391653577548351359
787116671992522318
8432673048593701558
-5536850063235617
4606851855556092483
5195471640948979773
-2890737436045225050
4219086077735316557
7597781124428846523
-8836504585135652659
5701155396768829486
2917288705704639662
670812496417694275
-4512912161010917712
-7914313240988728132
8451117571056528330
1982553429591389019
-1502291591964378865
-7920390180436450819
-9010361282515046835
-4898540968289193459
1024362830815971361
6267928056676034911
-4403782250561886415
1032070509349539014
3307060309789073599
3309878259278898317
8283912112742366586
-7340577118625542513
-4611081347565579974
6628238048396245756
-633419204837854852
7055739579321543373
1427996833823565053
-1615236868049253301
-2830940902255095707
-7796321132702559242
6480780870148677417
-3259724887969848197
-6047800506671890101
1154641218601925403
9154888758091806270
-9141474410946111683
6647860687670894468
5643821879420449210
5742097778838377201
2295935754970119027
-2255516263497361836
-5588889453919519588
2669144723802722492
-1005223841147390680
-3120790928512342695
5040906418636521301
-1746067104210503759
8655349447199427583
1147082916894812761
-2756014321301950158
2375495915615101897
5458138032989722607
-5101380585087704295
-7156616490989263856
-5718337059606899630
-1156220947366703373
-8300757082934520508
-3336460244020527372
-1597930628607482137
87189693801494557
-5515311126580256736
1786299277209604032
-6800305630706763732
-6855513190567343221
4251607692418068523
-6975623019780638751
4708246045508957682
766691972507432901
-2334402643044395458
-563241589536968215
8823262098714071852
1200094271338219357
-1189386761302393771
-4764451559469308770
-6702729596623760875
4953809823729772684
-461359858070174717
-7129468001210508887
6180769743837572063
7616960687266151461
-1718835165564849043
-5043511024876247311
109432513399021962
3633411386877214469
8191756327474857370
-1610886084032362512
-6147858432184556384
-5657476623970354565
6311231109117768146
4464344934476177350
1863909601389141408
-8559669736915849728
9119936019682696620
7395365939389997262
1937472538792499014
-2159213648262102660
1793146773464119071
700602859486845625
4553909832125465799
569115994328821400
6225357389232132223
-7831964677912375036
-9152993683166638607
7961208920739234272
3188745112624895171
-3149814521754198471
-7194627855469644466
-246857508274409178
6309988632656346527
5593579795616502066
-4955210603660710247
-8902120925479592119
2525049825372018051
-8806978506197216759
4621725892828301054
559978890769045725
-7014085297668534333
-417914256114147449
-1330343791261800160
-6059545377982074145
-3605019879816328659
-721019297798212811
4217988473546604541
-305341295033271085
-3291898716062011415
-2781539375107971329
-2732348764894485766
-5466304885753685966
2873665231248977263
2684290130921760516
-17279756582776032
2518824051669794455
8046133436667503636
1168409288395954504
2605971047520435630
3098433100681946333
-3860856962246874392
-7098305393304962383
6085076707386325599
-2491418637147377648
-9117513704611743680
131922879796916974
-2488615841509149873
1473388432249142309
-2364457292944753297
-8156061139473694437
-2073200573933066262
-7537763895106592837
-541950298949003656
8587584994627782271
-4322152018855431948
-9191675201306702658
5180872211655896978
-7854189342276881192
5292465833697482607
-5536951637618984733
-262246628085914029
-6977987623266999101
-3725411488385962337
-7126747634605590285
-2457713923930492520
-6846814163673700449
8574519930218421976
-6169051816851052314
-1236150821611884383
-5505908100891545538
8326269698182134068
-7912046483796633185
2389646297277898625
-5150720818923971141
-8153119554612658749
-5452353129916701788
-3087008799173567350
-3132489634588911203
9054199495021267623
4414203235050870754
3799689850473525290
2544228480433519497
-4645367250148608554
-3526204415982313115
-5744223809007078492
-1161296242845444422
2788213174821537914
7724045991936007282
6997602915338934256
2773257683762051567
4166780988248360293
2312520370635954832
-7101024070858637359
-6257727890775992633
7481178245199894727
-1034988645884730084
-3695064271422405683
-2457259622394821410
7692588113098446790
-3326970530705714646
-3402020689330763280
-8312450945542211572
-627212616649251168
-5994782302463238673
-1692921093983030232
-483268209403577269
523106632577572590
-4526146774288167354
-3313729790262037754
-357628273146635260
263810337329928112
-2541791024095187037
8888221733045544773
-1062473942606471137
-3555770862016433820
2933281839288219888
-3562604699390454977
-4615989854386930009
1554349181422008441
-7481159211387123772
8094949810130613014
8560098459919017987
2084789444616344364
-6839961941068535631
3718744863119460057
8295930712413144820
1897497453447802154
6035147453064665235
-8660662712139135747
-2514333619856368647
-8684679567376193125
-5767248791335369625
2435894556604543139
-6953536528668736371
2256106282539524002
-5894702160619813537
-8092009845339096075
4010072756880207425
4567417813115810898
3567095092384213103
-1100885923248853686
4498310404159076205
-3035030290976361509
1029321722717341776
-7268988056249969629
2720303522579150254
3763044927435196476
7817557540515425612
3231077539613376347
7603939255715480731
-7342985599030727006
-3819164344399761782
-194764881836370013
8510052621591518245
-8708940285171381330
6561622204816278134
6800621491229652166
9147654450454248797
-4404094858613167815
1726289629097655101
-1579799312697129933
-7456595064419233498
1188938937832353106
851193294733014917
1066712634999282580
-2100842038589083021
-7288473159929309333
3222591312523556618
7650211972777746170
-2177043537285559067
-1016502416907357978
152354398463597939
228292961404243879
7410323283875759968
8416132107018050826
4813233387519266808
8953801132289059003
2835971139443308417
2247391002091668393
6643160402316485338
-7489259140418724448
-5899762080521265567
6959540566931649989
2448875574970735018
-1249369726008282825
7309371052284029767
4396617806339552480
7134861447414608535
4254168201761471240
9147240771069991894
5121742457209629964
-5676552055897028082
1489545360189640787
1077378800266767620
-6875452537059635384
1403560952593054387
-7255619233956507552
-1250966173241291842
2655045141586044983
7789182331742545500
-6203404907235870479
1201178738679987520
5141571660118614979
-7861850901200519288
-3034423465016690437
-6231618133297813073
4290475845930031809
5080671912038697654
-8813586880849100297
-3624779104018114296
8384028135041985319
-7021089763130861010
-6421878458707329946
3562795201274226151
-556050599264292044
-7058824151414505114
6241968341110000328
3419906149293830701
-8482741006667581720
-3716479035075675628
222987232127358140
2367742219809996951
-4831635058633195756
4905047176223556198
-4122053108465124463
-7964140133239811873
-6564304523180589687
-3126211893027954358
-6940732091756719086
-1541434045733437727
9066069587421418952
6327563338129321648
5525925178326943550
1492887027386760133
-1922337105527121063
6675902805806212530
-6044432335415708247
-8418922128926216038
8545410683756344832
-3160643625260182547
-2164805967999951678
-4014992878582025332
-6511910333666702071
-4998335324502277591
190799282201200519
-6846933185124571694
4305902032383670343
-7313797750820072831
-5387717947477077101
-2224548894911377222
3487813891326101564
952056604603527382
9041439059315215460
-1252505495489858211
1073040396113192864
-4190446214360544731
8024273562577367308
-3789640688550434438
2735283528439349763
8177273818293380745
-7053279666407945124
4543753669147304652
-6845751426215684031
-6705887436532932410
6443125102150853934
1132533394330516483
908259109574039097
-3890298510533192494
-5550424097227177803
-8041175634487626562
-7905882363474475106
1000632376176499158
3951481840979667502
-7109260305830284049
-8007323509356712701
-1896563286862111557
-6454512998858161249
-7099778297399654191
8501233214008186750
-1487362246048405937
-3356115849525748142
4674687294895986425
724105901338015896
-6013262472558097406
-9201300373066765691
4729388924807088130
3938916379494896045
4818250393084435110
5620401832612725047
-7546726003361921390
2831575657151318368
8785051690250164997
3703642282753400490
5082685772570110896
4660856186792032260
-8703980084368358094
-7149773323103608345
4253648693388282669
-7012135734061218598
5072898695182794940
-3640553797502072638
6276763626054047577
-7872782814883174508
-4892204581845623276
-6933690888663377407
-7135222490731346208
2884987559112580524
-6198155820755185845
-2420590164483538014
-4116375341854222963
1029683113280512816
-4813359834629560847
1429289005631147249
-4744217563887382766
-3967514880706108533
-2383058284138375706
-4860828388979578676
3746191240533128661
-6023773196460781407
-2527609971938592691
22140320242698287
-2769441664609300615
6760686802420031364
-2769360642421776666
4744957004123283616
6226813494525756650
2690559862865518940
1394008644657567783
-3575038624372603739
9188154307724525257
5903738074820072468
-4561258343512751742
4327978706966537794
-5838320395308066799
2447366590203465157
-7660998652525314485
5970134922263964574
-8932470432147791554
-6955544573733293749
-3791857101621989228
1780933743542270974
-2888933449291226977
-246992423342401699
571345169456705050
-3667817807501975807
-3279527246700204563
-5518943307358793808
-3471303483023475842
-1814280577211279037
1198448881511497735
6783467233291918236
1631019136185427224
8966027334983307676
2633278917906357140
-4562887201672701455
768932685485043585
-1784964344087901136
-9059182704172559839
6887719580779521415
-1046701003117631637
-3195476205644866212
-6686566382639963478
8690198156352112032
3126904629486268306
5732653031659491210
3344548161987570142
2035834537054948127
150319337270452400
-4884917707713843096
-2187478693304077657
9061197325248112470
-4603224708041023015
-2917366136766891966
-4759572983078268660
5104912305958561450
-2692480649539132063
-7569815939084676792
-8772995222407651073
7703038562031641859
-3399603693668658282
5962722817152816249
5608725788093101623
-3592969935061737668
5502434535180979585
-3765531185799717508
-6805654659761067870
5064059129495402599
2573614157756097336
-4121976469888980943
8540015335678873948
8642118718638297447
8771101529747567688
-4565312535238250163
-179953151590305219
4887591092298091016
6246156477558434699
1371331113760573803
8324520352481225123
3997929773370575335
-4407299302723365625
8786289757914981914
-2375745687382861412
3415043791314778501
8032603522444388901
2351580291721144917
8474018027482271164
4541359177255543288
-2996369717420325853
-2972272506814120908
6740312837112903054
-2760739902438707043
-2508657856012948258
1763595565303106256
3146524769914434809
4614165867947345072
-260805783590851595
8380284193254740722
-6248294113311211418
-95088181473811051
-5676577426212950776
7741078819896166486
6485407248438364977
-211636008892553481
-4472912172723253609
7287511850684567961
804047811895484152
-4356812402191645801
-8508103888328174408
2314481619827603917
6521699169662202968
5880328382828747854
3719909239440349216
-2128827634724745021
-6931780258877330598
-7776011328614510705
5917286933199627036
-585484127067584730
2054419270367098295
-980079333682060268
-7125671485837537131
-8639107294218477513
-8102280909610957474
-7980642824937517745
-7844466532108044764
2745370596363761999
-7691317932640144531
-898457177092469759
7128577163114365467
-953170095495404986
-3043650643656648185
92403412043366175
-5181646300374582106
2094133135062463528
5043623520449373824
2626258541540104651
927289239744768477
7029450312654470475
6746781251326629627
-5336131285186963319
811757873901439195
1342515420563709185
6948450416538128647
-4936484970876129353
6819027729738158792
9195424807174258192
1487095681407967514
-6185522598645116115
90113324360237217
6340690897364536286
-5728135246854305601
865578243291236756
-3040100722731542878
-3097211669503078999
-961409897532529153
-8916903400871444781
2371870142027712605
-6770017604932942630
-4681593661020952153
-5970862096419223809
-3754481351176171702
1160670881100239296
8452994940792455786
-275950260635289725
3923207249734067978
7372216813476244390
-8184720912916638824
-6311195646971101459
-8655024678320771729
-248504182194643745
-4574840570743794800
7689204229596371248
-501141608996596439
4756391172028784993
3910496018121731227
-1637750310676018804
-199162773865839302
1789553456756152932
1315100411525168979
5315561280896469589
-3581979095907842462
6530844103330287555
7036891165475103437
5018562348810433978
-3766012059540230150
6025857064915077023
8303065329289205864
6170595297559479109
3044157437684035705
-8423365192124078219
-3069872403354526813
-2137132279696020515
-8352959218813439533
-7652282322695505049
-7086426620981899290
-5479442323990710061
-7649168797370124006
1907562297801910341
-4090608581131120284
6903870691788786166
3210308691647167619
-5526698226840597236
-9051461824152215130
-8618472950951134246
-5564733499634817799
-2945540791982461903
-3335301045627242987
-4857692641916136013
7424098823715346503
-115660076551425311
-6421184922685947861
-9110529450740946491
4909060881216377474
1348474017391454689
-5023676569445234891
5289551936476086772
2557306681171921081
-4770339477399197306
-9150881041378695628
1732702135809860889
-5907881905238569279
1303383176397392182
-88084711052200549
-3059678122056330656
-9097223159414744865
1387350739688159391
-155706095560753578
4180121201417698884
-289878346635262872
6900851866225333812
6795978785935514128
-7482554019957962420
834857202191052049
8794787765565180665
3327994458080214664
-5696955804335518053
-7960932256453555946
1305439000523387039
-472345705902098862
-4537546568487960630
-8397828264258130516
5137211331549572845
-8091482320541503687
3755548673041849762
6535702867833164549
851481076222744851
-4316136207846031471
-6346379732937730414
2462641941459243004
-8229448457724040077
-6790143440483765389
7872128688299740574
-8349386880200237006
2555680118177917607
-2914480943032321205
-6157526566988236505
-1348960800641083379
8932292425393059538
-6765759505416484653
-6333262165007861097
-3593511273600533176
-3145088458890621921
-3696357315264656808
3812951863698951630
-1084720247401273210
-8628890349102627916
-9159675124827902600
4263218567910745768
-322638976631780845
9107138415239402214
-455349573628116306
-6154032240207422573
-5478327264782840103
-1692905391785302737
5944804058573001267
1335497854901365609
-4744934487877306082
-7414898212153972269
1898649757327538782
-6184869752101791860
2069861031444674885
-3494917270471890359
4005793225873209557
-5386059730661262304
1573728013879149892
6107522654643424290
7663874626882041103
2224455903722509227
-8568323501778586375
4473917848838072070
5652761645470930270
-8478249344466297103
-4042888549187104663
-4563131015609949399
-7120773897165944247
5003007649140842746
-7298651724692254148
5781611818694293397
-8435168780321720313
-8225374975144807288
-9152648042014447456
-793212039406175323
-1756855658682750121
6377474796562337468
1842279770626050030
8607752836883762722
-7364051593837564346
-1849229395296877183
-2599882126123937504
-4096501343757502284
-1305043732904500634
-7202125630029356708
2874600174116277976
4937514250031689314
5395779334433923072
-4013913513364728227
6225891515243739756
8960944408397362599
-6594950954370109228
-5899475727631093330
-6756558982829512900
-2252535981657175299
6704348610800185827
-893595095007146104
2265452982689584691
6374214038395663090
952323215148665080
7846736158718022166
-2105239951761675223
-5828178353513677534
1919002848625799296
7930350018680046900
-4863608161901408764
3727795111090693271
3620223028427376053
-9057490741280651488
4799594074145765759
-7807934698518052391
-5630144129905228432
-1348427597119707750
-5914956502424635094
-5519257137835993067
6740611906105577903
-1787615685387436513
-3225369289541449749
6003411568753636567
2786276186506269291
-2668367285639114926
-8132708759189597290
-4505050956097036939
6814527788953130372
2999133132797425321
-8750685327061740689
-2414116731526231099
-6605843953397953718
3571327870515525997
317015014141756194
-1562216275494189194
-4328975894284980152
-8802761286730679123
-5839830591882495287
-4846629321837936867
2627702269336517021
1318535242273331800
2461731355972434076
-1967749828202904358
6781516561648506865
5208346658138509887
553662972137089860
-1672264399648277809
-4071176759906610687
5406203848268853927
-7090990502088424405
775632196694371070
1454087083406754491
-4609753281724108038
-2858804601543535156
726946820128531676
-6375288956362723225
-3478207510038552499
5568041681155352376
8127478868644271929
8482218306004728598
4005220122600733987
-5474035614703393981
7712767112739399036
8695983362773011324
-1098579727976745727
5496744822419505833
-217817089229934710
614469162761257884
-8677743543385120533
3441408970023264723
-5221480888974967698
-8534361103767552625
-1814933386776771357
1498490607608380527
6819658638303426799
2080198484761245867
-3066253218116790111
-5974516343928920854
3614632077978613981
5687610524106064661
8944760805337365436
-9059474707885550046
-6034010159748279060
7946769072470366075
8798170079256578956
1177779730765747674
-2483303902977414562
4221491632725313370
-4908756080974672308
-8217236886898518276
-8673371836270585390
-6919057620053552498
-6906272436966760088
-5536216910870218180
6768855725924239806
-4223886116908043660
5690481272692598422
-6917317181835472746
-1551547196003007827
7955823815287196722
3028428457083505080
-6930466205530418080
1796253835364997486
6764717595868331758
-8264916876678135166
4247122949081162063
-6491557869166773837
3969402743285321135
1505609844284458459
6712346043573230229
4437723471908055765
961787875577097561
-7111080145941333513
-2673061214881509110
2127460765002715759
-1158369332913760064
-8648391759015543760
3384770523354091755
5736539982744972954
6303852978287422817
6028151327025885149
3721278548232236754
-2745331901034106185
3453216012751806475
3839332574115515681
2043308632655071761
1103951542659057839
4079037150191785262
-4802243801869568916
7608094518301938
6180496030976772113
5472666462944115659
3684582543067742710
2984631276476621169
-7116196691724337388
810849192337054605
2749196124315160886
-535090961355076357
-1329277632552036603
-1306313484183683306
2066362550675787497
-8552410158911142320
5736037978173141681
6538610162236934937
2290209697796258985
-8597591286053047286
-29653711394632871
6299008052290126512
4208488234434785661
-2406832895722480297
6091204842093578571
-1244584031111237235
-1930929385104811840
2914001272132762759
2437711510659819567
-5690795787085271956
4681954491845444483
-1038723195507626755
882131827140770149
-307360926592896627
1551161937316629196
-5004171178961531999
6823533931971324209
-4319889897991422628
-685645399596201495
3893657800687290085
8288648338643910315
4277573838034173175
5065972807092867383
-7114024402590115482
-7239035995940947834
-362863716591222350
7376946503009905299
8303040076047028721
-7470203195185480601
1476177308432633040
1144706269684140201
-2695838489530174574
-508561049715442331
3648977032495227884
-8490859761675033597
1035943862921251255
-957036272089443000
8848216963594916581
-902785938719540019
-1212577834198931487
4847448806469541243
-6656463695230754865
5817413993887136406
8332622628275802903
-4677526730772566369
-4389739839846651485
7433899309347291682
-5293833466216032915
-5109938986887048796
1655574746033946019
-9005492068208352970
-2291328876537100111
2254444441871686562
7255083492408507514
5555356561683591566
647924493745000944
4020225944361412208
1968678294579366297
8505442697745367705
-5470294821950391068
5171262284527863674
-6116004641289012264
7325778215629018055
-2582820671790584978
2508842863339735077
-3733862546651765572
-4027412385165028965
7968482797530117146
5006115267253263699
2249904938976808057
2864602014644080916
-4507349854967828659
1902158753548248710
-6737477114071813105
-4991041305302685418
-2662781143966881251
4093776285611522396
1203477483410679762
3419190702729992965
2317584001061233303
-2680311473848964354
-223027737992063496
-3826009635561331467
8363892494379314881
2233139291842322966
-2510739543791279086
8707823915899926480
5375877292138646574
2564288129167825895
7134195540938311911
-417701334539325478
77542274219278751
2171149157305969243
-6594188240013441334
645873109932998011
-8060841965951170419
6166090539967117722
-4882757123608188627
1411360790723551227
5277606650600796782
-7760101669743645787
-2636982860408527387
-7488636002676692719
1859939314684293817
6564476501409924841
-9140586535720551441
6295273092839772325
-2436882111094885470
7367885039845363692
2087275964609862280
-7153794945821657488
4530024747134839709
178833702292091499
1311310343365147742
-2969761656809049214
5683678941433234216
-5641708500131974874
3041429318902292268
2623895241633207332
-1897321485450557900
-71850562812266457
-6695624629781219370
-3486962093001703540
6456595084175613116
-9080499596431260856
-7086728308379904932
5194376254113887372
5672545238595597301
8623954870308347281
-6621440287490457350
-1258166834358132035
5859253871912549628
-8982294532052409732
7654836276621463468
4080626981578587436
3706572630825681986
7966142736564892542
-1005291414133928109
-710508004340792715
-6746270506887495618
8947549382134673035
-541074956208603550
4219652724920164936
-1045419362856406937
6352262532853116748
-4143353543518692216
1659650088849119782
5807078184963768256
-255737908760602326
2510356273007423476
-2479010301627424538
493438265275971891
7490242124153622293
3752314742773895077
-5826984906646075052
-6656240349311679325
3671088929304150862
-7812548445676831613
8776348011655537681
6448953041330126676
-1573316885958829096
4264574259567195130
1555586837553979765
-5871913729949826825
-3263081017840321819
5137923085836984973
-7121051961054288211
157991759427439169
3738315323548307550
-3898560053339014865
7032375673887077155
-613683830014744049
-5552981252905153928
-329187386227130957
3850391258572820996
-2734528707996958960
-3613892779829882099
-2313696421928711877
5885178196937076200
-6681806567136438032
2518197919999713032
8960020062752064541
-1447211145303716447
7104643161426948187
2812869711101708390
-5774664040836045456
2958704918361859450
-5485324405943987972
3543416037373481886
-452656943919191732
6663448394040655311
4787809596310926384
-65461549292841102
-7355938056306697774
-6076195884525165624
758428337665251950
-2389160206083315111
-7634326939241513260
-2995855938860780432
-2552168947975158970
-5124157020017006125
-2628550456218021258
4568508191526433739
-599198192213084811
1310370926037884318
3164779911181286300
-2769206432070631174
1184093849618036236
4079460170474586595
-2628062099186488110
1856923006517303353
-3244630849398932682
-5596653257216369337
-8707360310896276436
-2030366044852564389
-5630255419517600124
-7567490519077588301
8998336876592297363
6974193095093519472
6244011556444566872
7246441742408639604
-3202490040689476653
2371718217005876946
-5298181160461533151
-4255494829891377654
2610015104298087825
-6981803119215450481
2528961657180417277
7371242513765166012
9135685451701854683
8330221946342627467
-6137331645049074250
8295956102499227599
1450759213610520964
1395658017248091932
-3840981707487160313
830108795973236048
-3696863185377063426
-1951722879496675237
-3907643752640880812
-7095924245046208883
1355750891918755263
8772330338600514957
1826225940224152450
-3779443893361597526
9006207276149484778
6791977349171205343
-1851011730197476563
6694172260406479545
-2679014414310948116
6145632080308019028
8497392666947625641
-4933771106449842613
5043429335121983492
1768825873602602
211808898154655014
2656212832393973818
-6809213259560753274
7559842033751078587
4593898944803421383
9011804108088603140
-1499205169882193559
6548477278954597296
-6255544575011109586
3748367768020498773
2514753267224499110
1919398139973196342
6844211218620219607
1786346189824848241
-4646178023498091392
2538011053908254749
4755058172024021398
8658312023653415816
-3745360237832286272
4336131621648881876
7626479085207290851
-1773812237996812426
5839828309208787311
-3182626703874132301
2529529331947472542
1905023374647714133
6541364795878445354
-453501581906945582
-3537375206765182794
-6334565729433542023
2519094792551980577
-2289219937092614679
6741735295249757888
-1465292312241731804
-2506732987067029071
-5919738026724801386
-1412047880957129716
-2450795403356389626
-8975366389433912148
6888052227619206208
-2290838356055046492
-1044412669645223243
-4846148645042275367
-174690478260817946
7395722514911562698
3158278561260346209
-2276628641462988264
-1476257242310944446
8063390022797170870
3054631321666790710
-8251737141423527099
-1329980706676093049
185389688029073473
-7690920902603150138
6861778696440565145
7500218906543154023
-5208978327117924863
-113303779980623993
2809540273421318267
1065363958199425191
4320750651832601842
-4338558023417517875
-3145662572409536693
6186093239286826972
-5882510727889733629
1717524325394585923
1841435533478867474
-1908631049953096717
-8680601837205466005
-8250131973878718617
-2925822958487319690
3650103395759175956
-873721250386686044
2465129693241358558
-3841469199606899618
-7835484647676973260
9085993105113635013
-8585323587632719068
-2846221430618700657
-2637549447877050600
-3598608861099613110
-6410849740215817672
8210277945610392789
7855831066611452907
2428936886464397357
-6993218237571647238
-8950703871237724536
56180307576278571
-8091955447151054047
9002802856518721956
-3390763564991541487
-5818479653068843141
-6789703591998158998
7198156485084342652
5504801266185789556
-323014764026161829
4663576737070543568
3768279570142682651
-8361376628821425122
-4181204552238872542
-9116157433890891599
-2447282305284613037
-5947616158390909804
-3490607790877592166
-3347663516728163721
-6726103799880981081
5283129601121282143
-4478166663555219945
3006249840536979448
-3471856577611560137
-2708524632653417815
2763691405516784845
-1183870611025558466
-2697602655221815274
1113363686268105367
3883244407890376964
6602305735772571960
740302009327267585
-5024284305119048835
-5588203514213139883
-6223291616182041359
-8185191124471635740
-5055849220902576649
-6444364536093306910
2602404136447546405
8256935752817693874
-6571139666125545708
-2692042572237210130
3717318942782088574
-5812043570757680992
3038758149190860103
-2982318193118859256
5225216594150519910
-7198305425287389334
-2502315658878159558
5279154784924780174
3218908754002178023
-5144140578426144266
-2132565706801766344
7248837515297733928
-6534591647092914178
-6047011774822158016
-1532052590852136196
8429264322179681452
5600890258401542062
-3133316138614489214
-4993949807434606796
-1063937274590291854
-1668574644035096104
-2437287688467477649
9156723587425916473
-3532163430146111486
-3428249925444041798
-5662073614721361777
-6351119335211565446
-3280596563970170877
-7975594497630300681
953042739436809078
6449093808323514679
-9071267512466475833
-4966398237373252280
4201080374855467564
-5692606408920205130
-4508054507647287195
-7198285431536397328
5483691992513181398
-4067180794682331609
2133670334449228623
-1669983673739415803
283318105881709662
-2063809421693503435
-6276939991185023614
-4199467779532362640
-8440084262449452928
6038184009119491087
3685243314885735066
-8842862534889907943
-6753833527094837068
8843980344978713111
-300887133748121855
-655658762181660205
-1382070925207450156
1727814245462460624
-2745606610959093119
615744259675966361
2844139193019155049
4038269399350043257
7362875441145471817
-2826363923819833856
-984542733480809770
-5761232745811267576
5987141309715845932
4616137447838428583
-4886303177982616453
-6327624873041859688
-1253561502042611390
-8130832000468328908
8944609005194817387
6986468306650328847
6314969997334060248
6439702261208034528
1455104728597469395
2083935400284030889
-5714271056825557610
4113407368206069257
5098280881214757631
3430612821465049309
-69448240320053253
-3377520047120681025
2419086859409445195
-5619825682717733545
5289331431472912171
-6903056613666566846
7311608599217969391
-7396651884050394729
5757457391456456948
6708420196250196981
7152443474692466934
-7992046753151164440
1775668793723453247
-96675484004511261
5544853048786230432
827065203123752174
7198981805952307813
2225552822698230012
-8950842848601400700
-4909255044110382300
1233616327525858579
5851406809555681726
2346301091227803693
1245862046951487408
-3156282431275093839
-6146796886064128731
8445131762630518434
6830197640463998533
-8712799737748641041
6154735843188496328
-6509707786188196688
-6413961919585725842
-5422059889072444574
-3596478468833323934
4356966883286323107
9120214422294484873
-8263011566818665629
8244898224403810309
1258425045752423280
-3699604929994536380
-5559583066976282067
8964105179537725143
-228063431337914090
-8336670407222505268
2366265426329274035
8803024791453529487
4618286525788756939
2134330781398594485
-1604894165759929976
-9198873776036640930
-425935148361652447
-2641086202833431913
6689036755586336791
8316386410180293137
-7332180487101208690
-7840659199501367683
553056040546904936
7355825314840127385
-4297677669961162692
-2068116469890441745
-168803564969477983
3111105061994433343
4225483845545043552
-8564556942285728005
-4267926379717195113
7584289435125592979
-4248800822899958532
-8909593978940440822
7967388595473756513
-5218995770779037517
-5531920148492382462
-7920379887812362752
-3785545097989317542
1475689183444139302
8783787761739492793
4615963835261553763
-684022590208735141
5093406013455575843
-1707169795681828251
6472485049964444813
-1171621878650412798
2731572606908309889
-3501821259478636017
-8299515336125032334
-1922050590156002481
-1721665104093941882
-3375515148734426986
3836653641900550638
-8736701567622185567
5116867526794596399
-5046937114691385084
6122485159930783358
-4051204239205638424
-309470110625560126
-6871279604434922957
-7178464519095277242
-1937452265234404434
4486540720333595833
7698999618401825803
220611221532105721
3720327800269544129
-1031634365687040683
4276673994201192636
1289642006676296262
-2536190075294391806
-632884397499935074
2232922091502016208
6654888486928264259
-4522049556200057112
-7309485074789046878
6652857273616958854
4763265613155945928
5050311055965958911
2249577258598408819
1025158383718828099
-4650894707585519654
4804895083996268043
5565867465294987871
3620473354607167178
7740669288180271908
-3459834749838980464
-2209463297156918525
-5911118120582713372
8783012504141321324
7381257146596258044
-8998299375070438700
-1738207908032146615
-7016942464256420697
1649158214211120127
7629850258638870321
-5951306077220413519
2716178094343811003
1544419607136728090
4700524113531663122
7860557172565239048
3006142533864218006
4891266287281262586
4210132390491416727
183064090112593809
2422008112252078886
-8621501817357371709
-8258000559178000318
-3529774783701325726
1624336522716931750
-343043881426913955
2220360972869153526
-7431132028073251297
-5259893128251543216
3913212554332989903
4779407429894846251
6368829064198426079
-8376143945719820336
3646988380804236858
7722648077165193057
-1770727905191326702
-3592710140828977566
-8592172447666021276
-940310707194194554
2913507235286753994
2657178486243605455
1642700764952265094
5484089465094713011
5994620517359876192
2950326333955987790
-4567975438442695675
7097268315571539113
-2228864912901215250
-6985276185286282455
2832837119727267998
1342592297206731494
-2762749983962361688
-5727787468695328531
6982867093293493819
-8600700140730704380
4181971161810191442
2770642352818736000
8214803398833564694
6314514789156496696
8269466260011429746
-6196673189915511503
3649175233048726497
2649410910764460055
-6570751592911899079
5265674938612231087
-6527348030703219906
5238792199322148288
592175115201432306
-1434511472409140712
-266640326827791632
-3917581234862575597
-3228901978783324667
5418780877572588554
-3452653485119625062
-7688286738349000674
2505269331030298592
3298150377191369452
-2175404148903292455
-7109485325681580660
6153473154015993826
6144407425773488698
3711246095337907654
-4303882398994959191
6529056160646547150
-8507203251270912352
6710703341378105449
-585917230119646512
7460598139895084746
1940556215713003445
4386757024137896496
-5947023173322770219
7682986177665204014
4091845303141422391
2394983378262521097
1162623897556218211
-1867208065936732716
-3701026623704407071
1517651867697139490
132677060744497995
5964839355819845774
8187403147836346997
405980121019469716
7879349869610068537
-738414006723030118
7649999450696682923
-6780638946879213733
-1837006113864783200
1884070082307793601
-3388112089452081476
6872180561225137458
-6105315110119970383
-7351479130778160200
-107978380092591670
-8879622541812589513
-7939617285924063568
-4880678418770445993
1127532053683094265
5543272621690935491
8305226581411693801
7513692110941646375
5937791750039703678
-1839446911878641995
7390338562216661780
4351739372769410640
-3508286485058779188
9039993656684910838
8236356096611809486
-8823367074843939551
4859344877466393287
3045597171768471093
-5172587000470609183
6984169095159141118
5751936490811023880
-9174006061728174258
1606952192670127297
-4988185434942572257
895830034547793574
-8123582164152662133
-1642548025943037271
4609858735211668577
8734140295457129214
6363257127638331129
-3124293211285660653
3292172014165877311
7504458709316579624
-1699487873332113922
-9200796040198808912
-6680119364868591422
1244334740259790826
1980118299113858221
5189537842691907701
6135942713880843459
-6672156212275772215
-9113332061148146999
4105222183603217632
3373393740618999415
-7518883927915926961
5933782826876014669
-6086528511469690331
-4103143106050865440
-8390153122473572450
1098129176729249096
3949177069080015405
-8109988167199762160
139621688568634979
-5717385421831691132
-5525504774228348030
-2777482620709822868
-7027772666815702453
3168880428157267341
6449203255341289488
-6127205326871641872
5043211567503426728
5396327710338153725
8812062732800514395
-2522676749661826038
-2548872197765440308
-243835962640115196
5978971460292459652
-3375825617383714485
-8525179144515166745
-1671245175793259941
-7756384365533748248
5347075000023901945
3159126309391922103
-5943877809026787913
-1601476011769887659
8778579742740851271
2574315088702704364
9183172008869720453
1261269112218133778
5018516858590002573
-4347771933739864542
-9103340385631864712
4814817149167008293
7278616214850056812
-1868631445560729100
-2099310166297424639
3962672938207136277
-1816792476515495477
786211006256687069
9104643834736156801
6663201858845671995
4856716019448972970
1564640856716059431
-108961825978877854
-8801371499185717728
-1002195219094725203
3171641554433009356
5519321473732852824
-7452853875720196765
-8300450338135878100
-1553734735325275873
-2631959155880530566
5124720567076470298
-2261628035249701199
-5836478128849099515
4020106109546730932
5369186549578331197
850583889794442581
8888661837520585112
4503540590294801014
-1319699907406897493
-192158788786338813
-5789704220487931219
-5550788519896706808
-6841609571938517546
-733799612472959557
-3386319352102426083
8950766929662956431
2114758213167094578
5622641667369303310
7564818860291778058
4667586405920125942
3304555180685992137
-1982788710052020037
-8417003887041256538
7849710532543080383
-4426271337902619620
-2568089587587982072
7364571464422560514
-3970711212768966919
-6449855299213505510
912401569436437104
-7697237614555159216
5197147170815010008
-5895740032670934925
8604912537935496908
-1114097395930790301
-2332518112355185209
-5267869387538644414
-6906200953598928724
4246169023245949712
4291071026268787782
-2886774089577471248
1532996304635806241
-3099597645301393010
1422416408002885630
1832762945545941607
-4453386042280100649
-8048331830936129462
-5015256491769927284
8748567206080516046
-2789848603588879260
765500182965213240
-7667691879326834828
2220465336960307493
-2495811254848516785
-5559005012510635324
6798589221612305151
-7821181728119929560
-5720351091861414214
-75043884893134260
-7784181037907153853
-6924923224642599559
-4953626136990698420
1214049986678115318
8713833235936713323
1739839380230239774
4843603822615088060
-6541348023904802471
-1477587864698820469
6691268802421641281
5661761623836228935
-7644897866906619131
4993603582616167431
8025848430461112227
3884830903896906
-5334625672653613641
-6025719817759276856
-1253754720340966780
7072746307994967154
4064644085660998782
1320249048030934708
-6746428437346850384
7601417361082698156
-5446345873663019823
-7608948405612465538
6298439952149901802
-3586421024570500997
6062121037848352073
1024904460287641918
533114612578524399
-1080512507613425241
686229362377595770
-748068610915226369
-3969899706724239524
-9098171936548094978
-6887394716668194555
-5270584055735575389
7098738005271332127
5822309178623258972
7485154281531153134
1318707633912137408
6416828071125580899
-5767590214277035118
-3064826457712331045
-5977531862992551619
5500395142302663899
6387693475806776210
-3494579206126144234
8126628807675209325
-1631220897263436867
6518480896454355997
8072490392286920595
-8915703636387766347
-888568432864260668
-4983619940537282790
-6095060228610471009
-7000623568246106155
697283106099455877
894253965519863306
-1288509489151987555
4281173686457226747
-4829388283105390601
3340757577842089464
-4487130698282573037
6853997070271967089
4139669708736837204
1513965578568189125
-4543263911962129094
-5978765129862019930
-4344097238694683604
-5245055774282517005
2697332665588796773
1916867737136923781
3316718275811000934
7961640623256749912
-5013141115364230875
1503859599728838414
-1344315709144695346
2231268606023552264
-1467435865696358436
7155322693455995249
-6072086057649121397
-3309591613613789252
506142785334766979
4769773803368232146
-7358476556623637393
3288388259020104552
43318293956026047
-1367358853866332676
6844214236681874640
1399014636116569248
4351184053703675647
6580584644291123960
4953044112310702216
8136282992391785572
-1046640549421281085
-5661535795414309072
-4010047559274309172
2528203158656832190
-6316662438872550677
-7867664696495615898
-3399570661302043178
7324175590645062791
4866587325940712852
-2963966399190266919
3188936497653254612
889872584196879944
5606738061866673435
4294347818552428300
5728565455854035690
4835823025921252072
2357183192173712178
-1329324935951368504
-3078771595971761925
-4460722553856521195
8361982111267777694
599595608356629767
1386474219625644009
5828107125339981507
1770907313973064338
-4368305939320943808
-8780373596278267825
8696765853411184358
-7184191038081013489
1587247576773490178
4054366386007360866
-8823724182035925340
-1334267515102135387
8140739155601443461
-2176935088044109173
-2105438999484260574
4213153598273835021
9142035274239694111
28478118041998661
-8424910161971771925
-6930140632275940860
-4082356260773151697
-1887437073804744368
-6440368017959041318
484078817232688849
4056634825089198376
-2667299523868647128
2368637971176775554
-229075553289893559
-1829163192089561329
1259787921470864789
7369313971662527285
3233287463226683830
874274430448798651
-2435264651040603290
-8970252567686008488
-4565238826494195759
-2615314005953394066
-1627062785250902185
-306219568574451999
-640226997026777449
-695012955077927663
-3096238710197945695
-5966582348447115538
-2083562149384101615
2212988285596337518
-3256341138049229953
-635600536006021287
1006796707061923080
-8583314263170935522
-6438356858573232224
-3290989610492000364
5921724717105507830
93843606337209268
6179296594405994962
-8289008769346004309
-2500267673988096496
-2854685755053014673
928938224295166132
7580092046706558870
4025506117034772083
6543717178675509039
-9218947247519812686
960627570351400816
-6658628024208082092
2486769653478265112
-8378594110577487859
-8562177518393844896
-2077961085442386597
-7709840462639263219
6067934997258248340
-1320749238503349813
2244684248542514415
5124284348697963734
-3624541567954101117
-4665623580692976949
-1288137448721741300
2357430073516012912
-1885569906844617977
-465896109792135979
1485860691421142914
4979438808616356803
-383110503458441038
-7474164061950643122
-7579418146785662225
-152634859649214617
3768102203537535364
-5902333207042191429
-5682361342016395430
1606669781788940937
5033994748229211331
-8163866365154694994
2493614121721686294
1536371772067433839
-4859804499980000388
-5853677728716638095
-8262256146600275736
6198645621646024285
-2833461839685534356
-7711966745495258013
-773016989607974541
-8645346157510289356
4406766502106239281
6971019698105913941
4657117753836409341
-617332796225746677
-2617450149296791533
4249163842899663221
-4441047338422452837
5846085298357204006
7951213961367807666
8656497900850553416
-968174318789275154
-1256626823069663865
4231871239615708652
347180819750158271
-4794841324137016033
-5698899049996652122
-4410052423666630303
4780242001197141894
1881318176360286463
-4149851123188349472
2997911382662842353
3110503675502372889
-5451920654474356793
5134167515729548476
-3755260806100431147
5636642199897678892
7624252986400971869
7862893143060006411
1200267897610275908
575630612686234693
3374328644967355612
2303642807856659354
-2850974078349397858
7178856444056516307
9196033457524812868
7366079985987478428
2818911890525124595
1816888627717946265
4032640797605474043
-1054821544411730287
-4671335996596263502
2263119763403088558
-6723213082870337189
-555630975685080116
-8762646534437942388
8845070277843028495
5034390428833157515
-3025078954411390606
-8614089481402524832
-637822373983093524
-5960146513534666009
-8674988744730325649
-8024267536791682941
-3504536217309739735
-7245704458716021218
-2287851844542720362
-1117474188451126162
6623413397108065012
-8632340207325867058
-9102394513474852521
-7580174793432694910
-379581185144163525
-4518277357510716219
-3841022918794793779
-8639985872866602225
-4607690150738806997
5486195546012435922
-8179295636648193503
-9017948248006744661
-3660367244708641095
-6978139764151166730
-3676689509815264230
5313469965702616030
-4162994685781062210
7895183040333450631
-3444912221444367721
5789321849642490157
5368184685084710562
-721345658600659223
-4852066375919961924
7625571399575152277
877007718998642490
-2971614073235278284
1578639738571101805
-6947851857568224831
4190483117451913170
-5497462908701615183
7204390964344035234
6606939377623343598
-1352402665499386002
-4502415676646026100
5414623185884241116
-8861247984813980542
-4704694646844723761
8235730900015365145
-3341437670682577355
8951847208368401337
2968590852231546163
-3638135861962192694
6090502742316918973
8397004109434396789
-1591858988809726813
-2239115311790476820
2747663609806512597
6945811288069777255
-6046213656226350855
1096342551080521861
-8825457581365476846
-7496733012078486999
-4215753406081658590
-5387493271139221685
6452042265332228877
-192109764644368892
-1258290565736909059
-3884354089817620738
5846373641239353025
1911103980677608094
5854258938976599280
-2206916368520073575
-2332534469077165078
1374587718558484605
-7861864369535371355
-197191453017809352
3638408392133902252
-1149877290287380223
-5436324951391290113
5408615938838071566
3228107278434894805
66791987561738831
2112908119722670890
-6790568876105963982
1958767413798070922
-196905098310608712
-8381192346933058461
-1287722681973499081
21169794739314096
345028754372686725
-7922956884404740429
-1214138263726272625
-4181055562628033779
-1970335374696016931
-4882168417360653251
-6332342171139710920
-7709343242486327186
-3550446168444654068
4272814001529053044
2572726121531676728
-7407917544745061860
7058410158548173765
8362950700080792069
6379044196794484532
-6851259058848076360
6732735310533645884
-2633583843191043948
-6634231744465425264
-2618933184617421022
6106258853574594202
6138282291565605178
-6600295449383566947
-275644248737079209
-2291270481099482404
3751491693929674890
-271205646755983468
-3648776015301033459
7192661314674735694
1869180684986365924
-2011059315613645253
-3956478321308845027
-5300943990803685244
4005640846565852425
7342503754986235224
-8703942182976551168
-4112189355163246503
4291790529978057964
-3837848070019726901
7609037985253688895
-5459210346502340249
-8318240987774767951
-41781595286777293
8329268511725094038
2385221676674922330
7410500348563139707
-3888783051049856652
1798815386048874513
-4138216962317559814
8791932134304943466
-7584810034725590483
6532734307446417453
3851993707837016123
1709359865502295805
-7692921143440432028
3366604656655895160
430351506964528596
-3154619443234537417
-3550345988574105431
-4620962224278464774
-8442124613640493874
7912959915127771276
7085792432646884865
865076898590789815
-4454751117165837370
-4963226503694243463
-472201819340337014
-5801600033540442959
-6137097712881164037
130083090643965111
-4511965711380515430
8120816190599510816
7875769403671815676
2733373584609181011
-6725137631821586352
1707525788356865522
3538972280896941643
-2949691023469781274
-8244827319967198468
-2764477085844964666
2668928576652375001
8686363880668204226
-3296769849261096014
6341197200517015516
521508880011585623
2567758544668393441
8746629271033335529
4460466136216846697
8349261220249066348
-2539136596644743394
7450175676228630171
-2945692184412902800
-574908196433220401
-6545859688906024007
-2676772649801123719
-5712308173668700808
1118789110679876827
7950753423577701770
-2078934873666915462
4180329756282422261
-1383552769801924286
-904149509565237259
-4883787416962594444
-1578927218987986345
8086713642394875088
8921108577306538563
8648600757428278999
-5959498815804567183
7175009808925415449
-1406388054449518565
3417095356802605800
-7242243224927960745
-8155704171708207571
-88968391224628652
5544051911636211763
-3160279273152079818
-617961178643639173
5563373915177101678
-6353951600350085191
8900814723290496949
-2685740146806833734
7567868845945212832
-257663851311254126
-5976843273560971212
5902280691910119414
7895684372674538440
-5069074862516413638
1235489696489620783
8683512701788751140
3912770568011677448
4945334286243176659
4570223400283490780
6577432798142639817
2964918905991266675
6312543534521950013
-6173000626297138435
702938144187568887
7105456070779861983
-5380337948622548451
5805365585530626048
2896483833219100871
-3755957052943212694
-5042752256894706682
6744878781433654162
1889554510163227882
-972407923904745361
2545528928810068798
3171871945841009829
9101509326998894946
8242269349106612077
-9200110721268889514
-3743907151073625280
-7120913418892204873
-2324499446021090733
2401586104351813952
-5782198586118186242
-4393546565401148777
1741960804969617589
272870080341219240
3209634872386466614
2096255481334006869
8473225751824240340
-8737624523465337873
-7884221413688099630
517181285407123039
-1107302288870287081
1929228170052995216
5621927056620047417
1151525964933303716
-8857451452606753330
-6396083455582111681
-6522995320035195324
4428993017839485339
-1788329809089704377
8101422825982838219
-4023067005935788539
4409236085912064684
-2477232838187667526
8994153529024390173
-8656940581117684125
853598281219276010
-5402016644811980226
-4714618928926776655
-2247854241819079272
-4864661815642046039
6303083784812454121
-5570079952369716816
3397403696675995904
3373204403244876460
-6982245901198596908
-21175544937108151
3344832508706391377
2822262906206163080
4773748781915551152
3734864732580518738
2278024997039989283
-1119363168627668232
-2238682620925621582
-5730657331793786818
-7986102923834457404
2493047429619598795
-8271360398503521458
5011896052926260617
-8189564723281059886
-2202582896081370144
6830804015211246920
2467240304420614755
-6107858768226557747
3853439981896901897
5506181192544758187
-2919601026240211116
5455731639774117174
-8307103810465346753
4384165409577295022
-748272583326965689
-2233931270753822766
-8089386275884839988
4411924386250261931
5396478157158997651
-6696563209045434818
5562924156786345630
-8689026568454226099
-4094700948191821361
6183108308669106864
4523306485466992876
1559004535076413468
-4297381325463858263
5080627588716373176
-3323801123589813753
7145531335796638341
-5691516777185786264
-6546485298448071463
-4937987617049142807
-1210816494598087318
3680499066405156866
702772231817270218
8873374675685271687
-5489425141205466285
-1343227561657620205
-5296458012397478662
-4436359028603275982
-6646558255056781807
606652372068313253
-122767196698019034
5461529416188700956
-6737083456772310592
-6925990550609947886
-8223705364603314905
-8327086951067405420
6288329289976638710
-4629678660664271970
5261058444040989201
-483928148168985736
6476433804173247074
-3208618910249552629
-2041287004027837945
6489309472089725652
-609961530903083881
8729551552744464377
-682251077422557367
-1666614220923653683
-3304017285639489120
5292945746154242247
8772046945261512869
9168390214992605875
7063690301399289248
1897699093741360288
682656374194358545
-3479722497163949122
8839792637773772322
8083799352698645781
5833784254568863678
-6019954926793442387
6325623038835533475
8726276916472501047
-7128497835357250356
4224627741712075927
-2293110563349054396
1097354976634225128
127419051230950374
-444891700592482550
7880626015623032276
2914837221772991512
7729447798700649956
6762738072906662222
5886945379112297849
2956345803355522276
-7541123163238504384
5476187648855669544
1598100171178256038
2551193028436846591
7221289312500030376
-1734159851532369282
2257279138439019311
328569176056939051
7917494463033677821
298496610919607581
6720658961478574085
-8182403824532634197
567075460169141058
-6613750611954208452
2418292339009143695
552910058487370939
2652288835714776505
-1730972913814463808
3632911517557431015
5183325711202637961
790764504134759410
-5481952175925436992
-4897754010581514240
-4940398636312999731
8654558227765258033
3195905805155300153
-62562549883543445
-7549054361677361018
-2082374814074413524
8158640644207176357
7997936430577690354
-1381596035207018024
-9200118087827085040
1958574382863795102
6927739793875817654
-6466629348493854280
-7896633936396762882
-8068913665312809257
-6454918855321439693
413922287658777418
-3603354754693434584
4576738690932341971
4120348435558583459
864143587919034668
-5631600935567649703
-7971667708415421888
-6025714007154293831
9040980055458139353
-8025338514707214072
-5184544955286852251
-3772051597474724917
264402977693349256
-2024481269871643333
-3746779687536731715
310464232399373313
328809495219535792
6159904594793173119
-2178967413040312276
-8435154873040587927
-1369929069506979072
-6981222122321969182
1907910193782534102
5793212866318713716
3509467364497606946
-9075243008349351419
-3063279984720213598
-7360203698507914205
-7906724839238872978
8440928234951833561
8848099144587327161
6120893448524241067
3265402370770459544
-8289003619589058015
5451905450280098916
7730898268194620337
6378081561760301561
-5678329943222792167
6424741951513729599
3127361790295405819
-6468333912658330097
6334730907068214189
-3633544071092937510
-2308149003921375975
-6080507065215326111
5914814131715503745
-9189143820510436319
1231446727398843298
-2532975724435891680
-31093810500572227
-6198390155063908657
-5807565342953010107
-1673921756938480152
6407112423247543264
1518015175237822672
2045025690217723475
-6572775184414347289
-3122943553314816717
6814865500604711387
7686852921405602687
4957410753601008845
6612368776309150688
-3909106939731443378
2662841829693725326
2893602981491976256
-2865418242764035464
-4654245742395262724
4893725135723550026
-485433830463497878
-4242990048629775219
41338038137286534
-5305770400048964095
-753819606195225798
-5297732637348459054
-8144808393722799220
-9181369874500939122
67770216876260777
-3797565500263408220
7897989400619002397
714506721631174883
-4197611192055318287
-4125524536632749785
-7033141041282323673
-2653359859176910427
-690765265080824576
-7456389748464165843
-6067315961672888431
7676871725799240477
7843873508554844850
-7892994664551411450
189689151969960977
3142125584366279578
9036809808117435682
2313910457053810426
-2954465860159591703
515131243225941350
2093862288104514911
-2491295075430074103
-2352733223518199909
-5995182515312344320
4917757506643450045
-4433808345588142751
-910644165922705416
-310196880752191494
-1587276059587875054
4410300344850072926
3939310798229879235
3352883865295074854
-2339806254452621665
6545681997782592318
-6772850021364741409
-4278779240165841842
2510054310477573759
532983184528066302
873653212672846819
-8974138331745737646
-2289260904733627493
-3158078684317741055
-1348712335733440571
-7969539029669337379
-3497801919311269603
-635585970045571388
-4230421011130122536
5254446183877256642
3100183533892022853
8076836679068060469
-2564323881096875982
-4317894431118936359
-5219801840957788766
-7667768957498510470
-5045767226044389411
2804918332676778930
5850147638023012447
2588930825727006769
-4721262018409838440
9126464774434730883
8900634966789384798
-5230786254626815947
972226836901250766
4382401165841825133
-500490448370811639
-3676306810813975485
5695956976802403482
3497710336821851602
-5901447254709666255
2043960915041051333
-6618883925265232870
2576798531612798022
-8969602264106555285
-584600156999988683
-2885271291358504066
-7633668043024134263
-1669774204189095377
7510139102920604476
-9188803842428636849
-6305854771543749622
-707882244709578063
-4302374423794948779
6092327479467922189
-6254689367141266562
3039269453830304465
-7166039671151744339
-1669554508929767987
-5912708939048760345
7511435957052821865
-7600021355589103519
8995074783266519343
-2267706599115558902
5625543577589078436
910556779003949805
6850746259396145399
-7259214896396368976
8990416797001703736
-2044312006077040031
-2328222511047854117
9137742750036493884
-4252620971945400204
7842422946660594582
-8487722457214635503
-2134676756411261832
-843487078546603521
-7175300085413738661
2219980738914443899
1736703221679623278
8694250998951316750
-6882842299011643739
291167378049140115
-6161999155262783322
-4275809732038778468
4735244314239037427
7191276209172042941
4335289803886433022
-6448210045931003843
5478546733225889230
1848788487755679371
-8503256796577377511
8505211602918390753
-8073137608396413440
6055195033693549744
-1614855479107552661
-7490417839040990712
4445743052739668940
1667449051069063137
-8141673596271005309
5536812654377865982
-8341003296839878347
7997663658066548784
3426977744018683272
4714934050100677607
-3609382130547271171
7463373606244699472
-5845338606978007946
4268464660212482368
-3516892452813756406
482660546337196708
7846120122796960118
-2354023629223036379
-1101145526376054296
890444336150058401
-7051816258977935152
-3241507193863491057
-396305529012901139
-8493753370135373863
-9068225997654402835
-6448207842799474824
-6427508475770526153
-1635543842752215760
-282218635358677706
7500866077158214653
6264388122257894508
-6861663045727641289
-4261599285739647458
5339374004599205848
8263475465823860578
-3807753465416046376
6041376180294449241
-818185667749058834
-3473289940094936720
2175394528472096868
-3064185992735591140
-8017099813502782790
1439735583881687240
-2355677307646787056
5726489088427339329
5600172490637607965
2435448077235785732
3549608085935629494
1456122324834925761
5880761370291094910
-4088263061445825570
3035769860285942565
8564782103627479487
-4539112459758473208
8102066113933473168
-1121617065824975872
4097058715328048747
-1213160123480650810
2912023549285440471
7567893674669339601
-5761484147136813256
-6815116861564751917
-1083762805802627533
8667307373187049853
3842059948201356175
-4713715041934742240
-3178392930698556097
1510696743562506905
-1631321299310087815
2503123354345144630
1868819120085453085
-7577990484195262667
8724728978573512101
5483404567476849506
-8800353395106653457
-5043708449309196340
-290148088173019118
-7021248772570639387
7787442912578197408
-8606773478374978130
4860185450096490555
-128665972332062695
-8911164114670783550
5529134567012564158
-3749278548618590368
-6477819892689824380
8539195983855931798
4140901001097960596
6856154420137285851
-994164904919367139
1439121259138976745
658265173375206847
-5624396541296617067
-4083179769539129078
4565065712150578684
5617290484777891336
2295135738886891757
-6817219896565878319
3997396133896735108
8244549352126597649
8760590255147953455
-6330056712494712967
5600287794155543232
-1762362256116353167
3936774750659141377
-6248532018643404866
2147295819567694717
-5643431808720590810
8619539631412495403
7336088553884185703
8654880407035396670
57671637695628227
6337665924282349341
-1740945345012615429
-1910413616097315286
1298406372916604372
875081530387067707
8254885478371535949
-2841023275931467722
Matrix_1 shares[1]:
-4143203234236491729
-7902966476507266504
5713918706316760867
3410497449270002792
-6511634116038198464
7311509746815935130
3244448758990812122
-6232438661573276336
4602855097036761575
484787560646156950
4922672995569561414
-8358176635750346853
2078204001298770211
8480825260206744228
-4890666169609720759
5614013191897191639
2883171898247022856
7187644245264296238
-3104218294030715129
7864690907414684093
7636018585291400858
-2745376380554420198
6020328531796902662
-2843816790916792827
2192638540091701954
-3514320315431619026
-9010668020217023054
-7733657788685320423
-8722827557164801845
-7700509102305065376
-3534923115074254098
6412619171480245579
4110828949321144531
-5404502009258543237
6219713411540303911
1595487251155524212
9023772522009902086
-74095107766708781
8747732589316716762
-644246181372955002
-4406367583802978212
-3419106209710835830
-7492552545224107862
6154735471385617621
1017514253414716390
-879615172597963955
-2657853849843758861
8135517293623333920
-1508621621130371771
8795781269622497381
-8369934099936455883
6695443478213498438
-7078795685302200000
5805209935430068245
439143771382154644
-5410947555847019118
-8045602433898127614
3749258549274561139
6781136943851010208
8847912078751668235
-3168243903815297527
2610550106321814316
-8150186560930652259
-2939465888207912592
2726490569310779685
5079626269814531924
-9090766503248752274
-386144631011087935
1754140830961977259
8029031339379234462
7331886754073775703
-7426578077958706799
-2516949040160836287
8265832456268779459
5092635767620588895
8526065510788094628
7867694152221179788
-3577167759011476029
7554041332432546311
1926297958739138912
2740597903548992103
1598833907915798658
5970963457085435246
268835344325868393
4324716265829153463
-7553206933273419912
810761425995490467
-9062049258894818159
-5169312569520817796
5807372467414687600
3412899850090971141
4614268873221066249
1420380476965500258
4223462537889735775
4432774849067090373
9045939080676909759
4157619209681025990
4042917958947447456
-117882884805876066
8718767597143582969
6457634965991034773
-4717503229357848629
2275835670311459705
4543789667907114058
-3199446932073417812
-4803127172988815202
-8315307245559388574
5787491979839672678
2546019598547938568
-5592820710229633108
5234362415774189802
1266313228487770270
-2927629694768889550
-8058605850075750292
4983649023111901887
-1641313950896826949
7240897519791848861
-6747460370331036300
4016872572309184908
5882719005366896928
-1616979794517913396
-1953834598122704734
-5025066057451745471
5230838837547593160
2224769023821257054
1015178121859179234
-7353908217498304489
3270965276734490851
7732505798090507020
6817579990951615262
3258056256615201059
8906858828664319608
-904843293128487142
-2005768256007300074
-7654061505683694970
1128138790083801645
1256176819053642961
1183974736030929452
4930668766534239762
-7831729524531999023
6677628073271135102
-3679792566407594265
3223971042791801321
-1022339686867459355
-8186480619088894102
1050889958722566943
-4258261928369105075
-5513919822254301855
721465281292518852
-2313416035748942865
-4689286768861701700
1068948478567851548
-6466150491506094670
-1000296929663541982
3646470242283644618
-3891596467575903062
-5160240020185647041
5832314041192404326
-5167032501566346728
-2858402999114857711
2042278425204532980
-2790449879149533851
8068718713672183963
3247970703456359651
-6521250268751387160
5621405435263950873
2656237114308123434
4859304723032034172
-4520105985423476056
-8356707438111220847
-4256113976991062973
5024390704693251731
8712264676078794512
-3279513470753094945
-1829372438682559226
-6088942200526263205
-3007786611250477339
-925195471814169611
-4239419281760796977
8683907270811367242
5761030983517344574
-8782602997762101588
-2514607075836417436
1681608413669934833
5191502768359970024
-7960653475264634411
7742244962942638021
3489323141468835313
-1161878295563441387
5670346700710262137
8050722961561172253
391308177124669146
-4832482989313947309
782426892138413190
-8604807327772021193
6388024280996803019
2642625538100742454
-5738781327419553620
-1997278501288115507
5549590296700414867
-4864373218916443150
-925145931066891571
3019368888352655084
8277793254440612535
8223478911165739673
-8940470776712243443
2045450739547754880
-3691209405015331363
-1537909423332243856
8739832305661713436
1299997369070658240
-6499624240148910352
-6495891650262923227
8250742203416510464
-1626010591372027085
-3220518794824011534
-2726977375157665671
-3274944335810747701
2826960397269337560
-6433538120367523763
7916003305047620408
-2504129818724909750
4348705732884909552
5658171452971989711
2322650737147416029
-424466128670677809
-8737511754271554536
1694841439124955817
8133265542704467525
3748046703600594574
-912823235751093850
-2698683306821595435
3324337997477625357
-5270447692325725156
-7186840893762381328
-8364655305350857631
7553765104414284351
-7795357913025510348
5138582658917249296
8390535485361166182
6967208796142410042
6913461505898772936
1862578859953858814
4594832046592717109
-1681341062571988294
2825132461754014196
-160572055304503010
1956800198583581633
8746452046963725576
9081085426724338286
-1766101184809037009
8125896992545394270
1095414441705874297
6484006006225523727
-6749162574733712669
-874978433363612552
-2145965920967453482
-2708918271647997451
2959308899226423678
-7636160185985735994
-3133945595240162006
7455439746403661655
7309169597163845861
1767434714817489978
-9068828009685542319
3767730196078057895
-5125050462526108396
6533758464710387209
5383588219574808567
-5071932836321182613
-7754323229978206806
2436873686043331955
633645724230112140
8393799342134595164
5683184791337013382
3388814430785635048
-6638790277039572283
8369887059152573864
3196546756124959502
7293138993207150225
7148628559904518786
-7002439003264814505
1468696927188639071
1347993846437938607
379067133935459552
3530090223531810408
1862461363463727065
-1602541395153258918
-1579706023773716757
6296609581946190699
-499753520304373050
-6992017704482903679
-17490281045130749
3757669493849980725
5122227910375889227
-1242228989319014458
-6366520257252122206
9103496048243351551
8065867477653340144
7941497042027711543
5420370556606891105
-4552112372116696987
-1707896084776483217
-724522175755589176
1984134225142059996
-1457136935532294020
-5006413372513212200
4653842900265261077
-8205430475052044406
3570249771277792037
-6410517861673984219
-3225509780279635119
-7307002269060946301
227255438695566650
-6640185363474853355
2379977413027912785
-318372110923661111
6359030002373433422
1532339081227042499
15205671187394080
2805539649882743596
-5628609877730949036
8513871402474919777
4888889370199195616
3540805117487774190
-2249308729965404995
-5991464950637205028
4618715556222866807
-3294332424844697655
-3800175411883670872
-5016655301731586631
7755979660507776076
4421178962323656095
-1606568362304554167
3572991542415821383
-3980426983206434160
-4362614637536357006
967718609216598238
-1010975823607023956
-2184858441896237707
-356430508156559361
2235223301496332944
-1634864043143657605
-3398152790951349546
-4108930774188400712
-8344175102024214716
-512905832774477324
-1494720970521551252
5331635542135728435
7288512084817085587
3379468884275853600
-3429303849887871775
109896132048095575
-6726790350992888257
-8096168429678865969
-1762158724597841738
5693663889772794048
4611014272615658365
-7739061766995562564
1692307376396949113
-1111083648469854033
1454168872182631346
3326322025448586753
-1168609214664871362
5955452764883531746
1633452976524168545
-3158515118352450184
-1439931989350937610
8041491976891546134
-4208411347231355294
-3508462201709143499
8569442887745374407
-366087989392702385
-6034404772403964365
5752514928386154441
2981458883527747474
7842709739743697916
-4979551095363553908
3304446675314011822
-791365165379989633
-4234592622399920130
-2527169983232173550
4476288049315963295
-5399998879056613055
3782338464161420852
133645090926930204
-5773502849031804859
-6569374441635600211
-6754177405076348854
-9088560760756788473
-4494084967213548675
5479824933452387646
3434109839284601335
-7914249132870016598
7294888067601995111
-574536849322456948
-4124723721129420354
3287443733739541668
8451097346916055850
1527891712191194385
4635051893254095378
1538592820277386129
8886947110193827266
6695786606583232608
2754331361036919560
-5509020096434952043
4287063515464770403
9088876527707950037
1751481800580788188
4991797583870725734
-8853859164659304920
-8765642980474551110
-603047655813477013
-839139999333810073
3974759281895040791
2536091165359787340
-8131771753543965964
-3932297948221481053
8843903778877255259
-6582300353825159540
-1064374016533841436
-469119831690442963
-7673554843091789030
-8899634520055909002
-84198538847516318
-5593872497996089108
3319441114984271714
-434427330030324180
-5106903199820407544
-2522373158384125791
-4873408091227068686
-3306582372654576403
-503505394099228153
4296329707810629327
-2207581686312956269
6699268487283893703
-853846610821268122
-2473964336420972086
-6639371220909864544
9076810911653211117
-2610761217837739491
6755223121482693289
-2826296895825405734
8075288984895521497
-6279040770707534873
2028934378475087625
5324731443317056802
-1329205247298692966
9205834877723981853
-3173354984519166759
2416034758906331421
6492404109705597083
-6531628268868293632
1983768829276803332
4268367535697791563
2131107420428703126
-1467463482365742349
8377459283265492872
6588643281878872306
2705665604932751724
-7434763510812937146
7154139667304864544
-5691490172190408536
-1380913783047873281
56427195180814170
8781782746442908448
3237811652324228309
1135081863496297057
-1538688364180732417
-6128828830267159854
3851751819379999121
-4371186158709738735
-2370806132548661990
3847025811698773533
1894883417457544705
-5943721341783269151
-5072656445257109541
-1235240866792911398
-5778349687047736969
1253800360011264485
8775757607540928065
5475445368519387036
124905463305702877
-483800703306503612
-4586999076439673791
-3409177278774446399
4044540748513604994
741388838798216906
2749818793323678296
-8062515975343327738
-8451003804583832894
6344465147835176727
4443998466014461865
-3363120791640050141
7586819720206338603
-2039342997546745366
-7993742051762851164
9062719039507450576
368942200900523828
-4951186173060040775
-5121452357732062480
1234754250138556496
-7378098948890855147
7713112315181406817
6344056608305456614
5223636444872536942
7206815972026335068
2495104318874554414
745987455627606391
4504146656965382507
3539710470796896984
1551149261170948666
-8134635710385014370
2363010594185639575
-1569699421465880108
-6401826052403748013
-8710504189022105924
-3548532355697564276
2671715015464030582
2722517335246774539
3635919069591607514
8256990813382155307
6746989083944103031
2898025445134384504
-5439873768110698389
1712002806395914146
-1396622370984869533
3421441322545751554
-5971242609315146511
4764392098056279772
-2413390908189402291
5012646058214176343
7314013776497662563
-93551576201235980
1680673054651948504
-3644864064661385466
5037352485500125749
1423127123092557233
6433503604549516844
-4158276927034072623
-5880028268734476908
6408355766108329750
5919093329766358353
-5137968854495290845
-4260959890392600209
-2531803300217942393
-1969272267546522170
5139403411686569745
-5943498719581673956
2896043613963693501
-4319369758967709862
4011269036154563985
140216360359856461
-7358701282376290799
-4054526642689368225
-9008508876251267949
7790210339550051484
-2835392914085549235
-2159909122623899188
-6713105553351556953
-8166262020600805589
3483471874435593679
2046405757277102619
2085517504378836681
246846211274435311
1932133928084857252
-2769473489768633422
-5798954641802928843
-6953802555892368627
-6634230620288852207
-6070861069293802249
4313919123882966176
-1832374148501615153
-8767447259425136697
-2494836952667566342
-2965780805720602320
2384286328783235289
-3645888289982582360
-4517517321373307175
1607357806189975845
4947859294047590704
1965485958281571472
647791080187798494
-243905626167165376
-6134411074749764129
178705630713796278
-3600706697258830591
-6496387080938442369
-2330216393076444466
4524747244938252504
8146094714361698270
-724244780657912807
-6726601356026459545
-3370946030625153707
-7779504830139275644
-3728568499159207648
5573193012247288077
-398339814055939746
-2954571570540444431
-8346040979896511755
994127827159230170
-4272768517282453971
-2199539506754046697
-527323044766051130
6217857887427210390
-7757388293835496216
-42718091237903398
506596311419484867
8323712080314384484
-3361107108160974393
-69823295208516132
6888229329639058364
3399901035581699555
409658870429528773
1401738076847743006
-3879441061338831050
3799717732696895233
-596118263655380540
-670719615661976148
7274155524745925999
-2809921958177518743
-3036416824992570984
4641356411756496459
814832489577118249
-7912212004339589694
-2997369443359203079
3253092183790113269
415899142671165737
8641924599084671278
-8228728890939228442
-6614217585039536621
1500650078587373837
-7632346942180876452
1099270734365216992
7613792730264724010
-8173717447834397879
-4873445192201843704
-2256086201715926258
824374179292741079
-1314442000683257853
6210899753605059472
1030561121895457477
7401179379305870570
7640798215525194482
5448750859237930296
5232494313767794083
-3451037175285471841
-6077082097989160558
-9155307330316018033
3826101380411103654
8266008789621552746
4050655516496136696
7261603057967001567
-93151161155480203
-7981646940487013258
439462247723473492
9013277620128500891
8415833271704364608
-8990342099327304324
-464350324561679628
-4104326751930356747
-4175337332205011643
3035727060716621932
3967291596440022021
-8023955537917223911
8140620601609658937
1318022479149431740
958992573943382109
-7851816702297420107
6047079939009547928
5764719193052743935
553247584230827765
-2021507170541873699
1692067444679459268
-540480345578138220
6479868059136007885
-4324098417889238417
-3494616907809810641
-3966595493798345041
4199904122086489324
-7578550516019337102
-3680336445359211907
-674871823902750881
-1363412915995825735
-8378231310712563996
5721797377405069645
1403489919648747025
-5460707688241367411
-1808696551966462203
4265369903727550474
5268095808247940328
-5646397551689833188
-3375116915689567653
5870514534215492842
-61020219351889731
-4786263604564699091
6489363866846043519
-5822293397509299895
-8314394916545008608
-5390339616638328843
6404206656550811442
8948634436050046397
-6537249833621550584
-6748653647932915820
1986935902089587775
4491807926343716670
-7804173305087362464
-7527346197512986907
-383781842463690224
-94833241140849939
6378158754487804635
-1976275453274516101
-1053619391278487118
5288720829875258581
5408751929016737146
-107646171074873586
1131922020494239942
-6055874167065612823
-9190587278023075163
-1998464347119988470
-557106678989990723
-8493438112268940186
3568267966846956900
-7221588097517206890
-6594188557702364471
2070315678129368101
6213575202518179474
328699414060164016
4320522028020283030
5385958363601247357
-7515899981066099073
3144190508992567518
-788885803326072039
6768003839528476830
-6394561824478808989
7349707641644689546
-1468180477630220407
2344167298067520360
-3086233594602661611
-2726671072867485116
7938241188963018653
-5989473797736917939
6325966152281117494
1919256798058971095
491655401367996370
8822219862880749466
2580537259671924987
3441540571135530417
-6897487697646760436
-3009007573079327232
3762609000619599654
4858703758737026178
3955500760393470142
-3223259532130788937
818644364134179011
585455833977663392
-6769370028493307858
-2274175534741342031
649058812903768801
-756420050674039720
6899634944685356751
-23670432340450914
-5492972283166160518
-2416344474886381962
-5888570216313764839
6018066784256755439
1265434493408321407
-5952032991191079866
752282756032909519
-2227878780922442087
7563633708153745951
-8105445429612414236
5087142359003615989
-2459926317270797473
-4811724019749399077
1819480121628703407
-6452723354603474141
-5977891977631913472
-7602883137744609053
-6253852849954978116
-5985979773624996018
-1194581134015498528
7270177281127769734
-7481924961811582867
-6545879991157643929
5156367914817691405
4139553318302404036
-3868433770538426272
-3636817823712911961
-2806927406457269123
-4689835196846112445
1791783665562451105
-6074554924991246382
-7901954269225942844
-3006967377296236707
5902573533778653623
2467244293864403227
-4998345985367711941
-7078714587012660745
2085741034538543495
8313395612629356742
8006660528571814421
898737768140461169
3473285765398692134
-415383832940251394
-4282812663670762388
1222969776534319581
-3872824484357599609
7735496790139272973
-3246429223555590031
5161749608901032410
-7765591717246267100
2271332822135347475
6325396160680699476
-3887797908501802067
1834993570681289925
5894153842735304565
-1522880992632039444
117993826778702331
-2522340669454745639
-8234959543646661411
5415903702812485366
-3224829650505738876
6375723241677484250
1147200588881459857
-9048830876239799107
-8049777641759402108
-6023898204590914641
2036738966196354439
6741387707130884598
-3028515686303131817
-875506489495422947
-1926245017603767111
-1063774155271878156
-6326983608687080346
5522761368248496147
7871054662266156008
-8881810927004476855
-3176474199350844567
7415480385759674985
8960116088898485825
3402154264878896762
-2856563668419134880
-8297701996466869012
8447465193229831819
4952378698407609028
8291299982562090041
-627859786536061323
2924144556383589573
-7550016509242525165
-6913974485472791016
-3233125899840748144
-1542383624237794275
3862616275975913612
9065700523643730192
7499935508431503097
-7756837121259897888
1277694538432177131
3353010189169883868
6426265881393586455
1088625624447478998
-3621140111418170753
3745544542160711530
-1500172757287427497
348332903925811403
562144479540039411
-4714625080565358902
-6691971633293953639
3484721253013649309
6333351601023369937
9092373456074189129
-9134290435245413618
-5674641437186449778
-5821876368110188307
3952083732611327981
-8522213428636926068
-7305514573447748245
5333963469742484648
-1594612621151008691
1048530312856808246
8709405154787961511
-5722500926801391802
8946148543162194207
6487587734414375594
4084529994608482752
4989875314737222737
-5353959332381698101
4015804561920031898
4810665208512100819
-4464280161152690539
-7602088697843971190
4867638098226733984
-3359195812817253751
4565606308444124811
-2945018713960146724
-7689455217158348156
-4541284098243961161
-8909965769544193302
7740974546443521111
3404331795946479645
954077101274544801
-7000712240579600500
-6072798995504538808
-8389812546514647638
-9138665092732275086
2200299875561123287
9152726862509479382
568717963472127307
3011476916535318063
6408984926820495583
-4469921015876412593
4392869375602708867
2325478357034231056
-2089766741042385451
7971533382376676329
3554182579522740786
-729339104758787732
7325407588172421070
-1617571388778225382
7261413637211058719
5077578329821900511
1215755191174531517
-6507936181021275262
-2130965074162300668
-3316196817185882585
2645852394272452076
-5302568208404851415
-6655298338979399931
6712451598701923281
-8235777953735385399
7684450142867594166
-5151947064086061954
13281535398441847
3517784092959817457
6697669326139603838
1093869208752285357
3200100118740155385
-6092130854323749220
1096991348033400237
-8085265940764587215
-8916759452080143957
-3481368577142289965
376505424876866320
-6679218473340883841
6350239700676804889
3817025812741493821
5975336200178802558
2372248166575079120
-7838414036134462343
3438761213319751902
-837514983584266100
1317148257139181274
-1168824354823818978
5382712972533420787
1611363790150756279
2167221223847641716
3224135837909603424
4200305725092332891
-6504004716238077346
-2507956019128218407
-2924216489057527810
-2656401108994786420
-4779110979968453745
-3261654156976952679
-8309710602571337206
-948765875043353949
2670385950536314867
5724408709288349990
-9070058452806617137
2802723268559398037
2356874546107124559
-1643911928164762908
-6451502542454307184
6275832897412074852
-6962661433489204369
5680232545725873101
-8239997746207545067
-4957619219443880687
-2499926223523060005
5779750494415180636
1285783405299165539
1773601693362807128
-5196624278010214953
8453704656299520572
4934657709046970673
-4065753987911700474
-3103725960491466518
-967672231608395655
-1525976844454378742
-7247753458373005171
-4552379712430903080
-3381931177158471368
1164554692175444242
-1567659011705508867
1528165961602026388
-5705032478172172982
7253786561201199820
-7694090311529649688
-4193195955720962073
-1009951267263950534
4139946799314114539
8872097518317437942
5245420871305094903
5178554174736214802
577431153584587177
2271866035753924856
-571829927189549868
-7247642506021421707
1858337070890861307
2163231471721071511
-6614661464708978120
-5824640674509222382
-5548279651894222984
-5637997776202838133
-40492760637708085
5911909096620710616
-105136556688217602
-389792199223282306
-5394516076883056123
5470479437392926059
-6404208629266769339
5266304216051687635
661970729515747039
-3020604940147871769
-3106785583555768673
-7528687794847460223
7312358374589378277
-7009766619147624258
-564658827347208612
-1032634509331780395
3683240233016583679
-3030920733546443095
2303793823944155485
3812175331900603031
-8680789378497872089
-3070903045270068710
-5235884817161381837
7897817330589126051
6171175919556142404
-1549379003504198299
-6506167870831757857
413090620369246043
7064426221237177155
-8951914904809216036
9010105640211257340
-3927812874716528435
5269474436110350114
4357311082703236962
4351815001000263664
-1624775700048065348
7264878577142016558
-3637633630527530822
-7937780665646108861
-4687029040245157408
1580493317619291739
8599985232089545523
-4909831011920778502
7332794412412968625
8457485944939557889
-5782153254808477428
-2015286036479558065
412491762499758019
7975766153144529949
2311707478538529260
3608934282317798261
-4242752140005972712
-2829784154499988443
-3540578812463580646
978910655883939231
-8497768178727453130
-7244866417974119069
-6709560169741074299
-7742808273158459419
7399358832584249608
-7902159609605236945
-8023145569191481313
6015462131156211453
-245142146325059890
-8001657897111828397
8927807498401054352
4140572692666243097
2355263326068887581
-4870307039604666945
-7933574581183665035
599112416448586718
2370170301615518759
2280522727256499060
7148604737958136782
8664651092686789421
167146968233177615
4250991217402805319
4727749304945308758
8494708398910797948
-5485001577719680623
8038327626893952571
8690458401806886309
-2931933941819397649
-762032809749195698
-5542035801121869746
1573104610758591330
3046559987973540928
1274254842067130324
-7489584596922639822
1990897492047398950
-1561039467467990946
-3510041822189535735
-8801537137309075602
4074858682250719109
-3311136411181062861
2232904240279477357
-665874742730549018
5905522326502375743
4329658187887106277
8794241952720554904
5690646137680286065
-2033958215075887894
8413954159507503532
3364336445088509069
5057786500647455938
5021788462304361898
-247563269933711828
-4732713005167305860
4749894871450145627
-7375142041058341651
-5323940697298670942
4974620174887612842
4228652966939451033
4915353984231112226
9007442757635984216
4706392570618725795
-3130607119098652506
-2572093823178741966
4176809473488806255
8131738409623254187
4893057467520361771
5161280225974638252
129016927959276285
7381125284540152059
994684719735320611
-6905036628418359480
352433309818133424
4869738271636520428
2463200045845668186
-2209136988914889142
-1074728187640612610
-6280942211335729859
1022699893834135701
-8226857841734376782
3329912383314492505
2850643085025827871
-2575191529426608662
2993142785228729831
4360143395594959157
638907446714580713
-8356173247507238196
-711540750333480474
-4340402764713497105
-5212470505258269209
-2947222542058993423
-6834615556752849135
4178145360520402235
-5948462992328455697
2038470277220314837
-7996944726110615830
2133884449216249579
7156892577801004554
-1830104519384989046
2757938876130547208
-31654994804378393
1857355622201176589
1050388621752921362
-3940882137896681956
8272012224430220781
-4618964385889171269
4620800123688033905
7746292631267967326
3537709021912153579
2999068863543517148
-8380847646181918844
-4135455406421467552
-676468863980051586
-6586883857302280406
6099012692538890822
-5077168826472120621
5424667742531794168
8974028381399519713
-8679573955385248574
-934622987496507240
3328328340855663344
914854551393882895
-3942759049241642337
8114491305899898726
-3621198001163267337
425096107051581172
-4957940849613818095
1506979998044496992
-7395670378993400211
-5085510180079565044
2477621178528042441
4170348716828749384
-4712469025481204623
-3554967001997431553
-5368483644211934105
6938202191021959693
1296728132853608876
4007718977408576063
4894573491330122097
-143107021901127483
796266636182734693
-8893184607749307448
-6529614553527653499
-798446117322016164
-5941750131190017898
5404587986972163405
-7359870005881495040
5106297795255611894
229845578312653276
1258094748166994599
-5839799138297110049
9109191401722379580
956656594320863733
1803503120125253441
-2935454387773512969
853793741366704666
7290647545684362129
-3488054726701905839
5381880270226032776
-1333657817150261197
-4355857585935883765
3781171947046790645
-3420148093300895232
2518506003662234949
3460843567805027423
-5286011367200661117
-3657288621229975143
633986697291774797
423283893295584838
602677213284929821
6541991307274196802
9198205840904417767
2498345150753455709
5773917221334743564
-5912245235846208050
-6949231569759582515
7395465976015143642
6128764325815501567
-3617707826346345903
4042919935873596805
5865884911700430093
-330116420697181253
2751533373002732234
3455206228365624084
883632881429242102
9103128291786944712
6000899138833756465
1186744408993049990
-7283303079215456645
927146340107377195
-535716039182262440
2595372366830220395
-7516630489164875269
-1353921845763638480
-5930613670536376295
-2803015674450602714
-5369591397788554154
6418173421356213364
5032475812599958371
9201350177764147025
2967156360476372880
-4932139912800865412
1734750978405611588
-3509697448391058031
-6949940031695913894
2673103187220442820
2122971662858844228
2245512849425055426
5178020540404211244
-6397435710255847237
-8959095153244700286
-1365347787169655795
3492979127061283432
5925550818517998345
8127297862523611185
-5424424996725389208
-8751493515990101681
2224454630481991046
-4332504298268798262
6068361906456047290
6112557527801175209
642900656192034690
-8978389263738848409
-4053193282701682808
8716768228965570101
-5372111018028424426
-3458016878244060201
-1022558266056403679
-2911011301345124138
-8833324374317859320
5431334375288369066
-7874187792025993229
-582150584404577580
7897669590396300758
6717863834826029681
3504990894017142168
-5524954258258271788
-4336991728861498687
-8420506242219910801
3877547133843735604
-3713106645156703367
947206023875304462
-6297505277656158495
7969100258056836968
-1799370627590469420
2001019783993882475
4727145588089495346
1186558540081360887
-4763451545576554345
1469301845244310681
2729883699108066745
7831228813258892862
-3913723831450002211
-388484856115873829
-5788890374659430113
7990849858222585967
-2564111453235532886
8217703919560065245
643174680238127528
-5009518178434411723
98570205470289225
-2936226404485045115
-7888285314949940773
-619373490244577655
3066878621862193515
-4983762769447058997
-5092671008053302048
-6137785595539858596
8202490098121434682
-1330719262285625137
5766648804677574814
-3718178944958133902
389645676196013481
-8911875507505406196
3958850364496404879
4031390888696151481
-465666557856532726
5652415425672436032
4704701213310166267
2899122897199625645
4565599909080389588
395440839195408315
-4685600491649634137
-5952003605911740372
-5712908935702809004
-1204215707365941090
-7479941112467564756
4007650653676349555
5243447320561974632
2989922889867079399
9186714385798986780
-6334363391488622469
-3897469741398110931
8231112771532305339
1784342753681427936
5728861484763361296
6022838138994653934
2631879485021846428
-3771713975644949194
-2988461306653270987
5639107635451689651
2238420061704672751
-3450364575334510698
8407465974372528667
4616292773539486013
-413687962115705236
2796696475746913346
-3689982253285702494
-5653804823368393310
-5394700091686845309
2866494099634955347
1113222305003625623
6249000758990912945
-7030528743490761922
-4787049136592326854
-780286929873801865
-3249347210064892143
-6841758110708342360
6895035429858734999
-9072592350081872495
4601688421592968388
6373229313793327672
5415030438339722008
-3815753635934597219
-5814374106382261815
-2363423848533495158
7993315492912253806
382830020379121505
-5476000908169250778
3448789655725780701
3172937996778109662
7180712694389697940
-178230962008479502
9201693463309620944
-4618413214212427552
-2866377025703075720
3383916530677236604
-2809272472917677519
1643832987553713349
-5072697167757896259
-7998307082019066393
-3124598621840145102
5039668237787465468
-4284885242840328474
-1011735128096102410
1076768823399932101
-1895939024385013556
1740349478735364327
5907615293202457467
7254465751976794049
-113977271639790498
-6912997383891663989
1748094638087416308
4099362343998840902
2177915647779701538
7905660451091817267
-3592202857369592145
3812423226918310063
5014284391548398173
6479921788033664611
-1590487705516830449
-5825628617653414214
907942921260755065
4748565491066225800
-4437701801319461544
3933193370484794343
7980365146437165891
-3725039702454489628
432685170794936543
-7566741907927194770
-7203481188985522042
-5241494417694737343
-9094634969296183470
-4169206534213480418
-3999658934831508180
-2344131533464557305
-7785754244687981946
6519104466396213065
-5707569529780996890
-4850868338017508760
-5497955209167966758
-6523016524877895211
3754772968060321934
-2770673253543247387
3199785245592425612
4928074353355462497
8315801982866330619
5486495216220911601
-8315538201254908743
-9076739096990746379
6020410422322889336
2573289385792192477
-1184825214103635616
5101646754967143479
8711180552743343124
2770950667955262042
-2614777933160488728
-3487361289533644222
894139495337494314
-8759834011035020064
-2940265019935828132
8431511077767317711
3734011266605481504
4430543102305699995
-5532327260835332890
8903778393874061214
1229124894553847343
-254767898407681010
2320120559093237300
5296068516930435151
6454333322191829585
659366104902055120
-4785680513956095578
-6026063963456736045
104113177874530891
7021774642629430790
8637971652558526973
-1102280528397408318
-2711211698581898500
-4455833568863413536
6742863597893222903
-6832491969598666614
-2926562704616650954
5222962578637468579
5982860379215319340
8367136662554922101
-8415103960677526612
6038404091618179922
24592069357345278
1800501957520564311
-1172108006888548518
-4481093244398092123
2818033429757896980
921277632271664563
-3824091745356904094
-6466276115169897640
-4533835248352291371
4377226571010920960
8675207260555949791
-8601171104094033645
-6088126777667314716
3593531605192927177
9022571581778099171
-1968026175135166506
2152189449109357886
-3492675338845543525
-6240017503430109040
-3841659394163711209
3362451322845747204
2294063628770216418
-2401838656540177178
-7077859728533701094
-165054561505864900
5243425866190830605
-230645532912914983
-2018819278983109815
-9097835233026709313
2372148455194583605
-7492128481804172968
-1287092444190926607
-6599335747104902313
9137091464353876437
-7808083700258885020
-2100072458301514622
-8290501675677051859
-5179304587407963736
-6933026250153265261
4251567535774186912
-7648719397485247291
-890122327648884923
1071476012730750810
7293133136103543630
7882062299014396580
-5721117839501937371
7238388384897258917
-2757194802928908268
-7498678449185047787
-3861811684625785866
-1742131033838202299
6737414581678398867
4309941138892398818
-1174306816875144115
-1522353354485158454
5847124306366375837
-2062435794723201735
5417784532602817329
-8177430174840711235
-3558338524582320529
8172668215555896842
8277815185479454463
7705994825619226170
-5479652607031038273
5269565900716123760
-5202466591646624169
-3329867249747580790
1133676319371645806
6089677518143328347
2802327772129076866
2616703502894993878
-6833785860120964573
-2927182020745485796
1758850908317753846
-6722038921223920964
-4985591941391209045
-2682571181591214201
7971665062755760091
3602288536978345236
-614375933265034374
-552688454184603247
2134613695725423699
343513934764661224
3405945377519769252
-4127970481000734540
-700265971954421671
-738944407559727111
-4311270568877747586
-5265136716058426492
-6330549162086368005
-615900183599633935
-8443837925309778180
4626828048999632928
7027911472674437659
-6233956497261747393
7146401442106373757
-6691384220143942410
3436530133591836184
-3498088135416679349
4125696895152504945
-6607255834066968779
1360958291803974189
-5060061861833002133
3017116282459247230
1927204648671697621
3720178542028798501
8745655874071724355
3836813062846105681
4465110236918833082
3659274796278723599
-8186614027048344480
7988491719519567213
7362539742621345891
4013998321501196453
2651743129202170963
-2030312678686205690
-9216134549994138603
-1787984606978821169
6332368745040949533
101290669122955680
1320156188292809826
3293070129955534261
-3707898713706682326
-1292834299773630469
-1692136851784222627
-1875943632947647668
-6002250299625772701
-5093080420053721463
7522297018101478928
5536344562658875828
-6332101175714499014
-1128431393254478233
-5628621601614753790
-8595849963382396200
-2456504127186549384
7761666749316400440
85767033732321444
7660019103769638234
1122995403319346572
-6449202799084965334
-6543890916695466098
8253806972370221957
1003500584356570131
9090932757992139174
7306522087994792738
-8847859989732566543
8145978509029730563
-7319023998651125101
-7268539879156520661
2943067639292313365
-6598382942703812453
4365844491732442996
8449557230102901444
3835780914642498647
2705414720063386144
7117849058637830757
-6116124623772566261
-9119729399482700503
6916142703222075952
-144874999572595076
-3240074309585313542
8314290231986889438
-4947575772207434609
-2756685097659975472
1122406649932799448
7205640726931638961
-8014227163104161934
872041993233156715
4977589676492886993
7556816019125566640
8824269627742528448
8223290036808590650
7787005756113204612
5754270780982207767
6657355338357034963
528723624633134941
-8106201322048000307
-9179053537284401849
3142781179574259969
6159860576890913349
-4549696716321616661
-3894917513170133916
3369707216965312044
9090737273650208213
4564446727251956061
1645547679102175969
-264126557089378870
-3377738585625450681
-5159847218941513568
-7720955626964846034
-2318300083164963671
-4745308195350613220
1093851434566406976
-7717941348550282508
-735290470544201451
-1357119455124721713
1401226209136692488
-8300277342582130820
7570077521479621935
8278196774822292861
-7845632066125159820
1237722947964441958
7022141358158307681
5313144556343260748
4336227229609872904
-720321907195468
-6747649386711357185
1631852298632582335
-4718897880497845306
8373701879512228945
-2594495598037050755
5637026623610481841
-5417625674167858332
-4171604066083544891
4487440757162810639
7628330910597834072
-2585259417046669226
-2080987152630474603
3836662655819733770
-7257822574180414691
6256426518065748019
-3875454060645517616
-3040501989101518441
5115584853812101946
6604492275213246957
-6081851466313218741
-1469917648307865311
-2623956626789479427
6780079806024839852
6308915227913741366
1376432106937594349
-8681012717231516989
-8784958896023919704
8028170628212177188
-6075389276023001518
7176364958694462062
6758624200184712250
1362750123505831122
1393539705020458373
8150972501574567978
-2352387929718251423
1700110558928252284
-6791579818545336795
-5178992932499101047
681821986730601972
7257838763902055826
159841459737095154
6537527427078398134
3121754268756509625
8339630010112031381
-1677256668911704502
-7459403530532176007
3927146260649288241
-554895991049804827
6608620847525403571
4792525505485313458
-5998539431775608954
-3947271748989678284
2379186036678014384
5496029140476024695
2708155884510729853
-8274889415473327152
832979599862696149
3287721836163186720
-1295968635859881217
-4093863515365936583
934457884227933640
-8627139755287484930
-2852167406062256470
4768409368805575341
-7576829089123921119
3464932312918819500
5927907832509914060
-6839786718160551117
-430646907702263176
-2152674966900560957
6117228077148943505
-732676746187118266
692272834481867555
-2455878658867439033
4894569053816939295
-1675760021154117921
-8504301983698653221
-6879820831370651129
-6868190183272681600
3236259299327666248
-7075553544131513344
1942429158540170071
-4697189126400460741
-3199280842825000941
2536037068023872541
8812625611822958657
-6700437647215070417
325317175430362170
249401214147110191
8068184792306144309
5835188212373018295
-1980555058574558800
-6249023312423871244
-7121214864858304648
2332989634249217817
-8686800431802269351
-2733546553083712403
3390398317954110487
1813754443278437262
-1168225841206135719
3419159515520131326
-2259511392141907425
8383558562699390084
5699871576948959596
5302446525001988219
-2664904086208268710
-1736542739914547818
-2304805905204684351
7654273746005281132
-5138804392978139241
8194894358643039075
2431125980755633515
-3929932316255207706
7572693269546653482
-6251161194443547674
6146980151911527508
-672998584917951681
591612244726218242
-6512793425856099147
-3531420778271247907
-1287045099293655086
2479501954850505638
-6350706456612350847
-1293451357524535233
5933757308607254446
2719956813080573026
1355961841351034820
-3192502111804325986
-2350622961296622239
4501745167835189933
-5016438665837300313
-6009881389686453096
-7639069070447878184
-6579572054364369521
2295130397498500680
-5815458577647636618
5650446875230920037
-5283300890464788778
433058473678669770
-4284722969049602347
4647973224799290673
8063756386052777751
4751865284573588491
8234841558867743490
7260834804864890508
-4767657867931621781
8955570850314007795
5455245351348460993
4292866424345635160
-727923135131373359
5030217974301559276
5383347031862140745
7853996139347478197
-7840781579334005924
3768580378354247805
-2523568061192987108
-103622222596748867
6774670583881948405
-7927925150682990369
5086060840188502215
5170926151249492868
5989404364986952549
-2288538244238880794
5952538866115312356
-9190713564300569625
-6733600260398420614
9090002233988253271
-456192682803675567
1573851660230086414
7862514772160634049
-3079874098219223727
7319876813312300059
-338513031665938257
-7154977642007103775
-8583120203414375689
-2074578039871419163
-8446281620325492697
2025733290873953293
6574830340151941855
6853922817950764894
2076110691222877404
-5195082806968165327
836703683727095843
-430357254890890742
-3080933637472886459
-7899513037747807561
7007427010497253541
3435220156017262605
-7852876472890134087
7428267423258380688
7083024536023323667
4307090688911380654
7713614981682837869
4019955786420611372
2485800533463499665
-4046595345881016166
8846238361144477776
4880608363534726580
-8715885386077974558
6363574078760612940
-2260121503432391571
2882219135001564170
3585802339743598781
-2050534872628106614
-3323223610521341888
5226480430585185728
-219980951745599876
-3752832095235538115
-2683506470344864482
2456918229838496695
-4967193981745989645
-1317957082368295417
-789833195170912944
-5946219392036956063
-6172685444793167457
7355217416483495059
7702011065363295489
8321936042820041405
5490754472226049200
8190146563729448791
-8849932758896401828
4792520001082418636
-4521716151136002714
-1787679909294724553
5499988632064078691
6273638156364075830
-8554281074150550399
879248819237632493
-7055897489968112195
-978089843159875110
6785074260685348632
-5098129024566009387
8902185400445332286
64966461975717290
8724720864472779105
2001745796841934384
-4042516288839593286
-7540053133549037505
-1770010718180994413
4451788944248179993
1693668358627579404
-2928536121823557901
4188896637405544422
-3733403169161976970
6356396493174811503
-2654008197756205612
3408437285433267776
9213952196569700150
-6854592247859308462
-2830862627399836091
4241796115073457262
-4188561663150872131
1879026515707165809
3551579780602901829
7341499442635750010
5521402274079319474
1424271411085427024
-944671344825590495
-5207753641572693250
-5117033759408762169
-603279032223481803
-3885997108248726490
4141402014364754732
-4764852899835147389
3148195505148654624
6690216516154954139
-5244388191504480433
4008813064080061443
-2893822817689670696
-2942893661325125516
-6226076826588413522
-8428571318580585411
5940369857101538323
-574957796256742500
2396775277938952586
711795854666511351
-4215265187531887625
4100593741783928926
4649436096365618969
2508109957439712010
-8274555233829692368
-3574872936229276127
8482577051112826790
-7310371030039423030
-235274115493733711
-3058916403155260196
8801997485525718939
-8937576647064462286
-8323914629017224032
-6933675455969679629
-868762188743465401
-6047409778936008911
6239130863319380442
8180476990876878886
-4371132640289370008
-3375328377502921832
804884358425320122
3454211034854055947
8824495975738187472
3700654476986912253
-6571424859633937035
1658518193954352992
-2304854526976651125
334168596368963915
1825196516898365323
-102329805459685354
-468069413040598190
6304696865263731942
-2991507030094838800
2911494440551620401
-5143490965050741635
-4974124868107482175
2948159961005350764
2218139140481545683
-6160143714588537479
2897325142347423084
2129567382506186568
4143528463183398795
2138926802578121709
8092018714150297741
4182314204759180702
-1568689441308788339
7284313959551178797
-1972298537060102474
-5363180612043352384
897659185413064094
7220217616643988229
5765143664049811809
3452112439293657014
-6227202567505204649
-3250200859838581775
-6540357438434037804
4967696503267704859
2782506425211083724
-7829447880224954316
4061270385563634200
-4543857610007141234
5327951300033504971
8893740094664203026
-1824065771068225218
5141018866824742097
-8855705904263669948
-9205439334434436730
-9016796897595019289
-1175699977281170174
-351632437819471268
-937135855823961969
8436601617523393732
-2812521934964305579
-3216150818337499300
5223568934226184347
4800586032246792873
-5367319367178743306
1188036826044808535
6419196611430190786
-8512649888103308283
513166350139784717
-6802699618131619493
-82570332070648405
-6784607387472475065
7730485722066940396
-1300071481782278103
-5267055007154609504
-298965168411184288
2734199901274369980
7704669340572668844
3736365644706043449
-8690965025186488726
8554694095786951717
5964496541019907333
2894932789131163676
9208539135310915971
6885209324693989785
-7169413699099957178
-1916142618670422696
-5056446225237879561
5139838870316484794
-2900356111855822603
-6881744340666563073
-7465829044622561992
3609086931754450522
-7714864876550979197
-1189005224056217711
5411845038889940919
647380721306082595
4592602799127405952
2688266051771749698
7313209326097143689
2148510016440574042
-5164032608956164596
-5471797603877674513
-9181782410090066257
1197432824996542727
-2054371826130925645
-1130721677892044785
-3514733154211768957
-6845805739862304938
5617807906909028648
-4762565129242294291
-7886832011368281258
-5429076600013420461
1377295040196636325
-5855573111745130465
4355302848113911512
2996736779351915808
-6265005189604172630
-3909885955571832731
-2065574501372206863
8642120672873567693
-6807464390233077602
7938687467527854748
-3963682268632734513
7321975610575101083
-3352845067263508827
4139860192550322120
6744451405340401418
2708270675971338958
7700616798506136387
4758568951246561648
-2211839502938056089
-802482835974283947
7792208879337719276
1910359982112965594
-2004177209528734471
6434125058229396232
3564763466630443430
-6720763915214412016
2197627245488713965
-6700787483452551869
7699566071108008797
4445764891281388198
-7158281451495613679
7219133918305931417
4678105401040355825
-6112385643648538387
-180227624973437592
4649545705483575717
6499271964485638835
-935674356520507363
-2739779881874377071
-4964014758946558645
5661051365946066795
5691487395198484910
-7543002191764529939
-7501991470246054109
-3689322047960716558
3620136613419344604
-4747049427864642990
-2514911830856333534
3395873130975912118
3526676023757255190
339835156055975949
3276522979523069871
5759114623085703482
263650384293836315
-559732932587627878
3787270768111227486
-3586257319609200719
-2248229326261552041
-1101291403581140659
6277817050118136886
-5455384490474193579
1530986343537634493
-4843383021569375037
5973114544794254615
-4244722854766426654
6582670449738929094
10933337911572045
-1482457654591048489
-2242763244857318833
-2414646495504198860
2116455305375076773
-5741792640588579224
-1642272373485000750
-2202480756694802308
-4329895129262403621
636242863374589840
-5193482707408485428
8821868658422186364
-5122820128754271217
6141596673915500288
3143481726641775461
-7905894958681539061
1452767812107138719
8068758204615284
4031929896377486213
2016039571967099847
4721770526735871335
4195921156636071129
-8317970825936730359
942579143592837266
-5346317500292547627
8651366239610199537
8344466630121996042
8336178257747539694
-210359790531048705
6698558172203171774
4904175976555167416
8338828405914713752
3596070081901284714
8075887397407796642
-4534086733473856063
4727152447432652690
3485279969755872822
24213300991738334
-4863266535507600872
1439579113738517270
1134461995039185988
-4358247085661157556
-3562465418206453318
-8959944722277381366
-833718693957564540
-6901915952834870728
3489653988171478747
3355962855348439715
6048707874987262533
-8791389584964467683
5313202765786415479
-9028455093040979212
-3130409938741280549
1445883072536781328
-4666087883995051522
6862011065151487387
-8076435819897054919
-2941044123144501485
4855906790867860495
-5285054524523743598
-3930666412112742750
-632762917389059324
2947531461175920721
-7844894371521215093
4054011435730279732
-3897683164737924556
5115103254817640620
8798244050525980856
-6916591318360892769
5432786548612518856
-2442783049643415431
-6221867575548184622
-6968056058720163516
-8841195760103108997
9109952641173661518
-1558164429035468682
-712166194555009141
-9042031979080258055
8874920100081613702
6857139066801105132
4962171142140003533
-6212858071927363173
-121796002780348034
-2668044641248947339
1630521233315782934
-4518482809880000954
157727911011617465
-3081877585395026901
-1257463081980186900
2476032364536608360
2517943091347786886
-153891850355684610
8275806484907510477
2624515509539633882
8733347188271707847
-9038767011113333443
8096416203357419398
-5595384592932390128
-1078602891656509572
9036227469186650024
-3338774411311634479
2670058389457637334
441090821292276132
-2229644275354337872
-2639838160894297981
4510728922575167655
-6579608696279235843
-6651710509854812457
-6296992130389136190
445561125181687130
-5514993607219245349
7102670762923587466
7298346607313160647
2278029591872517930
-919744789043419056
-2745423206588258412
8136585528834571705
305321697367500811
-724627433622381807
-8006158523100186034
-749452569639452811
-5988243323879432362
5488539283203521589
909708478761841162
-8024549701799788276
253906697240687650
-485983394558073632
7460897022931919832
8229439219788089288
2298124380473606638
4257550917522663896
7817622055259355487
-3423342017210924014
1043938575541035330
-7548306432136951246
6904231990459737583
-8260545918242766021
6864770718607722717
-5193786984870812626
1753226554295622223
6614443771771320038
-7051130995468463639
-5864457543309830993
-847728626769092554
-541833569681233972
1448459078913567669
-7420151355833753868
6667845886717658415
-4591135960634028776
5176480864580797476
-2514885392139195513
-4405238543423678579
889656623680286556
7154870070535090646
-5238968942446949868
-5578191323522816075
3187465538730938643
2967577927751801955
6187673973793899877
-5766417073690268327
-1641794391610424974
619758338582942666
7257006716426377297
-3744058604538014406
-5701149851823189556
3274132583085890744
7060894081780060997
844900498996937071
-1955926126493069023
2016673283841458102
5836670007799443460
-2198601855503064242
-7712441340164264304
8690744774137254228
1420715870727286314
-1590089160950629883
-3072792251738585238
1401528339569077122
1154552098539859318
5389900362721366816
3093500784067806192
-8800243735308862967
-6217973408691800395
2889338775169935636
7267043982416872632
-7456569497946809722
2260211622094729440
-5137447740932334723
-6519359443002936858
-1000142025059434725
7047112871284141784
-8921930074773907971
-377963623757397099
8324505794337922219
-4453414381640895860
-5274148421159761099
2992341839822047041
3319645227510841863
-1194770801041114914
7118324101723990379
707529320640920229
8650385147299413361
-6291173509918183647
8322010054904104330
-6899169524252422195
1272866309064575799
-6035519461185949638
5676166435782118342
-6013722560520493806
6141979170926123987
6566825297649812356
1515533474348604141
1030018429358018664
2346251124313009877
6541556809867487855
-8984918929610519648
-7758443291418774574
2934322849908703579
7900336962585481332
7950943814571731516
-9128614738330891403
-3534445624861464153
6742135782569723723
1792871621441402065
5046226599654044002
4117210729356842951
7669519075733478119
-6209208039995122405
3648152619984159580
8329447025485263715
7974297795551693141
-2713886624149575835
189772881146948062
-3663313546534581330
6814806090574771957
-5657902473502256417
4340763566087853863
-7906820469726984692
5997090109570595881
920773279204438948
-1773024911399549174
-4700550730528477103
2372431256385211664
6375678742818919526
-8595329786185056412
3084614373361465700
-4046802437425379941
4202188546430074801
-3894631726886607785
-4281336796982188066
-4169725048120223245
-9182305269932265187
-2521440745094370374
6880379591205904387
-8525171097016084488
-4484900086261465948
3001611318966771197
-682609163730470090
-4030724522867383879
3961399262301770372
-2145652022006455041
8614197361560048662
-8336435563453668853
-5963592598257835612
4319017587365347481
-4323949202613696017
-2480600998706903655
-1279003366651540779
8165344143680259355
13712137218281431
-689052817904084933
7049742933782823260
3035153815443364267
7111706660762281237
-2815559130791399597
7178066652901086336
6066218227829955673
-2188293484403978641
6024431114861312179
-6674073506415216699
1491067899264250218
7140492950929355788
4500364713596709388
3817484280123811952
7889065036531892200
-5170497949839000675
-6381223169942886883
8778209122780516453
4500850964793585454
9584411541536380
-2238297656730417358
-3536531587902535784
7663750001059141565
-1432314384675086150
8818609334840889884
7373719391944488509
7357700916367272373
1990183300538705076
174241249127136257
4944632141841901276
2901437761136483445
4246317610372973948
7979296104703345988
2590770839690799235
2281958562296388489
1121778524348885011
-8483315803585400363
-3086101539275610131
-4001998163512850777
2868493308506101730
6345588103970291893
-5078786834383794792
-3419302347242453698
-2373761572386972429
4330668673332449690
-1344671362579972077
3895924362333637217
-225225487572421087
7545538331522799223
-4968041421781955968
4900116676575576089
7803045014587863285
7523652284748380490
-2514103518521654043
3238261354850906929
-4961678094763497580
1487360027892599294
-5625917520991275929
4790299370421073431
-1235169818276119730
474571278042931287
-6338723694612075674
1541811088871246052
-6942113729823110138
-5807583257540623572
6188761461258576202
-1805499888636681945
-7290681640398204949
4650142157383467665
7199746839433302440
4926571163609711575
-6025259362421723770
-1936243054083577796
-2606790552993674641
-1248962861880056950
-2081165357884796438
-5361723540972903645
9118428307648042645
4086633232717662567
8343470284150669478
668220528816687768
8236922778209017320
-802597156462877620
-1261827040800776598
4523009489579050159
-8438362831902820813
1751270445274763397
-6713648522082096919
9167958116200825961
-8085672271377154304
-4133361514824914530
1818749451937752330
-4934876897339831473
3614698683930725987
-9028415790490790216
4961659166187512022
-1127338471727518730
826267326273436402
-1779735466326350352
7212112526898032085
-1940298273488046624
-1898518587880812327
8750485059343975991
-7817309847170040072
-5933559611802680318
5600797583644522844
3775237633250410569
-135314112334906296
-8611206495491049288
-9023413254807181480
-2631872297108486006
-5840605320724081555
819079644533736840
1650657529695605575
4131785242351057159
2456762270073053798
5837213845078464960
-8294140581496649676
405115521600845438
-3131506252728923175
2527387607040544873
4889467669719066467
5374382284838756629
2750173416999240386
7277824102690756637
-3474666500344637778
6775213358329273628
-3880031050375747813
4406625848595518367
-2987825855048890303
-5634056838646570086
-7592907386858744051
5560983652890523156
3596766100188094149
8077431649608332653
-5537954367270435248
-5875877466613416496
1635728448667878081
-2671517216720792222
1975977443081529616
7520557691961334934
-7579344949711504386
-3146528488598564413
9192228262720212570
-8154566056235632611
6954841145222707465
3024362119114781340
2818688337301716395
-5071501413130722633
1759319424478213689
-6475048865246528924
4628927811461749255
4959756479599785448
1661192697887624469
1211158244911582086
-1000891407070425337
-6940358717407553613
1736642174241277217
8589838611470165080
9061480955507383476
-5039471973861500441
1105010849289486031
-2347334713548170744
6350475826534554629
3668981692754756368
-3134408591924301844
3266600070851402377
4295992120961666555
3324463046385360313
-5553295691090488242
-249975875403950393
7295115734268850709
-8734722717182545426
7270866400159420290
-3667192945524563035
5985480132619499458
5923132997529997431
-5306786658203998701
3076861997112946928
4992538731180103295
8473027260590727828
2646181926284166373
4741828682607199428
1653294510127120201
1559020385321619452
6627861225471177220
-4122385966534654536
2074613200948294980
5116059815743880007
-3248364603758391479
3417495576520664579
-6201708650012903748
5873142460649846457
-2579705572670425865
5056749653263852559
1011784026467632184
6077793731211062669
8539472930605469006
-443409301097738521
1393895493289118262
-1196263583457420351
-6040912581153723563
-2581303997462335950
4636852550172097968
720575300851165267
-4230557903236260215
-381897396296614172
559225462172647496
1824052838917548690
3768901281217727133
4412903478375097018
6762196349475778769
-5647924271376155850
-2845077907282178828
-6543322563674324795
876819149805140754
4757266004411602127
-4073304714849679007
-2923406258596292051
-1964233075166699454
6406730815792523641
2306445610690310133
-6687284753994642218
4198018324253586464
-7292730121011315593
-7579970530297856625
-7185812449372947698
1354141249446581197
-1844141582137912682
8896369253360015608
3337109406661752806
-6572324390057647429
5527214429743077464
-774084376627034552
2547561056823601074
832225409949156432
-2905083010312012800
-3910208000952216107
-9175318101034099026
-3795515025486001583
-8115211700386190254
2001191578949266093
2021709629920214609
-9081275983182509119
-917763821332553818
7159337125801604536
-234517716144052699
8754094656286195887
-4999272866810955301
2015967945431007053
-3090716918856522413
6482303101022355864
4820572800183955988
3456353290218097876
7024519184031154846
-7632999239176101866
2794379920677207749
-3907921616695312193
2143789628381854663
-6665289931638595520
-1361183770763772992
-1392997048718399488
1956700654384544401
-1563377120564470900
6213320768732681322
-2067466739391205846
8463019393885843325
-911204814545558015
-82877152764674724
-2561589579429949378
-3751560309483405694
210529342979345897
-7418287751532843541
-8482763428465829336
-7093491638367483435
-3824220859234065759
-6506081905626586302
-8661793433100894639
8655682379960894833
-5382539737756796028
2031490111099081090
2315878958983227107
5066750903737170310
-701793559085027010
-3528300323440293864
-3270752449248637028
-7272550715501449127
1359557865594244579
-2960181232447636036
-5619583672606203551
-870665651433642741
-7302019890696362615
8980348438572462134
6763592365915522668
7557446542509092685
-1535302088567774218
6994080916189805496
-2509088112155468474
-7548653097806755122
9036259476078971564
2509766832809456334
2353250971714012299
-6472756414753322364
7814609984807060627
-2733303367322580113
-1965400208098979292
4315990680059373401
-6189585684967723390
-4859870382726497934
4201500332616272144
6784624806124824625
3556956787728246176
5129884488283893227
2442358735090268046
2456506668952235981
1395663809086301603
-4546803675257168520
-8040165796428356842
7519900761327364326
-1822451589969125137
6588089984416887164
-2189433020604596879
-6484899584293631445
6227472991457159899
5758451303349623280
-7850325205218426328
4887012776014106454
8091227787983133743
-4103883598053744723
-4735746819355362477
4284831671347745603
-1569620002599537925
8598519002957991880
2031644600268376833
-8822798374859286471
522884703366662043
-8002642579793214137
-3811339880265676218
-8468340217854915886
7063218869150612889
-6420913346795285508
-312562340266614868
-1107666197516799722
1044113894451395908
7419709684213687637
-1974749809006227254
-7281861935509078570
-125221311127761074
-5755919345338649209
-5760602059546742579
9048540669546149053
-7360946333148967026
433772799205504615
2360353193622955816
1789235517397618514
-699985155885050434
-6459004183917184255
4271139596878247334
-5931547307992166763
-5372119493338289224
-2439759233290001347
-4947757052598025457
-8201200001816177379
974589259784816919
-1100245941185552942
-1470671959086855137
8503053710191860764
-1769972967205453730
-4550544749719879844
2060488130090635139
-6400851856548506577
1790067495326391778
-7078533246383949541
205646832136144630
1935451647536773395
-6154774759686614725
7109999520081777907
-2759827467920757669
3156187000307801181
9021130805897227435
-6135656071699642474
-8796832223195439948
4260978206118664430
-609563314321830558
-3725110941926785442
-5042320764026976519
2853679363792914564
3609287640437369774
-8751024517859390226
7788588766590119695
6546517551942028604
3052803233187286962
-2461417858189787552
3905040974039154930
2801178053028599071
8379543076763381851
4417205878511375843
7534748999540015770
6896786673708199243
4383429037926423981
-3080864643275407096
174943885542586815
-4833300310337212596
-3376951088986822098
5254672926488838681
8174121723515033667
6723805585293600632
-6041459764186643355
-6745102625164854720
5829322788509187584
-6391888930351561006
9189286819550677259
3735051741662131800
-8245952191676475873
2379526032829373713
8659797526701568697
-3475319772995807574
-7385117609258842359
7538769633929116117
-4381459190688815047
2049611288920723489
270620119984688817
7861883651465423789
4114263890260279056
1723309320487964730
-7404836613037126092
1950024094108325493
4193124167325766368
-1831395934014669997
-5316420456705990456
-2858594681770921302
4717064934655705142
5600999783795096936
6092050350621781323
-263169054060189466
5883353827801119584
-2722004858888209397
877867819075740578
-484402840170951971
2127443568221785521
5663442407449330234
8824236665039393158
-9024649095082623661
4729540896189307814
-8036225162717728250
-2578968553195488527
-5114757370307780182
5118440647620699022
4428618503287966316
1520878546831946689
-3935291484969591741
4416008421570928770
-3096437208621949791
-8139189987620998546
-2010834148335491839
-2359463359249659350
7451717292827924696
2918647376364957958
-8048522764902500350
-6244124954011960616
181823602438368450
7691567323605652838
5699159854466623515
-1965683807728665606
146173845382646334
-6692874669539958052
5357102327871163563
7668115617744280804
-6016098280390953212
-6491504432541283557
-6068267325152738227
-3231230415187576911
-2624830493303720208
5641479415900162503
-3463393973226850201
5823936822849583720
-8222230204414150588
-1791830411957130848
-1530093379224286550
-3737666401715369462
-35955825434740283
2110978739183391330
4824924662813842002
1883642538773430708
1401963277857569775
8429568129025920334
4384106573798855799
-3986710003051276113
8479982354315928628
-2107897821707503645
537542866512391770
2424911822814947038
-74899329317772120
7163191591620943219
-4739330507534107779
-9085177455130842235
6426934643641308084
-5706945901307846468
-5118925876833104123
2934222042342348714
6807618536435555928
5397027543585889818
323029644419936893
5202485808478748572
7271081624662025265
8783973170314158588
-2491858466385284286
8780473061864855376
-5171915266750023362
-9042090051334081655
-7792747578168705258
-4531880710976797615
964068023426570738
2580760377896887284
3721591972768340580
-524200528839302622
8559192032117807645
4762002474372929042
1680907350460794350
-7897340996807784890
2994576243803328033
-2785395445888625320
-807956027863623947
7759067077751356283
-6915498233557546091
6577224198462377863
4551211306719630562
-3825011823310519031
4207276440342419446
2043558013452350328
-229780968755982294
-4329423153112968149
3716324132570374472
-3645863318195225233
-385612829300929344
-5047174774589797865
-4420845101701019702
7199336373840374595
-4262193691544499388
-6133815770714231188
3841676926289210322
-6094269931669775743
-1881735923483130429
-2504227882790120502
-2579083127616942829
-8428084174426054602
8719898205515294494
-5606791982933217091
42112395907069634
-1898049292613566958
8360596986759786015
-819267815476106222
8135183731931488663
-7728746851110971959
4181628115912909592
-7694102313872579227
7617923006743736442
9096646123304739366
-5289551024228079525
5023155480475505800
-363354698352843132
-4159208109538023035
-8549299748694224735
-6366655566616379484
2605730824698847430
3828193746374057665
-8097506623931216165
5217016589745561831
7808138385685180034
5745219786446675191
4667915245228435816
-2363173219567832838
-4947798720788750536
2257456734887072620
3305388918714745306
-6910523522022297716
-1737939091385886354
-6723163707449679414
5086219677870014935
-4572372831003153855
7972847352646216082
1619320822816482966
-2231927032602528425
3865676993338363771
-1788080956489478198
2273666156157890230
-1650130720424934292
5182958982079739815
4408029719458145354
7282158117942357508
-5058826698494069101
836899771355604377
-3057614348583981065
-3564677962713027403
-5225363169617382870
-7335033851480423476
-5149408950555195486
3076460097093855791
-825862103954670694
9134833472056582499
-6852143679427995041
5162467490831062409
866495995466773356
3565789486155254937
5846879736684722533
-2769896031963259472
-2204731458819730055
-2188568930082327174
-4100396029543637685
3755156206066971638
-8827348125350948354
-1739012603668527114
-8922574460555390194
8130355597385996310
4986156644040157071
-5162352271479057659
-7714233693803680679
1767053720960305378
7898000296641205733
9000296817966518707
-4245887938247524240
2953813157613030254
6947991327382817984
8322875771347255901
8637846618980916439
-2810236308424077401
-1850638288752678097
-739955888404304664
-3954565169349615533
5072427874251593188
8275095237709576046
2504161550741636944
-5039544685921296134
3884197781930495882
-6503346878461629336
8806624990956873149
6654748090779590069
3374929502146602661
1217077299886788032
8485937945279291987
8593950358862331343
-874742078999289074
5506977153712502523
-1741375359153791770
-8338039895088985488
4184682912245769394
-480719024572735990
111311160439999179
6520823782770887806
-3184610560757404778
5918375838858585630
-2631786853676878370
6260930145422579288
4538653121265060193
-5657739093307095312
-5132893308975695350
7383066235497704783
-2418085144648694740
860535264413743118
-1889555798095298746
-3738656943857653855
8193289750932313132
-5437641926537911233
-5115889532654051872
3471165641860531162
-8757570607284538631
-3713044222508156590
-2176911893957462366
4794349001510715019
9120148857582793071
-3135402585813059726
5514402095572390479
-8687194074335430830
7137709834284951918
-5954224253598248669
-6317452855765676278
-1638480762856797213
2189527962847257029
-3227303479168358426
-4055957947596940912
-6012235200841700545
-767974605489142218
3494552084738122132
-5109719025762782140
2544754288984026082
1346062307599695959
-1277928993927607492
-5338817362045272512
6267031944154822139
4377220429648751790
8281428519541799406
-6442358103005203475
-1312340794963215010
-379468116443552135
-8097234735884707647
-3155576435358470558
6297277431031843436
-4148738568365356983
-3686296749539003309
-7744850173083042390
2363600679996393151
5952820366623151185
-3388259852636777538
-5979821757440423141
8976013287638328839
-2603953423678747190
7842402402099183199
-3113942551455104761
2795629345832214195
8854278051666761256
5469111639210140470
-5245315031405586846
-8019630327124376189
6831991046012563614
-1762046495330397718
3871040584810590130
2489520803831999738
-4149280841258726480
-205170980099124982
-5397248103664052990
4852837187731101244
4405297308191220859
3969967707370389993
133643186638935624
-8017659775291853183
-3000067530896415251
-4494216723057321990
14951790394523190
7390205231662324019
-1377843872279139459
-5914572385036083380
-4146519056812143270
4383527160656045091
7001438122241244740
-4292436490537122306
9165905198037824745
-3690899643101567767
6326276149273242659
-6478571021957406418
2334230673198843206
-2005030321263730142
7906300926303287206
3403600959908730945
-5220351051268043826
-1324380173258445773
-2953054494054352648
7595115624792571075
5403393723495067673
6682758865927756367
-6132274349389102091
-2889264326084326496
809126050551279518
7877523561140865534
2885921335286715611
5221139279489606387
-6501127804360859319
-4561430302011811503
-6718259818007507485
-3253885837281799894
-2254605595765172911
5427649461850721628
2586568936292470998
2193219122011823367
7702597244649344058
3870230055555696758
8317144063690253750
-5477553839987937539
7239288152847851441
-7694418483376463197
4144815914461619493
8444508553136808183
-1900475860608170208
5902184943929006496
-3883008777945301280
-3378490472426398219
6579319690704780658
-2779108432581755881
6925856306725089290
-8553318448298351833
-5873345998283229356
4200980470360217287
8000248757496329361
217032829012260753
5434294180152843355
-3751089269990770510
3303822082748941503
7942611809139760495
7306049872154210148
1253070441409452392
3333348117031170349
-3851523137807800560
982162428479194024
3474237420458847501
-6503756367535289099
-4039656041642228135
-6860179234091271085
1083935753048200137
5318467880531399368
-2088693276962713332
-6892337311066671220
-7361361084608397091
-3799792048571333510
6850346790140340220
-6365180199229698180
5553188166765974250
4459933355520286306
-8715014311938056944
-143644125171524092
5793017215802057426
-7350749817456201328
7911126083744344832
-5182058996664874239
3118391709488873728
2883578813491557966
-193252549533852938
-6955765745416888396
3391214951123811787
7082824528850987606
7628328464250458903
-968484113722819548
-3857808583861752154
6662793227927607240
-250163031941472210
-3548846636122707029
-8922326698668796360
5416067515379324470
-1273854098167371014
1118891263286206888
-5497591837242174640
-4561349717243216415
-6502194133037768774
833603403468368353
-6709555195658707222
8438588120771774539
8385403368403380026
-1780336154359825618
-1587669557072752923
-3417578016539849599
4364295229698217104
-8094107252424446614
6062857200089850858
6968211309284963517
-2833761879865169175
-883435765848610156
-5022993083053052806
-5748019772936621838
-8760181523543424282
-6477298602295584219
5563160229193265742
-4561589596815785294
252585363514935193
4169424818142247785
8920258084859261948
-7246757576776896846
-5768042347883084124
6868754522421342659
-565625987310266565
-1605676111842862549
5412676851622222096
6453435192382528843
6379431312151913666
1256453725336373402
-3582949089806257972
4940850010348537883
-3119569244874713882
-6351086329582915368
5311185560218861357
-1428286832044037355
-4475758461186905046
1971062643709593985
-4215047524181670171
8518937270381521332
-2594778552399161497
4233140292065326830
7350018482239984450
-767070051443758112
-2420061172817143091
2958428770520765787
7396789666554056227
-3132121340929654153
4651600883791959298
248936416123890793
5740740427564194528
-1445988063358350679
4400681910094776553
-7530480802227650983
-8739105291328004090
-1170337432284715533
-4918043620713140504
8544872431492363406
-5828212546987544726
-3986193514990444940
7829580513376414500
-7840954681523106518
-362327707993070630
-5805739829171877766
-1058632912080072268
-7313593669303360473
7547308367984110791
8128122016047105609
-7254154595233363021
3101089953600615322
7038141670550617001
2235008656171503860
-4540029450725462715
-6800993964415867034
2894977848498512932
4270178269855221719
8028841823700909461
2278845411719559281
6794056390697776964
2145197047685950603
1432105147313754162
-2303214265276388095
2685586277626535950
7483079653439087255
3903200303474730527
-3032897776159705425
1255877641530497167
-5834140960674382034
-7398781157730553559
1407541492286448356
-8825744819951950630
8059427389286527884
9081016381574922408
-6813614289613203181
-5226453516321765391
5767833637821464287
8273431040561331300
7368651783787591466
3210800906206265460
2474142352330945491
7981976111984272519
124579337490322554
1411921077137323363
8730238502195843366
-19472850267329686
-4856145455029951580
1374225922898997231
-8912255699368589759
-5350575974097314490
-4026447355715662265
-4845775784796835966
-8030520437731714328
5815674440597356087
-6880516383622304176
-2392105306946349205
-5243898404014705785
-4780456353123345691
-2978731843743924127
443422277368756700
7217089622607335369
6756308644978133876
5687054557871958317
-7188097401325128727
5064131036746462627
-2911107635234171028
1328258566971267502
3106981237635511980
1037526168113121061
-3724881650430354964
692817797540614641
-6169361979071273268
-3076397127767845072
2744937141873576561
-8791537642663862857
1415838659852360534
2555956571369604148
6728446376932418651
778809241783817454
-2948636164790189360
3587033890991275484
-7300685614780734516
-7329578778506743974
-5162303017657594471
-3502735938408659173
4837873904050558544
3365553526324667390
-7142935986580012407
9144832186826001976
-5713201342633667758
-7594196756275224330
-1254843313759181271
-4586230735019316455
4830059996131271905
5819501112207041551
5022051042316774564
192836534576117599
-3590641947060346214
2511582100360133438
8711382135179204395
-1259098791597873212
389341301129130372
-899248967815808170
-8031727926702264717
3995278580296836262
-8061999461693000389
-6493416768117508902
-4531688378025496543
-4716240607691057871
4407097424239874931
-3811990801041655379
-8742840011424973277
-5344132410505997375
2850516080917041614
455302189121186166
3981942308896807092
-3115022600546160315
8399188390069429874
244444065734014624
4271064914554260276
-4434996261491986506
-2060391736226096859
-4774752520635060996
-8184158754146191644
-5313995099176877603
3263523929349553867
-8739660336956205473
-732223896358220174
-5732080373894093996
1024184297267315854
-7913339898587467598
4157813881083267650
-2549177297759551985
-8892766980971095783
5707902088389330254
-6903308022045390419
-2987593237455551430
-5347205032376331123
-3085139597943580939
4980069568610830105
6669996274265758487
-8054892518156145677
-2096903602944163745
-3441268036305104943
8593537331850827450
7609629296785996989
6902201331150301085
6941055175440387107
-4157864890414318841
951451891635127754
4115482312733847553
-4267077867835925314
-8067561866655325736
-7096106633407121708
376686494212967568
-8208410941721610306
-5202287478133604471
-2903994591733653508
211628697687052098
4336449533676765879
-1795384020167945770
-3504909228892764836
3415988084012327141
-7010388873636591320
5017833736000231768
-5972977237262163543
4146642029250134779
-6475514888100139049
2641995944911064391
-3243354318795709267
1545052261070389181
6242975197246555601
-3037328500774982296
-6244382577932815166
5507539046317883255
290378876339051724
-424584389340848669
-2130263010868071503
-6500772180159165117
-5077276400003022599
-8446541121757937375
9114615044472682506
-7081355812252107014
677023718762093658
7254436616679104475
-2674118920986025159
4839053037330907364
3420171534360404608
-7636327355935662022
6529460519403238264
-5926167970884307023
-2866866811777920974
2392295213773653131
4142846524103435200
-8188153050427248025
1153315822418550145
8026745543895277083
3131749812701541163
5984186318074226226
-2498339769252417777
7075844894785701602
3069096287469526324
-8305840432254148343
7152419510652783007
1960886657133485172
-946284548645242933
4962586214884479681
-5788624224080656464
3711379477765017356
-4725547432952151238
-6070851425383442737
-5169181687166696829
-7710627226575247328
6002587142767600378
-4090932896283680823
-6359571598367626003
-680934102172316513
-9185110815567060389
-7603165969803830096
-367890206802533827
-4884295664777938828
2045715032428568324
8046514355642666676
7317488359097499226
-5436365752755781243
3351082998447212938
-7623204834865898804
5059728614415624818
-3786458138331584441
6012117121471588525
6114185814305835699
770139885275003436
6809022045770344633
189630290564534091
6152780939024710923
4624899154108760837
3587367886542860891
2350731827970249014
3173782310427920761
-5959260696346113572
5755091302909682218
-452717711546463917
-8779671627243217415
5476803731658472980
3540811269827708281
9043347457427323674
2395941747068931621
-7724671123825043076
360860818935268957
965939953979136358
-6998226524803325941
-4562607313316439313
-4664007975506457302
-6829084558791147352
8286907860148190828
-8588696369246892242
6560478561840762146
-5222339902139873370
6539361627828229295
-6675902243252577908
-7481557611423276439
-204348333299698634
-5204241767944311902
-8590337575388905776
1255157815560235185
-1288171436695257160
9005808403691107534
544509393204052907
1600175614287409144
-2789807672193243154
5494753578529805592
5473622765542493052
-8693863245441841019
8782352046653158342
-507270548353559376
-5613671920514069026
-2465108826062181422
-1030139343454667683
-4088619067454474099
-5454658776904913441
-6485884023694494029
3950386791616538480
5696606925899802592
2476498692528095068
-6291837411663333118
-9202193984416258431
-4662613024295766955
465385809600933542
-351908875372999097
-2532642839617743543
6012267198630660223
-7932689773901596085
8833314939611742952
1898674987556035016
-8269229785123141842
6922228694433727614
-2613792671821420069
1469055575058440885
835215480025899894
-7050033735437778531
6942376662122643303
-2798503795621107019
-5903056110875853821
874280109973899119
-4762341554293323691
8250965799262958096
-7394791310628990352
1043343969039235084
7859212476302850472
-1488919523678660940
6199327677016173407
6254166865813815550
-1696918114840187939
-138404037782395663
-7780250407748716594
-6206210023390160591
5641241611286244962
2300288263860557257
2442030322049655642
-8959409380981563135
-3510936783941575691
8425522976248278630
-2932169863973750200
2486152338016396763
721568455820540770
-5434674373647905521
-4778845252076959965
5151731254107502254
4204328190120277300
6521041923010854221
7234792114292388990
-3316869162662372145
4610404209313107022
7927450924147450149
2314970040000856567
2760423561013884311
-3894213086105953961
-4312255953758126348
-1420637225802629200
6925819968908539325
-8483743550641360539
-2198554939789538595
-2392954499225008939
8675937213454884491
276832826690147771
6767510402927305314
-6417970617499961086
-1561622046405811495
-3342048073321505796
7927668611342276872
7961572125107227715
-2456421809105020068
-376945843824798895
-3534822515840148915
-1524894356351526185
5992872093204828394
6531447366399989356
8112598976319486601
696267082978695022
-4963099783943297275
3868151724750521678
-3389812373596769015
2011311584969262801
-4305915256318762234
7366262371066961476
2039654642522302227
7064278192881924556
5263205056533091986
7394320149426648094
-6344042731852925964
-5801657621229665094
-2090156983094571311
-1360401368578035328
8970938149883880380
7796378816911725141
-2099792350526834313
-4964271677981482501
3125959145918001473
7030287303084644765
-7302083885089090060
7647433552057632001
-8215052132923999891
-70625039971149142
4439801970042791413
-5881129582786282430
-4826505109459196945
-7533085039361847765
6898820363419405859
-695743303525144524
-2620568296410654225
7913314883369225801
-8014119894556191591
-1317121059347065287
-4679053773452734565
2013847836800670027
3867078499583119638
6391340334049900937
3728650796937634506
7153259175495192873
-3775772980349755183
6803529673577710559
2239908806217336991
7796910323359927864
-4756322313132227105
-5354008552968066959
7073194078141599957
6314840222480668097
2359590107879540060
-4054631214180550280
4040273800031558965
791710698388932723
-2501259430200901005
-320372118641958099
-735309195194334856
1515470324452879077
-4947421696285253910
940060407361830139
786507799009780466
8364705174233521509
8882924489479185793
3966846651256224871
333299846964683608
4986922982964734325
9183780922987651402
4116287535557722998
7259335680187469368
5526389145653586028
-7820915802228469710
-684207610449595596
6349048738052350541
5142421312642154926
8879509241064472140
-7399323868993993295
7512487925833026388
-8137581125625100651
-7883910885282225939
5313881414256825423
7293034575477146926
-1852382041371082146
6831483090180717244
1634665590779368074
-4581298066346102917
-1893060370460578364
-3784526123577697558
3465490676224979292
-6690670294673050535
3767099358791504040
-133577777433232259
-6524459473175340076
5492211411093641726
-2682450199993041160
2182588976045641886
2220778310451602679
-6466682067101333756
-6956854431966167870
5041331212763998426
-2884461359581506848
-4081133104982319200
-8560876369726878499
-5011417558414061501
8111020476732126677
-5750355584578320174
-780765075293984935
-1977178127549919237
-907605235413782948
-65133855659161516
4554960129700559782
-3929904250525088892
7821527956844630221
-6330630440803322030
-7685062340039945980
7221033744824067154
2155512536429288948
-7073069855062346138
1783096776384582981
-4619321264125628296
-6860447388229554173
-2801289898826587079
-8105102653618005061
4185146420978640886
2381566428215499896
-8137733349553266096
-3109484802330691999
-1943264861357382254
-779108927205455207
2908832572664446224
6414367798636370121
-1517395499258305035
7556979824339238829
-5019842205171681717
991094410740356017
1600001479921824661
-619326179718851987
7851912835798907372
-3966369350121993141
-3656701761469437282
-3239286684640492627
2119791323273736507
6760676474005295729
5940011169367147200
-2167564740087985933
-2529976345906095553
3717684294707680945
8317114151767513858
-5611395450275937305
73149076775996881
6801721464237208238
2268227421801244086
3085509758992735173
4245339982081086695
4021537988637490937
-7160561402132831866
-263745685804514054
1170688554247433988
6850018502367555642
2699425087969603557
6156629496406761532
-467898438028185702
-1777102901361555665
887771840362547491
-5432710228544403377
-2542918275416792417
2801547219118255773
-4871991625847432415
-3792094156488762599
-6101607094294714957
-8737843830511109543
8343592840504636596
530827961179944361
5294034153293011988
-8604499293245733184
5357214856183465023
-2861995567482943621
-1440268852684936408
-3223189857157331661
-7373394187843310947
7597455499551949115
3159733289435793555
8015281182618294644
9093389831900701003
-3524048542620337884
-1391046471680278601
2658865354427969694
7469659909932064488
-8161835444012192526
-8816518630763420258
7851114713447487413
2348896772018086766
-3162566798460913870
3245588084960839851
2710594118408093063
-8859336192465149142
6725286442294593852
-2707499533838318537
8993466285515755324
1774627995637397324
-2391545685767428790
-6404975256376647483
7238085933716031333
1087016704422784931
-4364935610063991852
1467938981747491335
-3054688535627755209
-6945266610427899724
5573426733411391401
3692305921372426582
-6671113157364707953
7876170989717420081
-6703769479943084637
2037935293895401600
-4775999712757156078
-3698883218612241776
2829356305520450109
-3444565571732801957
-4456242064653433945
-3754543426123139263
-3526687993026426389
-576723122703435249
8598713312161063811
416120636091915501
3380719448543769777
-8485491320974622159
-4430516533829857001
3836725026172662762
1423801169565925888
7421207513071448268
158046026178354147
-6720779712459776822
-5112921318447025294
-4323945487784205274
3443825427267299007
1335449631195368744
3930435347943825043
3431586273052925493
-737590709453392422
6308325465188430744
-1720170150814358509
5371794546165648323
-2436730339831029868
-1861989121774028014
-4420671273095961317
-7564978774440293094
3611283093535117313
-2153897027401233582
8563674332151632929
-1062262200317411094
8735972863910051057
-7265871938415136689
2348342583063220858
-6696060194753597522
-5043284900487806118
-7371122037960293702
2353936619020519097
-6018427187763527511
-2371418185793473512
-4792079444273577187
-88831667276842139
-2906104505740808667
7232851694422828836
-2634712739055462253
7923906490190129716
7312917818464758090
-2721487457747746782
-8747524664429734878
1491105216507235873
2932866900691427249
8572986167264031552
6895349673754553416
-8075905687657383134
-5634053945036199406
8920596361489797867
-1589690250339528266
2817756535080136644
-696210468820300092
-1976644688089046149
-3302458777702597981
7301004262591577411
1262785448731156334
-6474525611728394862
-8063345371875789303
-6460610126563284065
-4276353655438603035
3601312358944203292
-4962945246112768792
7026312303199686679
3443441492638772036
2742645596644910316
-8218274424850418960
-1541397213291598897
-5489767772591814377
-3339477484379643954
8073021794406409448
-8498652113257623220
1145802170339598408
185583345253180115
8771982360792589459
4746800613707959296
2439483034792139253
6467890836412720900
1475652152589905658
-2053290592675044741
-3431271361796686798
4439650586951348651
-2391222948000635005
-2177726701607186509
2863320740108287333
101704844619751727
1383516882198666532
-1020690411219042930
-3359221401934378603
-7832140494432740405
-8484255385319053650
6035381743655085165
3836888245808349265
-2249045297575900279
6430900945952691023
8012809612867114516
7981746285065210464
3677060770196733142
818678506923659594
1460222968906090643
-7445259446516927948
8733361930782187565
-4319757845678732203
5041261895959872440
6110419728717719913
-4506913129451665650
-3890072906197568776
3919843935441804065
997222858000979226
1456701743190994533
-8295106686737191894
-2678323362519113896
1115563015278440266
-7424636802493286441
-3094933177052648660
-6239556400953777805
-4119682956104422809
8811917990086778951
-2811833430879716966
1676901135504748804
-8948302012910631381
-8043674481384700022
-3044100050211216792
-766696922045184432
-7953924410588558478
-3517358209100747681
5204424602183969142
-293950923219805988
-1582326991570868810
2819303547058797391
7785415157463571459
-6906963452580827193
-8227051486156355288
1327150997323480272
-4478135606918561471
5891951274887325819
2052446747997904587
-7706974457126076988
-8624858382000988781
-6757363771423913371
-2655348813312327233
1960325782701562892
8775313475056875439
2057842914055403885
-1507698209549135262
3287938483423593588
9172714510670324939
954425261738608289
-2352455710200611079
-6293027380210044855
-7545721024327814710
3270306737187528464
-6324473575060828635
4684238215340092868
4799284304695858459
-534858099749481502
7739033037952211811
-3179638020939102982
-1991699550326325537
-8303242617013109073
-8360361989814077219
-8735184744005182036
5303328151807282067
7530722306462682219
6521603796590700047
-8100709439014523937
-3273511936023003547
8792802981938408766
-1305488263780124415
-4763377501439628273
-5907431505294052468
665639849914815402
109818428896480104
-3502502588564432425
92633131137308015
-5845547179394083547
7354001784265596615
1508953299787423947
-8005703341245178733
-5062073743374149281
-7761713072967414628
-6917962166168152565
-7603885117617539931
4799081016281688205
-6177996289738972855
-7866423832230813460
4191319230130649792
-9072207667810718141
8754726414836221584
-5765719543766102105
-5061442065911683250
-8806489484710169789
3143919266928502226
-9192565612542729953
-2971134204640506760
6618073439087856647
-619218730525364374
2885915543314901062
3970607592391610806
5707687633439591425
5874229522261661578
-1182609145867381916
-5771813363291727107
481691141556724667
2640125697576354620
3168091166443993459
-2349171808158575718
-580027885309294554
2283130426863526879
-4269577408143112488
-5175837283787979236
-6866708930166793115
5323993996592488815
-177513340481342995
-1800538182038068723
-2040856284629637829
-5618181170999832895
-2642696739248683836
-3487279158220473836
-9011330488996964060
-1020233712400191499
-4868896947396494703
-886405362058764217
2671629176898898753
-5622193652432948180
5317729833211904608
-9189373281933291472
8449932589201497067
5975768498023676311
2461288150989097439
201730520909186930
5658410884884781661
-8930655933953988121
5710586698663513117
-395374342941643181
6259944926288406420
-2415344909055883808
-1852374167380615471
-640787845544894760
-7578583878265923627
1366054616862303564
-7517694078836659238
9027750514731482581
-1116004600622974542
-609940073824847910
-2385598750753881074
-6823702058158381572
-9180248878024100737
8724388868136236152
-8201531194165097699
5876865735967886446
-1039356740191486613
-2725190976593854157
3592436114303197559
-2547179474144725259
-1301815553799376182
8726844240114129521
-5122199279987748255
3534923803591507591
1176165702385156594
-2407324128520604056
4774439543293622105
4581524204277528856
4923209249791103419
6268776331510639765
5795029033985036882
-656001586871592086
-2191233702308343707
-524577378377045304
-141512399367328275
3395258141988999989
383509145967925658
-7921343828399069352
-2441657610450959052
-576362283998363408
7945274582409615640
-4934220066078123585
3169119782327079328
6735118579714705353
-6865532612930797757
5265825104947813011
7872592566802344261
6574113945663720785
-2463271085837306550
9213360082239420587
1604355733893031813
3429912586298330503
-3000444100231524023
7738024429345961577
3203389716463482526
1892911379757709112
3616141298460657537
-7284110430450154851
1919855313849134215
6170038193543649092
-3954654662942142083
6757318048003168331
7251190969411067464
-6491793063712222084
-2712004194138835318
-4637495183770396786
-590161223195938415
-2657909590689442837
-1717176839515647489
-8617764343901651054
-1604749186655436950
2657567660471016733
8373008872351243812
-3438178024333484259
-6295684001792243204
-7805100073788044869
-2671012767958570368
-7622316783410564983
692143708518133965
-5043555429879453586
-2283245050508397100
3091477257762914068
5940458081191005
-6141863444506014578
7626837393181925974
4601161963346932827
5767424129798567792
-1942233346529274624
-5511621311095279901
8201560181710061035
-3704299716096957769
1434859876449917034
1699551334429575065
-5123475101515408639
6985293000712953488
6833171737198219761
-6945297719550402245
6269063282081409337
4706489558404395121
-7625952417361500105
2266515678640224713
-2749906632017267538
3552120696293886269
4669662027485403155
3489138749736154747
8946126314074461965
924851698200810249
-5714010739786729137
7147383809662948314
-3067425748228794357
8610702862261434533
2663151275521125174
2843708011317111343
2010639269908394084
7023787027639613597
-5531173106392134596
5068023005064960623
-4441152149850110377
-1566791197512072562
4218143956252778345
-4933271965527581678
582293914553884286
-1276983471363148192
3590352255462910574
-5853103719027578431
-4717937747805509751
-7084852350548615516
2166591652618725325
960209166920363643
4139539233461407492
-2550999904364485778
-5051098585989126488
-4484966104229717377
3792291312350755173
-7898789908917883961
-6136760770548458701
-5550644339677946249
5465814918153588104
1064251734571205718
8153808394569340300
-357761106821525017
-1384768257623385641
-414647813621192687
-7015463076372312772
5902962228026386146
1595181895164550264
-3862543379544635182
2165370089812470627
197787470362462316
8997966807621311905
-1131923216749952432
-1727511565170921624
2491289780338280770
1598415974602379357
7567317969495247685
-8323958869872385992
-2913475524722046502
-2786759979806659210
-5518354446123386688
6599612119092650263
8172418828747556107
-1269274471196007878
7715228575661993337
-2724800215601650674
5031723116359811748
-2145212428074137984
-4337889616715038466
-8453895488032435485
4777129953684125021
943624629587880523
8194525233222242792
5313021868566016214
-6306084775236441167
6046938091843349010
4719618743331419535
4180912214856178270
1941121546386124084
-7224441781096504553
536852490617094821
-2928117461131216919
8907017834322063255
350336366386042174
-1489655467265211612
-2963883332633205051
-7479726246117546890
-6166825127676468976
-2087446201915156130
-4506799108619292070
7063898769206324994
9191292558328003788
-972082455463423858
-3098649840021155226
-7027106289267100649
-7524055468299072868
1363826883426959950
4983416427810121514
-5005428998148816799
3270854028640033615
8876921108662937293
4499720582785591698
8157063522170286533
692022788721220702
4934669792057998314
4335200248512496575
-488823716478365169
-3891172555010932163
2342203831507564396
7926942845008902623
5220963896500839688
2939291316746189270
-7386267995394273922
8214511281594108429
5261850296927558807
8661748753315644678
-4564665466834138174
8341582551320856742
-2808746740751564974
-3526812101465211671
-5160965289170155524
6112225124577757038
-7948556493214015245
-8888850853663692523
5418669297775634037
-7785771755274735177
1140297790984613722
2256023297254404428
-8367115646779828027
-8522540568349347815
8492960872922259220
727969136639510898
-2409298172685981638
432246527826601178
5978841792298200728
-1587444979869009611
8950071670814877238
2456800412229882081
-698741587489247495
-7629059555638593480
1011996335117666893
401418643563155078
-5484483187013853650
8491490599951715754
-1511686240136619427
5402510956073417507
6996159988851971784
829137731998946506
-8940319016852182560
-6723362568239309897
5169172697883944405
-7460737310342993928
-5488425611627331287
-6643842269607056272
-3087133623480707362
-6153657220890593607
1888225772191888228
7830008975269909220
-5668041177049140281
7617530825397145238
2365730275441508201
-724091556490247873
-7858080527018564119
1774983213314215330
-1567794198956834013
-5507355242162430358
5112439321189177338
3903165670205414489
-3276665180040488165
291195521810908378
1578677980335074170
5586760179409865237
-8207894428410860281
8097167562610250710
-515163774812560701
964433859840027286
-9151736576248679744
-4337735746757872613
-3152969204921125326
-1540984808450181964
1262773328597069189
-3778745833528616635
4216408188044979062
7943641557115461895
-2768363959960711993
494469136567618865
1109750217915717870
3863473370905522417
2809627504100295709
-6203289897382261515
1948441807995693667
-8129006116394049267
4096268693317337696
5936591539952018757
411490125139680729
-5400537315836702525
-8350132340768245574
2915537355781080764
3566820087574799059
4162871358155318556
-1063024652073672495
581539021361775209
-7116002256465652703
436140917186269431
2229194527380422145
3660003263596734977
-5900202393973973015
-1732839141524264918
-378600687527910649
-3038678596341173385
3528917238797927566
3139389355693738259
7418235081961830601
-8183960730085555299
6177251834158010168
-1029109958062010934
-7175949399705913011
2498434318994427112
3309500445878622881
3028510575822636963
365087080444335949
-6462644845149204348
3047511444765112789
9055122934085249351
-1480876705196817215
7593411089131835789
-3506326642955617227
-891845744359320834
2757918712596379861
101789266247835185
8354385590598646545
-5731818112601880417
-4254904319358212148
-164712265182412017
7963725941717603921
-1530157299650643192
-5339045634191997574
-8390815032377196664
-528688532629163561
-2705670807515890557
5946934749092087502
-4967881266224868929
1723023573861042322
-2274001691808871047
754756341121633611
-785368846335432998
-1797728075397629512
-5264882542841687380
-9202264287548092265
-5942935105071926401
-5603338282158824555
-7815884140040014171
393833903832518508
4166843057897433906
-9214415950958111397
4244644849854597627
-1153151375751748716
1629888427403377727
-1290812620226524267
6386168740621796175
5661735074032950688
-1132253004977561284
5594904748272713092
-3047370603485312865
-56073133985063956
3082638055577076098
-6790589431636843803
-1612067694804406158
-3599787573085667288
6837726344477290449
5728402477839259203
7620171367332630297
2224860266252391628
-4639303558320827711
2643374384463990464
2249126780268392070
2111899227343589108
-7971767750754871693
3783731232327230024
4528755345762205856
-705965707628164240
3343978878187078353
1686069196718956991
-2349149347644167434
5846886679372657401
8773922523269334582
-3096796399243798835
-9090137829276170602
-1602996096289495055
-7763829897412977130
-2793864212958090592
-7540952636174355552
-9133830111426982494
6674158627763341315
-1846025414489624307
296272826110580674
8787480307152195935
7388474237459990110
-8589164110805997215
-3882118733100998882
6032435799257636623
6138085214112784776
-7291335212270364027
-5280118751772478284
7210415201355343504
-4298261029544857259
-4381028315171344856
-1801741446655256587
-3608683372988656696
-3339641526400474255
7750787082697548897
-7655338671822422326
-2335940210673913474
7237599082999955613
-880731742363613583
-1507846933530853365
3639213952842723997
-2150190494752018714
-6087877817500921006
2690374628813050109
-8611142182525711843
-3236526611883854137
-6799736105103518946
-88818247505681543
-4427716131611040081
7576893985415729762
6247862482787653053
-8407880814392068716
1466523666937066062
-5635032909453867372
791552854890376683
-418209078734379390
-2423605289776879260
-2057235961336578527
-3588255670932814830
6994036880790842226
-4410790974183859342
3714247263937996904
3708500933667829736
7273309714492999497
8567752133963297750
4637769976271573511
-3794008181504968844
-3056813781643844929
-6833592427752336846
-2048228123076479090
-2940970192053495794
3488873115788654848
6743879345652428368
-446763646786718088
-3580631792127341702
1401644829066214712
-1558261309987688494
3595306632630098478
-5178801850045110635
-6719320069336876253
4161357761971240481
4128484454704399080
8847267707078108153
-2501911694298950832
-2621614521087789016
4169094627053704975
4623996005537067238
1840268792331189874
-8591778736670976344
-2267184754378616345
-8091057161552456293
3897287180058863194
5770230923360172759
2011199729435903818
-7337120846279947858
2799368839218765578
-318954668941484663
-6469124023444816239
-7014541007477558374
5930711773789186903
37837461002690606
6098831812210859709
5038876320679285689
-8810685486644128396
8292759824399104770
8229581389212795424
-8648205968303434803
5943967441264580107
7516075248813611476
-7882227496819461150
-3704342579570426340
4604917920130573106
-6438181279445952132
1172444866518882773
-603904133939900797
-491462277217980064
-557040439173054495
8514316548266204049
3332712468010267332
-8874922230141933806
-8973696755822578672
-1909152941406589482
4868413381621172603
-7268274986356061562
6454472712625088793
-4534010868312594464
-3755302656085649511
-1532442714671439095
5892967977852492719
-5677535818867866174
-8357641356598199694
-6604453621969052068
127353599907334292
-2505218039250044165
-2791909073112893584
6802335032679442161
3265829470500312329
2799122473153982766
-6458963920871449396
-7113769172694594748
8865455737771863256
-98988210802110352
-2673608575187209202
2795582780372311473
-361959988502486404
-4054121696091932149
-7785076562438896090
-2547204749597514667
-8859136344952003386
-8238313854682753221
-1735648299653268512
4936503367417093933
5677677135613507419
-6394008101289248106
-3033983534681730053
-1358949739288444300
5303462977585633455
2843345944736798062
8237853571529393305
-8585192367822379400
7071981383734905128
5676366963546232560
-2946040184816168860
-5550373374644065053
3554987812466690903
2177971472742741499
-5487612048125145615
6097089009111233890
7979886890496632821
4415165555621003564
-1422248393556559580
2535128989751544431
718423064810281454
608278270125180059
7029911973963563593
-8179830043655692928
3975124769525152484
5551329592607315027
731527008270674841
-8788308363394362201
-4896807054641687710
7775215554518636194
2430880291912035992
5614662881364710612
2841522841914962732
774787368132758730
4185949835778728219
3559599192074463692
8020942485487905391
6659590300263059687
-589675077356683915
-6006614628044180097
-5981442288981174385
3180888320797264550
-7346144177488863401
-2538801604568993344
4585393996268448066
3017453855742273744
7501895801384581659
-1578031369074869432
Matrix_2 shares[0]:
-5354826615404187663
-8979178265312397280
4347100877391253872
3889118775021594940
1419302927863622734
4904148021564870572
-4639513188480351368
7566549745185003639
5428738722306902353
-8980120726354906209
-4787254121943066286
4798690433062701668
-1292092000193809352
-2207754645491997855
1770909961835269904
3011110001614951637
1300732332903069291
-2741211892578545534
2226227212203408075
-706564431973639862
3838064862315964090
-8577352819777583956
962540141282423117
-2661251091002459435
-4524336124903660653
7641970116710969653
-3867878331215427989
6616620657460414516
1753338465948362518
3656947414681832087
6069076447576802474
-8150588224258612279
1486760893824916281
-4234315469629410366
240520153963238321
1343689624129825332
-2175512950079637686
6994858196114706891
2705723264520050310
-7010084736294564164
113372318635478359
-5882544064986046974
5351779812161533971
6826038286444238331
5690896101860330165
6910696800891558757
-1933941690907337464
6043766280691837835
-6545860149146922334
-2100757673136920608
-7662996381783983661
5528942355308034536
-3016765696073411931
1972951708864276184
7579326730267432070
-5139032698682319653
-4074605526816379165
-9210315883002515602
4692785128035300068
-8999006053771616174
-2448702937102374646
-1276398566937431358
-4285573030826935372
5638977273436683050
7057187969136438587
253852129286124517
6303983068018676622
5903474580993157981
8860580259348913416
-7413294136330037776
-9097347875194034055
-5463418761889716641
4727667009295613435
-3299043282457574906
-6994850127541527696
370086197654243361
3056318777807344096
-6903908571805706858
5236577935690818588
3899880574692658224
1071720458432183463
-8736850571868304585
4902565168666092894
4555157074986351481
-938243197098790513
6460033427012905593
-2010630638869229446
-6517393163170028957
-4416239221239397364
6103974291154382216
261303910972533557
-2256788533966470812
-3841453238618392912
4979464912179625970
1388162698383277881
-1904966417087131105
-7915081289666920710
8422933232535836803
8487464650960939291
152302781199644907
-7792058005818929684
-7329115832547702120
4108934137935657531
-4091952934782587682
7885825210523758576
3287245816314045611
8209527600096020701
-7433517476340331073
6681627425548095916
-6485852609103006833
4745271253432720748
-8721425877478675124
-113850400435060694
-3424032265264460221
2240109110659268839
1869436520393632236
4256162719798873154
8188837653892138045
-2052239031648859829
3669204469946945295
2427449159805207210
6851579583249843116
-7775301979244182670
-7262444378087769984
4424771716341039410
-1691802130034808238
-1927930340124995230
819764637306561295
-4378946794110706451
3658355818355690891
-7983989305356638580
-315543975387662793
6273660978526522658
-3983432258672726890
4814604013770030852
9204286398517258291
942822663001916751
4953102413110829290
7604774358226787127
-7118348052436219619
-4804935375751520050
6858374167824697111
7265868435521519311
-1083263073022782519
2506743245665548706
5750013354386559086
1512868880595555002
-7763517992502183890
2690626993100085870
5025629849250183741
72130415424617351
6312038134241423972
4871476655722290199
-7730930657494902248
-4340540411868869401
2324880207524724044
7872483542919347616
6749609158160495254
3394935909052307808
3887703706543149180
584083442903489451
-1948449507801790715
-7499531599910236917
-218522385423293718
3996431208634916442
8381398239368028156
-5375343683478628436
-6877184079252122681
4787750474458952983
-3932209123159263613
-9039509306834767549
-2846484777861198808
-5428729218999181303
4380863454584879806
-1726557766671136883
2864828725682426303
4321401898134970679
-5698011626241476132
-3259179579673423018
-3744422636070380001
6953920613610199842
-6018302472641405594
-965808595613672088
-6128837236023657244
3477726075130888723
2498572454317992075
1023080096896644488
-5034047564978100118
-5234683995956426741
5637815253867842329
7868178412319295124
-3306670518140390671
1820926020929178671
-8160219304387841381
-2690183739746713264
-2664970674442543170
-9147138993125308453
-5529812784204948986
-4526875652167591110
1018671671309933720
7916607272745955024
2467623932696662246
-6245456399996411795
-9041755362292602816
4771377450743545633
-3407635982146555842
-506718088674440466
2559355363084884416
8207881196952369573
-643185711245191083
5666394452192557550
6567544232917088076
4835368325906839751
-2962057796323178834
-8829647038854052352
-46798342037109510
-4626727778398517970
-9063319477091017817
-172995465786814265
-7874454288566064889
-8255193282207954791
8804589237808261148
-4504554644095368398
-3877850478835954399
2936573237963257577
3889423635814406802
-5787515216998344192
6268224137680225110
3962160632772130008
45423048988802708
-7925015161039914986
5104598260378567365
-262506585746448024
4726157831385502166
-8850468157388753765
-182018381201394915
-917978704896767469
-5332270885929163658
3156205286110637497
-4772708149192303062
-1942087225134872647
-8174950173428727004
7787804016359988391
5895109356070269010
-987898642522929548
3462585801696072057
-8979741435821119254
-8021655967593305379
1532317968708420109
1760975123091513479
-5029552790788890380
6359438540225481813
730984663965388246
8940952860017138886
-5783391465293416357
-4639378610509210079
-4137109426899081981
-8039793981510723397
1999120096906005108
-8949456343694272575
4135792314974684993
522498771915348841
8178451379127268068
-2364917302057142529
-844040716695179723
8396152760881107064
6218101254203655834
4630531285614191606
-8476940580960186469
-3516468062238265605
-4973153284555146052
6481629556251568050
-5018272820586987269
2717705871072974855
-3429022351850960644
-4812319409063603194
-7401854108666124791
-899532118081632923
2723182688169604749
2935363078528031801
-2066695600564487097
5264775205628352795
7061372070350788294
-6046893954606582385
9198174064193538506
-7975706585183950461
171576730551413703
-8794633931650780328
-1048154622254685054
6732097253462105989
-6828933176986029409
-3665854266566124505
-7447293691789313803
-5899470383187443887
-7988310012038484599
3411007864860969484
1172269615878499288
-2335385111536969086
-5122954579030466935
6457697236315332929
8743017197546932856
-8451819101798913872
-5841163944511507145
-1537672847683032102
-3073972299964254276
648977738941143977
-2922913733888901740
620724749777834316
-4603848238122794695
9126785925553330539
-7304355375212640318
3103488817970771951
-4643143159948470764
-2007499846856477935
-870168794134880543
-1506244656436693335
4425932246825624356
-8497751105689914864
-2329985620342196232
2750668801696782596
6204343262131628105
6361140959724969725
-370947613706467985
1218255187675402664
-8224422726446769747
-8223143483838488538
1389240663718291819
-664805574592537421
-3703950731831147178
-1390946546282264360
3921097645433906171
477577318349124923
-4849364781796769722
7360992074435700757
8303660141688075633
-9142448217671379455
-8142355700390792865
-7759753401592555037
8151216743079389699
-955343202363327952
-6930484467973063444
1183939350887850502
5827434116639010715
7770201447451701995
-7007189078747684249
-3437104467357232559
-1228561349413993995
-5262710555977576444
8058323311206109042
2652605471686276893
6835296675583707821
-245734359465950071
2482987110089941609
-7354392755071767964
-4778071241728478576
-7171162213008381089
-6516072019775174969
8253831172642420044
6720560684674866737
-611777086758209917
9117140593825647355
8935147674995113789
-2278947384637278103
-9000882260688542720
-5964006126022306018
-1630308135768299334
-1797913537720629919
-3834741001295853452
-6822823399809126912
-4336713529127054556
4519846174221619066
-1771073720135846828
688530677475423263
7663345343730572106
-7365943258221829564
-1609647430076253413
-7617873469810786475
-917113205259730585
986882162314028927
778276202297220842
227834577718767099
-7489958013172213395
-3246514000206009060
2569335208061437298
-1742710566590628101
7482298638113386627
7477991424551768764
-3240107220156716700
4547871048262661906
7912013569703772425
2880421825838442999
8417957120763937110
-2251722356714675410
7057517939734162946
550100465521937848
-1010415660285642998
4995658076872759879
73767087578808066
523158146261555095
2314644807906278739
3015700623134566197
-4214466334687092426
8474312248856085651
-3729159246635220231
-6090068095194784439
8278211920070597153
-5978757645022384984
-1332744149764272188
4770863516626437862
7550727229336804085
-4615054352283626842
-7177347480483232881
8989743444997752240
4022478872719339822
-3831781176580422104
-5165907075043868445
-8960942888717517664
-4704920607742595725
-3190897873108278687
5866378872598956007
-2413600057256623535
-3948305414812039561
-1713134851787237919
-782702361058540903
8030033802932964389
-4120562940486297154
-966908122814595512
6789598509019621907
-7471679121394350147
-8928842838827102515
-7578872642536824635
360256298717108885
8654469204978498336
5857188102115988079
1360295413674248726
242961201389726769
4912146468135465103
-8727746397764170442
-8645544717017957689
-3726334529614716494
-6258458337766266494
6062184421672385118
-3223771154243771414
-4118023691730491261
-6582991577471436526
8521980183223243952
-281522910326349001
7706258513345555315
-5773494019607604521
-5964231898909968018
-2497083555894247976
4053149014961145733
-3398412195972391481
9144392107094345619
5065546595193173609
-998577793992629121
3747518987256607225
-4968257642302746414
-5677365871830534530
7449281291876927175
5765257332030434064
7237617384294095117
7255041479921195063
-6595855829393905772
-3507679017322204121
8807477379284839622
-2478093694516422004
685983015999622121
-3354212496548204556
-6118386476236081452
1914922373548292540
-3304829143220340286
-3502448873231616485
6971041060933655430
-4078185584633348454
-4337943099041418256
-1456749569868956159
761411835784528861
3891466880434390131
4933767310908096783
3027571807216422839
-8450531908244872786
6147873052142343250
-2821955098125718935
-8382151628578919983
127778861617600258
-1575675790079979150
-7233958735770147932
8088680666591009506
-7791756296661656149
-6291488175513781205
1850542826858560121
7636217647452290141
8231365623241055172
-1082495989656468593
-5199320082662213410
-3376819406402587836
-790553817922318020
-2022379123076466478
-6171579194999559053
5679059556395210698
8518509670304625163
-5110163287426111365
-6485010202620342297
-435373370888436268
7208933075741831204
-1046046665457597024
-3959086348389282627
-7651000830478376343
-5618974205297771457
2224462993148188189
-5216456330647731053
-8649768833684786063
1243850337342735280
-6557204531669361522
-1804236677766212235
1264069844246528213
9085901028496241028
1687598063453212605
-4148914344731051060
6466448914127012579
2892930811408174530
-4111813122101564145
-5793311307943405070
6298809659667116623
-685735248950542729
7936927025452420361
5189380317403024487
-8288098744336345081
-1732362923014175372
-2521382520373008693
9106410449860805908
4690098940866733583
-384797117376726584
-1334374760805346730
8527927449933358898
-399462202984238982
8071031324422951044
-733728851150915013
-6545530715854329474
2557422434802001879
8866082090341308479
-6591210454791425245
3200148782964018254
-7884618937466495072
7236205322441940758
4468069374536585940
-1842094641518430558
-4054782775191364884
1787180457448333889
7295162191394294906
6586467128543422449
-1095539159239266015
-1611820685004680874
-9013932196525827708
2955818965603051987
-7372384361630912370
-5018988952631111262
4112616661373317064
8542699426267767031
8394663805008357730
-6042456773307862455
-6554408948468055881
-7568940080783923215
-3201590740423478054
-4944310152043765047
-2515733262891983578
9056543896625686481
-132680932333003552
3607104868497861713
-5411197554561818631
-4457841593286928634
-2662420979904813770
-2159922313093760614
6433013774586888279
8493731193788384511
8121887758227005646
-3890474610855431319
8806691164981711070
5903346017399389564
2767428250157548872
-6696261209969822133
-342865919018940824
1021251493645420455
-5514710379472613465
-5379129279410454196
2476811695984314468
-1035146819582484237
-6850879500626058767
7702857747599038258
2164410541964353746
3699305078812310527
-4873533737176164685
5486099043789009901
-4399309114359064234
3963819183126192626
211329212231621901
-4031592333711616380
-6419516243348332156
-5219209364401828328
6500208862274998083
6637595205894731067
-7532592171934496130
1477778465039161963
-5769440702763931578
4172421150651709279
5590713695198847128
-8145927432631047791
8334365658868351315
2501803169965339344
-8674131951083785404
-6674248676279257011
1810088409592355643
8946818914766418196
8430233108156170467
-5335014688666385400
-6989546245210895710
-6524741750680139784
3442273877385773383
-1265639720018065467
-663396073909015567
-4047067828361535639
-8226487336002060214
-8474375600043002113
7019000756106909603
-5518626638277655778
-1481894492574208702
-956631051384220297
2306933046828835271
-5976929708163112434
-1809860046020384550
-4014632606350234492
5232101374599149705
-5148575565914101745
-3854836123957872479
3231824860333130482
-2105974857849686661
6910463737297335311
593755500720208044
8509275332549611915
-1975428861531097333
680358821212972422
1468437458933656210
2108244719460403201
-4564162410830315204
-8714151597983534685
3221407887273190971
-3409304720189171421
9106227677467403133
6655704652440225701
-7189345339523114157
-3285734037520941281
-1743064584173669610
1989466857462124764
-8217525509247134243
-5964778775255151448
-5282119904115652535
8868332329303174641
-2156518217677613729
4783837776060522975
-9009952230050322158
-7359356621173910193
6512466139216014945
-5500870209242744145
-6643945534818117407
604788014330683466
9193284090898023298
5657894353422353380
-6697905228780883404
-7565699189053405377
-1273657910191554866
729464952017106443
-153459188662259311
-3606942328357425606
-5854455122473043235
1095308977103160225
2381603828532914645
-6165222954759461799
-1198783378407402207
-4635490882599931059
8186145676896881451
9217993788161421249
276672408550609989
-5972326122255639380
3284327105338821956
8653104594583589959
-8138020951852063143
6073192485115534373
-2859948966293806506
8298408238088319261
8381397871038568246
5807523033519536717
8152716769935824700
-6521590909299128455
-4252656508607148366
6605550864676218621
-6270738811103726397
4702540836952976367
6312258154649637815
7700304190428986189
6637940219920411962
7701926427612402828
-3638749123862656795
7523723501579120415
-5141218198513657213
-4311305285970569680
-6518428204678470396
-8428543524652766654
7776357604881784421
3525849941084110958
-8470406483404019152
7180209483781648308
4247849168132570563
8449287461567675098
-314988131237457016
2201766281013566635
1313118009805912877
-5752009007914883109
-8275892543164041231
-6634970156643396444
-3680130927507738889
6998266506220108680
-7467344055227625897
5286304131009341238
872013508708017348
-5979312038753212281
541922621478356864
-8802314785614562750
-3401271574885380200
280203953543554033
1514316558738474888
-6936680068682089438
6381131166326626523
4733124740621522259
7431960283547420028
-6806835617970405269
-6453452924108087262
-2180061618909666632
3914695536958897582
-8924575002454421724
-7569657235173264168
-1094166198419572105
2791840189528181812
8658093199360300315
2548579645960924673
-5895896225271736699
2723331720420098435
3955087329006178160
6229776966773132854
-4393245187307406099
-2129488478175736597
72931381750571820
-6327433339317886413
9116617495165458673
2364287641998372152
-7093723779719356579
3264216410225706465
4752435860311341925
938273329687357273
-4791800305855891156
5568744770188706074
3834383661177674683
-8516097197154121878
-7571239255628817879
-7666087746588804229
8993500067827340581
-5126562970870733886
-4530152457217975505
-4413327174188916818
-2155318093543845119
-616797171276208005
643898186065973938
2631659055247295158
5445027792306144668
4734444751888741939
-7204540460517784385
4716147232518599225
2698804715600719480
5242484732506912163
-1548345224562670605
515211483239317432
5011845517492789187
6249980854569070581
-6226568100635504565
-5078362557525636618
6299689119357766940
6969725649146388296
8504370054078097651
-8484553590916115434
8386079363709267660
-6204771650993724029
5115961178555143062
1050520820063128720
-7784490526381681676
3430992968535725372
-74260231288598807
486675362390129472
-6820296215718151408
-6980607565733206089
-622249594516711223
-3070473568722745940
3693340168404138012
7563072564151145901
1810247923243007835
-629679348199155117
4735946840750342093
2355548787899299357
1611149624269496146
-7049003600202018772
8758458708393981187
7435563438693915653
-2588869166266661019
6242211908708025680
5464232769298784071
3240210832654585584
-2554844544663266825
5627811338452586749
-2844049644753204736
5378050086589096779
-5354330119833739101
8896309378065317463
2385793225403994300
4984252535481269561
-8950437094626277807
-5761217628888418097
6353127162997547088
7469295273472429185
731772948002934945
6998874560335277865
-2280496629670485303
6275616619795821511
-7901095038174976385
3330330127306181015
-7472915668408605723
-767059470962862204
-3009901026322831357
8651125153208579407
608245230425631883
-1257587834516262583
-7584542038102399783
5074862642580305889
6336392397096178083
1981720156241565701
2104182153562152048
3582692826056640374
1664282504258390781
-6148386405499153689
3179437096168099442
364318618489900684
-8284095980707664380
5306338916045879446
-968009506234313582
-5129711893881461992
-1177593264355273321
809033599409147771
1246682555672966409
795055920762226253
6929080835722659022
-39017563179480110
-6322352720220390965
6351053950212062702
1419245595123738129
259726871927118282
-92395476240761390
352174363239251565
-4892473081160865289
8706335326247075028
-1395802809981072259
3965674358866711168
3218994650240214879
-5736486971931803752
6181523393862007032
-5920595826970950351
-1561424770523927520
4992585930607863417
1470873831726244425
-5903904773068639681
6638221911195167196
-5109662008072523089
-2929488066340028480
6994740327782986022
627178469889143695
2797163666626226310
-1924077053687377692
3849032200050769937
-4754755932991449561
-8424764523373138787
-3429680350370694179
-3235653147365713634
4691255434835823366
1388942100382996026
-5534183359285759200
-2794966770440880826
8893264942088407357
-9157203916519211128
1794095321258112265
3544246752343574963
-6403077738376643448
4244215671734951092
4226239092896501143
4060924389248834802
-4707174164259279454
8395260483419681563
1250154810628528296
2079133047671727191
-2050444337227271912
2177701230602563205
4683269122269596394
8324671691823740516
-6333058007644565035
-7004634927049256360
8876080376673386817
8118296936305202893
-6312457937024448688
-4243585622857619833
2852159509187337902
-5638050151443198398
-4109486860255497871
-2006039878073531351
-5232610629272547719
5300284117225268691
2616933422604480629
-2346955288862868529
5840919179086443854
-6354100972727081525
6844156435742814395
5836682487934525360
-2641744903721849305
1334279208037718583
1547253169118091040
2119913915391686781
-9123487565433552170
1949924941596516649
-5776202615113517908
7170190151820177454
-3759841963562430132
8537064355687881445
3796262705750616741
-458099660595385086
784159247841536028
5431704531666532119
-4638714495693862901
7199052341430431982
-9178206117056413810
3239694480903452134
-687168765137999506
-2949936587323718085
5055547062443492788
-7259884248840501288
4727311799832784911
-3212416213617095499
-5271743944094759327
8239439392938575145
5665979520613998260
-8128713192696337585
3817879909491418050
4253025759828825560
-8469321625381423529
-7259651094852676350
-577132224551581524
-111058822198670328
3641836955862981616
-6426386656932552009
-7878567521300505468
-5645086545118368481
5644692525418642578
5215228082981271970
6855656936212198680
-8393515149242610135
-4471858402130039292
-2572996795887606628
-8301476576912210018
5605106586076884485
4401261218736751649
1710739211889363875
-4631317167633203338
5119150849947899221
3417624709468175168
-933629170658496629
-225152183750540177
8944077285318186599
-1705964243969525022
-4861297404460772740
-4426503012080127852
8274340153252482249
4817580407000058868
-6408524611513306791
3008023212516939509
-7413214589713178390
-1779390631279338902
-6608424516568677939
-3107597891589305841
5712870182289715798
-9218410847685210191
8322043975669186575
-6343431741683541664
7466618770850623807
5159940167442905981
6335601039454546775
-7140818495430941724
3890980377406327502
-4358849590070535912
-5248161056410546312
-3301395675599700510
2679677105840017701
2917855923548282572
-7044764225122780931
-4094511204854162004
-7836927545450257634
-7083592518889188682
7730742642795238545
-4805353414056584683
-4918249822426079873
-1788861899806161729
2141636259805230547
428167006383955167
5342763022710013304
-881981387972479068
3386439694471364444
-7843495881828410694
-4670755995955692973
2721276172097597200
-4756938939637613664
8075899227635468248
6750684330831338605
1732714637839703535
-4702347431647315402
4161373859403005921
-4420983452265212782
1731792089995583928
-1024505760835735012
3010026340309531189
-2869076602747393251
6232838173773032935
-1234657667281867837
8449657040846690010
-7869591257940499407
8715515188305061517
-3148852488742742844
-3041437119432832802
-180550713279996354
3933904990914403957
-5634028441659901499
-4773551897959675155
-5226124524698067301
-5862131951354543845
-6449636159593727287
-829370289239298194
2549583874639023255
1228265161805359957
-7512122903933776235
-9069000855797755535
5713872552397667255
7203287085787562031
-8555270713153191748
8128535900879737901
222935525646887425
4995406349846042187
4234599670399787887
5088161571701006772
378047266584186648
729950610518859762
3851642642786210460
-4769029583960841249
-697778898341069391
-1149293764653461669
875027747038566284
5581852890748330882
-667297345436631007
-2368727996900557262
7700971670022050393
-9222593892813019674
5172174041649679413
-6779192159062148942
-5060109456975833956
1970885238804903355
7135345645009561811
5631501928316102581
-4560126396486561813
-6486554663854195339
-5658465775837942765
-3403338561189996880
-6914821884303326890
-1472381639608806058
-7570543996098235728
6389921336146759501
-446065960237281042
5941337554214334601
-2227176191699840550
-6960281121022314999
744844361450514012
-7202251374949234399
-4253549016055006872
2261228622150169965
6783241277731799251
6522909888427832988
-5642540310813962926
4911715600628010594
8126480405553610998
3722804413546501795
-7016830487759744323
7722693072793090420
-1284433526237425300
8205915150215471806
-5650666590090242482
1991463429622935212
-2235836810840492643
-6906836658987567186
1568362457443372096
5540898468449583138
-5793463515062289479
1031979462639706545
-2169824365025428534
-8058051183062460180
820502104275218579
-5681874642234404914
-3733760558691699829
5094968452364802301
8195284516740316088
-7291779783453665272
6404731106779383753
6503649540480384553
-8863682931297940442
8235622827849574838
-8422816181591049007
-1842542868369058189
4006239676761735445
438018514242907650
-3273441317087981481
7902006680119695982
-8349283805021732445
-2032358027884237372
2194507124099954881
7551880297828039356
4363670239613851270
1878962215836887870
-1003919621124484647
-3002306178369653711
-7805771589002865256
-1964775339150615903
-6411293625377140529
599623139359028073
-6395065978119761960
3989210213472893034
3500621805247520409
3341249667500275681
1371122528258464087
3939960740586704043
-4380660927662744935
-1741468358108824282
8846550606360544984
-1395025488399469500
-1654053132716533976
5853165125339374017
7232075863513624090
-4190045955157221513
6268707322395793343
-2859340713377925412
-1850638982493343632
8592970996547248601
-465535968174328279
-8038553802423198979
-9110119238714590440
3830375455106207610
1140036356577300549
5333056368869859874
-8049055805558389849
-7346793436264047316
-1703734056536950446
5607336220713280806
3995229030108519982
-818759483087845988
6261774792798802896
-2824462392552164459
-4323790455542821900
-4693535955412434411
1812775466756805847
-7830503179062968137
-1739355442088570359
7898390851904524576
2700408064108978381
2098413952068488737
-1630602524667887323
6009821325834114328
9098001923686376727
3507764061759949433
-2407664859516033422
-5494664102113678510
3258445739285479981
7538833273368716413
-7395864813303844645
8043080963515315752
1319834023594316707
7584473653583026713
-3571342892551429901
4181164677378735443
-5191262793130783720
1830444854026279635
-3214376703858983869
-769028553483167150
675134537022084353
-1585429068758633967
-8092814143036426249
-5241711330060685333
-8579681325432148069
8575966276570656482
-2478257454769165415
1179857164853029016
6725935147544834373
4678708003105538073
-504658586722885436
1733373150318131652
-2507835124167468549
-5556113013844732154
-3844432926009470833
1685166781664771648
6102044100386291706
-2038863678069293683
7547996508124863139
-8126190557117538559
3355372871027330833
2070424842354178695
3337675359423240388
1366553280091055354
1884221880490171426
8087457138195400738
8665147521696017209
-8320538437474578765
-6606195845642548632
6113697101025804609
-8055692268256143721
2021292556536586668
250603401657146886
2528948312399904206
4010511621365019281
8843032429838369658
-199898881972997943
5477712084076239456
-4969592944870748048
2518765659278830980
-2638385729532866661
6262387799996585809
-7426886832462624293
6031478240360056176
-142910282830388301
1170707472456453297
-1479688029005521586
-2198732253615583215
-6682927135846928212
-2132548387186962318
322464947464721281
7501037952000207135
5687363682407612164
6861665253197116628
3380730643039245429
-1284061074874278150
7552391536888030272
212268246274360772
523517571913995320
2515493932332086140
-2212808210122316523
6481095089891564765
8174485091551047309
-6073288832758589047
2201312075667355784
8252285531804158504
2140339513212889297
-3014797533224081197
6603737009262611305
-959204705836749647
5631451962279700923
-8834112537079356122
5248779089893863242
284785790610533258
3358977668175898568
-6524879620705199207
1456210675657338857
5508056296502552575
5471801618522045694
-5621323572390711315
-6180042728895158174
-4507402530155742770
-683905168897971701
-8274469837947691055
-2406881083133034575
2633748101145838517
6578011353908481060
5457476845958919072
-7840396634979409410
5792285397178448610
7966897842417734341
5809990067288738888
4168207450964947953
4791059829818555128
-8047365293695896292
6267957936715717303
-3163121836707034291
2409101405906447125
-996055496528148397
-6626185332998227810
1847731358488122053
-5327282171248837021
-6956294877629492984
2489636437607487246
5924690209310718640
303591452160806620
5498207094131853576
-6321740923155081811
-5143275198310015790
4044187603546245149
-3829244753948515247
1512262294244044611
7401328794768193331
-5866125658009458167
-7849774448342342316
-4805647217959830647
-3938786530925390381
-3251266949563475442
-1888094541874207331
-2962339819802837803
-5779753383497895069
-8710889576679635489
-6503855289017461026
-7190145799790370649
-1920281624731095036
-1474916896135769651
5804190098793804640
-2369014494871181061
-5855676153317050255
-6288891779593763541
9066956898031444945
5806270425207663180
4163055316847043636
-7931005378350591674
-2258565996754849714
8540359479023696591
-914938270143314140
-277224563303412023
371641770004295374
-8030685483123598385
6619781861627303180
-8017363266566205447
7161577325360880599
7335415481046670771
3054249825856610131
6009360802234025853
-5921119728440861562
525352130224394154
-4180240747213354761
-6057183467063788782
-193321448276760246
606507662852085829
8586027344815571939
-643205062949133986
-3002494331415834151
8176938140320738530
7423686473418856904
-5525338215640427581
3746395709438619457
1635568192515106373
-7554044832222742551
6188820257600051686
-4299103283057179287
3324318347970666474
7276991412864424533
-5761862365695163752
-4162575238399199272
8006341358500747405
8159311433644274860
119308595149650796
4511188368788771430
6549326375254893065
-7943182093189441131
-4884229520431210965
3155436967682581301
-8432678876233395940
-7281237529858214644
-1000879862959179718
6599805568564092404
-6517664489718497144
8044487637780697130
-6128457588282060239
-6248399505887362654
-8599690456915116517
-2559310286437223718
8341973468062631330
-970433283935495652
8653485739526604510
-8004686826366681511
-6482638453484002660
2279225209494768395
-8136279761526780993
4915869177561089258
3672700675456163427
-8968058022824410866
2820564393127386978
-3328619779982207342
3493853026952302573
-4579401781120177179
-3078908170972588458
4740333494689265045
7500401194879669113
-6966096795976852348
-2268473325502162833
-2972871947873523840
-5574379331002166638
-5663000936084263640
4728177152293367608
-8599527494984141149
1677490225592660321
5428390628870656640
7370642549797746519
-6852566567180592069
7999363629168352582
2803984656715074499
-5401730473425030252
452155979730182942
1064163769851857684
8743690159629109706
6002768007267077360
-5173893172827847329
-8768511275343008755
3214843640466071245
4445988485400310927
-4255428666107402945
-4255938806523686625
-8470068259630739181
8951145414471957303
-4475560648255797933
921725853784232475
5350198182129307711
-4936048893529509877
-8582557491575617479
-909517101193648781
6366283796189942474
163630872843891990
-1031634052759125298
6285962807202910492
-9165139475505520593
-6907794777000997907
-4820822720422503777
-8801430138550322870
-1728945884929952581
3456611126837345423
-5223405689978993666
7762049600412133271
-2462326020900783094
8462801780559460524
8412470308493835416
-6616762565443927241
-9117859354624548718
-5804043993724494316
5234548537359932157
-7018477630693230778
1491174912277967900
4469670457035652911
9146916542646214890
-9020622654060562948
3374955754936256235
-1822473030413858872
-6496101450560408708
8334998231577283536
-4795091618887003544
-3588213894674842478
-6216185834722189311
-2872179899196886746
8099400911760829659
-4537869541199541761
-7151737313160737491
6980009701036426890
-4150211443896991020
-2569590753433469928
-9098186703095411655
-9182627728284132629
-4527238770954448298
-3927426698052578238
-3102234683540773656
-5290494671350143061
-5457723645446057922
-4224073790874944519
8563685805624231872
-4370337149623004344
-8520830266721012182
5474890899300848383
1323335963932264321
-3800418340086080446
-173336011598332597
-6801561697451245606
1337108425620062234
1222989262179000310
-7393100559235495820
824455692128336561
-4101601380860387894
1603980627159507550
1678625617366649604
-3670917904361986847
4756430008145484589
-1158977200031626840
7691288151277791507
5549081340824267261
-2590666189058004080
-4416863747348815323
1738413508567944576
-6066393676807411167
7648009408024710769
7505467997504184476
-2511328285361964008
-4854958520783242820
-2137451482711358127
-5762932449731829948
-5277743917449393979
3799768460050046122
3313655238391879895
-3557783511346109185
2036013771969222386
-2197455383060115793
3828035559263650247
-5199884581664994085
2375295261895385131
5470844774879427062
7120717072508783240
-5584573185205845189
-1358609160170514390
809090274826112746
-2242783992943150895
3087798756233745738
-3667938911078768110
-6425575418362375871
821813284741146937
-2422489661854054970
-1522342792757033206
-556081560798954835
4027833305246184105
512037552961196588
-4970211268803131681
-5960909690343857375
-7719342722990796333
9064775951171301410
-5270599801990034527
-7493702319595481681
7388958012554449448
6593190658742327557
6980806795490267090
7049184038828067985
333305513843869079
-7264662454498875955
-129461128518513260
6208125034469166212
6725445266946228646
2309935328275592314
3049277022417406952
-7584652571340128036
5924149530535821838
8663711985815484638
-3482263593075191141
-2625588419445649393
-76005987352500288
-7516357089037687157
-705758354101647167
-4822045993712075926
4658484609821188907
-6000878698513246746
4242696749778363161
-6788822673456614012
3366621051287206755
-3739129457735552172
1795224505063587699
-3601300443676099738
-2760612407459872528
321622498980393801
6676796515725701271
-5008979811742366669
-620769224947025274
-8437084698754875230
-3638101909041792119
566122485494191513
-5660052619023397733
5355944415837708602
-3376675118958204431
-3301296168398747580
-9199168779059543988
-4457125929661405805
-2204968219989806918
7935450317379302967
-64708264232468133
7031646005570105619
-634111554410045004
-2015288039838865465
585518298267871026
6152269058087748202
-1912485831465164628
2302882283010084261
4856491216724579446
-6567021465761635642
-9061097613694167295
2044648001216774798
2470965886065843616
4201028007649266018
7014625930495514094
-1744805431776484988
-7013600978117864644
-1666851593971111937
-2532235455405485579
-8595175701597843385
3312624993017452153
-788411825367666177
-8861879558828695457
8842135592848109358
4617400652257271939
5501972922451079898
4521576963229682563
-5933543863848167256
-8058187283317765951
-1602366593788921288
-5712029648383424894
3491083559363478183
2369522778649984935
-420168993516875661
8413620222351597349
-1387003989681533663
-6730308752612749891
-6912917086793145898
8299890788798944551
4801729745641115886
-4493242839368125299
5555839691857101004
7796694411928567308
6458297795413605499
6655628116891906314
-381893008340317187
-4831483348777268475
5629667705413773711
-1902956656127195034
1573410941859174083
365309937728535207
9064847884619213675
-1052916384240672807
-5060515131280410825
7293816435065897817
6423733381304207747
5361746680917096522
-4648866203050556564
-766033326659797489
-3937311590422353919
1155367633700463938
7277873120180159741
7196882310661244637
-8221012041587472743
-7993101018522772493
4087024274261319688
-559345869093234193
-404716442363315384
5035031683942896659
5249171063471043705
-4151397379746195723
8393671880869131940
1074757404113395561
-4287115765508912635
-2345045177106750032
-8383557705409567695
-2098114549438962085
-6251197009224189148
-5749329583066851784
-5603564974020068525
1076022333784118197
6665936121820258186
-7050361418042487906
-7493065107019219504
-6672522898330432881
4107389463029802475
-1087596202475013255
-5034764620991085102
2826558708442765707
262367576054884667
1091297526913657819
-8501101189244186982
2428274449577725728
4675716835575854122
-4210978926291376604
-2214066674005994207
-518544167462891354
-43850138455473143
-4050109585216007582
5532720323185345980
-8673265568462653380
-3291742604004894724
-3652883509932446978
-4325605939973823328
-2046630493588124606
1887675081716975799
-966629763858663232
-5010801163058026272
-2946906426477101049
840708315073700083
-5226496234885139385
-7662411668466554789
-3952659582415288406
-3373725911210993563
-1184244282216446919
-5230482336983882317
8747833758268143375
-3235052102348295598
-1048615011760922940
6181747794185125562
8009003339095672287
6605914141389659611
7438177937848675966
7614262875722001546
-4577248209016007038
-1887761870923269307
301121596732152991
6662972272948929433
-406619402087954160
207766456383412216
-535338655983529068
6368531252238673490
-3190030917997980132
6562997282427076941
8234168032422022982
-1070033102245596059
6684930744288761021
6494847934039133946
7459129065976354908
-453988558654041030
-197859749919728042
-6546058908412852209
85009283726974867
4568031007144945388
4275999766063011065
4458480581651602684
-7522900431701002625
-2085758250882132713
-4715081820157759224
-3053112185963938455
-7376200152496107102
2719943144857392739
6729559400097626778
7794915267151555942
-114625373372365450
-8324603415195880448
4383299309851695619
-6775523721206331738
-8800096800983825943
-6951031436271970243
3304178329819896989
7947262020915952337
7394261527711702466
-2538632727244320095
-6258526190125390680
-6652985079778839341
-6348986062298827150
4775648998708698789
1378718761224745173
-1223058049245838274
8217791861385783582
-4968772505111440116
736343349390515994
4798718899388523694
2672668743840678113
-7212280962621046505
5610037294625707261
-5113445676520845636
7528473332603502077
-2044678734308644740
3715383502107220866
2215513294630446379
5600045497093078971
-6723930726728477538
-6259095606771889140
-3781660126492958246
-4711739385586742393
-1463772632007183916
4831383889699591173
-4687461677475376536
1628965921777113384
4521098697348266206
-1470896230076007862
8051566020113502427
2853665869803578912
6958415484235672878
-9202141050450863569
3608990655690364232
1014601533240335726
-9217329828512903285
-8023718779181984301
6924519188732326538
7118495664345628724
-7502310233778842639
1567185848612569517
-8041531534424179054
8461213671358140735
8185986171483859002
9041877752064543231
32562420405937829
2161423711980898064
-5064375796217248287
-5120230490932864082
-5485726814159877270
-4801976698050067391
-1006274508589720213
1637669539058691929
-6273350121126739975
5437817112481334032
-3188451169672993028
4690297693069872247
-267902048673086901
7153060699083853037
330506206114358613
-7569699629549793826
-3226905020136201906
-2806463963096634079
6638503267167401242
-6088350612663443998
-3661381107351259382
6749824690003259377
2242464711764385683
1920051602030096219
4077384596104882048
-191943985134180593
7553286670684423687
4168606904446197662
-2463790913238891544
-5855115831560771158
4788642571013244942
-2473671135875668932
1952827409759530967
7282067554009962665
7415192839695456127
-3166211014135181552
3502240937150740326
-117034426427060467
4462560165411734562
-109512524339201975
-9163344319617269664
6700742724747406499
8811886262966417715
-1990054062803105471
5302738931689291157
2270165974114428297
-3561879539331001969
-2903700635969618234
-4372747613140393273
-5036401651520467241
2441940129677977588
-3176728498785563530
3852743189190463100
-4390473284337033026
8078071362104871789
1604671348533135041
-2243245369426214733
4488296981530027939
-1285284611471894281
1345080612321736688
-8619378680230075878
-8493649567051727327
-2923845382543258519
-3846867996078439576
-299209402606915675
3115541161966455551
-331196495657414936
633435100836218214
-1881974926243874348
-2400955236640368111
6817463505107693141
-3306457949790411816
6250082068295835822
4924587829064235561
-3085368553504508824
3009556844717235477
2399820599365299173
-359995510293222160
6661525108138082438
-2909852042406323332
4643673241515709698
5053940204286320217
-2141629931714435130
-5869225357768040141
5275158954424114302
-7708233062158816064
5008200608818145339
598768544662658236
-479734577651236450
-2117356622466206126
-3323102276887352326
-8515145599598103222
4329964334126775407
7517622038377233101
1910424814397717206
-2373745953976782176
811687602980580607
-7674603115381797332
7751340355640672421
5476005763691146777
6917789770492123208
-600138020993318630
4696012776704919020
-7472584975283467550
5770782195010579505
6824546091521443967
2516504518052694922
7757436867085571340
-4632074153311820522
-603900735280809624
8667533970195131794
553690018859423897
1396132256190141337
7646689427275530036
3359993985244791071
4060549751417699188
2330889427135884182
-8881467198457043787
880347228398793813
6671245909565453274
-2253791257453699756
-6596315710688189941
2707042401287384362
3210927512902204880
1690507044746193887
-28411070423467841
-7903408857439072656
-4411864785535193604
-7257485502902621649
5742133697728720115
5101648033131534649
6765235437240495286
-78340584655967377
-8774968903304823696
-4314939239647642040
3239902891060459247
7670177346524929204
5645340798112097265
8780570912207750187
-5686461336299355139
5359636960015256198
-8369131395184565550
3368731326677991359
-8541478398315611249
-7704675334609160852
5875469728337492166
-5677667235545966047
5417436133982908174
6628421858993540158
-2278023834285546948
-6797676330418387527
6869460865653172012
-4998005109959171165
-6031240227602106237
5779929065888074515
2073300781123463649
-874756744915268851
-6247950564212249512
-5965462629503689614
2029131579714818898
1673543139189395004
2797299583681397400
6292477017620790400
7356236704278677355
-1818358175248016457
-6361763180377444463
5249793246968633849
-8328126619916703064
-1960442496722409351
-7782923495803986817
-320233311363984260
2420967395002174018
1110995164032269961
4730189222621644758
-4074396172585858999
1255387478635453286
5683421844649606762
3272566998108543359
-4065545582158380332
-1464741705240708186
-5524745584348365973
5667655726715687504
-8582655231310466629
-3146375752083734952
-6675764322470021930
811882033264053578
-8449402098642789333
1302804629377192565
4544107803866177795
7913278157583659565
6795238504393786313
3333523846334557609
-4091561962043361028
1541277856690494522
-2859480802940545125
-5644761684585402478
-3833753046335362636
-6054352370503823724
5678742756998879096
-8264896085792441176
9041170819173823936
7285606537372078354
4458503210382123069
9160963338654391143
1567869968502891355
1625897843888234474
-4974945858651792044
-8365549439796376423
-8956125124118305887
-4505140883406403008
-8614705890055392167
-6878575539346310365
-1915048781356011064
6970880765444028377
8634366802094738508
-5439127609261482768
-6449701037681073945
-4566375139593516072
5765894579484957266
9146464480353248358
1583722869984515839
3770595825371850936
278635107841350556
-5979805142825798643
-3500096087098982188
-8395157524271952089
-6978146909310699363
7658114989240217766
-6178025802518990971
-626213219012867578
-6134096839440242233
6163758356836129158
-785688104797768147
-1981333719102820693
8550221708823854949
4705931248687958289
-2137275092489200731
-5668259661393824884
1222892993688925456
-2032072900286784226
-3200780157267080489
1723713195652992151
-8172910041606302981
293840258537306434
-7913484395487129027
-1301851723461636196
3588598495209462836
9168205791581293430
-337197141661388860
-832505159099665085
2819968320366643336
-2164879690185077109
3407142842426856217
-5649025578678449136
3396928862826108692
8586275223996282947
-5428086329499216117
390204749341891726
-2141904181966262249
-433757288179197004
1401672792728592593
763193742222473688
-8690777338189423263
-8529701734344135007
2223879764218933235
-2733801011009000466
-676854462550818654
5340191166698365380
-3970074461344725413
-9033332186147333102
-4027833217482548811
6582989237272866922
-942262146763811335
3819707050397877658
-961217365641028343
-4966795814759263979
2548655532614313093
-7958354554669216125
-1445462506333386926
-4537706851089242160
5979069918348538044
3977702102938230607
1487572666378649015
-4760915604385658537
-4235977499939974715
8568214240469370081
-6375264093974888715
-8588181101273585457
4867159057538881036
-4982308810680599111
-3220883233811091541
-4294295493371375662
-6898232383676302400
2454153484553870223
117473181242924183
8447383212469345108
-840429027293305701
-2953025300882714975
442139921230702365
-3711014563881942282
9048040414186741406
3023689589732552783
-5787981677149793133
4679413587310437143
9050568304138530261
-3292743885749078420
-4736359067438744763
5948963163201408853
-1512459548562517025
7365051187967519791
2529249454026895594
7803397301318668299
6457841369799733588
-6744226320710197775
5088033110472280128
-8452795306378574690
8302506480467712744
-2020971923128122024
-4705934870926669184
2771539221208714180
1543563922047904954
4280292419642240799
1848851324702710007
5251481237814562677
8518188482980764566
6322820491709683802
1855375621485708999
5143495018922899005
3367688834814458946
-7048837125542472683
1201664227616156094
553666961675820680
7254637951121010978
2050467987431125170
3638738609700932284
-9043236530298626462
5769653151949091300
-3034429698467492527
-2261191459185090100
-7058865946007759886
6902588936871251779
7339572307641568039
1742791187956311482
2096938662804103778
-1896712999902427033
6846267724239473316
1089310089431153328
6333871855787407977
-7871315661367363864
-7917677973666908087
4214591624534941434
3674299611809301097
-5152727701444170152
-6974200352451418442
2468146268591505259
7803458046612949828
-1092536962434584838
1399792003213995425
5511108770742673811
-3601792626499372959
-4667115358601886404
-4812946398490981730
124448768950931960
-8453990038672936070
-2020178333390057892
-1634160091460503626
-34457658914739927
7036554812477541875
4706757193263852626
1368356277130688099
-8289103500227939930
7493291808067676864
-8100101223894184262
1198490478233627437
4143909306899953925
-3728839674495409321
-8444241996560825102
-611135241681582862
-4018847137050244420
-3578007654004855113
6782513854505123144
3621380609735780172
-5259416614061128612
-6349224288597657724
590348355539750705
3061054940099810264
7771257497724476383
-3713191076657010838
8499462206093776048
-4417790822326281425
4909893025982550045
-687069172183671302
119869470958608383
61646931379020464
-7038743658153328819
-8015916770718792652
-7459005957292569519
4483815854507078346
-8544038043389920733
2848397316100532882
-6113779788873763225
5337406745963961109
8671800647097407732
-3743738891916675224
1785738960266010010
1959574460088944030
-5807400634135560681
2907857041843288437
-3666175656629784183
8987352148490533239
2593978629220986870
-2354216606977627559
6288472700765581806
-6763708965795129335
-5509556502512303008
-3171539931719022264
-2258195924131872741
1658529935556063260
-9053287386916608846
5571444282220113885
-6332178617636530947
838062324958806199
4492331395258188239
3864468147336542058
439972796831752476
3739670821624117232
-4911627041882908863
-955825373688047346
-693466575399624730
1627415161047592389
4896380732663665678
-2815310783892060942
-8467959029888808550
-485157614701377543
-3773328932927667828
1955167175392126333
3269800738047548249
7082377042857481033
4358383710296830527
-2182239323106824893
1264659809295073222
-7857895157131378184
1033997741790753205
-879581783613685245
8294376076412646687
-8679933770098369151
-1120211290697309601
-1666989750064703732
4132985756654640121
-5818365752529745417
7175448121165730864
2647420213902077990
1942515289352062673
5358562986259973493
-4208313480277452626
-8815754355947854566
1325863471001030714
-5501982416424284285
-228901967775358003
1541649921173195622
5373202662129776229
-3979195718377444756
8434422174409058254
-2375090434333982532
-2945154961987701506
67927612052052712
938957750936631047
7393361113872688303
276351217381772115
5872222477014425691
9205620020107353922
-2872410035221067230
1163311333678481453
8537641931388560725
92245177760475860
-150698752587071451
-1993185610016088393
1986246188143323385
-4067442272860279255
-1306123391659210698
-6247662180438229065
-6089408733650834487
5276301757047599635
-8205968466245516292
190731485203793457
1671589869819138196
3509652928279996191
2892769121899907976
5962053071728109878
3057526998272622064
3771136901478256146
477474749557378385
-4412128755373008395
5700918326210250356
-5576802164512535369
2293988654728641324
2781494594829306099
1696213792901292441
7517228200990737452
4477114345946809228
8909647695720884508
-8495951917010276797
7692725994425102831
-8564687352714012181
2807008628922572008
-386671290717952173
-6021895210919025299
1032490768821634283
6480363356068080648
1593621665777011992
8117655550069842691
5939362881255051585
-7477565561265152320
-3655395042050928866
-6754454691705627110
-8777210986305960579
4966350996203336911
8139973193862027174
9155998583161622668
-6542247693883417828
-2609767909497430720
3483279350267640965
5921614672561449271
4192374593801191845
-420563308663194753
-2268929571354114884
-3196137023188562372
2527638474429100551
1844018282300062291
1076990545408123575
-8350984490767745635
3248930374063277955
6313109296689300355
8782931001975866080
2903520216645857113
-7697798632135737845
-1740841110053520353
7060212937939121900
2791406798885968464
4165264909971205029
-940412062487054045
-4723789756062138610
-2962465949945096946
8834481413358506398
-4701211379083910487
-7876245028579223979
-8914232474603597225
-9105349883453562655
-6902613970850258886
-7470033825382559412
6797914098345326683
-3696823823872924928
7221031025068105090
-7607685718565893506
9035181278463110877
-751619393889480150
-6419540951805305958
6129631660654128989
1443068722995008339
-2733207936027212185
-2234540136487364663
-4669372224244061151
9099262820249352103
-8204394406769081090
5158668061708172660
8212341151897333919
-8723813601919084757
-8044283699993880168
5772323839463537722
-778869391022950559
120506455042769665
2275094980348346638
-7632532696282649966
6459988251000846304
2221872824246231782
-3297462290316946008
-4793913178909483861
-6061345898720170120
-8643358099595632930
6747743323303015805
-1679075756364433727
-79725884145102526
2852581918398633780
4136968057532958751
6793023647672099915
9083878523102883210
8972972498326010164
3031009086903502515
-5528592707107281646
2817485169566329149
-8262140920034557602
7888916305012731943
-1441706972099151027
4311822776804964257
-8131022542119915969
867395606487421601
6681233169535664759
-3259035741035196827
-5607383364015703128
5578177323072457686
6589916401098961227
-4750355494618781720
-8296562808761989703
-7322792947692932166
-5945919300645711214
-300755259685823827
-922186743459245776
1164581890617864695
5696009860139960318
3097559005255179309
4864425218814815049
-6172199088555119754
-2294240627952737336
-7044676459423615983
7762643605975575279
8332309617819660717
2019966855179972892
7867321767109452093
5752006761970316407
3316124591944782843
-9138494900691378550
-966058686385047145
942189880275598080
-6819867585152909290
3694854149899031619
5625398406428700089
3524019279509571490
-4675500673167311553
200961601825896542
-6589715580545761949
-4934796407761669012
-3670720113296702223
-7141181881795829482
-3404140820970186292
7844567299296857741
1323806866294460779
8915954940594054319
1373150932485871374
-1451851160856699474
-3667355355163807384
-7366328161502010054
-7064962395395852068
-6097880298939510185
3686463726272777056
1457986808366338356
-7899260637451409879
2570050269653140026
-3624837733172289292
-6516126380167597477
-228598438130803014
-7354487506380263570
-7087461733686271742
-1098428609692600388
-7611628114848426319
2350620735248593572
3737684188399995090
-7582559597929434780
1672693945584365653
8058146260318877673
2586051703073177054
8109844694629036030
-1973486986795582963
6206238796500924732
5343825966935429437
4084702285842888986
-8368284999830601724
-6464016154022566782
4992425336695724592
-5616487457157704505
-8195318130210722423
4924849573358847767
-2994246934597458525
8559241727886893726
-7794073700661418008
377415129481420598
3968949468483586813
1346675259545140595
-5272653249942836992
1258280519427848499
-2051323507146557656
6268914891134092320
-4643346179177542778
8592103123809854386
5170426235469758428
-6274824724559035130
6956757652207248168
-2592285776727204534
4646835203752170982
-552983558956645746
-8287904366314774055
-1807699184207758757
-3519636640932850870
5642323711005303299
-3720264193470593106
-4451890111195646988
-3889398752960303382
2873640628377532883
-379731442419509814
345237816513591452
7160623592821084320
-4441555138782786456
-5404913556031892559
3726997641723926498
-260161298490675870
-3527619530052826347
7525249612739974762
-982482235682830775
2070882942069839595
4170490627084689365
-4668218954255374733
4872304933006126251
-792183609032896657
6212510575044726093
8881472845023380281
-6785627682481551657
-5743038853280680620
-3890782070069145101
709550484397465254
-1863926940404211435
8612034891575611793
5657471051741275694
8836253815526751128
7106095389058958526
-8970430135452897040
-9053184454045720288
8554496243282597673
7995349434404492189
2732482393309269938
-8571491032729365747
-2972082026817321398
1779374939996647600
-8871735125539899843
994715739203400716
-3535569362630047005
-2838967843172431707
3579755656134986941
7400709626653684754
-9105528611442965839
5711194818937189058
-4413577529674580064
7315156223601977695
8725463109721730227
9080802576828668798
6656491675218268526
-4101764904538515179
2095321064420564178
-6348606713484642694
6609425090421925661
1327226999118199792
-8954566219330905684
7346546081247675225
-7120454439431465827
5000149048784087186
-9071825988847024898
7515603233921918627
-2265544876358250771
237018466702424640
4059968865343582230
1274661760786680032
6549559891827713211
-2737068414224931594
-6714408927149895643
-219241727501896284
4565642605779294768
3914165120622313553
-7594263130314287319
3204630319097224694
-5962599528859148887
-612456316459472805
951905905220327378
-5284888088778431927
7590473563345592538
-3665184404400250734
-576351277563790941
-1191260176227123228
-8192108825733368588
3601703939223827278
542463270722833462
8529212058069303850
8057045229797925657
6927635530170290578
-4107829496295495819
1648759945106595917
5692869669564282361
1043537261183351269
-6166218539852728015
4901015236629822883
7651213909834768549
4697209863567058080
4361580026732666394
-6706324053369880512
-393424574481030413
4430242911278280216
-7928364684165760589
2239795858266441477
890453969545446127
-7170416730888221444
78273322136055051
5334806012758556769
-640459777636879379
987822685630626156
499970998627596101
8015131502497763428
2062626020355563782
162066862956618706
1144992919828642061
-5095499802312507405
1141020155542515581
-707555872546496665
3635587433925771226
8537992906626681215
616717223816692304
2588331051741021315
7476305363366962653
5914680577530257572
-3804553990694397301
-1675164274832188259
4954157467482669778
1802363786651673986
-762593705553647112
-5053569227708031560
-3475175901126708774
1540770105681248813
3374786504025110904
4341544263556883802
2690197683469408893
-2070203272185049068
-1362348564122055745
-7706079214296759469
1111799131185389599
-4102795469881641137
4181863092114862225
1594492180406992500
1807702583140441566
-6437900419568745302
5974922235952629702
2907490352435160645
183429500669792682
-2804039241159279504
8639558036282204899
712079532632287265
4259751473255208664
-4844978882533076091
-27255709444191505
-4242355484645200023
3186126877901682240
-2050857090654211211
-2018897894578796064
4581074515949458107
-205872446149788020
6902688036070891211
7502338526318826848
892242376639692017
-1141078802648924
5985964563679426518
4394698561116062276
9163293943717365023
-5067660363275823325
-4645584212118073106
-766022710864623543
-4313220398037177015
5552396248626616209
-4789321704980886869
-595517192651611647
6977135236779321512
1662237997537739571
1718216819497296052
1876264243585082391
8095891384602410959
-5339547990921918840
8312854955451026435
5579176299779579559
-5545889358116549443
-6305617356467364138
-6743773092541374737
419099067255233535
-3121611476289464781
8799524934626475912
8977806144453736630
7959289359815782674
-1516716814308939437
3205889973444151183
8043181024296803555
-5674911204489332752
5133919278908703884
-1767153650875949066
-3791479625251391848
-7407268234954525230
513696471394973809
4212233653326075641
-57184978127906234
1855528585541512228
3163777478339539814
-1838944880132309769
1417137278000446358
4431708698180042493
3264750782981282643
8152257633110254596
-8383533174557868339
8786063857207345881
-8361415466316947907
-188067069725649939
8669933768028916523
-2121517815237639361
-8890893248064730393
-7989655647803824330
7081735761378253315
-3448242227907954870
-9199233521756489841
1012108563442361523
4774921050559561159
-2951902213690593373
1949432384396619138
-166637096125053025
1667908873501073711
-5699251831099462521
-1341088824783218133
-7850850845546648577
-4026577726168107784
-8926431589734473419
7272683780292765900
6019653774024522125
-9154029023206040088
-2318155745583257559
-4308249781106142215
4172828754517638430
-4507866897430127772
-2697873460938253261
-101290196185146158
-8104736199368062800
2836119299579007412
-6533785003226079266
-5943574498745817087
-5758293397998592967
4762934138689254662
2164797802231921605
6099952565841933
-5545022857113564651
-8727473915620767986
7268350822923701834
-1751521602365669613
-5418176641429022654
159425773942551624
968151020966965503
3494221231584640296
-7021187432555396506
-7629985628236802111
1040697589867573382
3617831255822532301
2927986121828143085
4540686060452318636
-2686534825892965611
-2447419020187479077
-5461822096303336223
-5215535407149277063
7603921145385709372
7637093895593961257
5774418134169180952
-5365994633661381011
-8762977740394231943
-3330028234137878795
-7164476280509593300
-8470245136558983199
-1398827806546685153
-1943294073642746532
1128323499664416996
886075697616705078
3070619679981024241
-6550902672706701842
6713101356064561739
8933964663304863975
8589493643428083453
6629739921756700479
-4183253114738160479
6327210208280362355
-1109359056696225759
9062030465281821205
-7805421440219924857
-62142244096008519
-3129503274902948398
7430552724473459636
2703181754161171511
1315754745606388715
5663590832871734278
981244386234723507
-2891066584415247962
763259145766626058
9046694681265007400
764528668530345932
5257252082630090471
-8615386650368502561
-4482018180847573433
7250361927834315184
3353005998737586777
-7565216817948308735
8946277186664816446
-6159769134798693811
4647740861693749525
-5218746923333628362
-9192165759718880400
-1670768177195724405
4515433978102693337
4793284928545362876
-5675534442298689877
6700367712364262633
6986800638631205714
-2948199750306467258
-2995295410163252263
4248451308829161576
-4231668485546079091
4034378680210364842
3761667176077143159
-2014069304170048020
-6228000283195286865
455740385124017717
-6780703193365456299
7728522704300360517
7118868801214391591
-1138475722891516570
-7342304173320802318
-4214965561246148491
7502722319210003357
7754532958106308431
532707229550978687
-5937403924337017461
5131341547073123267
-6513347909101774647
8572115628083493930
1730659335655376179
-2940513699552176179
6265622028234367534
836265047784376640
-9066508270139799577
2577330468211969527
-7016060839800340630
4282225118798728987
-7109784549406106485
-2689910063846743415
-8915623767227079203
4105377318050358197
9074439797619408828
2777146052068702645
5388443272178283207
6051741304061128378
-1677678082339194276
1652144762175285064
5715258650022864505
-4032459638270762953
-3596915451381772723
4624413054378557173
-9196510590072299311
4131966944248828671
-1991434509696877951
2609277922288652736
-8073026106256544502
-7804570643533722099
787774689596125405
-2004592262877213760
-2902084047999681075
-8341298371701963941
-7268366553480298107
86204085696901563
-1370471828830856266
-8150792230119551507
9135910343686253193
5779770278583303336
-2787185396917159815
-3194875007959742123
-2703607850168636948
-5589156202642419679
7938792207775244444
-1587011063034622240
7011892634357581483
-240131864250829334
-6415230170715394719
8932158468146948549
-3354102010533443135
-3424056622867476597
-3613203088832248579
-4026460071489158414
-8922363239923283186
-7456603014668742253
2063277649487886984
8168327938862965000
-5351297019997524619
3836918555997258430
8952424075490930852
-2573378233505443093
7033856010271757424
4887163641295630227
-6860703699283022648
-2010590112734588008
4008038735197356053
4623229657476090237
-3620701203278371599
-7169859287858896948
-2658489306974291120
1381398599819313925
9079368039921812598
-72740998751009347
6255900269367624169
199458381884317571
-5679994185066364872
2441694321995990788
-5313323851046560047
-6681121336186437783
2667086868160400282
4617890521510554415
3055906775138555575
5942346320370198583
6367223681057323241
1501015024545818694
4468755251148777700
8041189782507699629
5784100685482841095
-3454102180169406870
-281616481729352518
-8503674680911908634
8922037673653841754
6812998053893320544
8616560018556715368
275482097244879617
-4561498501066758917
2294326809941260624
-1532861252121803902
-6503220551105725035
3844464860387614142
-8989145064685938625
4868170649793532538
7719152366492793927
1072268950912982215
-4709042975486513919
6923155375193916349
8301842777958264262
3636751732504602557
9205700774619724771
-5660244696939151571
-3691451072141782987
-4744107549300608528
5286311992053104082
4896815589274946834
-8670566309643345407
-3957482518446854132
-6143676492096076753
-9034413182933205064
3540574986268773052
-8623529163687650975
-6078150357413074714
-8233284036646700710
-4463202149185365810
8982618083201874229
7434736216635658122
-190749106462999658
-3722849935601308537
-8096903621126309918
2071192180403967105
1491598008704608013
-8422383429609964190
6274914904874710767
-1811775615132570797
-3616094601959892275
480914994558579768
-5291177324180918290
8285668027064374841
4825365670541014021
-9219970176315153368
-8619592133553086205
6940764640369767804
1163740872155190702
6994748686357641270
4261876991784996444
-3519727134807876245
-3488638978607268032
-2931576380472080981
-6888569584554782372
-4199358713946310294
1285389064016638480
8933203297306458906
5017037645148166871
2034116981270554568
7372764179753591918
-945131610865541985
-1675474364326142721
-4907431445563197349
8040531099455595207
6212089187133929722
-5477175043632294323
-2296161188546937010
-1682090052721824762
6670931430014642291
-1625507071424501946
-6895647529511436947
-5812104726120783572
1617788477082149789
6077466823650090491
2728026911800276048
2146245390847414302
2602294833327407363
-1809662097786942206
4305179686991858044
-542861576837417555
4915495089615241610
6637228714027475145
-2211906723289534593
7882472292051962248
1589529275410223183
-3561815026800690102
-3223795541488945746
-6248611501070561413
1971816879215364616
-3213482398677414862
-1532282245446526136
5528271037548067293
-2231153785637056113
-8129148346581268329
7519582064279102139
2641175654117283505
-6183239099749912461
-7487793708684343124
-3935552043479860391
3837086068857406796
-1381883843531305103
-3165877747939022182
8962055418067531373
-6112867785015992946
-6458106984325359589
4253859931647309536
-8131752995140308532
2769873203263105348
3633411777888205237
-8899985433074930685
-6490318475817775949
-3500847733232249590
-8801960488307216734
-1567850301107805838
7851641152598872973
-5275669926919199624
170654646264492900
-4478528147572113999
-886583698087418707
837469908348813433
4010871945342408895
-4440235708490819915
-2346721771781331052
-5748741813784748351
-6933040479783757430
-6071473666875003218
-6043365923381301728
-1223762045037731175
-6494203691118571098
-6781321352811025446
880916088852104780
-4198114445510266084
8836484210472794382
7159614502841293073
-7547060023682201011
-6300036113419593266
-2082839705630299275
1925712678379449657
4328114679522865222
-1752302677589061181
-4219163756376816186
-8172401216973910355
-5439965105389550135
8752631853802287319
-3667961762221553646
7605597534410004510
3673005765559027023
-1435865114833461210
8309168487959097922
-4192128202997963260
-2212458084663671776
-2339564142940658030
-3060426319027440164
9075529644151802221
-8258220482486408228
9142968417561049638
-1216841891487503086
-535518408591424072
-4242635297496673987
-5979169178704742824
8973195017288016347
-7715695498747575860
-19091310351336397
-2962910559553446286
-373270574679799201
-705079169003328979
-4990371965913678966
2800101346173673097
-3834645805562077036
-4151639716700510580
-161896032898145923
-5184329258899735815
-8248016616721315477
7668466074194985121
-7258502248713024423
-1545005276768476652
-5499324011065004362
8954135598486020596
-6623170378212490911
-6144194099576157513
4977711115863119024
3823028792280328768
-5383153983888554484
9023653115315779982
-5726458189837639944
3671851609875010335
-338608803602509529
-6565069911166951167
-6713559124370341357
2732776441699370871
-4102414274242079611
2803858177198090624
4327598127339365512
-1590515362972454800
-5673776715821616464
-4929795904853670761
-1150191403382942531
-2627139645943292989
6158346433395832020
-3313410630148116303
1912127185850148044
-2851634886619140172
7062218624357020558
-3210122362011192202
-3302423541044638445
1499653377855151613
-7789513731692237509
-5829614083432315513
4400817398641390147
5304849092660520886
5652333910608282549
2381164177509332849
5611027037124568117
-2514183159994736851
8166650706556818076
3633791695772312318
-5633155210138351254
2563184725532556674
-847662452449086617
-5707593528328421290
595739916597421197
5741496145713698742
-8530672789384840344
-4475333775929135124
7069964626435973532
938038415793217349
3330802168452487346
1853336712929895372
-7560648124866296242
-8540199013997084855
2453690199372091522
-152755307507485471
-5427058835569773650
3033040948622902482
2008189194260780029
-7695318528355807566
2829601444721228982
5867988310253124751
-6946502929834944179
-2340441385793135627
320241918029030682
-3108646208749874818
-1150323688157349267
-1439353724588481209
-8714745608363642499
7946083067517654149
-141863730548800177
-2076638916213000352
-1906080338399818687
-7190972065805033226
803173481931402619
-6221065003387856218
-5368556434680411474
4676729147185674813
-1041725518103812815
3254324079362739256
-7296733401611175873
-7104559801133209938
-2284055685083115264
5289480921802880234
-8207140727331581084
535953512008108869
6351216750900485265
8537619675740034342
-5811733088455255452
-1178175232143166788
3213245950554370918
-7139283905492852971
8937139126619447000
5580667021215640063
3423282995350143128
-610784312244141025
2743618657846780578
-5054865431392868379
8657320219965965530
-7174591994978066220
1381680765700400383
8399899697417459340
5680180774205561021
-5665563124234801809
-7577884682771717780
-1353030334920923331
-2812823711942749520
-2209318801797653411
860346787517644113
4878507523015945126
8756966889954852298
6384274252495539394
-1760847707371028892
9068255545157836123
206495404221535721
7108484886250534075
8871019865812519791
1997663421718699384
-6532326243157931411
-2880316759677178120
1313860961297681640
887999360416009132
-7170201028582627027
-5178473970364972100
1455706678859905414
-8834873411955590910
-2098229168691712707
-7128013342836166181
2106868096866916914
2714391707947571277
-3992964173721698764
175250266515656501
4981156265519135037
-5598162755199459632
-7758007253489032745
8179909951758357646
-7773669012710197026
720174994659478272
-2525206937824620746
-2808487173184993946
1206402128872513799
-4481963192685348961
-8347301218986243165
4448650303256835727
-2105741767873662085
-4101813860553140926
1797524953733404447
-2346242217033763299
-760995954116255
2444718936344799020
-3554979319561051032
-6856808237707526809
-1594628446350628262
6860675373162421590
-4817802732956179323
-8241284184151641788
-1591473676364714322
-882104404363617236
8015439248603289097
1207148805527573564
6665710712642236689
7301400340602953944
4935866763485233373
4362444118458186944
-1958592468550656821
-784268789106349674
-8142937202000796341
2012334930845794858
-5209822513528364997
-6286980688469000151
-5030856455562891058
-379625136823138972
243683260396309729
587709607533470949
-6508141300825472050
1919723060698933775
-7735617097399064562
-3914960610238580476
1790426906132408436
6460933668815753596
8377630356230408248
-8902338599552592676
-7902366615633565821
-8291663912736213611
-7524447733899742969
8580760230471623753
-2617526237233432278
533101819174966076
2777457264994671057
5845886495806056911
1181929658633638829
5970633042370670670
4483607497040056891
3035434073319775637
5365281980872047920
-5189988332372714523
452751966926900943
-6572927471852275473
-3379176899753299092
4419265389744356108
3534616107056663116
-3375750502807764512
-4725879468779075141
-9022954994216215188
-4316585911188507582
-4979906761142765457
7974370106888900605
-1959321505400480754
-182466499269297950
5378690359766934989
-893167238429153475
4455251986970579785
-5312048893217026858
8548889142830083440
-612379272464370094
-4290176517826549914
-8185775784417736350
-5371438972900009577
-647476314970332520
4207728607323647849
-3684684671128227662
-4377875731285011027
-5693338153284021794
7837561241632598516
5068888259649067237
3166584114474052957
4443606197270737099
-2575609463637242182
-167992720819805637
8782893833780767477
5276136371384603351
-306922574505406296
-7869167221973831535
5308838654480763192
-1175038868075112125
8471864928058006854
-4791934470315073457
-4505356421523894193
-7768567474992830139
-8955683681132335172
-4522347886198209579
5646806374406557132
7985441598709979603
-5726816220209943888
7988193334339129653
3182255603750745171
-849363829977196055
-1401759932573149224
371633942775945271
9160771183180876011
-137020553066416262
-8588706285752661922
5296557799359427386
373829982660430055
-5612368947731595160
-1443400264598947036
3383502259218622346
6218140333178767640
4317066006382382535
6196809888858803805
-781796978687718345
-3773937283755855466
-9045165880015434970
2978342512165424551
-5064269851818864628
2286970716531041792
8736036495490560952
-3825348509334323757
5371939754771000351
1273661173845594815
-6021940877191516455
-5874729891803426866
411578340060600532
7640060673731002292
8266351124926135241
-3031648222528015462
-6500426476925089976
-3049070127753863417
-4481748899107140635
802968501953109611
4684146333299096693
8830073623092978587
-4442983412126088909
5994170617455160662
-1967307992579730835
-1314219198068297115
1968870199829814231
-3177818623610239332
-6239568804303492797
951063600939832234
-2580301863524985094
346769224403939265
6033689721574905539
269422776767190603
-8244627715874733270
7813901002968503125
-1201183781894565121
4080666555627746992
3931977290360373023
-1746998755359994869
-459711134824811040
1822014974777771453
-5588361939387871744
-6445887699972543231
1898302242954567290
1444242723546227739
7666770341409705295
-2263106772056049110
-4224118392216401649
-4322306635388227078
-2217821610766830686
-3364728951730241344
2652099253999466628
-5023686818981114439
-2545367048448102899
-2483970661925556942
-4859600669629950824
6012410610168114851
-349023105685361053
6080764861835971686
-325894392248486957
8049840293144687546
-872885870847250841
-10361620082394436
6014787226191087376
-9019109387007236816
-7098003025884536394
-7941485294285315967
6189043556826320112
-9028908484788769245
2858696224173379775
-1421141915723114815
-3390193681785447687
-3394011552334921164
-7312370332472185809
-1807445166042367991
4365171905130989513
2131749771664039010
5861333593369481518
-7539648914201508291
7756645638724614220
4620663275627474471
-2844899004391074511
3650821873733756723
-6941878402614024104
-2980344406373299747
-2151012733572657099
-2501337466731221777
-5129379146844118106
-2269202235838697825
-1126653244221434495
-6884472335754329109
-3460855248198233149
6743182240265646326
-7802255221135914694
-8605023372710622738
1779753027076909158
-5087108695842343347
-5965861626009712819
-6190157414867877853
-4745376973856733612
9067296701696312978
-3328243330697329488
7078675700799200144
3938775187238590345
-4655383907532976313
-2071321192507758944
5026686006776867484
-1203061290559389253
-392364308244652368
-6868910837934281616
2842910978870471804
8683904799598557742
-4647002310395407787
2281786550165475776
-7015564775867239993
-8914993311888701406
-7502614684223033924
2147254473715222553
-6151309141322698039
1832768367607579869
-4579721428032578786
-8592164604960691758
-6931938762008839129
4667671796139022601
-5758461025234719337
5754176264790758331
3796603661382030258
-4784078566649570390
-7060228307984014663
1918036006511943408
-206707416827147959
874794955383098647
830695430106178756
-6414700324197298833
7035276052076121702
-5240516900993355011
-5256629103579300866
849591661842961152
-6820351000117338620
-1354793049903348490
-1473362728142731592
3765973794109953606
-5980098601743446358
-7647725820916721956
7826172482005968936
3690366274776834490
-3967277541989685693
5390030918792253776
5652701783478557902
7109281636454475894
2666058605099232303
6242016602421937024
-2618424138672582012
-4311061597772812069
-2557418792220254270
-9064071858168872246
-23210695342967561
-5147518581129006558
-5401366103676054147
245684837103196164
-3233844562179219488
-5503477032186814821
4636605525930012019
-2055377157258913250
-4006447234866624368
-2518033184026566913
-3205269089798589039
-169239708194162723
-6277366764481164182
-4847958399975143067
5490947124301698326
6608183291786694129
-9120977411427163731
-1043378880726263982
1686059683743894651
8809400884152239519
-2641890074519148590
817222536028175637
-283053877387577684
4798562668828591647
-2730894015352428663
-1832092386275061437
-223621718223651192
5221809839647196788
-1341138090247877211
-2597154385339785413
8126349849920413854
-7807205291541943466
610690482686132941
8211479166410619348
-4118506129372175137
7430003710327661361
8599754192685081718
4466431407988418949
-7791610184898068843
4720473825199879482
-3401037590881588010
2014943592937769587
5663599833758116411
-5975559229477562931
-4565082447557976281
7498697073746155525
6731042127548584244
7680559493267243538
3204144755891147994
5090379011692065363
-4273888634084077373
7996231935619769148
-790005460210595247
5588200497210282106
-8402250328342182386
8792860888421093838
-9053382940313807634
604609495609319773
9146584325906983025
5257612436595737408
-6243387234871738000
3104834439113603686
7738956383818646614
555446428447181662
7857591437092852842
-6660486505099135080
-7844017288774992019
-6365390612528446021
-4943156256455667184
-5432437805751679944
-6586400737207773712
7885834179685959639
5537925395731914829
8334136424482880505
-3908030999934342295
4280824645975885657
7086009316816281542
-6432135434561250856
-7073710053387422764
7035151515184442413
-5212132437672780151
9186313295299630759
3581194883890075945
-4087072705293951046
-1802047349119971736
-4323554333239100287
-3796936679061959886
-897307851608445828
7262327076957774484
-8893564987626136608
-1760479534347077511
-5391553080323063315
8385075732417564688
3466401088737324714
-9017725200880772319
2491039545257897854
-941949688225405262
8367860730423443100
7001162411093306095
2888880360089950860
3154438783129122894
5634365822641636272
833716073425926906
-6838702466267428241
-4698485333455784405
-503972995839756026
-3488809588447188588
-8894390684783203368
-6088656301918489592
-8933560192916447309
-5823890295573509149
4107630625268024627
-3268685559217623931
-2648279154133623258
-3219486688567987081
-6478709789177243124
4383924737473348393
1025172111101537104
8313887816288287380
1239903302040707030
-4918412834138086912
7328596057975670690
7471926382747383936
269206203007685686
7037049644915080821
3437578278780202999
-207465338953468488
2055455912667557750
61433261520071965
990375470268636759
-3886986521767827729
-9221225582208879959
2853412527615777020
-7580904544431162084
-6281177384936135916
8557804759679546257
-3180345262889760989
-3119433657848414026
-2065329187150546557
4135958935775199876
-1427369163019747363
2442374520472875221
-4386223226001133155
8308581098945681727
-4434311134186619714
8703727975584212588
4478959703873681060
7252565309505363988
8254040063715420404
-8617131106352649738
6106644705026429363
-6394129712034586239
-2035567538747845826
-4135587605744054665
8414869731451717423
8629851529878674956
-3443922748173879837
-2443871752956906293
4507777850427377303
-7403703048697308554
6503938133505044515
968755659513800802
8434057933773320875
7125061305840987999
-4438175309366104073
-3446618202228683775
-8208726122107549457
4411113894921706935
-6382213829459775253
3148524482176997545
8622527377127150914
1581171574902360003
7116345111873058505
2146789318187875669
3589869464099266861
-5558652759685419572
6673414402782922894
-6288638837256584798
6295790762949581892
7175845292413458137
-848386238668085742
7679130622155981026
6830385832610665873
-5224718939504885555
3935597318072273506
-3825298656327462191
2470180652379259745
-8012482863127604973
-7156317488087050930
-8446566104051394445
-6403909558870144319
-2152236688917275270
-3745247495701356453
-9138131695180300927
-1543914034461180270
3230687781659006584
-3875450401947593649
-6598162720131958109
-7455659317198528169
-4648886283813011025
-1789815507423862964
5890326160748475565
-7447667476294513309
-7981994537744385043
7809890217452774777
1261684239340678371
3691048146607517052
2120057221171543278
352468526384944672
359569320227499327
4951523889724759475
-4043197511835256088
-2559224659664592012
-2996864148457609621
-5146323385088206503
8000062986538532733
-2987497406031618976
-8738890484309390141
-4485221157803545859
6063041123140215500
2479744090115586403
6360584151930752110
-6759552544730086837
7362316891021427339
7394838701248269163
2387489027079103376
-462633509009255560
-6764922378923979994
-6239587737626251284
-5121755690980433400
-898137810699108141
-652407926694892258
1139361119632404655
4627845005350144172
2493451336189546250
-3368791340518812738
5476774791932339294
2016173111278459123
-5430231872068885281
1467225785600340097
8898030260511630231
1026508216873117150
-3662385427075204798
6478004315434451819
3026328927966361384
-3456638240067425555
-1253844276808469284
-7603224324953018706
5253377033368938745
-4563115254866992764
47821143928541112
5491851715043552692
-2046270842293528320
8178916377878419242
-1678330624571055546
-5320835009211017632
-3476707262233579302
601482305700531268
357792653603771983
-7031733665954586944
-2722574543652621142
-1756681390404837948
3033919664508752784
3927558141523060143
-2273473077490407544
5652105233121992089
8521267918229423033
5735154475725812136
-4118536410123790926
1069257467069147922
3705444639589734772
4599468828890976326
1219911962288823148
2255934255035174888
-196378691331538439
-2540751142254605399
-3276988923125326759
738340832862452988
1433514501889432474
-2294663631221154606
-7814378498082104184
-7282969298715848509
8637869963638673756
3622841739868965035
-8468433763459406721
2686637040574953112
-9128110964387854131
201531809350657791
-8282398376414687397
-8329632460121413567
-6436671620264509331
-1889607233041044732
5081625873417546615
-7031801453943206975
5744778053239258460
3172551111657538341
7317078156424522907
7122049283016818813
1847932186768712117
2555203340430734285
426354028815122809
5352923678243855097
4080868410510908438
9049204371706743775
-5102189512175858059
715797214042872778
-6861860039950252023
1875924398834266384
-2590076940625932472
5057336037371864468
6596165572297143799
-1284420475337065467
6913404350810498151
-3196087149234139458
-9073166179040024367
-5303713817166422775
6869207633026397700
1461509127646699542
6070414920159999833
-8829741495689224777
5341714699699767947
7617552331680816130
-239938760631453829
-1268611695133662991
7669331547646330888
-5823847498816891948
-939809804869029705
-7801634415870962011
4067409815053841075
5292768650579567801
-8997812937950407474
-628184682861234621
3192423064049698098
-6274955583854095641
1056752976669273696
-5596600577262074275
663764771474044077
5532106095731199879
-8455561868775392067
-1426151684459322000
-6559315453609600083
2601074861101774457
-2043907734660739525
5347479126589528686
818920465009345462
-4965657410547307355
-8881263847758022883
-6129100863559385024
6180038127529495547
2620283817256629437
7671540362800588830
5778962155113701993
2915045474799155308
6640787440874195423
4276011267292786921
177648527664938699
-4017612666593145241
-5373521488967443189
-2941374703634340647
8158879736414184817
-6622065214306138208
-4288910445499836257
-6271187548053938445
7429574724698936271
3271262503684120640
-7473916772370168768
6607152035414563900
-5255946900126458832
-6353252224164346690
-8835955649108662510
-3510699968659676260
5440162688198114090
-4165060851443229871
7985809555285033474
2709099525381762609
-5342298696966790286
2303127868183822275
8674343748345548697
3921379954972747809
9208453577374980474
1069868201828940695
-1950633074122105583
4433619453636541033
3306832671003979454
7863066953408246813
-2057456213881811793
-2687170616168620280
589211210229288905
5475185351450501358
1791626907528382719
8282114636790080983
-5467891815352972182
5213096376103379877
-1581746858886663933
5536207014943102953
-5895647281461045327
-5006117060667978344
567315163757575957
2068441467715900225
2826025310278706454
4235603702575889338
-6316145238973932856
6565135750059082800
2735775081631619594
176021562947696963
-5329622211587724093
6458080610817444963
4338050149255726585
-918731814371950440
1657824534209804350
-1613078124336531151
7880313226443406943
4140972845656049533
-4620508452104083244
-2706078486423896395
-3158226172882774113
3876899986076695449
-6614435374783767922
1526063099137083991
3936695566747401935
-6536309919267292714
-1505644132101186963
211875690039352962
-5317195310032552629
2385261698731098756
-5653212538223885717
9096680077885912442
3930736290828637538
-4904120509670922486
5976003426632471263
-5964718290925291623
-8607147657670756495
8420119614607817280
-4314525049382095038
-3657334644698169185
-7909529306734443821
-6167535527752679529
-4138733177173032105
-350509856239627520
-8712105085087581184
7651871521345086743
-4466792779613451995
-7175958657797842281
-1582169887350866678
-4880393704976854915
-8474280296652514773
-8326939364607589661
4956771985621936131
-651175797327232238
647944096742802627
-7641063745341991071
-1684599745677714894
-4988717776970140595
-4361862719397701893
8294027734313873338
642268443367129812
1668552639603793896
-3035480133788055208
-746056477627400424
1322053552194028486
8888119143124354281
7596516616531626583
-8011936431647427066
1352267800791598492
-8565040423595269976
-2814463997718927132
-611742962356896539
8119618104823694071
-7912309359442250156
-5124327806023936880
2105661173564853360
8040810930738893032
-2089659685995625034
8658645043852357907
4146868205085704108
-7071656654118812643
3363969305476200510
8420148028724143892
-6392546127047874757
8571870663302195910
6754649821505556518
-1169593622192640311
-3656973125942700165
417285959610259117
-7600714100928582021
-7953470624849609711
2080240137239935925
-3273744479743295683
-3285727001020811714
-1084021514891089801
3324441376120682198
1679293134154558432
4698372335607316128
4575721327271973016
6566515643601208665
453355982026948063
-3833282126643443138
2424693408733206323
4286715116273115328
3789984737939528575
5509261012453867086
-6524653126123047117
4622882300274947337
8089804654058286024
-3448199362452611430
-2275228654793462337
-2596373984805181004
7427776487841601865
-5974622936992672403
1403144940595084633
-6398363839359721861
3586177031011356839
3164098993120563653
-2718641047243553208
-7962512761125482805
7023271600047293384
-7566946976182983576
-2020878978216610039
5993430973570380111
-3654396389514349215
-5607420276546828179
-7057445378990745054
-6169637798232820118
-7702346356392229357
-6908666407116572059
-3408039581298260208
3418249997595321821
-8938730143119083321
-8808635736265988212
-91155050010132456
-7694445489909925144
-7631491511330239959
-4128085047693128971
-4204953074900894685
8285684886995248485
8592876584423518270
2631077935262429207
5384512611748608710
-3971193299083775772
1788043064147230335
-1360829498978704776
4247894819422250713
-7587030754416218078
-8816564230946877901
8104998985514598673
6869814197380450921
-3853167146715882003
6221468836010216637
-4503738282764249221
-4898401711010850563
-8887938892595672309
6335914385869599674
-3654614562041021665
-6066492863097071331
-7405446596982764849
4624228411958606681
-2303130700737726844
651788383406226495
8899971697179170109
-4728947200772939898
8247366415458566570
4991801572341133264
-7282188191262790509
8977353990015453919
-2246596151309368417
5721753238655946939
-4279500894885678154
-3882555771084290680
-1584344741156344398
-2325735676255728805
3628531991715842298
3698917732046368095
-6832321948947042653
136344994517350121
-2214635208809509261
5672894820197025649
8318713354160512449
3541752269179591062
6366557045406977394
-3986551793288034396
-1231706911270607285
1169651955905729468
-1042198464659244759
1331255448766239766
2785055160889559825
-7362257671671733913
3468542987513505087
2891946277980354745
1511675880936526952
-8392867843570069936
1280895277813847248
6972480645819437824
6207735362601524059
5106920904058011199
7168131081363408917
-3798774929978075299
-3970935040204393766
6122431573145421250
-5393647349356896476
-535138786317154342
5214087729639539986
3838739915145287357
-7466507975891149831
-6521934545883285000
1442389014398295057
8840614630058570423
-8459869754153646842
-6029780681495624071
7897916704290049332
-6261340378171548296
-3495154333634275657
8613782054810384947
-7684043372518074752
4277164215456826877
8310250668675533512
7420174938973283019
-4620359243738734450
7800095952342715949
-744311456614347505
-390462240846617642
-690839567604470607
-4615573837242117956
-5606793613097008961
4571628181539713485
-5078261117414871381
-2507785137202829484
3051048900670193036
8548644476372471613
-5056622024553793996
4882352410499384581
-3206187797100459441
-2578605285389103000
-6119819108870432233
-8957602930753830532
-8127961753207167259
5995627656358899185
-945446157323821765
-863549150606247068
-5644139391937055551
3439486555845757102
-3980007793943335423
-6669272422226204913
-4018502756782085830
5368431601837188590
8377803865984519108
-2098674756477406943
6045749657999064824
-5854994329988962984
8229448081660661398
-4216904526245117281
-8796348992768892148
-2438018743604679169
-2985735673787080444
-827232402971549845
-5549257588108069217
-1843221452765812190
-8781867692994486888
-3347635807997137470
4733948865955839905
6174109833754250978
1114873237734781591
945445970939770907
-5436455071681992759
-6523779478021863229
-8482544064101786207
9157370691138361333
-4532158452546024591
-3276926418858530841
-6625652743383014337
3293649868700073428
2527785953794543970
7329352299775672084
6820185009538290122
5643812556385428810
4615617894551035963
-8874667594779988498
-8408697101658330707
8138228187997741315
6713844436397574963
-6918674433037711630
1485094976651113404
-1329837085022932436
5382207672420183427
585164987377047677
-8075494016308665863
3137591687439912949
-7411287617479649586
-7819394097808799511
-4672957877461222065
-6752423035797726003
-4802288852666683834
6462375973794818654
-7136113867886862718
8213608625134920083
8731049705234325386
-2157454855598531293
-2401138727953709510
2238547769579721830
8376940745267751220
-2231279261346825914
-5605062604602392244
-5356126719458135991
-6440739168377455244
8046151100542048246
-3346583163540869090
-4793185196168141727
7807622044890002716
-6861100269635371224
-5606149299594108233
-6447042003848585699
-7818576952333767152
1105736616922497985
5435795775561985487
-2900654586313368551
-3626921642923306984
-5803246217523148277
2603958414396597101
2152280445180409936
844409524025858199
4794542974753174042
6208339530072267829
-8199543501212947197
-2907811549943770466
5687833719934469286
4009209483020040410
4899960828704236919
-9006257158459060614
7036533875360628045
-2157787632758553128
1298927095590232149
107988238195113835
9214814282102832213
1801184640782853908
2769486989549696769
-7570353959557786680
6484012696503801750
-7906942348311265646
-3774720232590993734
6479020075767725125
-2078897997885069955
193545557722319009
-1621101197657727787
2965550570778190895
9762882725021029
2361456594158827712
5337599500088240919
-5456922041891478641
5225816563756861999
3469964306087072986
4736262782904416150
1710278798522026225
799189812957278355
8501131371500241662
845373526517553500
-1038385280197902749
2643556932523864394
7639309584243895941
9193836075177943429
-6564048682124737321
3459606854590483364
484259644316826771
-6306922227179446164
-9193692640761304592
7856895355033430903
7194956313772422824
-2931744089980886907
-4693027386607668291
7572713620319094699
-6718563388835745069
-8070083072610948841
-5810021646277711883
4780496759656575238
-117585471774905900
-8172754390856815979
4087944501598073236
-7171429240846349007
3153822517539170968
-4671851942948670839
8768733028398445336
6744793878803356277
3607533097608293838
4728968321139345013
-5444409981384515744
-1959142454126430220
1977353467492423381
7179759327841579650
-7160396330248379293
478272004338922724
2453787433939038498
-5201782501385537696
-6778190099999557324
123134173912660760
-6081942827445947730
7099439707635915224
-3270677945919803900
6287267766858666924
1227468554849102229
-3512225199419332357
2213801133024671847
-8592444459567726419
7557570435903796834
525165041340660177
4270592848097467527
-5504564637655219157
4966335492219331511
-3324203246344116495
-6720864372989802679
-6778890099778796953
6190568587144481679
-2882283118571229183
-6939611689834596692
4575540399524415693
-6072418782110998654
-6008492893953677256
8433618470394422844
-5797123033015484688
7879026253142287863
455113376986773362
5594559052160013699
-4128559770443627416
-4614066479985888530
5111862427329804714
-2997381872951091771
-9035432285268318617
2818196043210223475
1428126946153022321
-1857938405613608650
5720713790790082723
-745998654532639920
3333909839609347147
4205168255863440860
-5733651460711334370
1187498985486954218
407938052774540295
5161212054497949107
2142226607171011366
-8241027567963015408
-5351264166619830963
-3927805931263516691
-1100936314423721239
6870313403341109037
-7462781564624140365
-4425331460949677489
-8129266276873310440
2208028597247258489
290508472279831182
-5973130639250382070
-3241241203522321170
-6173717312075337460
-5383708652224316356
2752883772259397623
-4575368127029346883
4423106887766969316
-1645664395036208125
-8499954562639922887
4081401215593611331
-310095531804369796
-5856191162207147288
-1495987744724448403
3531098815429929201
5184900568053251898
2647105159655203211
504887781170039949
3700034113667546738
-7561889438589880475
6957078067919820248
-1087883163606644371
-7092070395108726988
-6512185978489386122
-4571177689737291174
-6593852057277631948
-1924713960349682363
3572876479567925318
-7454014878469043003
-4561289306384607844
4613922322220976442
7357356828736483003
-3064388990355356804
3089585339511400996
7082846284410360610
-9133370637857210927
-1969726099622155330
8405959211151333681
-372781229503370803
6659748518690114284
7905577651221415880
2700251844331810074
3446256535638171149
4335976945132457858
-7928729837016252296
-690558566933602539
-6049827805723679795
-1397405970510995220
6956405049209966398
2332885317674215547
-2039024441501872129
5572777414224292277
-1061765856596406586
-7672761659323529725
-889461296018620108
8936337141734421581
-5167446063350120355
-2497918703274687425
2990263548653542454
898571614234000470
3453806722098867783
-6433888500783952103
7286421293567604719
-6968048814048482002
-4912713676224188355
-8168554396558472774
8911075973070843510
-5828402373902903063
5594791077112713498
2624639450204677714
-3349592180917667738
2267961824973308965
-8882186603811542263
-5644990962504772221
8721351263852934927
3252866076916537334
-8451498677251799811
5684841461477791077
4238839675320450244
-4208014210408275464
4118096580440066963
6597114642788640302
-2822345179738220140
6374937880430702450
5385907560883432152
-5453950709417401081
-1741308612579032002
-5694221906240907760
-1314342156571315624
6097965052863940638
-2487784446612883672
7356559464642276899
7571813637015111773
-5839755354662442932
-4989474689526738150
-8114502083328987747
7460416149212414812
-4457162153423364333
-4396581936034617620
-2463117336675270209
2779904821991683656
-5398999870956480098
7430161766103448747
-6819072703207382748
4161885159227031346
6990746967530775646
-4058539020753881887
3999136829751944559
8567438972794653351
4399802328350107908
-4990906512314788957
3971600377359325415
-4816592352545296342
7898581623945712794
-7853995092138686341
4591982141205186135
998437409787624940
-1266764850646758859
6834223446656762146
4639784957629614796
-8434349283233941244
-1871273985177655627
-4654148460365602529
7132644320863523811
-2639743083722594595
8470315663661160838
4589626978223250083
2122696782373476173
2688674136012677837
-4476745151381946313
-3852402198765985250
3259114450143712491
-5258744802664997648
-1218255978191779869
-5099242287429869798
9220949248579378239
9217900017936520375
-3052693486835683133
-3838652707551071108
-2388142571495090151
5894301493979708736
2554140460538075951
627269089031026370
6781058009665940659
-1437850403511367148
-6094470149348895140
-2921302400032875286
-6969024662268155271
-9150458692870654965
5069036484202290922
4910572364846054998
-8572535879803367808
-7624318629657252576
7492193461279933363
-4160269285923046404
5327781721509195007
7317909639821468391
-8244035353360450259
-6221978462293030813
4825558168473389284
-3018638392623617932
4555540539128819461
3722006858639140350
-7382145198599867014
3847166552261554953
-6271000056954035079
-4047448172744284396
-35756526637820032
3797339972743001508
-7832867471853366055
-9056760207243220425
-7491578609600605439
-438181628916498080
1619923759495187715
6946375749084918018
6653184947892839616
-1463419707113160670
-6803546696848592767
-5583330799686960441
-1712570484194898841
-8069622461970721433
3562819186668676808
8659230742755531658
6542588875060303180
-317932705016176567
-2233762099799991929
-4855407039959707983
-6209288375962416982
8245636961448810280
4972803804271096526
3646835278433468031
-4275380859120493457
8029497202364615178
174622853057302601
-3347005860313243419
-7166982138884776359
5881084566523516773
-7521072758190308133
7684461464379252498
-6721210124494009884
-1359932590058442522
-4789600673102290565
-2623811115350160962
4415921309607399939
-8560531213562059331
8057773526833837760
-34185970241749332
2819330310850305977
8922805189464565589
-4828566123423945582
2782923159796447224
-8961575073329231214
-7502440114098483361
8676932793882928236
7413477021284348932
1663537815655837368
2531117100358314394
1262314266848746127
6467163337721080234
4179445656034559699
3459751361080173474
7470700614227043754
3366896136403779631
3554420609316399869
5139189512152364414
9200234541437525069
-4526563126162536531
-8609166213904341190
7118615787101255796
3601178911592435430
2932387717185559040
-3468350665459856714
154399542871034782
756155502578100016
5253601416546117479
-3296193976290632506
2619659415062399805
1515168502271752168
-2911676421060399734
-6452893785473580214
-732906308415659246
749337480815541393
5837845108449041339
-1586499831575541830
8494686491666729539
1719304592000149524
-2298945444317915380
8978020251749670244
8686452347038448332
-3786805617136261609
-8572753683965051831
-3314120877113330651
5423322859326438630
5895960408348528584
8870842506045551232
-3741801305619684187
4456000811046923551
8558864381394542037
-4118283934472201230
-5983787576021927081
-4470283963603717399
7887044120045269169
-2581468189629479272
-5023047452335882658
8626919942832341834
6239066972897046536
-6817002909837527773
-7742646684261860687
8964042045873534855
-1765792998830824951
7429890246160729561
576315819288882972
5003621475923476455
-8862572854804700967
-2644770509711482000
1319323178606709208
-1827096501012217558
6343246703685320766
8222346996172665693
97599908015723820
-5052367806852343235
9062106390534591525
9112491129296892177
-9004489551747690638
3347627675887802402
721645793438521512
6947472839315659044
2519012553632996334
7075163655000800325
973967149333436103
4350820785704045947
6946744806588152303
9174470639825493759
6435705093418894117
3160357727031683030
-3683539699462733444
1183686437810487418
-1878240815741812161
-5083261604622734169
-1497094696349953912
-6885641422257856346
5119929515448414182
-8373556395539087550
-1807235250159900197
-4653331563539138123
-5879875254233521888
6795367955779970017
-7991177239078503962
3078292356363616257
-7706171268948496064
6676621865436231612
-3953218582001776097
6857500867063798204
3750082859275542301
812858121177608757
69909533874022411
3462117548381952503
-591402135124395588
-8687895401657725764
-2985945812764319927
6573266345449221092
6257305839139115228
-7236800128364043689
-8023034025275647246
3306118429837408874
7350915460135019052
-6386606665604521182
-4600835144587526879
-2562131974372487394
5089395035457425580
-5606196618064541280
848169178106871165
-7615705163837183731
7724711160633860067
5645392690585035312
-5928454228962325319
2645236054440446214
7390343241221182412
-5368623659537848279
-5740604643715783298
-4761041619944215483
-9123416466499807295
-654193803644529470
2016409258279596917
1595929998613415866
-2809692327155965813
6551963246388439954
-8903213322700754437
-1891140900234084714
-6760920048889854330
-8249270560453226950
-8269381184908607880
-7905195567743160971
2383979984450487596
6126773587366905842
47824907551989752
7408942033411693940
-9150452834243235829
-7499549268233961780
-3558753626858906181
-1640365138280826924
6290501788449886599
1792636621758495102
6423579429777561936
6707840456152578214
-5851816615349768538
-6453438430110144589
8876615022742115545
Matrix_2 shares[1]:
-6916617036848832471
-4354281475071803086
-3459133407757288392
7707821274797695714
7608671682420053326
-2673853364477496182
5321747955426558394
-6489737463969516681
-7219565059597696817
-2160225198466669750
7652622871405117761
-2351154403539227794
-7815240564361336088
2382104349249409980
1610284000496342070
-3083716801321967838
-6004619398929287712
2228642274462351522
4304496709476914019
-3032349433052660285
2228469217801246920
-8528012299207046675
-1394876833187590823
6744369466379881825
2534121030359323934
2877691792889233718
9175389437086278089
-95195395182332998
5411751026376388934
8081850955598987301
502075979748510070
-8664245288336404997
9082834270182987473
8404783874899954663
-2147641449353961238
-6985144778201660733
6736802557133340822
-8099818666258942825
4394311616971275398
3496956490249512167
3976230768432789107
233378414683254453
1923230345473711138
-6082257506710383509
3893741593417117030
-3963222693609727696
4200977220868237954
4521172286258411362
-5583599755940330090
-8740740572375118101
1661077081221570597
2883697581138676243
-3262304809295827329
7334929385085636198
8108291206506186758
5285305902813343564
4121606258568413427
7292263199882456102
-4252758364156324636
6186252478743223105
4086564874949135531
761139814906892273
7289575582626166248
-2895129994383666113
3425382154061076627
-5064682291326514588
-1875970380028613202
-3168086670085488731
4480070039170400047
-4371541090696415671
4907901752662911559
-7575168405707850568
2254871107875513849
2468005734900210009
-4633819954285287514
-161622109084544636
-160607094353855344
6447323049548064831
-1633642107041320118
-8884586678079760750
-7947358769661328247
-5321455560541368674
-1353053937718330876
-8442430615229327359
5723643973925088497
3095946823533528740
4206308138577655387
6918296518309471966
-5323961514754450092
2086556869758647252
-5418793467622250765
4714695179179743463
7332445642646513646
-5244045502335501017
-6470205817433841728
3682979985811981205
8708220341199531451
6204086529864734941
-1092945503660727329
-2028241009074685606
7298589613391894803
-897617528874272658
4659228206206119210
-4099350781971614889
-6974264437982387831
-306620560515952982
-4132318570492093342
-7177550238830594495
1629417661333300934
-7486710527607038455
146667250988563863
3943013038194102843
-5286733575049134543
8424825134183162361
6138112862943345877
-471075249966847229
3418238109383425472
285780104028064795
-532670489685024626
-1960619095052602668
-6154680546758787351
8149111541085590584
-3035892417387917918
-3479792270804563291
6058806513952310379
-7621934827522464797
6536922900944207319
2901175798560296111
-1445330253027821019
-489859843694414456
4166122748083276363
-4886154446641658009
3043755693703596935
-8915827830032011900
227400128116696890
-6891280949897170575
7144593101148676704
4948297464773331854
-7710217976147222255
6009589902283432932
4970024420134214109
-8104880795156384674
6680664840312091220
5384646382501664034
1294889847418081026
-5498610374633661649
8102965223211930798
5566844524810681809
-2135173054187373455
-2304236902676923570
-6121098213834603453
-7078661669665528772
-2951913378776796896
-8005384977007891624
7382940671982586855
5163870229930227614
-7279046045847543849
868817406814707571
8133554114748178555
-7801055605155343503
-7535700874402865225
2942463979275784523
7397356496408375538
2242888414601597217
-8764680385181703394
5634634473149771196
-7641568849048481410
7621358284326195224
-7817299867742660068
9171183588743930522
6429686213925029025
9078170997078208645
5478254535151620101
4824307968592640399
-1663266840601492446
5655006216810671264
2093293245402917448
-3776150435777223474
-4888441396256532334
8226533582377069307
-4905798730615611446
7082897932754184379
3270586252120133284
-1766591099431410972
412910146447875873
-567735026439802910
1790110772532189315
3580273545277781088
4753943429218986915
6659706091631391557
-6136824788124071453
784723974547679278
-493289536187573632
5961846320716565541
-3604378757099711636
-1137475073516023332
-1652707699606311244
3753082798769404680
-6206228400386890857
-4504482768541641832
-4421367393217049853
-2507426467076060418
8230316730462039776
-4287025993121006423
-1611683618390612637
-4444303263938395286
-1382632810016725412
-5454975315958003276
9107045245100033693
-8701969114610168405
-5871907818156097024
-1795324050864960992
5636710084434610575
7140246255740912643
5525506647782273603
8233247498346937536
-6083214245013015960
-69100956705795446
2674097228159814293
4531224246360733476
2457824824197992146
-4676510900331767621
-2268511033569106280
8041647748812135533
-2123738299169580180
8313900859619671517
2058720543114746209
-7602840406343329084
3110940181140323021
-8729223746908270598
-3648254511368495534
-8859154480099871937
8844173799346158402
-6129503105525349088
-7652196650931452802
664136040579054851
-5625720649967828104
-6456364415631760179
2948725777017487367
-3221602052161514505
-158615273922933093
-2971828014410093199
-8952611520038130838
8445310922424158289
8084316055771009110
7870055605917458719
2858419373865931790
-1113069026606815675
-8470238058668868668
-704697860476469818
-6028010813796096526
1031430387365094487
-5348422042156942175
-1670198949103687407
4711896861496879800
-3837053047636015171
2112125955641509525
-4872394238412835683
-3916543085454849804
-4055660071462984586
-5023848440279251904
1130859318912603991
-7207554316622158478
-8773353523119244464
4941012808882938179
1667276700711920305
6132213109889074865
6500186023167764613
-3153672589809023218
-1101081507936175773
6429260814061767257
5871404003620610115
3516635995871726643
-365605119658704619
3742374746295921090
-8064075534190914734
904434266776822122
-1597978718060728699
4013908217584816389
-3189474358764532500
6404494664167660697
9052032115660699561
8321405421829276940
-5564117124129455331
-5709626147776997387
7529180506989173107
-5953289992460969305
6913229937814608770
6058659686379989028
3481645052943015790
1335112100638056475
4609106705789994945
4814886888740283899
-1337202690116467665
1032571256327309711
1698284042125802425
-5349057434664939838
-89042444083319848
-5511805258007777069
8162324932448822532
7067211819215501034
-853917378036742215
3291546624593808244
4264134835679290391
8430095451980043522
3615508131288252911
2566813563397851016
-5900745987613621183
-8534109274890607508
-123825484363274130
-2899310781809994581
-6165726919931423019
4701033394701706184
-7234584462395460927
5192989374937636063
-1856289780866126191
-1712937301701630615
-6116684708438863905
1889707447843795655
3762979719173934700
-8421026656414014343
540632904392850455
7204462143959567372
-9211643686167268725
-8476577956665040092
4011634451913981027
-4139141390545647605
2935271473522947740
2104335101312188088
2002182694526694378
7984496563994309711
-1386761560496986865
5066980121737746097
4762683696115664120
6462061131801335329
-6404191794660197507
-8403935890854134757
8213435282917087915
5488301084639293182
2280385246681273030
-890596699915345961
1706332062765361063
2713186874123479820
-3641119556294271169
-3446349909269448925
-437346259476797725
-7567609137860598350
7169524064740392462
3817302218974389221
-8069831988768132984
-6635956093249222974
7225711762759511140
6482672423370331487
-8739221870115011433
-2164400532813932448
6628950339472121673
4698495306454628079
1219053137871135828
5820248667768667482
-4957336947751364136
-5732304637940470927
8131752048956715055
6540513862760131309
-2094599534427929769
6351274294046657547
4583513850599113111
-7647448869158979821
3607008834385166573
1310105408523598378
3778450327418022978
8126158952794046430
9053240236863890550
6695886304516816106
1826440652205757352
6648485336440698067
4437490542634339581
-2355788054012167206
6052562267929208243
-118536254206138476
-7242142774659831693
-2851442662169739383
-7949730923456750546
-379820593717480127
1498192382562503002
1105347015289573243
6821630831236515538
-2375731110786129192
5966640560112852016
-8735964023256817297
-6474323207678737911
7368872115428618729
-6921963961826488297
896550228312351543
-6821114239969770068
8077428248925110807
3737025114235165590
7091864350515509722
1238115892134502932
-1808763054068995100
7795992309212943340
-4335069163388355457
-6454435540950980273
-7904055107752235728
-5169998347804967234
-1868615312382606806
-3019171343308150964
7414865067085500116
8837456510457040758
8115731824781135107
-3804963829189920661
-4008684659987413470
-8115948779431057504
-4198118465790886321
7667581269867433215
3988938864938484092
584870178107941583
-341630796530702418
9073644811036596493
8601732848428983361
8025192265389224576
-5012456103575109023
4732904118856516027
-7627756320067750888
-8677317534812094463
8251003429421490447
4714525467945812196
2835291309757683111
3417586518144016564
3733118634071305784
-4809092378222049725
6085719375130247023
4247203771538949791
4387142333095768427
-1013174700930056117
8294221287036032723
648706481111913639
1852335217421051177
-4218833384027141881
9186386290281083939
5398693723794448861
-2113646189046708071
-6793074193696990435
4674645773844965017
-157729670324889459
7828746887085996643
3261501827378828614
4725444753616691452
4767963346669472090
-7800881849485119080
928997971483639921
3034910205663079910
-3119438908446051784
5898797171540811163
8861008521585023911
3712960800056163151
-904776618411458348
6759388301828492146
1709887007775618794
-2702198391477924239
3836678215893728182
-6980513080644961997
3317660149856328907
8147802297792699809
-6236604857239367441
-2621807820593884317
-3367824962003890954
8161356688188235308
-8719037926379286435
3635695205828519384
7962697687703531408
4996403196933473597
-3999915495697618488
-4078820492114939019
34969569642860561
-6839935437044415495
5183824037735878439
-2593757949633545030
8332692390098284524
5467174949165890616
8915470358996520477
-8173309241399972955
4226098197139414587
-7882055952676899014
-1449472068195024081
4489995849650834830
-8661663889602044520
-5215169706888942474
7495982475708481091
6071886917709361316
991249325621111328
3223425864681360182
-5543004801071825576
428524314108991894
2576080898414215240
6323529719889251754
-5471397890537599761
4259849394489093055
-3086765728228233289
3092982277116177921
5687425967013265426
-5340973898723501721
7462973905598806317
-1238427518989398615
-8166893290226455400
-4757254568940054615
7544006619320398667
-5257135020630694789
-3416287476205715565
4895369029326666697
-2884210306497134433
-1741714403270395831
681967085649928108
-7069449046379260430
1487276938974008082
-8256757938410933153
-5204676730342385366
-4113393277349603035
-839425476843613207
3227525779961990619
3458240420938452855
2037223417652809569
1943769041229415167
7597300358278402727
-4277105606350878376
8555581523230890827
-7726279055850895701
36733688116204309
4868044740009379649
950382954800327321
414591080828615463
-4972251070975387014
-3045781477655461689
-7312134689051028519
-4837635489451280134
-2083660356819738254
3763636460505562361
-7912883704545545197
-7371729521896980589
665076115211371188
-2605614253193091646
-4713566816335462783
-2006027708984804563
-7038867059661617427
-3726202094823599545
-5894283621934541151
-8956545283270435630
567205508242394114
-3873255065833724761
-9131999920997069576
-5838742873005095186
-2947897596428298374
6559069266280016268
-6656068309274765995
3314120341356479704
4019515054415801229
2276973577848122032
-1392043513904649983
-4764207277513433529
-2079482086552443525
-4544859920760004734
-1379166701241864096
-3355948357031747804
-524193980257550255
6501548456383272457
2587259271142620556
2943730447879372703
4810200770272687918
7606585477392803017
-5251438198427893719
-3205897179344126586
5823074124020441124
5076201380236101686
8216016935194460421
-1560084538280256867
5320762031312174344
-3776345228828970598
-2450967244239722148
-1450190158405371034
-7895831585692649575
-8384110894083753397
3867318483073029702
7273673861489545733
-2295609225146789437
-6815033183303944054
2317506661671591542
-7708694397586189951
-7374939517907050939
5896069303534120114
9019781100879778086
-7331852731710255974
2538560168954377768
-5314209092763456411
8171489753626737232
-6210237107780491677
634039183172531886
2893405040152227905
-3508242384915641550
-7947808458974953369
-473425195250467173
-7253730918256544803
4669284296728796998
3689577461096029711
-5501162177705539484
-8892823356623290373
6476812438620766098
1628345189460848830
6877435372841446463
8072445293902373759
-2790317769740638833
6306723203034565413
4651763695608610253
9086676822206232119
-2417425172167171170
3876169806964757104
6893516839110109913
2312727741499246215
-107760738147231850
5756563484398918003
6700842098216766234
-5997018283380696725
-2872883132760740348
4509276182420810578
-1963478841486837971
-1517969433168514183
5604088395868090700
4551419828324515450
3101122938142560369
9056398974121697852
2275356001515170032
7486133307004913236
7670634620034944780
6637826822639539051
-58071004906116329
4243430503253607901
-3568591343789124380
4613866896797622
-3219051943101876752
-2091455301829418234
1809165623291540933
2795182033537262779
3684886699502904112
-7368264738962258354
5751535158794459059
-4918914402899886474
6411860662140516566
4823025663355152549
8573432948182799055
4345795916035420133
5304021500575301688
-1682460891933253700
2774215751010725776
8612848466714480405
566379410451580060
-2573990212992668719
8471638328011279775
-6814595448117614716
-2161192479033150112
-4644719023984588008
-4738509678826888571
-1076528876999939250
-2233277541479707794
5860682885358141022
9029970896291118313
5478891007599465905
-406351340058194206
-4855282546837591260
2494718734075927135
9200380936354307405
-3944345551281049680
-282052807241231669
-3859279861378612776
6519642797838431307
-6401727682630203158
2150428292618497631
2920686674145001665
7920153304203224246
-2990077246677874462
-527679525510621537
-1958642017199848435
5137115235255452692
-3287275435870656866
-1321875797929122443
7148346575121853255
-366564546785733399
901719110888812901
-614018709094769380
-4398102435927906774
-6870528881833176779
-1521015747304379064
-1080787911971335531
5295714376150451230
3699424379025368783
3734399530793428134
-7296531731042385883
6800169040275884758
-1914410316312432768
7420730296624818838
-5440285059234629505
-734600593184796265
-8586081592493901668
3052479508216095274
-3874533667333157644
7618343803515751213
6127850688604106302
9208614262525539720
6368660896928434554
8988385378464346992
-8899361886627007475
-2473689096078321526
6453779501099098145
5352033379871446780
5333986894846568792
-3046321301869914091
-2510323474118762356
8562572460914685348
8902965143803152232
5230417003464271679
-8297311489075294133
-8318918303271020250
-2814159063620008434
-7090494461048917614
-7360899600379697492
8643871510912051184
6651767093177482299
-152676368498908682
4456532777574123109
7982822570631387224
6714973274179934088
-5842923632727914946
-7607624293130292421
8956990268497847827
-5971496791981089386
2852674616283312063
1154983122238668907
-6596566608892480092
155240602336844177
-7466956448827541668
-3650134313485100931
2073508134346375423
4251767769267769889
7601812848967935104
-250148261543393418
8457864900946922259
-6851812636833582017
3829204671774923462
-7263345525126724093
-6549883394083703253
5020859292831173597
-6484769616042387084
7553034941085403150
4549800272631853818
7097321036370438780
1685935768347516205
-1656338077865728290
-5959449675498577834
-623673607642038995
7504883270087296658
-1544577520729145712
1861462070306944647
-1178186678464572115
884676931766183549
8525400846795613172
564687546006929276
4644036006029075564
-8518060780352277942
-3250974652549462818
-6230874210506256590
-551689949537373474
8045829938749814918
-926253397724792474
-383708782755133970
5712452601583414508
4227055548596891148
4881676586488928699
9068798976812092607
-4597123371555725975
-4807203156263743481
-7752824808748644389
-8251632116325245636
-3714789275555599741
-1233887733143222619
5692133797825910784
450262637151366387
-650477616011898315
8223300231186481832
7824837023429035371
-966187521609308
8832434919644504755
-5784571996317709773
7806129817928940783
7519993892244505232
-4362679765599229691
-2861168608362713156
9118238974197508147
7934255773436541632
473627208307690396
6287380865611387531
-1617270086718372974
-1789312645930069601
-8127463512162313854
8185852752985064734
965160946426328429
-6693724120491635706
1045260575115461654
2426633502597697339
-1973754300557972498
-8076317793307167481
-7408512717685005070
-2133576300238049582
-4006458010736499410
5280434775332991969
-5863749722256152951
5235821020064682251
8709407671815868254
6356728163056609574
-2205526757545138766
-6701067541900362031
-2762375639101603328
7005096063674425879
-1597694622314008842
-2910464184592988748
6545293566458557230
912922754640160142
4053071365748461960
3791809993023778868
8658267723275983956
-2382336060840778971
6805248505148778144
-8397652107056344926
2190090844895287760
5215581049974621880
-3475161364452710500
-4013703136452640581
-1287790700905905002
-8310300998496539688
6736456542287703533
-2870702817289421621
-3969157559251883475
3758531371613201707
8912902810321860773
5670835997715501757
-5935599130206167873
1819136594822878204
-7722904801551292655
-4162217074167445757
2449208143725034746
-5253746647453678593
-7074388296296661815
-1222926168405646503
1572794339564966250
-1008354669880321586
6464067991703920996
-6386833336207347583
3222003473908688878
-1311973223518316592
4529942316289668425
-8101627734408704419
-1072930409261623193
1526911180086911379
4715814863713473293
6003333247054242419
-217896301782886430
-6708454253744782920
6996127072271859306
4500938978557710420
7683751595473149469
-404747222840017100
-4990490490799522345
-5073376014696305517
-5096839370243849801
8826616698165960421
-7861521225600968073
6154443685575107304
-431487201009962109
2775707652739669882
8246346627078508785
5979078865214693439
-8025891120628511949
913915229238893372
7627774438478064794
-6662826825364985866
8891543388431116280
1356727937760518993
-223717657385722137
8240467305446115398
-3923427436444446766
4396241426030457624
5411829261877328751
-5914208414818631354
-8752838904769249152
-8676413552641139961
616270706217584526
-4794177003881937089
-2045447628312181072
1265515190904412561
3023037686733089121
-4439433102576133884
-902002697026236249
6279844310628193850
-1648540983496944230
-1649268854848847844
-5952493815343931297
-4652292770233163694
1224266708150674779
-8686085247544922510
2166103954379343508
-2886605715926875840
7068541642061880618
6257477953025679626
8906781111271405941
-3452116174391895123
-1053857488407426236
-7482357121266910115
2381895567388296320
-8775473320540666006
-8937434898733602902
3628974933691150966
9076078700227909625
5990394175066289152
5294061088572056499
4494433435266998121
-3805630130540042946
-3754919523450285761
7477198550430567807
-1934903232628289459
3789926003391913757
-3082892793048515859
2450593912017580028
-7242178919125746646
-2178302113773421092
-6263440266163913581
1330927295124628232
6112368219656108529
6492810895915974558
-4205343651817723949
3511871827435967765
-2145078133091100783
8841722292288076703
-4389178173474941521
8190486806265933220
300680790329776446
8084125239203873244
-1514319044120300276
-2903427701445271572
6654393342491541039
4898912128649577855
8536791216675682416
-7331950437918551718
-1914359049405426338
-2457718058097764263
2789952785665695149
-5152903489541962109
2503807003829974585
-579276084871478749
-6589916793272528425
1827174243743187619
-4298179003562758651
1563193414127096191
6422138690544103275
8006197302028443600
4506496222469038317
-1966195840868465353
-8592127478955950447
7515364272476945498
-5984892335802511044
7676129684793715885
5497220614972137979
-1290956640221494489
6034220058929617393
-2411856588938830401
-9124140347148194382
-6034635807987991379
7946424587798885000
-1966862580259930813
3848746348571856013
4955786859139684254
-3939877867505974210
-871946817550937667
8708776048533561167
-401643207151003624
2285757587749684369
243733576546727813
8654410559422992180
3060280307572473923
2784350942311133487
-2404778939422927578
-7919061603372614076
7637312603052135123
-606145016669246718
-7738510866881854845
-2889655450835109724
-7067855554716901167
-8310903641644550306
-4186406671432730284
-6527532181402330890
-2430094878478347309
913866080441132214
-1492182195586333273
-6941712109061601459
-6569143555856185742
-5157936653491296694
-101554538413143807
-9120447408709336615
-6693194472602808655
-566531056091900714
9074705301340311094
-1337712891100503724
-216871303277877309
1398785573103704490
8354343642092511762
-5515882058180950563
-3645366578862948457
1921176168805427860
3272700971895011615
8213234420872672207
-8381541284498931435
-3593187609015424728
-6224965454993344273
-815042400568428364
7547590624976684100
-3478223649390854223
3882119924810783479
-3498363462608417888
-8462538925081905826
-6326648580652903646
-6837023355677920415
-1756563293630839550
1319081933370015481
-5241204457623316399
-4034535342441129301
1589511810602443724
3705327591990791576
-283419252052023665
4918872560138139665
5287977696359814905
2509669593467038487
7513422954019208836
6689472976130805935
-9187937059209526929
9087616613311447867
-2681091289503942821
-8132632519200490455
-4852838013450818518
-3208682994546277964
8345432303526645660
-7619631985227246076
8667609658770731388
-947508268665790070
-5100324744631755656
6152362031144186634
-2112419773374592300
3612542434323536258
5840604095922322068
8446157074900643760
1759798268732742220
88665480291671728
-5678754866735854718
-3409856089133309679
3749250572004104219
-3949250432268842310
282958263942190882
2040365417182397771
568056703356825433
-5822832192308275116
-16916974844712916
6759856473353439410
3378671606775468927
-5421042383823522480
-1849798216735786892
-2976191256306551722
8803812509173008999
-780879209344573058
5290801342195171285
2261626537557850173
-1231920803014944056
-8754757021742741414
-7994106145946439439
2859702867779940463
6971638143128072784
7394200215883506071
-2656040189193656654
-2719339497616644444
-5912054977966469698
9199033863688138433
6385187364399536863
-7367595727515644963
8065251211518637972
393649199227320023
717130261169237439
-7003425649946801752
-5684890708714609127
3094258218542440841
3011764830370029937
-4502347089287138830
122182231904633332
2978771976465099174
-7979289636904058865
-6497045834840007044
-2184930881410920061
-299041033826545318
5810044159306317456
7413658633943551570
7727469287363714035
9211260886426602682
8658679384086604132
-5951807970431725020
4849438158062531853
-4030014284982696771
-3163643538005920532
-2566675918973569047
-2149175901394690490
5701291876897929010
4098210202160205426
6768416024279299389
5829286923419228925
5046944899833678856
-2290424106563867792
-5512869637680103880
-2947271194506867083
2664848257761808159
8537067296765561903
4357176023789419634
21014893525268059
-7087958650950564154
8730985449000849179
-5052577735127396881
-1129015131728487312
372397110577541869
-642313208307156690
-4496323860494347000
8685049162040789629
-3923484130218913235
3284436066929950331
4637065434185234524
-3746162100471202678
-1014614492399420771
638526495738690022
1240471701114251095
35543928485335166
7434832144611641634
-2247771179870301301
7282829805735672295
-5009770116961163748
4454605024229165055
-3678921454724873842
-5674340065937308196
-3070084248581048322
-5145595413411424850
-4145516048192756045
1374669176262338495
-7205300246091457231
-3722318500903022753
-3230819443069054141
-5387963150537463630
-8248606367630917980
4850348235249266670
4152557128035866887
-5618639929744019800
-6577923933011376021
4502925730560676875
-4123428233247547131
-5998810201461213968
-4306496306979628892
4290427681591236015
3796287820522315601
3078507623782971990
2988181380574024709
-6355982421817138858
-6773873194165480064
6086182532191140407
5627084856190751659
-3170271880613196937
-5617615347200341146
8412487652961059825
5376045710508272674
1119837612650918964
-7683187987218324796
-7432836688825047760
8608069052099593526
-1792277528600013006
-2419279473305144211
-2870408113168564697
-7909499197443276817
9016959064663846872
-2702133414251371924
423854690284513540
-3857580648328583803
-7064062035589470506
-7591874779700344945
8719452321891346167
-7313995238999084703
-5684418024024490299
-3418544590385307792
-7473144929797148146
-4110564562747670988
-599240398067422476
-3636061469710415149
4865195337516010895
2038975466481231497
6512482942744406224
-8841194395285778477
2274169555474000026
-1372112862926170073
6054849881470007996
-6195098012045848972
8603166120931101196
-8317098989666006771
-6576896195307173138
6173338352368694844
5706769721435294496
-1372465450204336508
2773162502803743757
-1966389714194214135
6077882858703119072
-990329689785767988
6262259672595089749
-3316094548731330314
-8071209779957355088
6361346176281991302
-6675233051475567238
3364477930131409507
5807548955649894310
759044598062683448
3753787847489253404
-2386012577899490078
-7996948226309041538
-7687542640183391124
733603033659143606
6289471401700711938
1164046152203217826
29987839875891148
8039731174331922298
9059267675532479578
-1493742221071860129
4362890351772897490
-7514998649457438231
5023910977078599467
5656093143015119094
-7897080698580864816
-4737875888642570354
-4289214715030707694
4906103669270252651
1092553921163820322
-228304953174610720
-327127614315298789
6303300074517487287
7385191179305096331
-3906063813502560409
4737318790756772902
-5033780558372537519
4781978053640918438
-7465465567193635287
5077660632753301825
232490183147990842
8100934934427721177
375804408263003306
-7171297874895481988
6469256988211668282
5133905538382523763
-891993402551499622
-1097188751433903790
8749674413147316965
-7211457215865006672
8855540042619001762
746043916429630313
1462406966759205686
-3186242969809873259
6591508587280035188
4687659785586659378
-8628058582456288865
8880239522952461912
-5881030111964699579
-317767126789304871
2597946000958940355
6144249752033032070
1924291951014499634
-6978771842628604441
4708302361443148690
403331013147941995
2736691562957893571
-586801943804653900
8987274322119486237
-2229003386889755377
-8512709873108350618
-1861486046034384718
4740882629459834219
436393306274354489
-459218906250815737
5406140022627770885
-8280463987082223967
-7336841590836109063
-699714823499157599
-3457907857954838046
-2129302090138123779
6028379076115459293
-5053097263600932329
-1578214188012230238
4912697567399823549
8586337285989356586
-593406384143353083
-4743853352939307246
753620377566183842
1635941875419626372
-489646646003485380
-7325906051725884790
-5450090667314110611
-764756813414326794
-2877582692305069356
-8683617555810670127
-6329482106473924289
-4907039082573047167
1708440689857874257
1614908244672002053
-6425077129163238776
7606590680335318939
7382645186631175049
-5590123675700771011
206821655329057980
-3703039914935947243
7432438944902185006
-4463181565156692230
-40335140088928333
-360729696126028824
-6652793697919122085
-8129280896126068584
-2125948332565618666
2867417767766609459
8344147619077280526
-4901500376577582265
-6349831126587442456
-3565424955977863053
-1389268105065711985
-2176770836351458696
9009411334064342404
-455619977603458450
4889043300314808585
8302651150986596405
3915507402573725200
-8038500499808892756
1597124202502481478
-2651303936942043335
475398994221226985
1055702080657057516
-5158863279458059295
-9022297683486690020
7040143926106161902
-2067765605097852484
-6644717477159625435
-8569015265953274080
1461556055968617116
2255138331977650136
-2871291725641655502
-9178007247082861907
-5982200259471510864
-7656031887140395724
8975355764884736004
-6068672858307642034
-3636728987529143410
7740368858737804144
-5325858839708841466
72789633574631045
4262312320891963360
5708125226868036223
8793598844201674484
1346459078496177686
2742094434681528425
1969767851052116704
-7694074679244549257
-5738571475165929521
-2209597028370642502
-5746870703535571719
-6456447158821401404
418758989408836007
4266956928072357183
4942130011375534341
7294636217557443873
-6243804971788565275
8383623646951073908
-4878628872477229319
6144458071320745732
-2212682101615126918
8607470216570456332
-8766769220925823116
6840563243803661223
214985616439132133
7062337839237437556
4358108687103663513
5824400483811103765
4901781234725079024
-6858118611868438719
-1128666664254074899
-2069995506317085768
3275336330922856875
-4444806932249716876
-2375302286394413717
8550936548501738473
8290237640792860741
9197933122085022624
6993284450702479249
-4124620945442855712
4025470425248443594
2531070934839958799
-8429884089223890170
-5425114449420384316
5684119709996460436
8632932270203322714
-1466293700007397232
-7587177861399068556
-1847507819226759802
-3384878499657771976
5595712688588374733
5573962689235865505
4419671157196209428
4252044009563806989
-390746929763687631
-5899973147431690030
3871114318877140577
9193089822820404333
-8447596049728684473
-7243456902919236017
1683067739597146180
8186258319872611065
1756851705626446990
-9212313547217652206
-7903214767197982652
-4492277203341138620
-8043527081914158955
5973040463762304984
8711426689517252054
3805078851020801176
-5798458580523592160
901792474251326419
5851185582587092893
3361997129550762572
2778988774556023871
2170816560265159856
-5146555308863625024
2819998064176480581
7295215903671616617
-491920828623276538
7770569448668385687
7835218436594211444
703553669287538863
-327322476502957992
-3784639948128862008
-8998208382185357662
-8796638274536340234
6888100449816610132
2926910465838751504
-2860385511314554137
4923168414581701589
2734554348457448570
1464252830262364832
9206812115480325466
-5711079909978339739
-4497419012970049702
5710596345336323917
3120443840525897092
-9171321104406106794
-5691692806900202490
4607886011848176133
8306044860251359328
-8130965603980559133
-1204357987477901210
3072488120402014306
-4338469193342882158
-7265332378752560863
8046044544793912270
2228045383697471263
-3358485258440073494
-8499504100619238156
1491519007462120480
2245060816712373764
-7947942052437405285
3654334052489283971
-5703916476878722673
-2573734457415241733
-4202309240520355295
-6234273492286168462
-8601343178054990720
-8931158576506735913
-3443094595454906250
-3718272765314469140
8256356236290550380
-8689692888370366846
-5954102881577417576
1829448512047597567
1385728899909828308
3852656834529131779
-7483394660336447755
-7244765027924258166
5975999342302844909
2068856721863927546
-7427516279716776249
-8218518259113240195
-2900213501353536909
8082109036858702868
-5646254719408811106
-6533653113803475500
8755040844764097406
2888363602835860486
-3811230527368743012
-593339910426573657
-8151238839266054495
-4427635751132435081
-4482319824648704118
7483840499858764957
-1191584781962973572
3449090039410577397
-1282757759273129552
7719669296121230535
1733866678396077164
-5663003424598706855
3924722866780573544
3629111749577079880
-4096761891732527251
-33632631295993579
63977303906826822
-4714175382774435303
-58858233625740580
-4417587220421498993
-1154280023737507990
-7190908343594904224
895602445841609279
-1253468936394565159
2818615363886577273
-9072583136339983330
-1956000882555477302
-4982973214688391696
-2050309603784855550
-2579232423541151605
1828854371469736839
743467582429278620
-2620651800235690565
-1464002478602723389
2572442003496496997
-7430059896023303736
-6715741805934490895
2917710702799531560
-514481356196388606
-2409334702644814001
-247625902250663620
6412727859039111943
-3068092402614496021
2501558686119640936
-8053314539341737355
8415344925145014034
7401976436353005090
-178157310902065658
2174398046071803147
-2548066954702926243
-3499496168942745399
2323868471077979087
-4828052918950935550
-2004918875293592533
-61336118752451611
-510485045217582200
-6009422448244777617
6740986635270344477
-2807604864109474207
-8816365438043770215
843236668310464703
-3345400923695353080
-1576506252710251776
-6306906751418351720
-5651426404364239839
6791379606091823870
-4112183788306613
-5347724481206132167
1360066661862295440
103700949823372888
860153344212590915
-7127436274602734914
5127626138111375053
-1994681195832778560
-4519606991031920208
-3819439073701353712
-6197464346802289458
1289129242044015420
-5656260053522790803
9001838196765347125
4378986920883757932
-6763126767222234188
-8355552783872213936
2430960139614010724
5746379958638386420
-6773094553699266290
4563836506976487666
-2772013117282879756
5877905497293236096
7101098119567929215
2445476790665388661
-857559465351253931
-5405160031763332575
4996280702916121549
-5473419366398837005
4472058008130210355
-3940304246463218302
-3884642258201052515
724890453766130624
1292354574291435644
8358377706950070852
-6905364645884680944
2554222493099313391
2277355882060554049
2790797428105634092
326152026898639496
-6913027981195876199
-5615227505363226264
-7793753372289301858
6405955312188905114
-4411626460694274674
4580752694513235123
-1507250878926787453
2990981451837752073
-8025733309765234367
8117886842940359293
-7191953516895907783
1748176145692110940
5782221264513371621
-4388655408319904747
-6838244749244642373
6136899936463422803
-7710145824906549096
-6891389524929039869
7282384636550717395
-8137603274856994024
-3540304663112341168
7220244442810658924
-3144414440206027900
4711524550254112811
4277114724994471271
1000991459043001572
7531433812211424988
6546069531413698133
3761953965280982842
-775078892513256271
-2593854630085756649
6137761404281827119
-8027360449913736554
8423474399057647759
-8642137086762365255
6578110164251474228
-7236334566956378658
-8213055545673516609
-2210769494341026195
1641693460511110370
4774685234057174652
-5768842358096147268
-443904501667835308
-7479987779848976270
-1403121384092551821
-8658211054731364119
-4072265025323915252
1163078791780452199
-1202557872486821379
-722605416887083593
6366180431733815365
-8811559495071455852
2482477930262562376
5969798810009166532
7717910166559482934
-8935227643837978564
3547927509356938744
7486330592541088545
1275387609226426102
6658638907508986971
-6271819380824140628
5322863548778711784
7703081983352085540
6750554439717247697
8775699733263018235
-771342200596537362
-8409845814899765256
849814235415757222
6886062474513928840
5167109800474063430
8216152836187940597
-6773652955025119866
-8826436265483049560
-677380194090551116
5701859147583458068
-7051933773831762009
7149657488773170079
6261852833858864740
2917248930463430953
-5214945079651864534
6454692045320313462
-8084000100372720971
-17667416588040008
-6607449315959692302
-9131234049020748847
8996363683315569529
3726587080108115495
6450508281821629438
6559480118506304422
3863818723515070645
6398721661145758105
6843177002321434784
-635947442997069724
682861976580352179
-7740107928405111514
3843204014891637224
-4086741486992789168
-5909660164349385963
6989135478301660886
-5865298698242605580
-737645634864140727
-1084001426336983120
-125579031491630305
1498523298960084120
-1933892468942643341
-8278102730755945297
5020842594852807890
-1673273892040282922
6481253092578940539
-6508463868327697578
5701393527826671867
-3672495287101647403
3902715989124092192
8919347971325056949
-7590381151579005970
-5255103680096474013
6986334088779210258
-3467715604583374748
4817958602133315042
5713538209363507050
-2456290894854423408
-3824424885961475478
-3153457860150807438
3915584359421384111
-4103866364208327924
6549773180219113921
4865529989443003111
528648200820444609
-4188532471504291655
-7841839416289226927
-2428966243773216221
4356526989281881311
5476188322330504475
-1449014827184281145
3701377689791640752
-5734344117835365732
4738560643722585521
8203024177880623189
7101046567364186579
2845608636045427445
-4528770403034548223
-3111238000950676790
-4999276629756780676
6612973824921818752
-2788312011260498265
5581039602676497840
-2498012017570375221
-4706131781649335287
1338982955571024268
-27821344825690990
-1989942900405782103
-9030380172090104457
-8810970141820272081
-2524005816841274352
-3963322322683522553
-4061505065793600261
-2918189472550947968
121534571816007136
-6272993614260692739
3755389860912313273
-6494953043701170854
6787173590941133387
-4199450599051746028
2102413722674522657
4571867932482006370
3692591453161510062
-1581783928178140112
-5249857412593350092
-520684422641890184
4076341017477574040
-5179176329196092592
3000928377325832127
5864936960571972212
519832724519654907
1455140954156105578
-8585645988044209903
-8317074958639851283
-3882207243722267717
-7131900921528439068
-7147466342849629909
-1728746659674732929
2492058909930141555
331784703310794128
-1929635057104763966
5675856566913975704
-2603509314672985717
5462972472809213885
3195483125426625762
845253627666821837
9207505426743650704
4535792415408982386
-6455168735542318329
-324020507001869332
164747210521625221
-6844660528900461176
6607237023167142589
-1373472663377134858
5707002346738867443
3618761902041610943
-2478465818526015522
-608417803352963855
5830650832531111804
1332103019715328747
3345486172413458986
-1407997968254150673
-3412526143455063847
-8477023108960592841
-5588232224461600578
-5945207954226593676
-7144012030104998326
-4497838617634209312
-483951108374403780
3469102364249396730
-3777261380806397892
2284328755929880551
3869872469545008622
7751151275369325383
2497313545009383208
8794910875110264983
1928043296957008395
3098447345666479545
1190735774400983554
-7452740869335954217
5984778518407742604
4346717160193502583
-271334551889781696
-6194121128406239127
-1853876548801846162
3834658681948898527
591244919121564180
1759175232712610817
3594666260468224002
-1728726575104705393
8389483076823264399
-1361267740994216482
6868577246257309531
4682485775326232617
-5550473130432719744
-4391608997120825006
8605840927218485439
-6547428786783065612
2985601579383937938
7094577744664385555
4688027718648476409
-1106556926922591596
-2633828767928295105
-5659841146684703950
-4217140404039234217
-2800828944245897105
-1450399762310336880
-3698358529959687645
-7831101037285996542
-6877514038011714734
-2075770925678421729
-5601805003819817422
5510871579203624229
3841536745578110043
-6439200261494636798
-1294868957140820007
-6529496242526449120
-6093500240916201607
-3517803787497952534
-1684279150467024524
6466177098241031861
7730003153751052039
7628288973948181338
5051648818154274800
-7054029537727521203
-7886509397690687049
8343806598751547787
-3976836856540902728
6757372316225602613
7087220669173256152
-1653090671586219475
5033688100055586358
2323447312906588426
5108075699057639139
-651941780663567930
-9162721207567300924
5441034001504708196
1322220581978044618
6058838169951421742
6120464918222353975
7367973037426524242
638554128692880008
5670139570310957094
3256952285495025591
-663077862708969365
4348365919580544911
-5380988033196831535
-3952497647782699770
4147880126823174993
2555533420054150801
3361586189261278956
-7079120200398095120
-215599798818162299
858718071674195577
-2211461615461789939
332798570646799596
-2931288493265707782
-1173230095671196615
3937531381540442492
-600048696635897968
-3633766611099685099
5077599547218539183
-5808075910692466946
-5358869723984034283
-1970917806482562682
-9179039142976160679
-193442008577471101
4432573869059864337
-8972704293403006904
5647386613057316897
-5728745084442171964
-418755544777087844
-6135767842723660284
8869268369183140547
6742468097299591064
8589392885292875022
-8177178519132884959
8199151336584592477
-7628517175274329418
-8918884947499201005
9033629865411163617
-7590864250178790215
39008647466345809
-3196495959028001701
1338290659598671463
-9153482073742437278
9137017189344011160
-6080565392606841639
5044986183876845067
-446007925574032384
4258326206705838237
2659737624782407224
5913357769059148785
-3027748473057662359
-2701591471407060657
3181282778184994971
9127722785263974352
5475459472614804631
-3821681022060400976
-7836254281861394721
-7229121342185342599
-8425540545545628343
7995442900132149720
-2908977881190663955
-7436157600468959379
4733349445883974549
3333822868380267451
-304880009964262188
4523895647698926696
-1448828221650206016
2511132328786516012
-1889356906644954592
-936307625535786859
-2013087644107532680
3178457669932690255
4649253974346071099
6376276918447607979
-8863306201822888995
-5767587595872061709
2616028782336779107
-3904642259127916615
2681372550546733204
5346085991240633855
-7021930689938095851
-5209243811715123581
-1780219025048264180
7013866632551021124
2517827321832110353
4823555070850705106
-3646832873194066303
-6211822753012051737
7860632253293109090
-2763021220706623872
-1924254058322998754
2095836877170903684
8104360425570563430
-3741534664992319852
7044664883992607258
-4715419603938128433
-3004671956329269855
-1087714493975688979
8437149912968007586
-7492832956721207522
-7357615379544322833
-8206100418858642763
3786876452348842603
6542307425528140007
-4203397089218026091
-369555710864982386
1567948954671188367
-8979990041861974116
6766966437722025555
-6133692833255646463
-4428368628402544444
-6710273320606964495
6486566693817620837
-1781942736753885763
-7028906102163342068
6952908496333542194
1326175558943268954
-2818034458853569368
1630797667217446974
515839932120755902
-2352942218736416278
8824494288808310850
-3398679095153742066
8087422824202774600
-709297462259067424
4858309263689916117
4614823621859018122
-5936330582262938517
-2208405214126487119
7797348013109202551
-1930667256772019273
-4425001382552196465
8907387686314726348
7116444676141546233
-182401937410103690
967704506944871109
4511109255443061073
-2668774155192037903
-6549912902538600087
4820517783867854806
4423637332834068179
6842692547824459157
426482357561567798
-1401088052059500946
-6116875529496927200
6617929274057889622
493539778265521642
4972867919957707608
6290800712087909655
-6505349723194057685
6887319516984203480
-4688461502414870190
-6924542185955730011
-1323302969209058847
-7484091943737798445
8216477999813554936
-3120916501869852174
-1924060224318934426
-3055961481458594362
-7952357600877135086
-6476672753939568424
-4537881859639433667
-2481365266530005086
8693524367665745301
4325225343898835806
8670191836201787023
-2318479456536110375
-7551477345668467171
4147234473566856460
2715627612583034661
8836023538332933045
1881206593803072125
-7201384331855370866
8439959487536449549
5291172851150379209
1417175428772429448
7870894605773422072
-2098372936927689285
6909095085234583123
239514603233339103
4297489081028436501
-5462734566131965064
-5186279747137911310
2291930268744454828
77012784572354942
-5571244752145326901
1846648960196028815
-4440993508859618524
-160133482271031810
7548297371360117427
8464694668003612109
161742929855060478
-7597410742671110420
-2672992635877196730
7997471526488155815
-2594695714737531079
4638531647401231047
9008147392074959817
1583411936006980320
7051480936240183672
-2921162626426304289
-2511388416512517070
8808623464588179737
-2422475348807719610
6260954395240156349
3563784431610413433
8299343432217294476
782378431210705589
-6998765453317424258
5170958086879456022
-6037320952290423612
6121526609236790054
4624845266682614843
-196563684945195619
7909395839243467759
175123203003633861
2438345916960993919
-7966040475265669735
-989657104219342505
-6192773217253558700
8133888784798262940
-5982511856497329468
-988796344250389073
7803565177465588356
-1915588472960004127
-8528091387010485065
-1427300782964261435
7255152227228927601
7076838151225312161
1461960392477949173
-1273154227029646734
-5283008366381818850
-1969499180707748648
-6927204116290571161
-525305294325809021
-3345905773274802808
1945842454620844987
5049194315699513886
-990826128028089522
-1282858561939378573
8755583305704188821
-6254219879159226775
-2665491319666721610
-1629110598128049267
-8715848282388966793
-5680734675418708022
8462298876972476253
227068342539078036
6025656503709491635
411517456002807810
1854322537056185597
4430847765492470857
5914022599697697393
4898673588175501425
-6615348825010184865
-314594480005447223
2051046209002106333
1723768870807168296
2639242830629482262
4723423951268178667
2142235406797903233
5932346974841534824
-4994200602471023055
-9163050997488846041
-7903035460230707955
-6571273033606835650
-6177550259773032597
-3008229177447277486
2514808767186959523
-1011022336559947755
-3110350381208404721
8494251716561364663
2629354057501112072
959348990392363343
-1871466240910560499
3624428036381666538
1154377067552824952
8863149356677091552
2549345700718110929
2236297596761050494
-5231963349072934610
-7678000157653738278
3215330111031540650
-5522541385522641685
-7064695913679398790
-893855516242666417
-7259241255369891736
-8286373665520932981
3355226145806589154
1943873896246131423
2143714409262868829
-5470876400784604446
3164544090853126406
8909895969573232000
4199595157592490267
-1135646290499560027
-2169153858889063171
2648957748069516587
-6941304336310666631
-3441811684495193509
6124079287635078239
-6056979559201052828
-6758900653811545197
1333501811019427182
8381815539791587252
1718619544432597305
-3356804792599296495
4354134645144493768
-1287397641222244116
705178980965895552
-1966959673041549955
-8617761822167112967
-577950804660758410
-1277694274143696081
786323483432866708
4225415139387231585
8166594128909264420
-2154834693103591336
-6214611471201010887
-7814651308413862505
910619230334932984
2225242292701758826
7126480875633985846
-5730831096395469237
2506090374793329624
4593251613910064691
4539432492229868580
8721232449678326789
-9144136463765641817
-3010034056102781144
1221018633230759409
-5972397693365309892
-7849412676547990970
-1146337596492997249
6732244416662485665
4556584715150656323
3545370985701061905
-3930060775574633584
4631779741974903583
-4518710043514733069
9073145154055292207
-1401435053363434724
-4889267906567563712
-8393634215817124376
123863147476583446
-9044166740322590271
-2191018118858260821
8145313678147220756
717786988614383409
-2586159712455297413
-8727147686580197834
2522378323464382332
-1030098050193527987
5166458611970182695
-1071182243648409235
-2139137551091885985
4977258799802723378
-9209425946050289462
-5344829501860172519
-5095189138649493283
8337769285126509983
7002081499321172183
2506687032156576391
4861230857579756916
-2573782700138158768
3012650895546233154
5342840937524322535
-7497101353414971068
-972720311646353572
4810215800953886419
6615314429802032779
5433052517577939753
-7701096435713623187
2761583881074311514
7412824133113972286
-6286827434069653566
-8750183798945286721
2914444081687732160
-3823946548880777299
6667508268090236860
-2195369698535679863
4979946459650306340
-74319934271616948
-3517259323117864583
-3605527271036178161
7794223726494056712
791866147928733450
9014599765813514478
8091284600809457737
7763211466668831137
-6452738500165273927
5453891106706135523
-5931931201755178800
2433044687949751642
7200907636924914962
-167295969140067856
4105904764701691958
8890986566887541154
-6972842133577402116
-4277699198191010061
-1771359410032694138
-4458321590047173531
7751034666587206830
4462460145615183488
-1293395853235518871
7271386610474031149
2398731452660948873
2124432998155309428
6599784196104180037
-3972027965715427555
-4487934773005159444
-4093563212132344909
1087649045530723507
3701536848679462803
5003364431994309097
2898861823891830035
-3804257562647235787
-7577775780072119788
-1873755352098705707
6103405192610338007
4102225802532892787
-7530955581322803242
3770681000167442268
-7045771567244505097
643277952740766941
-8823426340177321325
7568781605938809696
759528265143975233
-6256362912641331479
-6417185401532281510
598715849969916214
3300869593976069289
6102628849917235062
-1258969627755185044
-5429945402699286078
-4475876359318560078
2169397484754179139
6464917868040292876
-8991766124808101056
9122374339854662822
1543360025381349025
6046893609165877281
4934598087478164517
7004591126176838386
321439846441603249
5960272954411830400
-7375043677612721393
-6232578305453519605
9051183797623671131
6097979794053635373
-3823199223454300037
4503385147668154840
9094725511844935706
3010614642925375394
-786013541870237814
-1010155479008114462
-3744150246998706590
-6059140695563271018
-7588496044157425245
411062757864887411
2405800834095527810
-5731372745907085577
7767648653565247296
-8661853092759601670
-4238737982670762313
5856149131245534417
4738974741768524134
-7845512738989580495
-1387251044386878871
-7764043071707781000
-8360406335940316814
3262075941701657424
-8366840584033561751
-5277907531216676400
-539877197216005902
1969446528591204635
5292176538417022394
-6632074718749357224
-5168197097116117195
-2156334667613882506
-1191460639135585459
-8454544636850134901
-1406210565009497297
-8721172044514044285
7255098344061285334
8106588931588512702
-3355237852099425457
6329122399611234174
6883581494837656780
-1546655816629911338
9111825772673668077
-914438461176979776
-8590398489672091076
5431682589552495275
-5988813520531153311
4479938525935211504
-6734587895038982348
6608140218847627745
-6471837124936515433
1461348397186347365
7649371843956773814
-1869556876820991684
-3836068099695083605
868250400126154642
-9052714576834324588
-4019844603057594489
-5342482638066012084
5880200077658587916
-8617976025296731744
4667710998445895259
-4861174415547879858
8956433440854823048
-8625901792156887541
-2515341564988933193
3829140861245083316
-5310717329951056997
5951693134801955499
1541706795228049809
8904830133907435131
-6494328577098836944
6304087282265768915
-5815514636364280343
1527284702720043742
4257071175373767633
8761320866804614757
-6237618458910951600
6121642245070713666
7687328071892111148
7422894966201618539
3780871875749886725
5452459061878618315
-8223891925036594521
854372354901440809
-8175631666236703047
7941875955437293671
-4962284967137276234
8593293452403857648
2372885319488787151
676780331671017610
-3451958242175607579
-4654494015204194328
-2418911050616273335
-7975929385296487566
-5209183596286506302
5476660421123752481
-1266547302078874906
8062176893692339111
-9195247193798847696
-3777217562157300857
6645909477188690126
4090443340065421094
41328957932266959
2442376180374916750
-5700773451114573029
-4854151602655144015
-6058212965355750580
3270972238634746750
-1437790314529158614
8703471388396464604
2739181757269675384
-1873250980021174676
-4314560183028149305
-902909341933883888
-8681810995577345562
2560708441425319150
-8327330957886183796
8917438204671048147
6464982685452563124
-448457543495749204
6519514577749611608
1195165023296382783
-4332134732293160210
-5439043770793522537
-4399589877757625450
6911017152695666813
-6981897367149369950
-1913169124264349113
3003607054129396001
2517616069428795776
-1703936860137386226
6887027173681383897
2235699101155187194
1925476915938291618
-5819182498527648862
-2598730819408382843
-7923609442901491660
-5562016415857779784
-2506019864594520242
-4482416586319344830
-7454861309141880672
-2048012099445407330
2497969410031964398
-2508012136987760013
6875102174562551904
2385646995413645723
3051337047830688416
1985261248646992097
4372896393152536632
-7786307913095249880
-7415381227549413717
4909967686343810529
6961992257954123718
4824564116012355436
9181031051514060246
1230270870900869349
-4402913905517429300
-5990536509574229895
6473211253826555885
7522443612319344058
6700246428204780600
-3785521135421953954
2619739980774427371
-1441040614204940482
-2185746381379326071
-341467379479023825
-751308104544769735
6021817578615786315
-1675524795979557843
-8199127298013975375
-7269733012332212404
-189270593458872585
-5608681774679771566
-2694134301541374361
8422086487407071936
3255576778863950499
3336309573118677911
1671545098165612176
2002048979345145820
2865991824711893194
1175145424403157079
-8977331084231361441
-8986722439990008059
-3899818893999054858
-1151598119107315559
1888551636883479382
-9076692301569804771
-332282798916769101
-698223425605735247
94165044983886185
-7414959821719693610
-3600821736552891123
-5459252649138708708
7130570064910374932
4296509776454307948
1784605892521065750
3573697529165609464
563946898831627751
-8326427740537308777
4622494747446774739
-3485523861047901447
8964483522319569036
-5895803263760063622
-5085671926390695761
611965665432789520
6085132287031036852
-2681913782924477867
-7885218159745062127
1737833976446516240
-4755315830688965784
7437852157937536930
-7727174924640618680
1811803994508638484
-1525450335484776967
-4727677270195619678
1633820209924345876
-8344013222101498392
4029658729787151197
-5216420380595660167
-7169187667016449531
1385712936114114604
-1069792637262713017
-8092782420974603152
539390823448944087
9044147217530462991
-24155503833346886
-5778349611176117067
2757478928241073456
338421996306080034
7588673680449023775
2951428486202780490
3690271262300375342
7067893793896543251
5304096104658201543
-2940131685121045272
-3141686173233278361
8693662332859708707
-8817499989697074376
-623909934446459176
-3026525876387656030
-3235817188493788275
-2924137633331603802
-2033867247292501938
-6811463120439777716
2229987751143070800
-5555108684014166997
4266756787414794293
4928389960994503359
-6677418263156144958
3629466098203318206
-1548469161716007726
-4819951748979092201
-1500002280215476155
4434383786197603139
-5612532137348162097
-1258083432099017952
-1141583773592489833
-5596338346882515639
9157225555692695920
-4958650038582407638
-6131090807685015692
8190971292574326464
-3405186890834679710
5286435959011070851
-963411613536179520
-8651610459841971397
-4336814099316287619
6700302728152037477
-5997408682217075528
6648092956154903713
7490332157675323698
-5663269315976135033
-8513977536016104992
-4936616107525014448
5915600402655187735
343695726274534503
464002072198901972
-8296054312459143385
4520895951503951904
918650201050577420
8496363913396771894
7777581302101738026
6854348170949206294
410726820390246786
7099370016808542579
-728413864510543554
-7175886853132662381
-6263745848789264730
-629348816122980862
-8804653061402947630
-6099708030820300386
7972372318343144573
3703580814973001709
2738076342837924810
7026420677473427396
2434904821309518043
-1969551265032894929
8581749276846644493
2788715262435288431
1776681432119019375
-5147386402402976386
-5268544457140491048
1673580473701673016
1873997153055083229
6264785740063354046
7016590578880241941
2140554127140425578
286153839855707345
-3334047059172809255
4654104835565397131
-5078787844402810846
-2288682446979742537
-6170780725289492529
2040344732419893918
4204237429811138494
5687870231690093525
7244960701814875427
1524405468504867347
-1575752694357738101
3254827570199991060
-4907400973249222346
6102796082550987256
5110335931233236904
-4132523118965809027
4530351968979241590
-1903174623542332032
2745264992838226443
-5862550271057659053
6632780734910201339
-8706701091578028002
-2825417634701633559
-4222495370424562520
-2811133533047714154
3358580096117717780
1206913853986934011
8907776253388257656
3308974278521709248
1127910167468676848
-6762282473761626595
2312452861460283037
2448638333455370440
-5558984271933610018
-4923306825548870905
-8712349774329598488
2925510600198180389
6222092950169789732
-165223419417450720
4963047515414467571
-6895932862786036538
-6436265146125979239
3101965436882925670
-7028729126881134564
582496740732419640
1462924267969824611
2678529043306241064
-1213740347080219751
3337644560878946286
8691008513542803559
-4628327576716739371
-6852873017377705698
-5844440555078158627
2952772269060581792
4535426398644942524
723168272386370580
7349716532708596982
-5818119846804460761
-1854540097506528698
8008915526693717666
7390488811024248352
-4505558474852361905
-6751727262848847392
-6083003727146763400
-32887180677061484
1199547484762421328
4961906032741649013
-2564811276726375486
2176969453222295492
-3127928904047606680
-4611529290247810147
7213039111275138368
2185809218204556970
7191187833771505174
6707392548046082146
4872784252475494065
6719284202809818437
-14162214030100472
3499506300566559138
-8812387903234637464
3531046858192999912
7112845000395754332
2323181924760070971
-7250290779916852944
3209355904759890543
-4344630022147678974
7311267632291212067
-3711732413212908812
8523334978974623400
-5674733673915189165
7198325005196904589
-1610204822180124238
-45310617952349403
-8162299145648088787
5870757780137120649
-2168340854304249287
7388792483361276078
7656607201832729274
8832155095074457763
-2189481719429345707
5423924846093581021
-5820426333293318842
847471193280645541
5215897734150767257
-6055378129205333375
5277339801933613888
-1938064597807941847
2811441426946944932
-2585220649836519003
4458002770911826522
-7581534711132774088
-8326842901725783801
2462937057013368801
-4749389229247466497
-2214598797965348714
-3318122956975855810
-3765456290109751022
867323178339866460
8531501680388201576
7658601024640232504
-6030439217038224132
-4519621342686255860
6922219196548122919
-7524495248974707143
6042223925692802259
-6683445416714343236
-1606952917906428508
-6283577274671391207
4630633510943010744
3207932921397528687
8474750621387485255
15421139199856107
-9154146920017996283
286236086823950352
671452373378659351
-8050784138448188948
-7034990592778763820
952945314971164216
-7573378088428515042
-160944875148881256
-5119075499940568158
-6560475179808845869
541950173627966702
-1208825965281518133
6870587064658992302
-3696357314690300004
7141706316827216341
-1038213918381594123
-1007241525145415458
5771518459371550912
-1986445632745185348
-9114181776665098213
-1821147708735410227
2896556139837524682
-7900571998164167840
6002399296468899303
5868592027945930741
-4419519626002644195
7770122067325111445
-9202132296110865924
3420714704203679770
1028263362709137236
-3981319728491769925
8430477560637994991
3267017308269676616
-646418846329028691
-8325243054778572758
-3146333069397098489
-1963118589423467247
3337860860447529265
7394866579921881873
9018107893878408220
6587030043751825023
4226529245576345130
-7052253079186683520
8695604368444873904
-2130042048361885827
5945805634281548594
-1795554009142075417
-7291583981387137791
241163131656955316
-4954008059979891503
-7741879834669484336
-4015536814073419949
-1267285725610554244
1148385599178963428
2909600689701472789
8043011419937107987
4970788656758777692
-1695848847198444752
-4779458308558271773
1961765109089746772
-6063750164261261982
1757035865242651879
-1553942923395817039
-8260834144570513901
8458636289483121650
8425018289980316168
-51152980174730218
-7746099587186926590
3696446705610127948
-4315357854751878464
-903541646510688905
7434351950551984741
8166933187102341714
-4484560961255610909
-47414760279033367
7985394778686025288
8190317694608280141
8815387717045808897
-7919678485266061686
6839281126890552332
1228471501967066638
-8342722024312531697
7587061879561994895
1639491769795928290
-7013407877908819320
-5635420804027600928
-1561350420421400679
7713844014234832847
1123584418760964198
-1922858786398867827
7829479285524640484
4874696391691910290
-5981368080806884806
6753917179728862819
6875101136471041435
-906100793829047173
2810948134579638695
3094608172780604772
618911708906532723
-543111562853276989
-6267930004611105216
6358217105921925414
5524722772778243106
-2267894920165179040
-640457462662420705
-8773439460800273342
-8299147656272330756
6430913995800746915
-5644340310011930147
-1762321001783493563
-1378251546110066691
-6010686218562396659
5825949638716387984
8461977634665669622
8051418636736200082
6438844555455346613
8411201706202667437
-8102031763896525791
2817084586539770312
1456589074778123426
7871833964687157065
-1115865069158685679
5155405743797331849
-6462316329355501635
-129037028564883461
3991058761821299130
3304681758690871849
7113734546446550641
-376153578140560670
3081049768652892701
-644460910388171271
1642948489282165018
-5700478409622004447
5984475959953575341
-7798840132117503370
-4378089965537949058
4699618613650560601
4152981803433634785
-4767230498803942775
7928151760775057915
6942444111727890631
8128700540863681526
5776309868657670108
549169217722310428
153265101251423941
-3084683350273154957
4759989492836199104
7359050297529972835
4153643616433660650
6681619629746099405
8328356097278459182
4743181093307056301
-2365586451238897826
-253157656909906512
3595839131242901264
-2312219192428680809
6569549503867201009
7878886508931966642
-821427265164451440
-8634434929515624357
5561805165234459803
-6815412952022832571
1835280130821739079
-8846752063189479280
1536094052206222005
1302825061838804910
-4966129686597933222
2077499697474166979
-5084540877476837433
309157636757147304
8494448102448141261
-6585571814193358031
-8046395739780323216
-3774508365817185366
-4776363483054746850
493409335383396392
7090199613998779843
2367459473833561187
724430098384631609
-6705800148030409989
857592410003898945
5436988143029240646
-415265652558275681
-2778580670412836018
-2078657365842735925
3067207875681266583
8200395407030903695
4699233398042677345
920791949128301695
-6540311844311120681
-7865360964978526551
-1806882573635405317
-9002469970690904322
-564811307335560210
-50330319318689364
12509122722220806
-5114843930344139505
-4516437612371343856
-8340261960652673486
7825097635206012008
8499422476714448828
-155033138817287083
-5184394893361931487
7743390677626956773
1374088771291510267
-7165513807012096792
-8094126835496889024
-7494778626919904355
-7955763559993801184
-6397335920550255620
7305466196894638064
7337266543857491482
5610928660988790202
8692953290582510227
-4109127163278957431
3140904092021012985
3958865928299561267
-1565600768854602275
3025180728990307177
5068415765147156468
8737197980707455606
-1767214104242745530
3928650946218743242
3663366077860399453
2575798960137625192
-4724859909270752199
-3300683972942792559
-107495613925336004
-3819434257061549205
7479623281415819484
-7572290514591663931
-3413768822292197424
4755700032284402562
8354120882846862238
-6609763910684246857
-2379362573700099441
5865676802617637366
-6330430324535255896
7809529139173632132
-3307702525222729481
-3386090355115860654
-826257666158413093
-8523074828698589724
-2553925540364038014
7657529137440458159
3812685734847156571
-4018645777876557904
-7473345713606705705
-4781445936504010447
-4982993793812958747
-906389624455778040
8308879525552390809
6928623241060623014
-8364059645634710541
-7176642254472831590
8185094418092758853
4883190177347155160
8635578741330872417
-7503900349189334166
-6179253078833781741
-2394648376163733917
-3318705332992115071
4335299981625950631
-2298528396669619009
2417114534481098396
1633261803233027812
4628484918167033685
-8494784925467072666
-7275262810891594294
-1270618983874230049
5007766430626343923
-3203739938918693394
-8668425212781224874
-8383448582235910279
8335074612592376250
-5757857557739639118
6355620618062777382
7823828754602509514
-7290637407945127831
-2970228919011341204
4113249674230288455
7753156924888443946
-1952072300034012555
5506359953561955061
-1824611428337951642
108564457769802640
-2828766101343512869
-1039496191695890564
-5727554177434878481
-6128750942769121123
3112807507505957503
2770221183549363186
-6547393631579488448
4058576540366858628
5419967463385360582
-5042490359967356284
8241836299537658365
3477072866947579535
8749010072275832589
4402913192107525018
5255580421572643148
-4277204622663945059
-2530683108905491486
-6095945567802271810
6530266381685675304
4465763159255512994
5994385089636483599
4737638961880411049
7089657408938279382
-947488850597007295
-7285390515967270565
-6962590196893349584
-3479529360807328772
-2204557221639895448
-5632844867916187852
-7980129985084864128
-7343363608832977349
1612481530797773593
-1267004169525237407
-8296236459450831693
1641652059597593734
3878986851097447349
1114128172919459676
2074322456541645863
-1991457407970577382
-8856799206918035818
-8420078629031687864
5980866703669736544
-7070926598970808954
-9167750373320518404
-560253417359147292
2036603528902275122
5080564200297896565
7761689184319899487
1235215130668270074
-5649856154552386709
1577570766780803055
2786263418352500481
3519024885127525508
-23061940085238814
-6672408567115194553
-598133963400263435
-1606167986644715933
2294461328356594255
3957123229599470535
-9211014574177484071
7882277389106858832
6705341065107992540
1733539604434602250
-7887207248468189427
-2165908044948602914
4619691428902736802
675904389162284263
7818605029259593391
2923235635506302301
3487115113281271097
8938954585173654308
1552183684175267094
-4184266978169712377
2151397385443568378
6928823978182471544
-8815638739479836968
-8927806748011984004
2369477179735006104
8754715399027643360
-2434923091840737975
5144161068164537185
-3713603532320287339
-650497857973826334
-2590983401662453745
-6294420187836603711
6992883724861375032
110790560169664940
-6786492939947256532
-5298740573866888990
-5567017232796832105
8985376929879242325
-8158500112825143807
3974457830977524538
-1917066137431647747
2692527697805020870
-2867533973742063495
8284233614229419103
-2177083662025445930
-9031916216757186223
2270404891138195496
5375056669602491166
3666291296769115455
-4024445680088073147
2575225023997164539
1897688815466995786
-8959925561172505679
2942528142357525335
6644633018631367979
-5879284396072296111
322446629098722372
-5373029927843296831
-6114539127055424356
-4280951311387909376
688998779363199574
6725798826311248953
1786378558885541264
-647238251372550678
-919052751777347678
7695126883587095275
-7123401993027553871
-3437478791854255609
-3718649894906596050
-5733346074439831881
6609572661779280132
-3320433646646075992
7532978069447935858
8834809629285718225
-6378754030435841522
7178084376184687094
-3380031408811419690
8465537397113733149
-2952498357968277590
1434691397380466259
-6824720876507585256
-2296902659998082440
-1605986710019991439
-6567124016241376149
-5206280573934706691
209256791409713337
869424450543876745
8172948437643816050
-2123957566044941725
-5258915865808653751
173579650489928574
-5811787065166359949
-6645728390342197161
393965943447609245
4079602521316795305
8698658253580938947
-5050398224096381826
-2798893574929595518
-1478735784078361636
-4477109278599002599
-1120443908622674731
7090297564583916736
5581639943419780057
5701407180363295784
-4279661197448815680
-5961837515246262251
-7869422899107801231
-282953317286485365
-2826960008432591030
-2749695023390383665
-8370541716024241523
-9126713613882380659
-6934795837126923965
1286945439008269476
1602581490395137829
-3103403696746579531
-8742421597747582397
-5857559785875280347
1492054120167325946
-7792584174324835079
-1935774866301966555
51412370536672668
-7574745525544288557
-4869600646876034350
4836291815684440839
7298942350370476112
7759432777063592310
-2544736896793263762
-4725950768494390332
-2558802101039582234
-2186719153669048876
-1864608668879880806
-7956530936059930911
2651482886166310740
-7369929742443961335
-1807073651421311361
5145291075459245107
-5795881026452781712
-2824111080743889931
-82879659554966257
3137948372149289432
8259701633794965530
6186781377483289611
-6964149676614840356
-8002874096064193829
-4152902216269424437
-209385935262144711
2632335159687321348
-467613591350489096
-752155918188188327
8540908338681260155
1635778095052202424
7965578356999532300
-8218448698901840284
-8213835269301059052
-6911909588912377372
-6498670445685932111
8932439941749815933
8641195503437905959
5781892934968270364
-4934714586069185176
3808275728560495293
261711955742057381
8882399074780265515
-9066377906591324358
-8481405352870186554
4283480980285253535
-1387437132793789142
-7181602258893416844
5168113420068242853
7533587047677812259
-9047034948818025896
7570525603444859478
6797086910304265468
-4417441504761231747
-5791446645765730124
-965430676448942447
5128688400106891169
-5993930845790044930
2176765849482190857
75309532395779599
-8728467815392328753
9007065812678366235
8587599305028602735
6239911124759393517
1376877033438043246
-1404603806712066716
-6559713896590343190
-8292368795318184428
4097959791257128274
4875136123080413721
-5637163492385380613
-3161314455617813788
-5254229924310775883
-732686419126742743
-8751683211291865507
2616578448257684272
-6338735024830516672
-1276599353951638259
479263811782917096
8753510250226467130
-4462503490419748466
-4902977291310379927
3352417436154620244
-274429835747453810
6881965180381400016
-6316091974867270127
-8482823878880612921
2705840132103182667
5143316924316165652
631062463300143465
8192431360763451973
3507096484923342369
-2997860022924275563
2674019010367009345
-6985325988071991999
-7395398988068691427
-721368984781852063
-4633025791586706041
3938552126469593132
-5119567118124536669
4521714984175165140
6642037056045191750
-677176757521231813
-1583431300951633323
966541284222470821
1687795809839512125
-898067527755564526
-33112701952797439
-180874265244527706
9169879444561373172
4125071414823253977
6397372567384740338
4207793695436515874
-6879274078176048916
5756618469337714673
-7255810051334719104
3543549115665230252
-1220725442103216941
-7388890616208796762
6671971134111550995
4589240154228361325
7320568052905905547
-8140752097186797318
7081827422753430388
-4596014354110733596
-1966402142202863606
2319539274615733257
-7839063662683279111
-4724194829344140511
-5878153096158861612
8649625842436556731
7961053053024138160
-8005726901741060282
4505922936013484134
23568488721149708
8856088984109646040
-2915118757897757470
487710039883381026
5582379156792001514
-2580381923032478935
5060291832172183256
715383418559874414
8363214949884111200
2400357612442707573
8423602589209098239
6851908439729541960
-4818816979949402749
-5425289032958191640
-6293848502454794288
-6902633398704271338
-620012116147667620
1114922756126826109
-1246966949558109744
1159531004487579938
-7313777188926922324
-7947663129635530936
4812825702623992552
120136037391483145
6184797713479968446
-8495356463162858566
5556378799382973708
-8849359611875236878
4964399338936385736
5185441070314397884
-6648404712855517663
-4809598532974410952
-5958638648063008788
-7656584555351312013
1138252587505883484
7106274463539948670
-8457926667559368314
-5085044166391449922
-6739326601139576036
6187847123922320976
-9214409468619952840
-5343813218088343116
7857403039096293785
-665018956729748723
8326893598803902557
4543766238404335679
8449047138188340272
-4101126257014118723
-2135799829099696422
-49870866827881343
-9072090918197223141
-6813229301887070482
-9118986204895883476
-5234755792343134001
5956137567373224054
-3555081459786847856
4318228659362691489
-8615348808661116104
7097556125189341395
-6925384945496827229
596742540691894357
-5810958968663456102
-3455495324608283993
3188553662165847026
-5284420553957265562
9075545438895212988
3214110774736674207
4644826726271142037
8607859261769880116
-4900699400387857905
4476738591837563945
6855009377506580924
1153391594288528261
-3404734918888105232
-7752428399760714300
8204568225889578647
-4187204349608623329
7823582085601179409
-4665560356963937004
6763100693093660691
-9030073157779928368
-6241503277596456702
-4009252768240836642
-3905367329302051581
-7980125822452830727
2125893386237620514
-2681319358944362722
7960360476464343012
-5436303765848548793
2082538217055657688
9097521841509080843
-4945304551168608796
-4641623755846250935
-1194084584290588557
-1056762267938208600
-4763592239037475532
-2364394451155933527
-4120385029706775932
6238316177086470890
8371006274737206072
5031791693951604603
-1761056756298879469
-8827263850831804726
4623267572286743813
-8002424422944358330
-9049772194469815854
-7295576400929091471
4444070507729881062
3692647046468116151
-1780737036927393253
3390790622477288586
-7904372098227237804
8034053551375359489
5615808009573844528
9222764737292700019
6951277550453872922
-5269466233125622186
118967038723123466
2268146832153771241
5239580956153709376
-2324878994813735385
6714364221523782474
8184499989064071806
5108826440838545150
-8363678117269902362
3116521095599849316
3624032165596914991
-1850287103800745442
-48311340584676301
-3229727974413875255
8756190589566870221
1691578420148847816
-4800870582717439395
381400566872731062
1677408870136779523
-6472702213473871649
1351060422648371851
-8303582568453131030
2099071945035692761
-742489495041149775
6981750818219327729
835630483316500858
-3215697336073829966
1938292685164639551
-1440834013564357400
-5886342922376955976
1762481468160178921
-4164241532073635621
-6519920665300547008
-1467200511863583784
-7603824124054038092
-142659794648223651
3413846293326752963
4697313034122484872
-1467561620899588582
-90208615985217031
2982947784738224287
-265359040083839659
1247782071258756570
8128330497384722619
8459468379505161135
6556198377608511213
6868849424070626795
-1265324941955521524
-3231644154240151293
8823705251037814362
8019412330135530615
-6745682990218207959
-529208923250845460
966571482918290851
2330690703733948361
-2278519147397284063
6939744757923856062
3904478615026747980
-5221714716306913202
6574945163419882854
2123411324631059616
-7538221303334844036
1012078889168796077
7682648870247559791
2564962265282737296
-1330220964718397655
-3726205238032266086
4531264147090371681
265214478313140496
318353603996800289
3404208808626188381
5460739312918236268
-299126809611934823
-7844085296896102656
-5012136286665618053
6292843510621546610
64366987202716307
5953429878775484861
-6451485066329887921
6359132602743911127
4100768392006277208
-6440902374603523691
-7609221341340295225
-7098402638789152484
-5943548392203751168
2764287700809893705
5425428671364529028
-1406642176451514691
-2136949983320527134
5749955423926842537
549032597958460842
5514397163195268726
3691323692122451214
-757476567131770265
2480856281293445006
2730123334984891992
-1524913044729183912
7101644427589961547
597194973894499977
6481775995447114624
-7298377334973244777
-8917214390953363648
-683019979623006037
-2794216330904354625
-5624821875282186032
-82519223270962889
3584669992129955182
-7543872396051140143
4863244915787058443
-4193338180383433450
2854012132814213238
4390694011760790972
8607622231295666604
8204336062226029654
2831683508799464783
1785997984563942764
-5411575102428957265
3960523994388419080
3164248390627617728
6059593693614529307
-8241504836789173101
-4894174422362686714
-462559734495680770
-8032630800638374982
-4331303777219710519
-7850611797355952274
8897809825942556101
-8650945459764552610
4363611982788901509
-8009418204616581198
-559154157123132509
5913900633769187014
-5179019100616967508
9027264885369332697
-5295916753565167756
598229016393031770
4832236569741700027
-8461613354282653427
3000230643610565854
-4825788749286270409
345708324154228627
2576117193291671580
7682576566232460141
1234739657994257676
-4011292940890770720
-690831979175316907
-8767325657763239012
5273608485102289264
-4668995063017564471
8024505782845449891
-1119268731401890998
-7909571055872717189
-4024777034671499665
-9092680550083676649
-3663619719010321583
6756554917908495746
8071182433836536275
2651550208577362234
789759650118826503
244820037612989298
-2041214150633053485
-4316358916402864119
-2384481518058584496
6292647116273980672
-614323386498993226
4100041875706948854
7408596067688511216
8743691986315163554
3442282714693346498
3019373739339723317
-2006027831259447130
-3075142034466574621
-5131143898390470490
5944278048809138846
-4485901621711588112
4076792249962074356
-220891677762432833
6619164403465761330
-5463699059189865434
8791918477640586668
-763381679925030362
732680203129603234
-6221945221145306061
4786615257403936140
-1559780190560500402
-2376968294176137520
7232945970919853427
-4542426366039140247
4211888176441208131
8669366578910854143
3191762675565661050
465236162302234175
-6486919929957925316
-5274615717813156636
4692587319233268811
-3304464230871201207
-5694774827654817078
-6961023112453268080
5528735016043305219
1567520949358839863
-5501669180353839182
6541736040958164109
7401255153684584850
-4378987869350914997
-8706750638138021287
3076233138446037163
5765368915218665052
-4632293548388626804
-1542728672392827617
-4825360551618019632
3441803338621262320
-2487573598036437802
8233639303578641292
-5172530142653338411
3187432951684891861
3462030134121219589
-7845691660196480402
-8899550826067862470
6334349083974699297
2237030976155110274
-4630408507324185614
-4652370317150391574
-8143073170138362970
6978285233456297593
6835148381172409351
-6100594408778095277
6882121713826460162
9110231047561402984
-8538999283573937244
3560663615670343309
-4077337801894085169
-8132423087424223093
-279177631522884730
9046040126577926574
-262379554454065013
-7124719517202696785
-6892730494092876132
-6293235162568990200
6790743018005249408
-2203956110765681158
-5827381917373805715
2550043467805873472
9132540496546216337
493568751155951601
-1224651561959890359
-5112051272471134404
2914200993544101737
-8527068055950508299
1486732079947552990
-7056916330032722012
2104878294208475547
5928391143389675974
1236449757962024457
8948555884294296289
5095432553566438682
3844134624431546849
5675329775462914477
-2189437069282159657
2787823666875340354
-1408590145797464969
-2559622602841652304
6657397027819461698
1146188709891012968
1984886126413435529
-3134433350138592167
5378846488364371767
-1322391485997362370
7663373807251222733
7875115691070624438
-2016508461815604586
5764373643559484158
7273143900381169177
896288219488421914
9062776806735742146
1504928740966313225
-8449624630003314410
-8106562081419837917
-7793177687872790274
7856148499077147727
1283446143398925614
-8354907447825144753
-8462578901053206667
-5998901380727387172
-3124380272430672080
-4023488156899470789
6535979241112132047
-1931896732982654922
7826315541013519174
-799620349106374094
-9033989525969438990
4505385148839736878
-2007360843659788027
4062303047688837015
315396577840885540
-6922429804580614024
-5243691526288927465
8328689237930089181
4504060310811558779
-2901940092138191030
-2691253546267548521
-7584667872510713372
-8303204544305302134
-9128239622993792015
-8124484071717136279
-1238022790184351149
5578273152523340200
-8948829881774964409
918423603020946844
-8267973361166829933
-4979156426224923979
-8733979357686583433
4120765709113873853
7500138707723325428
5052071665671424442
2598125049455398859
-7614905872655434765
-7624872357007200926
-4225397177189742520
4399673169678061444
7517797377603112564
4046844724766393270
2509293606930458282
3841119546655286698
8097649310015375535
6036328590812500237
614176426845517942
-5691282067062515543
-451319149008503018
-6562350041181059376
-42571691113686552
-1610011715109445021
-2389047963906259575
-3499707404007430695
-1929749076163478810
-4346996085759534724
9124436707053108106
8878453607397429464
7800152565554688575
8270760943169355808
-2025994935381541803
7203258637481725359
1433853475306945205
-7803176887378519541
-55511761802289371
6050263739045716904
8119461361717379847
4529200972809708734
801476606597735977
-4444774133807503400
-4463497160666811574
2516253236265958290
5248495023731623689
2708354012003349058
-5345969648671286954
1146824117047443251
4839661534691439541
1904895681951789373
8820061047468843691
-991342792899579215
8419909259182268428
2567191030318008022
-7542616155566238702
-3669417368588351329
2393830061183321658
-9219489983302913664
2122277439539189682
-2669277728427288460
2008495674311043147
-4672808898696387648
-6373303614001699630
-1211627515313740357
-5963101701257514
-1003573850008960793
-9151706727923620614
3963014918146966638
-3981064678457954376
4517675553764454553
-5688411147749213852
-698888673643469024
-1347551203693349187
7557982625289597620
-1166455280211605752
-1130303594398734113
7976255746932266545
3783779514161077559
5282470673566804224
8591296216177061394
-6306566748292083630
-4811732045099851391
6258236607775252712
8740253948680124824
3380150580975051602
-3170020731862668535
-7261921025735287127
5522032113536823007
-723756047989450749
-7341059762916149641
5925077903646767996
-4073383904914172614
-1347045008237301944
74421739261895932
2922841675972107407
8124059865089382794
2454763711826611873
1448771552414578292
8251314589309469822
-6075466772570278707
-1315089302575297659
-2512860905205117692
-2823290182053930255
-8895850710069568367
-4030655417617465358
6923432802148501702
-1472102555046157671
2742414070782578332
804465213284278481
4451584171120977802
-3670797483239859468
4035102479252187046
7245788317241299887
-1550691452337391650
-3463493313707798703
-4627807428012866290
-3981105359492146452
-1695354260159934332
-8539759650735766049
-1265779716686407747
-1846079993885104066
5004018620100276804
-7368319291119577860
-8963576196359652343
8334435195047896787
4638042922027398192
-305351853987447595
-7139765416085289763
7710475119985114104
-4567668908074944066
6117064342771409742
-3423473170418064594
2940873009734719327
7548553824376882878
-8391389796893838389
5960533885666110884
8709712718908844793
5771944981252231362
-3299198971311850637
-3047876766660170163
-8696672189487317271
-2489314954084960434
5099893366517399912
-8579063784108405053
1940661530018483662
5738918918450107993
263882795606041053
-8233955879285359406
-6835656438762062452
-1505198706265725034
2137883743257472462
-719861366311332879
-1073401079590528771
-506736556364239527
8444353174645340138
-8712165816278225961
-3219605719476218040
5119573106089072538
5682360915709444288
-9065073895068037504
938119552778832335
-6897918991164608735
1286708350937191734
-3058811290046526939
-566391720289002469
275366871662812521
3657590717362882209
-1100900265138801748
-8380991057100471499
-5379070831584643678
-8392018334799978053
-7710253457482057995
3568016596102021510
7733031666510144883
-8164160424154403456
-612668250017574526
-545200738655687272
6014244872238820736
-4209288194515009976
-999961580418187573
-5029155517844553907
7122641783204846283
-4714699739493620941
-1501910648194417593
-7223506928772090171
-1106058019541629676
8856843064033044925
-5898580313300896699
-6163028499460750771
1593786764463690284
1787702729994683252
-8802922871995799832
5834695796857906704
-8284093454139316750
6123374975017478868
4466705865457631011
-4902636260974155307
-2266078126770547601
-5340209826725029125
-203248354100740319
-3298369607639661710
9033699601410034622
-1471635812742654465
-7036783958487288620
-5658838849266748148
5961542846501106623
-1000498658584808531
8068053871581293402
4372282814055240278
6968164889890967588
-4206838028394440371
-1600284523018704604
-4584770580407043235
5086849505137682300
4691866292771377139
-6114247250004118441
1601949287890376724
4915298917197242157
4158383275394324273
-6185835309463763895
4015264504337547757
1211313100606756620
-2972970858342868098
3571059156355820827
-6123996947418587487
-6149608434260165449
-7461412236237395417
-9014327406294758085
-5659676593294143054
-3383374792458962439
8427929948905318470
4604975821541942055
-8289302027586074089
659586507722768423
-1040853646926985802
-9171068652109301760
2659101544961225211
-4667430359076117298
-8303901457442834070
8164258480582634771
7546567839971784463
7739359155584409277
-770975751272179275
7231790554420525535
5202106370174375854
-1715122533475719547
1044766933810215525
9127853167419534853
5168028512868715969
4790423242926982532
4049698708627488516
-5760256190696326006
-495114460235649886
-1859506082367555743
5413874686094919915
2151388765372079488
-1217032449987397659
8051291499636136903
53667767914943570
-7511739007721430908
-5883654571729140788
4732862587795901266
-2039751615433914716
668192798607407724
-2159362679532035831
-4270710012896339419
5793324095671011124
-2788178830536559585
7289678617782805138
8267133155217031641
4896934639174338018
6037924046142055369
2750313199492943210
-8600923252809629589
2422423729453975276
8059455683347133985
4412192951072546692
-3017801894205758648
-7985489633882771404
6213506604392920352
3407073092451458827
2254317155291530900
-1559948905542558576
2731932630348057238
288820904384905603
-1755941162126549627
236212328504909182
-8764577756253639874
-2420884471754983319
1734777735951766852
7185051062126250612
-5887025513368425206
1711844737918794712
-7928816009085239071
-8999335966232418494
8909843405181522931
-8323548545404376919
-5182610385156179378
8532780622477049973
119712597505359392
-1190740364552032332
-3318829859133550315
-8177851730407217040
-1018745479635942704
-749180559897881022
-3663290998998352823
-6453552056606695383
-6500719026600315511
-2159910757877161111
-7896189886519127091
708013537723723737
1640632726544941006
-4727798659202844422
8692501395186529971
2981093735537593726
1473241069305507224
3188448519601636807
137833946684912020
-245165064208416317
5347362902053391925
4126496843989408108
-3862252633615423686
6013566452405517474
-3496226114522940040
-2603344842432465940
-737324186462918212
-611614966529609224
-2110837557354814491
4914281436165734384
5268275338113934457
-2542868776171358812
-1848531792109118798
-3842562603128400673
8925019637382122957
8644995745684424944
3418106057401879264
-5684106418324067624
-6227834669512891643
3673123229760411114
-1142909152637954862
7691959435973709594
4245928018872087025
-5568236358354971915
5204940661066594239
1853208288486158419
-7565100250451668850
-6467809789541805349
5332992817482690440
8001591981820823534
-7017428490122805980
-2476930751986527087
6613499471113978295
8056474825553393850
7615026337995771229
-8733402513058897975
-7687863893800692028
-2341900993581485402
5869178055295843708
-3937697097190196564
368132723483882260
-8967026873585816080
2022830606073374483
-4870423068462112571
4620840666755947197
6871672244875255646
-5417697231586245311
-2061308194711365065
684827501868830479
-2053844123511463568
7713962053494356929
3856213699645853834
8595334589281739845
3301628194314345508
-5359907009098099052
-2561387043536273505
-1394603311570453334
5688456694170669991
6300319308137774427
9114691179774616713
7561441883703377410
-8479688757491029541
5525217602643658220
7589674471730836826
2550252539978308233
-471836463468048026
-6777986121419133398
5015110137896962830
-8632064164095894061
1920697818140001573
2111063545990715695
-2985861459852435207
-7090737208805439567
-748807702149724796
-7113809717878891125
6296486444019683714
-3169195612248255626
5821846732745769019
-2798969015237527097
3729415322507299862
8905626198686259215
8258497956146398953
-1777824330285260875
8381268611933401197
-4889260027229539899
-682422037527748052
-1846715934273340557
-8542818311838905130
-4080120937205066981
-1948938553338584211
7207484559727230386
-5445544645236856
-2577791472713805006
-1944012991599526485
7128263872194362517
8094560188586821998
2588864294769317389
-5116192153817672527
8925976258986966194
-227782546971077526
502583798318683184
-6347523098563741618
-1562190708220717705
-4025118478665778277
2588932945699283320
-6521955844082024790
4295495891293539311
-779986895432085217
-4122138532737828253
-1082502943316359218
788950798469213825
1584712340344949454
-4288563645833180548
2913260044009121599
-7082817745163777352
1503579253401745676
7707353229004975859
7823910473441819127
8095059735096582212
2794711147437213394
-1856175503198135787
9174998701983287870
1163604198336911189
51701004639029151
1541199292025208134
1981174158896273901
1210838965446796734
2955576206790433079
-715876833895961134
-6178015671651504835
-6169416845423925429
-3447717856637470545
-7157291885783815507
2142216834444291021
8146117081190729446
3101463085032650357
-4269189826311478296
6998215868250672507
-3639045520095166101
95455790488855966
-7658359298086738062
8366238163616769213
-1676655537548785827
-1543723988051770762
5339307611701381175
2705693325956438679
390681174050919667
8527548156906478574
6195753510540085308
-4737047937691740056
-4109746242196685667
6957359087698167248
-2759885247151523084
3730231788733735746
-2405246853004405131
5096411802108974931
-5735590536993509058
-5269245399101860773
-5790736796080295626
3516175817161379119
-8862554836725024909
-5600688421739968560
8845365645640799730
-8930223852818594686
5751354655917419404
-4390937633552955437
-3128278303460300218
7847264982264323971
1418203622656008458
-6590747976259795856
2481034553806468912
-8454752037753456525
8615649407887320839
3834778396922920214
8558360976560563871
-6466296029659459001
942662675929649138
-1448608798219824877
9132922981763935176
7004836532171479138
7099438199863422363
-1823540291194350614
7166810834247847177
2247772852746216852
-7246984623601347016
-7241984964927960182
6247996168853027465
-7744888335248921327
8397244542308188564
4317401392332241737
-6425058692492566404
934055810834858861
-4354835875937964909
-6412377100339200545
-4667392285716641807
7862792812022178408
-7288321523257677076
-8887747538141761307
1094634851632898043
-4165671785477441215
-1326077452924681403
-9128426003543063597
1915865366598610409
681874923613081015
-5915472755826584548
-4857654071039124102
-2483395428224222934
-4609217307172053674
765335958260825335
-1554076422977824728
-5562296599627418926
-3026884976816713162
1915892465165282113
-2856724183490641344
8169680077316581885
4383574270342897908
4919449778582056994
4585509080272413509
3372403704356302106
4271529753227594751
-1134904555610814398
3531377845783515286
7729036311370725046
4291499020975185126
-8973360830930727002
-1227733408219837864
-4857559651147768850
-8583971786183255854
-7672534674715692902
7053946976183446179
-8885284834977005210
7946458163406084217
6272196403032360024
-367712871824977130
4559663104078783746
1769478103220893711
213602939300702256
3919938979779060024
-7248303255799367923
1383113251809979083
9107674081072553116
-6871132154229386774
-9173324087447892543
-8334994641154482173
6260824859832326675
5328770004000433611
-6833824346747419087
-617212762018434870
-6404090622787563097
4280225537907966590
7632453535148793316
-3317702832261850308
6012783662048073167
6856984577345032576
2090279024460918059
-7653051786570194928
-6704281578379918035
5292886271219396729
5549373429289282695
-9200331995455250253
28422265085674129
2040832731619879169
6233546635089343695
-5502185179555683885
-4170678526710815681
4079729752099588419
-6301702728662779021
7853321637379184313
1580606131888543298
-4053951514302761443
-5215520444556493220
-4170658267613819968
6545675256698365425
-4293095157346751236
-4903946783832787749
-2458279640425343341
-6031100056555238619
6105665621191865577
2890311220552384612
-5023438635790712051
6728076631475330203
-8887470417196348646
2892381736020455005
8650626564904290954
1072440097255545324
-8833267331611395529
-8874771229320598656
4168524485015712369
-9156461532125423155
3948526040105529675
4511822489412533210
-9086906720304247484
-3073419018093540808
-5550891121993875283
-3285565076820398044
-3526431219955386288
-1529598713160830027
-1164338132480713060
-2128955649593075150
130826089380786149
6262357771175849883
-974568382035900286
4304127975308665918
-2511470256876031321
1044663194766743859
5522551836386380118
-3313094887571311451
-3416250864853074936
7007492699747318102
-1696685364421673490
1412300177351343348
-2838021347563876899
4738117060346409883
-6897397740959675443
-6266259158950813591
-3552153333391635795
8283174997990736372
-1677795190708159024
7095571402263630745
-2688740427136499516
-7385645597030366219
-6461179448812598832
-6524703541994154718
-4859151553786621197
-6656979963195622567
-8591167963102358656
-3838210272137226667
-7771610233894738
163289112428253571
4046461903822294842
-1634921312853720628
-4626162795494757287
-1192178977556659793
3920771257903813044
1319931072020209808
1810052074396073926
-8278490213078049965
7797578820180535903
2078265223110545058
-9102092324405818018
4111387357971748795
8608900403306864223
6385176680573520655
3489654699384138845
5523964579694860469
2470923375369517154
-5890938243519624242
8914980120625713530
303710235522598817
1899011322833120091
4882204267463261257
-9064307474582153708
-4946346973371535915
308744245017211658
-6568788644915128533
-7316334095219843065
-8121835425409971969
-913733586349115908
-7879174905767888045
2886391466958117923
958311562360290004
-1108119218086080745
6293043209077508664
-3934112565242428928
-140218552977654670
-6249082273044261028
839504355864176642
3817567142325704641
4996356440158709053
8870757928553590186
-1263207512417806853
8419358549691462773
-2070285860913145048
-4515696135413111405
-6645592930039442133
-8282870712595224919
-5801053575593463402
-5900992113848422469
-5469059442202581494
2980385317696010902
6088198712927382047
-383029639093104405
-5353064197719001982
2947846595962879043
2332529142312820256
-2773849292819869253
-4208119906961071342
-9214167575565086038
1263771942232292176
398581663765329049
-5020059520385574042
2927210766249276573
6268837158533154228
3943516201349884062
6478850838143960035
-2756351549001075485
-6260818613423663796
5461367972072378169
-6274090784859082299
-4605846818843360527
2264217699147167878
4935673775840495749
-1448783561153624752
-8327466512083740906
577035118851235474
2752011236163089346
-6365272007100670952
9068501164715300396
941600973936013193
4769609373023465398
5281815298130703718
4419196062437900916
2476357065696104733
6588233011786245229
-8272800310280565915
513015585816412979
-6434446351284051449
-5351111729183778934
-634851378004650079
6152793992059319904
7171756906514342677
-7988217164331246541
4326132240567727500
6403653270473386176
-8656195109456926749
1739391588176980957
3124950496922263812
-5911654521689085102
444604702445864270
-3132373468547003702
4667739341461900326
-2576986734212772026
6866418022126265977
150958230023526085
8305288374057800717
-1731386496775344931
-305407134712096477
-7660889288708558883
4442777649159104834
-3575422436435750384
-7359837245711748171
4757184046037688088
46271170940528952
-3259787706667515686
-6040704859803439358
4568058366653592353
489309985311978090
-5540787929805512289
-496757658309006695
3111444492967402123
-338898162723895962
-190019924844746196
1651891939503368453
4831324180449100856
-674685394041531486
-7960369451249624109
1281610781967846141
5032979573174885708
-8146783421656764742
-3747627247995960756
-5803569773989705393
4185277050270583593
-4308273694074298577
8459091850116198173
-6625593898044192652
-1773488008298779688
-876583005717711233
2702624324861746433
-4361069091197959332
-8413424420687776841
-4741738521125187212
-5685183147942426607
-6734324353226229271
123798839133416807
711127389987522820
1384400661578757065
673796011087424587
-3262802790196255334
-1053984343034727877
565405766975348818
-2108017483733818298
1345306669063902565
692373313992619989
-3543058224223884947
3277525597829716375
1896042604894454162
-8360032837719362534
-4239434181662606661
-4199324032392818613
-1579749268813726992
3000929575935919966
-46750155359357263
-7023247815466668445
5510668701332268715
-4338194793374811068
3856657219917566376
-5752089468087933424
3038958251057595367
1213637799541864433
5288172875296609616
-3433505088441365836
-2085696903790703487
3625112595668253762
6096350897081076824
856608413435883638
7118239401470778511
8550598118713166862
1058483111005928782
-6574396660857991524
-3125901211690828830
3766103819460003838
1934472609010921821
-7095163535647997754
-7058029848228130695
2809180195299909983
3991925647191714330
-3255465907391520362
-8497035617775011374
128030442422090085
-8619720629509950119
-7228064794883632985
-1053872361312875015
-397079587789190278
5701956112036567460
430048290521325230
-8148094470232125005
2916414008443882737
-4041752107658093627
8483104394816756037
2886159137877096010
-8931552589981439562
113664009463491886
-3721283583555493422
-4749601680283889903
1567548418478269248
-8831969405981022792
8108155655962798855
2365704277449332798
2241707995660625594
-9011947064248975204
3216232471609052854
6243914633303830332
568125782290918226
276825719877372225
-5998625910218506412
5454967860776458770
366120979345465154
5670087619598786353
-4344941808211987260
7458896012890711849
-1624999397883754234
1085849495553937752
-5005229023602635692
1693587770561115146
-5947706962651824028
-6752434855113888666
-1894038001817893586
9187816636303138900
6070110840590663957
-2741546045574958191
6007105171600691943
721040465342033524
6109173298950406254
-2956241019942544722
-5523540134985192092
-7682943340640547754
-5049183853298978086
6786202445164690936
4743197024027350507
-3935939650629626337
8708600269799760227
-6846957588951260772
-3448094281243904011
-7602456651978179442
-4301988876866148690
6214166200547808563
-907061882654902384
-508805652962388043
2473220267484535635
8673813620795461600
-5716135509036426609
8871245576205621150
2298655441767146916
8539982508729591599
-7082138488795625864
-3383482223796996645
-2121453202297081912
-1656764609791256825
-9154210173333337778
2663922808366941159
-2618658352979859714
-2036490946567204600
8067406647368349524
-7136061531245621471
-1646076440475135430
3349597054947762702
-4888710058793815810
-4668549151366074931
5064489475222326375
6997090294922784564
-7215958681272694635
1227319863335360338
