Matrix cols: 3
Matrix rows: 4720
Matrix_0 shares[0]:
-4567189592742605169
-8819097166311411984
-4539067821558331594
-8295537560804443634
3862924478886385385
-4143035081881901749
8207753886572906854
4602527711434244697
5188527463830388369
1930489942707583941
-7274280893343428945
-1268823013046959750
-857581352549880640
-1610799028694662403
7530213151264838933
8778188147803456298
-5567415995705354059
-2229521717196789645
-2631342836838329964
-8746897574005885332
3136823525170050492
4899137777326968577
-4397525883939349772
-6466348046888320908
-1009900206125361933
-1174192699973430577
-4013137974982387827
2041979486511993655
5578519231267748952
1905663641852130267
1107226951867012526
-6329646602204555785
2396189954850769574
7270335051028824509
-821780124773882947
-4016725715874047056
-6410479487682953944
-6197729361994038209
4754419960496928116
-7708264106007358077
3569656876103470315
-5447527174624813565
817202414962817249
7295547968199617355
-7671854400869721794
-700689335158875260
5536037316259346802
2978808946415149463
2509344184086915163
3515099228409499042
-6332744879701444409
1066417538716086935
651768412997280745
-3273586591830706464
-6046270918736814176
-8469263490251176252
7196071398267850268
6636914592215705190
-1419140484583967404
375658043572081435
69501707420948553
-3411189628020579531
-6152898423466332805
-7890862209676261112
1886684622009920314
570377509538291958
4750301394342893667
518698957937846452
-6220436362550025809
5464665494439878361
201763779735578407
-6318076858403303930
-7709227845026269599
803600819709450407
-8456295980809581382
-559587083430272229
-7516625613490282130
7202904088162928306
7382637604172636091
-5806490740031404174
555272403705484706
-6950542309611932911
-4352025881424797737
-6147587398981537955
-2348136079636436797
3546681586398487789
2729192743489455453
9106773071323768831
-7942416074036558225
4590061962969427859
-6860792532676493548
-6360728646296459859
-1096466800339731427
4136043511502045313
1366699838067069327
-282842680647493640
291195066041282741
9112409620064625463
9015968549813694971
-6882629225618294064
7314416332860784149
6281704572215250615
6093205581451015664
5361219583034618749
-8421251312387919384
6452991481348021485
-4389796682898688261
1509942426944474281
-1238009360307686675
3848528018236481845
3094710195980311255
-6421600489833907328
6931476004877821951
-1591915280548147303
-1975403625953224411
4488642146088909615
7515064883768689471
-3215180798994752268
5900833793144757154
8323232967961805476
272728384826640523
-2061429051750119661
7382347115586266562
-5050908788760404986
4946557132615151319
3833245960617191045
-1831371649451184146
-882841681691777091
-3154929033092226893
-7120474107196692303
-700586452902874324
-5805264222405086701
-493483433000059062
-311064665760433496
934112025205028361
2202999524987931167
-3996585860518810349
-7903203381194990343
5547162224142270659
8522706431653847628
-1881557558934027580
134102049554740321
-4853570481237500022
3514035864798159148
5008935061677055635
7667194905578695522
4461617652115186738
7800422535196735968
9193514818628400323
4253657885532742949
4781535153345250769
7421676844992545823
6608127757135332362
-6994509554852570424
-6051602586669292857
-5131288826178200002
-4119959578944680102
4577731665257386888
2185561599800242477
7324047432872729902
-3563114279814304054
-930603776588257470
5390770607382170791
-6840647921056625388
2838202350214427703
6669060652355722389
-6925035642378266917
7092011092929057950
-5146274726912081143
-108590840876352169
5237582971493772907
8714737604350200728
-7289075714190195082
-3601224824109002365
-6152938301775459689
7367566194330752661
7483703711687151019
189187397413627286
-3475007856258260464
2935497744484106569
-682480593268330940
7293389196009104810
-3293769197405672308
-1634765450853827492
-6065614447866938054
-6167708002042844338
2231941238901202746
-298152900796331213
6777367872806226240
2026857363609744772
-7655012572158271159
-4029689762668963791
2455600256373942743
8494742796793543277
8462250816677441099
4034503870243479284
6601026904297526827
-1782593257739015699
231266649486713344
8678345612748906853
1852068044123059953
-7091687226702501335
-2336384235483257698
1120571762167526050
-5284943320898069204
-6854872548340544140
-7580805647756262575
-2790932762204158975
5204444210210724231
4364476962067305264
-1100340252529397742
3008085380812779684
8320637122121499703
-4805157138958280457
-912143288508537684
-6140682220301893193
3581106133621055072
3455863492213451385
6501019525777252372
-4464617935141608499
-2064842597054980498
7089094011903783593
-7193209741233012962
-1750732486432272210
-4371508512206390768
5912352577272771452
1143471021513203702
-1783423377940325859
-334055169332626634
695669235248674486
3182318594732773570
-4304101228722851580
3655273199085056378
-7732013680493750696
-8654343964932543547
-2800294469316975505
-1843817367117773999
-2841768626407838860
4546145738110256886
-4927794228128372497
-5552887349283457688
-3681172844949313507
1605729988369702827
-1704161077857382952
-1003496607407961422
-8964410965810734443
8243648019347558609
-7116861237196313113
-1959190511037044382
-1843495188288647097
2396628307204149775
-1834170068558741749
-3240569657948940354
4014469037934873544
-2023787159069303157
6604896236296234333
-8103935774377293679
-6805606457654766522
-785250853210152017
6814104571211228263
9025113024465518287
-5912576178350973260
-1255170717779245486
3117277682306674957
8288476777348367457
4066442202575652323
-1357795813367815413
-6846783572959148415
2255779912624762889
-1619803046834994446
-138928597419215323
-2237406981532231261
8515791651918628717
-3144860221336588025
8469296168662912486
-8903222688712945219
-7125949675620385097
3638335411016945689
3364830827628779494
7068218847427319972
-1335714831950160213
-3740512852899061068
-8445971189936931168
8057398192477534095
-8157348436068373091
5996573394574567458
391864571143867951
2134050056526170288
-6451658184348086998
-1346230780644479309
-3701614996735243547
9052275208501268699
-8024164495793870259
-4000738580774004912
-323190419563311098
6031946497806186505
4973640333077151626
8210261601773142055
-6608765025463040864
-1131688651159341425
6995080460826752983
1035523785607699734
-3583135136474711967
4223624466484839538
-5453462276032989909
8747640242401146311
-7590615301792012974
-1209276203892347350
-557579589150220333
336331610024581617
-8964122413136755348
-2964545781126414731
-7064173434452549259
-4834537066846503095
7915961501870212589
-223355020592120171
-3832476399505340487
2854293666206176157
5351112289198216930
-858927096669789777
-8898878469505670838
-5862616723639836629
-3970176859328909815
-1305607182019531224
-2406040910610737593
462443173303899325
-4620424298055663051
-6230470652935125626
5635655902705213216
-9154449626714376814
-2030921058134031554
-6875194255136763971
6698592838105968392
-7120340971390992314
-6663378441287079440
-7668477496622674546
4741575962365499766
4645480009064813890
-8030618325102362686
-2868085095982525872
8847769878002967994
-8401618068060658069
-5485287112871778353
5995840145691128548
2655712324560863666
1351852530051970748
-38047321222663931
7231060541092300079
-5483755154274579910
2042007244134570366
-145583410631710872
1107027002340571421
3928649348366991093
-8008181653900077526
-7768730824156486665
5787412225129939767
6436064942509617850
-7026306575567137216
7490008693923982897
-4135146473216113723
3107442092292661018
-3089162111749956964
-787966694438318430
-4329514549458904171
5092539077138515026
-1281148042059729258
7132678721828690751
6836791662753187772
1170306375652375381
6072988992873744368
5478481480280654400
-1997310340772811743
-6370246798978740131
-7374803575930143070
2288624123551330959
2600004446649060341
-2157120766762778593
3925553893007950898
5997131703880049039
3290395024049693457
-1976577586084783370
51155755205613832
-2857686723179339416
3310434629412244571
-5468618776343406924
4928382621836713752
7243028597460414105
-3136582432668474906
7235346484500456246
-322711297539648507
4381776391113426167
-8196439850025518094
7785834597890873336
2473211001094778840
-4242641495400554008
-954024230822229486
3867297263390852989
9037687657774753346
8228423507741258609
-798097965436935776
2967132054227725289
1068774390419198661
-6558744972428402191
8752780214951982073
7691371090422761100
-2512391772146231492
-3639317841058395670
91968903718546430
1050632358946931891
2407723780217475369
1207515324885565542
5536622473210051261
-5673098656916130420
-5185939845341289398
1673376253856316547
7966422744347657626
-7704928913541379667
-5742817235129551382
-255135885038774313
4770340699394132266
-2741308636603948208
5110557502993085281
1802829481671849748
3482309699773722985
-4067152089168484688
-353038535182335219
4554302314870732142
-1929054687173136745
7403079987220813235
-1938507443747820126
-1959560844268033479
-5507123697766151871
3206873826374314585
212417038169777488
-7346938881896974189
-7870131340279384416
3979011932287032
-7755923233844064403
5679004107392751881
-5285652649384273328
-6339384366916478563
-6068214498197438631
-8283420923182211895
-7743784193364006994
7971383981533175430
7873974636294585398
8000303982086504601
979721581588136481
6335575200332082535
-572334098372238707
5181183380278663580
-3265440867790152468
7861611469649611714
-6294609865249667535
7024149069593363123
-5747473507298756489
-2576891382342442789
9001088487689948227
-6529690816750948145
6195292452245814195
-5139926511245821345
6888612788512573955
5061043354115241693
7665309194972181993
9217719946855267234
7812709306662143087
-175998140339508184
-3793331397030388648
-4648916105498502037
3496241004396841843
-7373936021192635625
-8702154531183940410
7706688049595323800
5625112797319196332
-259572231247931134
-6577135075412719836
466029652128914768
-1773599935185406331
18934980979511151
-2402122717463884264
6407814391512748926
-3319229604109318508
2507256859751065959
-6664436468368717020
3594493031959098958
1721338132657920567
1851009340128372797
-8605974983982023404
-9014772455699690282
-5989462797784250946
3301328343321409936
-493744413853268323
999001810505009861
-4686101866940364815
3493598754848491012
-224411446500582641
8215894451156608385
-6822549769778457774
3091782931967466487
8984462836292172296
-2316013975838797635
-1327111349048339469
6643116057892287113
-5803946189117408674
8604276790544027591
6831303558752616794
-5434206479973132400
8333939643007120657
-3463053606537679515
-2768020199121161888
-5998294948059502255
-2275797950428685222
1838662963157381159
-2979152131107436319
4708725942059201540
-864363646721822099
-2014309760899843681
2746980614190305444
-5108070831548357056
1012481506499577860
-4828288023677816782
-7098006368753392453
-3415314892943000648
-4815393237347395080
9114230395367906832
3160710804504116186
-7967235444560453295
-2088738562862808124
-7416942103566072581
7896325237200471283
-6621690072806199730
-4765341481617880576
2106875938211581034
4606469805520662061
9041839974627670190
-5314443262923599119
-7638264653836706251
-2360355317432413846
4880508267850377343
6752958365296903908
-848717345125589736
-4307456978399747565
2306477314112609056
9163584610338229345
6043932683144653195
-6933093816358005539
1532960355639726227
1586464355330907580
275986412254768371
-8728553817990488885
5524177703925100035
-1894211713964969873
-1077199801240731738
5164802971556767803
3764967609708704028
-378363794783669544
-5726304531226646007
121664923197293521
-6621836689840186409
7632133679902566471
6550065333909836562
5141294353236580013
7043696201958210798
-590800243670314311
-6109381704767287017
3382259358709987713
5971720529056310898
-3276178166628630391
92772262230660796
-1508391133787253767
1960316157657261780
-5310076800596569631
-7966383853927043501
3380316031586624664
6723163298485793843
6222389008378016251
2918452876024805171
-3626730263008214934
5203712297595890487
944027792313730215
3944205353014958898
1601056199563759293
-7105211649527135546
2348871402891247420
-7230109490261055783
-6280752371068794545
-8685679412091065871
-352162147986123076
4613587165757055
1178741655863737205
-4198444916061665269
-4936672588657775303
5930948350083599632
-13521619889672888
7682491226505347080
8089252140074366395
3105071532902585198
-415786826107765492
-3041886995802341021
-4882351806519583471
7773632815935345087
531526703447218336
1982092498855904826
-5673308583440303765
-6631337530671204726
4952251411329076198
5050204507663977226
-3284283526786571402
4071432893512010706
4847472371208757797
-6464484058842638465
3940956202615286833
6335985713692830592
8417528397353779389
-5514808155880660681
6759199681448566520
-5670150811690090199
-5215989389955325430
2629120622179785583
244554852567256422
2430844522483366448
2018270928246858410
8697515538591804809
-7923930109973141009
-5535436674749460040
-3720411974191991624
1255059420819218839
8302162908699733320
-4631023539881404371
6921744491713847554
-2718450943130622580
7913239813448234510
6021137683342404244
-6249120211555828707
2634056329109018860
-5950065415405139172
-1660498719323863989
-5309335752591459000
7186517408587603990
7018151256749613922
8185231894547399522
3814362080588585553
4976192031493116107
-908990639790635837
9106869635648682319
3825471421237030679
-465454851724754183
4811754246201402664
3238391255947246206
4868835368174365703
7694784636169699357
-330902134066756099
4509879992629016956
-3478836159277573528
-6551550697489173924
515887825393702656
7207085519882896875
5968689362945012953
-9142435306550609840
4570297414595580716
-6222204464264042257
-3523392429580208250
1046805044915065965
-5264027310907270364
-3630645750236616870
-5292775050656324267
-5615287703193918791
1214098626824742034
-462298503164097300
-1485890420891381041
3013025757015822947
-999838265230778778
-2174722789164470817
-8322686215818657392
1726243911524429572
6144735613122578274
-4232496709762976062
2883484382409551600
5211715284313943059
3815246191851206395
5487219623451168921
-3193641982253531627
-5797687171714801471
-5112432507283910035
-5614340967211827049
6407448115292467772
2034885780490793801
8110021675173353429
-1341050818569712249
-4843413282757149507
-4606614363757978507
326193478197840876
-5779083289887846209
-5671283592898209723
-7187770564901775086
3169173781540363986
6139302186240572456
-3684230813870775341
7403505549695230035
-4445186116213078372
-5040368484727389861
-4418818160489840007
-7377916068578065293
-9106544959146289636
223465278556259910
-4452275041606670697
2014269450089658617
8499134679049758377
-622948575573841001
6246641786861184778
8401963450114631841
-4362809807626324859
5119209055922864844
8941424374337966413
-4560174067654165670
4568749416712637089
8654209314733404883
6939663705430115712
4697848203391118087
4484560612138317499
-1341959005283664750
3543109096580169925
8495289497728498736
4789900802258950022
-225003212168823992
2846655589448943192
2187608432936061845
-9103953512602429840
2286688657238515880
-720079119246342890
-6934788925301080517
580062898311906368
1382807190392196825
6521072253854278723
9137728670572111848
1705313347644158071
3298936561491688202
3793193179829447728
-5058685371472946484
-6188497267662948059
2649085949422960975
-8873994103522938331
1339314672819483215
3261482914449359024
6496998941429289399
1559582436014677260
-6266202123550624856
-5052770446860755788
-5128008224499186852
6895184536841103356
-411810541186853785
1538654939739048243
6472933721322650204
132943649289226982
8635125370525665275
5671415973505656803
788876576175451768
3626562307463052555
8648193351379065077
9007151071681456447
3322860476266701376
-1024302055485374449
5905101928263462856
-4667663632328751075
-7789441489071054221
-315217593330714224
-4330399094020511437
-8945845851777368634
-584043136272754302
-7183919852646801775
-3056083199620288851
4749729751318967936
6420970297593630152
-7712574298743514818
-4229495648773084374
2325591215921398024
-5780524841598784182
-6893721005728602609
3468739878796416096
-3580179051497820565
-4192395567980618136
1811891807614431273
2085321978020779235
705662995712472798
-5377158141111884039
-4052697456185739840
4161409521086737036
-4783218506619527823
2537226271683596783
4179422653015961113
3781022694787519883
-5063161979981122377
2565295263064032132
4371636070694625888
-2640441142923477321
-3118059568972516733
-4421676582554246193
-3698200118760709536
4150582967095858574
3462370234449148786
8884787106191269909
6803142552732048767
-8327743541912253216
-1715294907878612104
920015393057079136
-8266889317993433036
7214987762032056159
7169613044714862674
1250936532881154732
-8539107312904837572
7122735189748931115
-6221436829892520553
5978276187311809002
-3669156380370154276
2513970721156749662
6718342670531564418
3110255217209055203
5481880098944675362
1480003926600294401
8716519282035492661
5301328737046075665
-2532786542076654811
3252085321733566261
-6560380276233449727
-6407358347899209769
-5081666598951215682
-5708582834640489694
8286035911731064711
-5733600565809154097
858713544796531322
-3415711331999014970
-6703412953718743028
1008785175469170125
-2559654899706759018
8265983682464400638
7258114407165163353
3093615488570470425
1194222025613557113
2767009205593322988
-6671484097625202665
-2510159195841848346
-6345079320714497819
-6315683643921416630
-8566626177771310503
-3930258027035953956
-7948882699811664051
-2956439523902332333
5403536682364210886
1948664365090128911
428235465094909237
-5977467501745772225
-8907745308809695057
2209111164086203817
-7037141938666316068
-154305486940194659
1406214813012099410
-3126084929836759385
-74416161746441074
-1653185172939616884
-7558672689242500537
-1236702277591690972
8631891726003200535
3531185200371413877
-356501935736108642
-711386161602510107
7017644180693981249
-2661312322915438536
1153817902584800374
1246030906343450909
2627098306385944160
5534470333595652189
-9130413648957749479
73361986878098114
-4538693186319525841
-6472645657387788649
7576409252366815864
-1489026299067333739
6864886798327759885
-1810857064735121111
-2181610270247756981
-3626058038861983712
-4716146131303898478
-4817786046765650373
9181016060463156614
2250428592815745431
-7498769029141524432
-9033439998565026538
3506502271855523655
79049639863190191
6268495802536291446
8061271379713072994
3010078748026876872
-6597648332568418448
-3419346228262275103
-2022231503856671248
-7312456088339642521
5443066154944463967
5366946345884325493
1520333256626088240
7986136328753287648
-286908242582784354
8292558716157011528
-5944100162901115393
1720965826705300982
-2433533832688939109
-6618060620656627840
3419181629964572391
-6430861462995526555
3243504666152627811
6087865889847621217
-9217699613338083769
3716363456695372983
8355988968450937344
8556904878776835105
-6406478166741323636
2463930038082138885
204936938701548181
-9064244353043494676
-7850524836242689348
-5669686945584335678
1858235188119284897
7333596255604062620
-8345417259223451289
-7595544281251880346
-1384235240707743108
-1673127915299523800
4610184897653517416
7080556975046207983
-362198430772487367
4999437206266660078
-3366089612306514705
-683067216666778998
-1234614743535919576
8393840872914709983
4654185246225898011
1171255393702342668
-5409294044286430672
-2136301233758759916
2856030524665893818
9123023111672683682
-695051728411533550
2293897924882501708
7491218373479791716
-8230552158712726279
1943235068703469127
-2625079508356141744
4006369214605282384
3423602931606684253
-1938552729639008582
112935011301459303
8204647215778653538
-8681356814897858597
-5742972432395563552
-7828379212089945995
3002939526729736406
3420175533173483106
8910774562924787947
-2984594088971024976
-2517481236505945483
-4926039565670025719
-2110263434241694044
8288090869346083368
-6441182659591218770
2966521407163932446
784598033717879434
-4178827214518643580
446060430369889755
8823321860262415541
-8696122483252984343
1410442883792120924
-4818607670081163349
-1233237293830598184
-5341536283516542149
1584486496459878134
1526547798557454519
6094054499284500067
2193314495356086862
-7598679373591069043
-6450180721540729008
-7704727200491927017
-3359652577605405816
-497211858024935435
170011051094531481
-2485015123200612134
-8410371343829878854
5287604152616069780
-3121477771097508267
5973686271836232814
8158738067906817007
318452362357805607
-8479386075633693398
-4657859393823519712
372225658915305110
2537168980951460848
-7502423092315680911
-6415853074935416359
388995270374739930
71370341926399621
-2043731745306151867
-4093719758487426115
6945576009972428667
1529798318682752063
2328691362002590161
-8158953136525566174
2704597927722465276
-4226176971800756945
2183723737975190634
-7568673742641532276
-8688195984596343270
-2724554887496269920
4558225596969818205
2669283948241105036
-1479409969994744104
-1872514768498570330
7500413805223745883
3106673640365882662
5591787816931341910
1484223177796626320
7786225682195101856
1601439971080908463
7593286103355765668
2968670914039155996
3200725738649010332
-6650693788945469016
6654573155573664754
430626667571285332
-6266335660995055529
-1494611239106295313
8447344185116312479
6320925544721029874
-5305416286908261152
4315756447031507098
4170622640969124336
2294731235825387001
-5816098678867150646
7953853860434368654
4778689702853821683
108443315906843933
-2859343995300366704
7805325669545698527
-1078484615846177253
-2899804569429832426
-4181715843278921199
3617349797507265780
3751618711328626703
5471790547821415367
-5155618747794295347
-849186664052219873
-1348308578189094391
5368052886566289999
-682423084188474107
5855615397061316154
-191838888915204611
8133016031924473997
-9143576912762706825
3319360844479142404
6930994680368186868
-7880527099945033040
-4186127197732943411
-3792315961598298937
-7441354618911170585
8946898306412507504
1048983297556904778
8549837106098072487
-3799980504680875611
5801458615247831210
-6129333265933143769
4244246780172576123
6734589253457141660
7354816422007171668
-8222256361196217916
-3043622452754421471
4155499875835781042
1663342810265505697
6362016491636772178
-4846323580733705112
-697691767593459569
-5201477245598761335
-5762275619286042755
-977075957791123019
2950574329234250923
-466293279302176413
180396666718456619
-1679004158002884548
8149580699042400477
-8879947944675378793
7728819900231073222
8029775930160892528
1742431378029486584
-8679330321321953763
-2115500112055938499
6194810576568102061
-8003216806073013702
1978171171553780578
2035570658113390431
-7636763049019464546
7646037782435506631
8300361489383514303
553614561767082881
-2019489759789451225
6194112949815104066
3232298179648398568
5688080201994952450
2582650798871392677
-1330209031803844921
-2030565453878063753
-8782494486316881873
4985817110578087400
-4859981113937119565
7662269217500553494
453072751418003885
-1386497950991246675
8183464841152232909
9136616837905212572
-4518353610793511298
-6087804271124330976
6268333218459771971
1297783326785713910
-6749321020573015124
-2099283159555771263
-6117825394108158819
4400671975132866393
-2749908930170884679
7458923530053798123
7580844199611175337
4422525513337483261
-7827249027484992868
1999858551256677433
-7521637870905182206
82846944834084630
-2489702740063128983
8324961832550166464
4537154994667248735
-1931388979936844539
-2960517145579126626
4750411759989825989
479329978551983925
2264529605276624361
-6884939597833629561
-5135497720782073918
-4661499448290933311
-7361401552593303420
3569591095805838752
-8675445947754937011
-868963702084695993
-2938472789125509259
-1096429848280289272
-6485024902027212628
-8826300734649007177
-2183133989653463724
7591294891114487933
6148988277030173200
-3533044346632048127
9084151680599927112
-3363948077705029478
7750489616055609927
4213688475395968670
-2283119015129306475
-1840487504163275660
8782743726015398634
7374910459501438135
-5172250531979365671
9550050879047721
864365281977819564
-7449285338197874348
-2562583237455956971
-5329489020701846122
4484510523760654846
-7911589462152503969
6592791784386725787
-4567137322315238243
-599767346070395204
4325070477658726080
-8028766116689748390
7012134810314421071
-8948081984351189687
-1725634967245754194
8150784606087106433
-7017655246119510632
-6589673331634269607
-2221567974541745412
1190445259735082519
-5335251998051942572
1223864171694253650
-7353551262793821647
-7732556474411107688
-3750268511859398194
5190590888150401867
7197373097445292737
202063825685487846
-6434813162202382927
-2218342657834775992
2777716970016845045
-799171182697332090
-2147643467311091698
3418587309020323830
-8916960067220359092
-2957829147987595145
-7426488003366420201
-5221422947117081449
5059109076542079796
-2479295413596353755
-1767497133388690962
-2939208383068108702
-8010963545343855639
2547112075831892962
2107484310156040986
2099729598146790102
5702766493888266562
-5916674834552038057
3651702200078654436
-7196128707162802890
679233698157460993
200789129001300764
-106256997455951622
7573644587457663208
-4943181404850145799
-4792622375748990395
5728278421400410128
8117170600788120908
7096126934853712703
4957163858903558739
1500007172186685752
-2202878974806909308
6690243899630737539
-1587740064191292432
-1129416589620681531
8257689069361592209
-1876092542552991985
1819939685149430862
4610879766926755894
-1087106113931455743
-4680460287929146020
-5026440034496374081
3736187863281325121
4412120502228741741
4030753890662525605
-8031856402626034420
8397492173234030988
-9052861977247744558
13055228392568985
-8279326355773851251
5969819372897173664
7305241264298075801
-5838630832089639154
3023858346151994856
-4716292425238320105
30138587462180872
-4642868575570021475
-4102862532921389767
6042078327547991963
3672214920889434090
-7850787359672877897
-3718844498166290957
5066182980993222021
3511900713890602023
6319546190568614925
1672657522549711305
7726800949568033029
-7435040194473180008
4683600556166988016
-8026781526058298386
-3027900377778501851
-1745722110831037033
-1872286107668072184
-8248310799261438282
-203163244273995456
-1996825728077326458
-878236968790642464
-7340551465415429695
6962778257090222016
-6650499455082750877
-4036036464934453046
-1979395984655504085
-2082143265889479410
-1635158534315668855
2214068560156047157
-6946640121802271413
-1866732705247872109
-8449813725407676533
8193981107018221313
262205469879549005
-1025505909737658715
-9113681239287803156
6372804488742724700
-5511770589968463729
6557548006444641751
3108750712340315658
8351263356956590559
8743772956155995939
-5320952774414969004
2907914705127664818
1872280522828126601
-3069485504747295123
4335469598271947489
6864833627307822361
3278828465315096808
-6897252809639133449
-7706402882857364824
-3955025415991895347
5930204906868596821
7990318277592676603
3814719242506832487
2929916123750428294
3853141600357041643
-8478072793799306112
3445849568388685499
2050346165987338045
-4579997477261405118
-796753640948845004
2094071614146950268
-5881286999450070067
-5352873900075778458
5360780241571123308
2355313595190465253
2138217848426852880
367652363553494427
3280544890337494201
8869341638724793571
-3001352575109453131
-2704459964871584071
8903043136323463262
3326004583986225876
-6812074026209924505
-3861967321907274812
-7928533065361377165
3000160743985858151
3683392965761405699
911503156427797875
-872620002271277843
138508196835139690
6343349416475581010
2572297629456866872
-9052208362685562527
-3537863458163407860
-3084786557004641660
4944717392834791238
-576275400233154257
7370448431224218551
-5822244152922133099
-788617847445331433
-2851985721708537028
-2977667442456145264
-2415534392437977351
3975148260160300289
8230062715301166969
-9198736555192648225
-8810774381288737956
390975537827739611
-385811498816230509
1119826302618780141
-1694980266177061953
5179580357537823735
-1684670965451741005
8698473927800005123
5296078613062653152
2142037810330558884
-8358457730889846673
-3244475769820602795
-2863864462900326668
-7369357229259846319
2999131763474237603
-6389761601106158765
4412998062321543087
2594848868621229420
349351167095064968
7521906126389350244
-2217647971986217037
-943012747804469988
4832075243516593777
4012684981685066449
251335363161950503
-887087281490960903
-1793783013956984136
-3734984335587215399
3433605639294710073
5951902020242592171
-5864136813907200974
-4664835559826311583
-280047217517788205
4859891666911407453
-7936963319881840194
-530649655116543344
2022091936590609411
-2843774382866482657
1150845931394853761
-7059052048903634476
-621772666429710291
-4515895983142850001
-5429437291471650292
3054719578733801466
2258691048072680725
-6101002525772811964
-6586804551122325368
-8005936471021223667
5509903480605721328
-4360521551268451089
-936243845838259002
789095937044062728
-873060703051357528
-1234406570184086193
-4317377251364072888
-5759583028962492611
-2703908062541068069
-2115619849166653362
-1935759125686488076
4415650795737693193
9140237780966369210
-4595688061411108506
893107729396385801
-9146331543515196367
-7906811348861841793
4102352331368450921
7859802791491814001
-3025154938910853844
-7071590938642026492
5619100081668531675
-1409031389367245428
-1045608582938970847
6916358522585134140
-132788289299597538
8308816687083219906
-6582465018937549911
-7682313539508710860
-345319712177154321
2730399008698229005
5467703714339785215
2922130988806226556
4167608185015943388
-8244654992082919326
1048131205788812263
4741699894363901209
-4177050075599293007
7828219406091953746
8555878212719319677
-4390126699841864579
6012261828759580956
4709390242435639792
-8510534314444553197
-8628047156025229868
-5287595124675435881
-8979082418776756388
-5675980707445632522
-1464436998252185787
-6664090202561192734
-7484095388841869416
-5049719413487252902
-6132753429476485492
-4790012572838577178
8911029429090172983
488248961668688133
-6199429904930051351
-8365260707015874779
6528031869752685722
2339751278684360818
8111034297158553720
-2177795262884511223
8655676930715711765
-541266652460422014
3625893550383272145
6975728303825470920
1496434594635319568
4938216703553732074
-2300110040239214956
5359137910774593963
2993650244158028209
6314853669324370016
-1770731961364147230
-8240982988482713368
-5431894942218359263
-1187404553565798574
-7015573853903647683
7028242513410950686
3001269690226810212
-755576087912063452
6126027452193068515
-328599102056555566
6515267198792712395
1744776843168257589
-2122597040213487438
-8761018006414362846
-6897198167624548244
-2143572024060427936
2487138625331066044
393656775645057171
6482375218368518997
843252478419304979
7456951878510965513
6248308367487947142
-4345447886919718219
1823239969052123301
4682645117560344854
-8391215868837656254
6970896816159899731
190322746498798300
-3174558213248678870
-3972361299229152471
-4795576705777776447
1726131073890840676
1066325248149656754
7774822120434758095
7431552247737657967
-1029764697213000899
-5738434161165901600
5108514894076334495
6989111855536347104
3665325092953645466
8412861079774835151
-2731605639583076784
-3642482142080635843
-2320322132869395377
90944470899022992
4494241614043958865
6910307680315375307
-9020765743366585412
5786516572766742718
-7087023061120069876
328447465361757062
629944827971732593
1755492921773752459
-8018537124760847116
-9202166322232224749
-1814401294900856859
7394559458337049789
-2018275491999349282
-3076564555361514240
8476629834347117355
8815843848735032689
-8513567268114595358
6520119263875221238
8974014936386148294
-7686569153745243717
1677258193390631827
314337083323929022
-4309931821840914328
-7351211245063915020
5428616258189444838
-5687881528800258902
-6370212735009844510
-2495516846559836688
-1055012626997246643
-7866023360107776510
2035859112971349975
-304608723235760990
-395561706923342049
2423389233303562384
-3169800566528286668
-1917325171290992575
3106190896997940680
-4809672392286623922
-6870195410353154392
1047133252137995778
4061573112944260615
-4738599566751593319
-6364231276920577304
-6110669613280986046
7146549206109385070
-5202445362129713503
5980641473746911309
-2000760815156676862
7217149045656529782
2139976440435009385
3471632718079239593
-1964028054827763564
-7334268924503203672
-4396678275706397141
-409226051955776962
-7121878520486901292
3528797406577685855
-8550752907882385374
2533871465326517710
-6232102546833909673
1814373083537817600
7839066804315440985
8934993694294907669
-4540481582040380592
7987879295802270936
-7940676079925529274
-3859395515834863451
-7461891992666708365
3181568093532194907
8151245804416417506
5273555622585294521
2027058023497006292
1290128491424705317
-3216231785447052969
8906725919531008370
9202520721788887130
-5929836647970942411
8115819851358893566
8099674385205044973
3665487777679817532
-3296757352479611974
-7566807892985550707
4138244484187902451
6078228222888396629
2649770067998345817
-475508318675776332
-7266907412757966558
3090874264128193993
-7705628480108270106
2136099033894575632
7425485297327125211
-9182781885162556988
-4237891677881660445
-405468637712196190
-1122701495927426051
1279966128293918507
4618191135731923898
6358781139187499120
4534342524494309132
-7046946562628368082
6069812411838099670
-604467332488359171
-79071184840350801
-8259480955464118783
-4276784788861280952
4191217982784787616
-956398255147753863
5165678813380050961
7885296416679877749
-969038077448155207
-4281416425344511544
6506811940333395022
-3178048522981675498
8853875832501538037
7299042449200701000
-6988174783231953744
-2834515839977433161
3712811270161269392
7407698236853271403
-3279202200530647454
8320568294323263416
-5707762938573596570
4636695333576938426
-7433516451980097769
-3802765131487674424
6655623927794639733
-6011251038953782646
3470630054104345855
-706755547460056090
-1767761665050487701
3817644740912223746
-1369573127010337659
-7079607791166778452
6261830222197423952
6920280763563717891
1848489968638362153
431600817711361398
5554266162677672934
1641137173130462387
2393853491100322874
530797033205666506
-2160554093468886598
-5393372985165696373
-1564965358850741650
-5822310679934655117
4825651673429017470
2957668588521617889
-4445836491561272849
8763910100592809743
2693624667678032196
-6725092356083088036
2650284199950756188
-3605761913415475235
-6674580148666614482
-3119594534422421922
-2297592949675873262
549344939919642418
6290714384492458316
-7667641312573890107
1278441460504813077
-3847175045630574318
-115042484944844562
-8103230500356210942
3411265623594250354
3111412316499333684
5385235747266299130
-5575994527907323605
-6614730537426390585
8182603307554456551
-9209355592334956085
9217078146163872315
8519584083702006547
-7587060145122195420
-1659070622275701496
-3478210105473829300
-1666017061158730813
2945963150258669888
9135001207814238979
7124723628507575033
-6893470780331248616
4614940951501121584
1801071241082254997
-5251937260793162840
5462076689264376695
4589974740353147286
5173096370275354977
171434080740918261
8753237646804814851
7812364041625167288
5338120619602660545
-8363957098942659487
3284646123170002319
3332324198474696028
6041285302536714876
5552044847544597475
-6458187841470078372
-3298354356886739254
-2273808163573646226
3106586252929810993
-6061913438462674198
5109535580645065679
3688826476432728825
7388302770181404030
-6896428269617701789
2440826820649327851
-2552678917232248245
2871079468145021855
4861286790007133636
7661222476771696362
4781399426924580980
-1528258276291004220
-2516324263502876060
-5481675738252568534
8512879542498824379
-3644535482340660197
-1100387798502574014
-7655207487384946352
7672858337873957009
4302681135111303958
-1488300354671161931
-1845616357562052831
7319117503440426964
-585028766097320468
-1079028642010111610
3482141609227352475
-4709299619654732206
5490384502051287745
3038653633595408700
-2006727796670728716
-5936020506820316207
6432115996977398872
6066308684230714143
-2591337567051419433
-5891124176760531313
3754873413058116530
-2408643060444676955
-1250500315983561863
-8954011931955073929
8222661552117815582
4766895186060268455
-3630783084903591662
6214027342421260717
-2834269121401637895
676404547204801420
5787279328911169715
-3177944102440212395
1019051374487041408
-5788136968479021817
-5558149339131389248
-4089833434677914942
73280331773638652
-2731306944458323497
8907253515201614128
-5908726707254926062
-5527578076244508374
403283030302799303
525303064335190000
5358048861931866753
-7727358816617745762
-8047200498255429934
2053642423433685690
74336803301270230
-8780387259084343319
-2698563565229197568
3585326688845740814
-5126362718471730305
-7986190323230373059
1073856040603157396
-5379128750949758401
2402551595647534400
-5879959785367359293
-7044919832347383782
5445335548050480703
-2902742582349782966
179740721290893983
1950529182185128252
1526595470929335368
-9132147116935674016
-7205913300457085060
-4693253303786902310
3133424640165207234
6267134296883538204
2020118348692415670
-7176965921490466416
-8704966914935071593
-4153325955150251193
9148253610342966515
694773482647824592
-2602216080084953523
-7822471854157345336
-4438485710746807309
-6941000531717296141
-1015816330582744500
8632960061233397307
-1544070386158998353
-6905811347596714186
-2666753228484272233
3877855353371640322
5764226584550062136
-6359011553379632525
6520737688751016948
-2172756373123528420
-4053968589212333003
-6894355860229847794
8375574118647785996
-1451518915608931106
-593019793626990784
2152913959671401139
5841179442832221369
4549228427485332264
6182956679601212929
4988593755651743062
-3549098284954813443
-8367012082707450393
9117352568010107945
5169499592366763229
-5631874536592964462
-6531830797682142622
-7296439477973322196
-8825690412223389496
5091151328750138175
1230487699775794443
2603544657797924163
418719407285244971
777839372910691483
-7438613362100351379
-4452116230955963378
-7254751574084178487
5253483127629068263
-1664488520642027436
-1502364942611857076
-7932367537481478443
5702843555892322582
1735211969570247676
-3045600826774178481
-5407668745593716201
8318925391453483876
-6231243611099871927
-4431449943571288928
-3096601383067847285
7693184093615679005
-8611375820336169993
-400941584503623849
1938355795577741720
592391762175818539
-2899639182216128339
-5928811242714456154
-282770669207404397
7401897912327945133
-8441605253240056105
-2185990733642505079
-5486528944484664012
-1819095672025599552
189999985632151743
-2388894731862787479
-5944135891943715960
-8273758330611921470
-3487364285093165834
2922735570721718023
-9068711104586181014
-3413520756787819
-8302386750995569441
-2810136669147254195
6266700880213330239
4719849909458687657
-6358733248112424486
3087523252991966896
-7280295362765906580
5486865498148070044
7868373977167727467
1321576640684227657
6066477772269856011
947260559500796659
-5809290187820096054
-1258692518862680758
-1145838062546614990
1478762768339005210
-452304640664498816
-1997665375232807169
8983907668849127534
-4185401489468201696
1583425180536585178
4303321187812505773
-8930830446707671986
-8705541719155251397
7515094424103116770
-3631832881572186444
4575893373103422219
-352337410027443763
3173544770222668831
7992978931036537560
-4879382736945139694
1138574609069190356
5121613162852806142
9030863307809924830
2363269647343089363
3096503142987223415
2976950197554319407
8549761858932172998
2998868413851965716
-4383483449277517359
6560028649798676319
-4117304484178920080
-8637827166622296124
-4812115685096727726
3713814961949004395
-6188767973353982954
-2428384170909449935
-5116781668274652183
9090233377805244938
901765057993336965
7227763359502844856
-1432077436853553474
-5275820731258686428
-7407577752339398898
-3870023170395631472
2659045928187262266
1357793285000466102
-8120927008784758844
-4993890715122887549
-3693136372754243809
-6370459366287396596
-3479493625302329163
2989070081300924337
4586516272629061607
7033228162348421539
-2072638511067789003
6137742713947176463
9031339539819364704
-5920566841233060847
-2017386589093967425
-362069175394265243
3450564369755055529
8466354137230957892
1618074508969831207
-3128248197409725222
416958647251381960
-9014052258846376383
7830315884901929418
-5198976513236748500
923668329780698580
2576887343898514914
-4494267896146651128
8785581086149410454
2761294350044731543
-2735565011763319436
-8164769327851324511
1851564183652517834
3246971204267542282
-1351063289019840162
-2842395232324597620
49241762284525233
3021336165448666138
3412608956114433369
8881295929357197038
2686758101621010015
-4932771459284258223
-7184471190151784215
6501086955683718309
2058492316542276379
4714298614673180016
1518612899510490675
3932848956107365495
-2952174404966287382
8133542860973561042
-6858708804431310235
-2885918870294317976
-3587753159445267012
8133540119612364951
1138944769018404771
-2991139507923662615
1857913322243624977
-1719599863080786230
8114850740723229873
6898034951725265308
8907683926813015104
3081925382439742964
-297394125885627133
8729350205823632635
-2430082240589595323
-8099302698738056607
-2676969347947239199
399877162266217422
-6607325549175923326
-6275678696091734767
3571248140155942774
6486063677892016447
-4789570699036765944
123460194215678038
-47517322991488888
6275631805092743938
-7725193573504753773
-7063430567897473981
8877038396830680164
1138504857052006104
-8695626942600413072
-763904563982980929
2979826677309767897
4341377266466478651
-304515500090237846
-2655527131837052224
2063997256080952629
-4258974532366655677
2532941986488781201
7584670012510413284
-3715707910725458045
5314746049416095312
1187871010257446887
-5546146081221509117
-4713197090334022092
522443483484841350
5927895460930520931
7081864866394250843
-4212110487814517136
7488357101489830525
6538030398569597697
-5953936760699482656
8325459320322368785
-5281906868229488769
6684924266928268609
598935184247857713
3461625741841514286
-26582092457441064
-7510642936550847928
6298402207742015236
4573437881567147183
-2848460655867260728
-7579576265549295265
8570741457947434033
-2424193430831145986
336850185529865719
3476001820609531935
1844995276772490645
-4334752907836035992
-1617260122213757037
3931521168694119716
-9100434874104336864
-4372966458053613348
-8436395134938134459
-3055510350181212119
8807694338805055221
7581940878611013460
1488876141185536351
9037540620968874345
-8507835689582573872
-7739297303011549003
4722189963315475247
3064562529897894519
-3910580807070073970
7714449039261889907
4545368936547687332
-7364224753647206600
7361966847398804535
-911023414440443822
3686063303090677204
-1470518696548139262
-5583147433932445790
9006375721334255775
-913900967459221313
9733349711099683
3668532563307877148
-8430808225458683447
-8883410458543133475
-7063349081384405090
-6517508269983869182
613446624157422247
-7942347286973900405
8579184551290513212
-6114210560524351092
8444376479231253403
3071059244799740112
3775690795747441971
1510478928046804238
-6539516288564088860
1573614815666484471
-3421504890424393339
8744225393309235333
3366697141633643364
-4945605214112374448
-1618153636211658653
-3642044791527471434
1231384619535429183
-3293911156331842530
8308175380076544194
-4335297458429501424
3077329982739101516
2828793760863872473
1426787144744216939
1565749641043327344
5131184464246696787
886306093536566918
-3809516933926103252
-504615184577219502
-1888832759870637178
-5568422219746800673
-5330734664347281356
1633784949995731644
-1050632228863916131
1661882337732988851
-1793206591380157792
4952413909251206590
8302117034457565328
4213446880266108456
7941510529999508418
2553491589522855358
-7768756845395517140
7993480690613576969
4266237984560638624
-2539734414383127021
-2329202375656149765
-7564242987577504713
-5408773748718578577
-3723191905709061297
-6841934920845598097
30612439273649193
2306798917071668192
-7246496155201386588
6343499163038754162
-8683096679184429611
8992893619749013925
4849523612939250557
-2097614909755829680
-1629232569972903137
4134434256459949660
-6653477111518834064
-4620590777885392508
1324318012516171822
-730440686386698725
8100063910532063046
-4063361125523057038
6758510430101651283
6900315470990394646
1246998529087565626
-2266414704755290630
2929515945791167351
1078119677653977651
-6786798487659692000
1901459300549851638
-1824040787375270051
7052761211771732079
-6208405406182816613
-3959454139156349405
8186282839602984034
-1750667249195958692
-9019062635209929119
-5874536725651167934
-7723411284365641467
-8729404939672430456
-5417672579735700296
-177757700592347347
8772937279314811231
-5209602281245083465
2149664202822229046
5247589931830865587
-7186291650852011967
-5341099032736635670
-1524813425367115394
1394463301220995537
-3067191092293311353
2635326243856466023
6930165580686253121
8879872336860749825
2018719772162170013
8982578378464695183
4554750558829917720
5078555980756274294
-2174159013373198565
8024859590453826739
8515899993814637940
836173916906963407
-220025360252746938
5493394072472324128
-2874804415874173567
5655177514405115496
-7242281453781954435
-8206252666017054591
-3129320108939523744
-1400741589731448612
2360310592488492674
5415687050654812598
-1421135162562528124
-3703988182959390814
-8354230929425504511
-4438944554366087747
-2070086997176599775
2480069904344711195
-1258864022916997637
7075641396788671809
-1935106128053449857
6679910016937084361
5710398536193847673
2566473676953285917
8615326530427837115
6256028306540668759
-3995500903575705886
6945913682248342486
-1887306921828860888
-1249400749071031042
-6734450844285809905
7526233220545659428
8613510054524547593
4871611324362527320
-6339296075305679709
-8096090828577022352
2885876002776873473
4903611183448506470
-8793604429569864405
3892715369194871230
-2824687299691314121
7562811517219979267
-1114033368484088057
-6732763730121658080
7931541146882854105
-684964874879425076
-8187808601338326774
4824878436927682360
1133521473920448621
-8634905488960660406
2030879511996829425
-615708539134358041
-1589933467137362166
-326198879988855771
-2507997610592614683
3712774669962420720
-1504930718294469328
-5964134481383756857
-1430670985125143136
4586448365707731306
-8947499666524508038
-7536036575234923132
-6602764649121364212
-4355500521176845939
7578778615122850097
8767963764897238460
8363801024328715716
-2156652242489675511
-701965097833482616
5784994016692110641
15115551524469393
3719344791991314876
6472990915867277046
3118517912409367766
-7729620844199868896
-400082407763545276
6232231224001893706
-2204435088411106013
3819384206840606909
4730085709388587371
1199197424121748954
-7517707114378962562
-5443222832060000365
-5750798272244574933
6012427707629803044
-4002539312420249541
3922060930115227705
-2794854352809379579
6498907599865140905
8901801034781791157
-3632873010080091560
-8972014868843567165
-2599410589673858906
5681035858227659459
-6638972626729760877
4180211175938359366
-4761918334962846015
918633560080618158
-6116969651453131840
-7528180448243737919
8451063164820402504
2271595235926455765
-617452369001164998
6689519642675153613
8808989479102379614
-5053115519487574862
7453132953092643760
1662675097852425974
-744110142063287621
-7903716201087894403
-3679398773977240341
9177250041470802235
2964618586468871918
-217861101282819346
-6598142997874171565
-1677819973083566439
-4577649964424858868
-7760252267776373494
7734574527350472638
-1327527573087082162
529418381490929484
3503499033515411160
255195117019216299
-4837661775615919782
-1173443917555869413
-6982100044405455123
-3752101021247979100
8229666139578010644
-1217013813080173189
5149637089468794008
2219549799826112279
-8000559994150360953
-7730109630408030684
8676831197198538482
-2718483703472232293
-5470051653848284075
3171048741172840581
5173097221645969554
4925730282292274620
1592804120523572718
8869212625935843025
726098320030192418
-2866733382661355273
7579367940833651655
7183953300528885549
7301376175490936411
5255281624080478757
5632153746531200467
2905299139817699937
-1794688708905436906
-2114892494512196919
575128849948716772
3049171507155584548
-6001202192417887312
3515476326397797844
3800000978485425763
-4083905071228357494
-3586336287769348916
1740231402159296925
-1995269344848209184
1435760680554768622
-927365938817807982
-3655947783993494100
8213571013917132806
744393158286590308
8832904179339437969
7265908010884687848
-2660117472428750217
7792561749704842520
2379000566380441486
732718039655911900
7303982855124833513
-6943302068118992930
422115172844551783
6551516661661269594
4002698130877492868
7785905838566778887
7002342955100070765
-9172935438496997805
-1241571830492255776
2423572808419573763
7710460455897229379
7217525321445517601
4666370567442205199
-8061152828847805328
76854780938578760
8700679753030657221
-7031405839056016837
-7287942245351372837
-9167947353192117211
-6812569920621064089
-3059052250428360955
1979028320449537127
6506447676156601126
7675819691123587106
-6062866727960311376
7520126279173371585
-2291002384090230189
7688877971920816385
-7071820295128344357
3531737329759076200
2777543408712975598
-6140797022774344228
8894596443492778676
-8896181951364887009
8404911164705582895
3629738291896139730
6163964653204480285
-1022321593958886882
7824036971837965261
6868054469927269425
-1052077524096470030
5988431033182523484
-1827350677667221937
-1288557958492227156
-5488145327816959440
972246086893568146
4441944293494111108
2193729088892964747
-3982088103801907585
2920764033607733446
-2528797664558422508
2401374353109171866
8239579493001837908
-5267492748856418879
-8817968848354420310
-2705628204904394307
-1001608116688784535
-7702188614161260179
-6929923701715280308
-4086131945744059508
5286278626806377027
-8364671747128472021
9150261306069016238
5406336699724301412
-6204388655973529921
-9137051037762424707
8259285173729476192
-278143777308975150
-7491186858790063965
3033028213866528781
-8880257793830864247
-5132051815794192481
7038313531302107804
-911588631276359267
-3763992890769079997
-4797053828904855084
1345531005368411460
4299258884585563290
-2020511171935922218
4504976710393542555
5406356696508120745
-3562036079155537962
7806417733474893254
7202073902343251767
-7079927091656443131
9113573962888694658
6773816342514441369
-7175544987221977522
935126564020429591
-6786576097871038312
7113938553474845396
-7537941955554330357
9082501863170230748
8020251402757754970
7296665565156881241
-3750113397704353825
-2753848535415787439
8649092270292470753
-6080363597252082125
-2898733888275213746
2285495712521015110
-3723335795145292561
-2078705575694733168
8556452856866437405
1433454649407288980
-7374031061096048000
4622994553400860051
-4770053066097426978
290815083951130519
793151985061582965
2190065231484782057
6959440759355636056
5536384280686087573
-7276136060425144709
-5772424367254524845
8851322062349378465
7261047124186779049
-453851931257584170
-3045885941831159781
4189731365398075463
-4464570118839309837
-4152868088856598082
-5679863332507315481
-3497348481889755264
-599870183198427714
485312453588862417
-6833130769245332351
2101379499177941184
3732447271631805823
-6503189833168998916
7259164323256810584
824291292959316957
-7024582474967634494
2634133417769042110
554978600796487467
7826139988648676172
3148180978395738404
3870178146749224342
-9042438769766855117
-6001858538994541458
-6992561248292465306
-7831882708414378932
-1017677117048549420
-2998669243295910416
-3852888169124876629
6480364833886925417
147715762093740189
-3276129058712248038
-3633780415494712496
-7389863924021602543
7884135736141655040
-1607824741009482454
-1575730950487866917
-500537764785362296
-5912977177784259199
2932422724493310044
1920781424802245780
-4981632680445387941
823384620917859319
-1939550739504092076
2081989703299963112
3790247605407783634
6887695112969876162
1333544033951531078
1727315071094500389
-134092524918361843
4399900566750097992
7042181423667368388
7115113042196976958
2855652800933679847
6917715823063061142
-4801429793025946983
4084778502127526980
-1624038322928551047
4823197009268216287
7463806139772385171
-1976160101980098134
4294758296306337445
105390708694470131
4085660431931175706
4780121343312233462
-6641086869751415897
4628346045193765359
3530268884332038766
2018414700724549353
2118531139893408950
327821795544918160
-199013489314957471
-3136985979294162243
-4368727804692340122
-4850024292211219574
-2640054085167334085
7426248809214336097
3611529309786114921
-122012573013431250
1842591463936356598
-7956750104842636480
-7105709308263939417
9017221843665471787
-8028764812150424451
2735202547566476373
-352411719149146154
5233609366968356180
-1538325807083633986
1725167209988222156
7581811541385052405
2917307905987805499
2114688016916761842
-4433359623901162613
-2987837321795235128
-1361938694973882575
-3152110608922756809
-1721492385364287308
507098924408270686
-7287337445190926283
1485180786375328053
4376560049175173953
6270641627165894409
7298983156360292426
-655021597443937900
2465516789202604741
-1755403482838707160
-1668960277668344074
-1775074012904413604
-7816798287394036959
-8685534910784597571
-8777266652195880729
-7457855408129760019
-5516121590788431188
1712019031838562493
-6762407118334182704
5808619852044348416
-6827236117757604575
-8966059761806020365
2010753531734360545
7941522442920623062
-3314826348811457904
-192947917379600805
-7209101765452448519
-3848046888195011294
5111713210466305044
-8220526044818865119
7678527008060513186
2520390940402590138
-5420972706519758043
8756435910047525587
2999184726958541838
5300081735109719662
-5397717388258211280
8153580307562085961
193988698777749895
5723791434979420233
-5535316648624647950
2295077349733045507
-5189225934498385352
-2058346959747963780
-6198467979794176901
5021303713580787131
-8038991950551509647
-5094833726765125819
-5099308606338243051
1184064787524764862
-5816955865804520075
-4696694330995728398
-6096879021432068779
1194368851027586961
7560416995493540755
-8128002010752563178
-1600468919055216688
-8977475666060225288
7134787344861151527
6631177026210347803
6568811150535630863
7929826165264164661
-1834333424096011248
255072815736951530
2163906397071307176
9114494154385083560
-7602151482041857581
-180560636268754111
-3007605704478601488
7846104162252596208
3137301473273346725
-7104039872510546282
8334494273136538135
-3855542669458148425
5749973716135233174
-3872539585648004534
4935981604567427298
1870367541453356413
-6081205215491636067
3185250697186342604
7510312097848504737
1938336366086543919
7600605916582836682
5176822229478626371
559482159336324100
-8247366118079409001
-7792322658667597992
-8053782752642465173
-6326251200638983203
-6304765042338511907
6630976178287545721
-6984135438940684552
5762032854093940752
-3520868831404181960
5455437774496458311
8823322367481206499
-4117211217889396974
7970960548210715314
-4232590716560183306
-1369815025698455729
-2145560371033488013
5654673368760466807
-3631353501823439263
-6932039420168087937
6168999959054011392
-238146544456794458
9126946192959788762
-8567977686727724583
-5532548204770528922
-5134261946153351310
4866908366612136415
-7421069860181087745
-2894446612952450343
5079126137546603324
1985390065680760315
-5580646623833139672
-6629106576937185877
6776084703863099688
-7858331759633890877
7466199193429346284
-75484715774311741
-3905748887876010171
-6399809232050487445
7347430115731070372
-4618043337743940111
7324566122850520252
-1811813339292970389
-4531186367838442410
53268726680809531
-2937511866501648563
-1595265324942096522
-9029096816273799369
-545073163384007897
-7079270477210950163
895944468405873466
-6244290997005017841
-1602205431745754876
3687192514539942310
5202178709635136362
-1740124068616190140
-5547364837531801360
-2025028132056796648
7352668319286068905
6314694425109567331
-1839428053602732900
-5368483006268605190
-8342051161841553280
-3882113282107714390
-3163549230858838283
-5828797368126759757
9143248570119959665
3613312136332689688
-441180045698581054
8697321899123901176
-8391199592508892969
-7994929773547545820
-6184241597100207589
8793320357963184603
6216696476582571332
-3742661515775656232
-5939000884741757167
7761148493636827097
5462827608199670631
6135214399437961971
3240135222476451800
-2136742573138370737
-2235391027001688468
-5918869731820244956
-56027643474360105
-7543001520464698935
-3871142495129872267
-7829513845424514893
-2745221177687717605
275777367145237327
7679685435367880071
-2216128544273501280
-7829185307610642990
-5122582381744449019
-10843492723453758
8406622279530984254
-8040079018948207503
-3952435693631979324
-6858325561412463416
-6460972446606908862
8140509635491898955
-3701823277290007651
5742456565022468342
-1936036174215408380
6857669549929093311
-8408582091495934500
6474998200096863670
-8152406219539007651
1097569176237402233
-1424198653523423711
3943553076473469188
-6322122224930738437
-7164625166606590388
5166518127437491494
1190058352803985559
5919370694851035304
3383475684318738212
2743105156850662748
5217735328177498536
5229767652839037197
6792879300100476997
-1156039602275161539
-7205439354008526005
2452700740745251022
8445470411118534392
-4478246865189468213
-7970976199201278248
-4927273765946726269
-1054067601380096187
7736762830835149702
-5024855686920028612
-2100137947478210604
-8980204140659211243
-7073845405220798497
-1552041853972453269
6255718085819273571
303970670849391681
8786369950592801375
4137865732602849817
7405163117826821399
-6923975404157345376
-5609533749209433365
2794067267433394567
-8063904329092068918
1802553868045155496
8703198580287667730
-9080859514644968203
9153571929453054408
-636929441193068420
7661927576885629713
2063827117875711242
9171531959961238932
-7683547123160346217
-7621670759969637398
1816720544143655650
854568529341213496
-154609143642526212
-6712703806027498659
28540022606191126
1401565285113766250
9057740177015475640
-4990539534376748753
4170445294620100825
-7157432813040756992
5139913612649093715
3834761509685302150
6735313866627623840
-3437555447252145127
-1762354178759093322
-8195800391610007306
-3468891934153618688
6441322069785130107
-5705290740829225126
-926639416353218320
-5883041032016562873
7638497844100515437
6564576507194753991
3169326558548834312
-6310072780905709181
-953234317867780376
642946376119465965
137931305458006139
-1669487781046203065
-1444144629547285710
-4607026706395445690
-4363121726839171466
-5993438958040326284
5395686787990554720
3122699238413701230
-8235012897631315735
2007900406688263074
-3017148907591929938
1247444716815113159
5523681676273848661
3678966786557526931
-5377916951762468909
1525562584857056719
-5780830036347809401
5096328908903590435
-3140448781328296580
-7956807583984011463
-2078629270415496448
7814877380778008111
-8392051751263125826
-2105632260728415442
-1136552053374101495
-8516870419884385878
3912947247009758663
-7964868984956685431
4803589524008856529
4668194839190439552
-2517525772105231889
6292891064894805820
-8024095820766821700
6271636412121569474
1655879578374784254
-363461232387418622
-6301827719323543771
251430102866440140
-3057901903230988749
-7928538120993200553
-3204339833327522427
-1538004883651690928
6958555090315508194
8794776759359500478
-149821290551950187
2107432728453014166
-5646511448795340278
-7649590251096927736
7710651958294376217
948336878476232695
-4083449479134372456
-3293394429942523943
-217771133744300636
-1553009639685957999
-3035740712637405944
5034599661087623186
-6153837146030499560
-8512770052401766734
-509350198424034389
-2710052613861102807
6837014319820013738
-5341606596251018099
-7468554894173113384
-6021042568351701649
-1154033502788414136
6986645459419478316
3269637639705464838
-325423966236821780
1937435827677684389
-7185449981530817227
2530040646327661787
-2823247583284308770
-2655685415202543283
-7094034201614386152
3768115141294818197
-3302938917417303851
-3323675632122467706
-2643598751382840852
-4723219267204294426
8838848773353375363
4451405863377428712
4571239042707599919
7226337917056040661
-467414040031386204
4144374689530537615
329851260521456141
-7229432457436590885
4894180817355475730
4592056597569887187
7721160543624623812
-7146910733313449565
8423136503368051330
-3025664840991486935
2789281296871701581
-5336066187345186579
-6393158529915257988
-920063638481036190
-7998908754548637605
-714550067895343673
-3484022094485531408
-2277532163835804846
-6710003845399571037
4731205338461831397
7369506698941057544
5918129308264114757
1448359511948615438
5775047772395459923
-2252679051487897501
1505503690580457
-6384726301079893274
-7900405688872692581
3200174907444285470
3054107020908490235
1395878167570949402
6022501617001885848
7712171968236804023
-5346210185596376112
-7981496432810702901
-1678513751668408098
7016470677475389394
-3596198127911552234
-8001424642056333053
3613629312809444569
4857087884141065714
-6017654381849949052
-7214675195844126196
5565581112113764652
1991161285255422137
-2383968843387046600
-3082663424003493123
4782047379230047140
2271601541334506857
-6405980372770723848
7972790535443455090
8393687865863403832
7936779943327813097
-5837336039061745637
-7918017067778081226
2391865853994941251
8884429048546872329
-861946438395685591
-6825856795412052988
-8389442092053183584
8301189778454149859
3225994032694461659
7325679544383040833
-3280597053179616805
1066941743615661291
-7644667600021847196
-1469759439215637581
2736873415597257425
7576880181027926165
1844971263404428001
2584851505613078883
3849800772570928606
-3620533096276663845
-7368706450327199768
-3821196104367316377
840562569787677620
3331257922788886932
1906714098639526084
-7064519458075851030
-4177926092993750009
6464551823393101583
-4965182518570903393
7129741745646646371
-6505563478791404231
-9171723826461021518
6967135606072359055
3614796381339470398
473501427214229211
4014500790390510485
-4594206228051327366
4338915610288050656
1639284416835817054
697174548162810593
-4306832227601921708
-7310347999510598711
-4514271380590552417
-6356374925779464562
-5415025294583133087
7034980306893734818
-7021391204363056886
-4272385345741805592
7460540938575751844
5320037782044681122
5829770826426361873
8397951395285148420
-7451465192314948628
-7024641358589668000
-2164126515188734687
-8538697286587426299
365744776084708445
139492104147112858
-5556856514601639486
3726171512999082546
-5166009520261822229
2991123470712077426
3908673755947238728
7387268489840308370
-6165504651369571020
-7661704210395179800
-2946567292876408875
-4311087322670056518
-147125882784310340
286335797284121265
8227334724585004822
5888046185269956791
-3635371090203415984
-344664278249294991
2743269948123091577
3701917279807384194
-2013786681434033798
-8387954249049375716
7931118655995526768
7810460103167198743
-8233818287856176867
4675387381505539994
5201623430081988689
8636117960591433074
-7264798311696891795
-562254647121284980
-870814545073138889
6861757830181826458
894663823049407561
-1055846476612122619
-2642812970000143675
4656347721196164250
-1578705504183239143
-5613887375649256832
9067352247474991381
-6611797825010729635
5559253214804254907
4273851233088584455
-4872774570684948953
3804309778380134067
-3434045442391998785
-8506111893706481777
-1100565307962950223
-5646753528485272469
3841899984550414250
-8858565045294046560
-9125042239665383834
-150502933625339193
-5726866688309811786
4818391910507363727
-5821732088220175750
-8258579827719137463
1419091814209557619
-5554998138074680007
-3343909430582606369
-2235837549559114728
4239063673079850375
6770509943805124084
4143466466067325421
-6286736104480249354
1952912620799645153
-293276823262490615
-7896363444503930277
4762877569906891927
-5979700529973312835
4446718162057383660
3616930053120749624
-4948175265364485516
5771302566288427530
-4577585392887091128
-6718282312292827821
151953774560786352
-5768772925770542652
8964021748007259563
-5630364819148928007
6273360066649998536
-8119374627911207140
8474601212725834102
-6580516474716131331
-7859263438865336857
2065640115993051725
-7591384829595373683
-3655064982646412311
8015361253792240612
-1279783839870635480
-8501031842403295149
1805880925164010454
7192502559680589999
5664259902920607797
-8679472073339677470
4893980076154953548
-7146637968469395009
7730651071973836005
2196093941162321016
-2177113080088339359
-6857543445656323382
-4901961127576684661
1045025060583403844
-6828312901988017551
-232231423625632342
8441731642992064753
610557988306562793
6027366962885396403
4590375913056546380
-524260301939647539
6754229348524997986
-1237470816278408899
2891304045357278033
2234698391055856171
7750317306278277303
-7082222089807914411
-2690275620332543684
8583187713991704179
1779300746195871026
73336393592367543
2119596818525800578
-6775985651085693709
-8279967896023800399
-3737777815471605080
-3579776457393783577
-7058318572894753850
-1627088794116316036
581636846561508126
1949611118849904652
6864877451473457759
-828493028291749332
2825934677997053920
3147276414319936596
-395422884354710444
4487499631040978675
-1647364772742391985
4538973926455474271
5464500927641601127
-5073156003508923546
-3897678426818221093
-2875485732247217114
-2023087925312670321
-4947391804405214476
-6079196902792640895
3409510490224613115
-964933638351505333
6504544136345191756
-3344430283289901061
-7222085199791950620
1467148885105437220
3225603869093763783
1452412270975760889
2675223449571357753
-7095499198706961502
-7035075400887995134
-1928458703692227077
1198809668256070679
9198740944581989380
9163632102512837946
7079699848053083174
-7880728978496201529
-7748679571012517832
2822228048642538852
3636757785006350170
-2493924669104637873
2380652597983019096
4973165148615616200
-4064937538203266151
6151714306007104365
8793758278909456281
1824996255071014023
-5714140357486608041
6626966212502697906
-7658138263804460018
3121386644898189464
-1521365896570406112
4260761385525047385
3374601292824403099
9096462485027917597
8111274857070681164
-2517590038123143085
-5556764502651769756
3575100677947179320
-3581591498878357203
2734396622915948895
4078025277490780005
-1260632875160191912
-2466598323396077930
-930991795017712580
7988901281060449596
-4746869461511067523
7602281320231986188
3486412323230425174
7827506383113907436
-857449361537424540
1286838813544527941
1999379333900783649
5660556995809905366
3883382486305331154
6472906716740735191
-5772821978999029473
-7755131063701261992
1504428395343691722
-5989368111528982716
9123345982206806216
-4418698816841559196
4369323101472806235
-3466252308553635376
-6116816113100500732
9188451953924252659
5481515933070174252
-4317198753730974461
9083312991458601524
-5593346172848730259
-4387409590592021037
4845068262660760318
8931756961156198401
1466194644984062785
-8883661370399748051
-5119352172917197766
-8307632920272280240
2083604407468028150
-3117746065962208602
4302788060638108661
-6985137203892278572
3027985293090666443
3607805217010590295
-5891872395014338554
8587942487295845941
-1519384995679031557
-6911618911345768290
-3569020159245226147
-8571478371527866460
-3702931483725596764
-6696707668136748588
8195582340407936854
-2439758395422331843
3268486377783967682
-952559075585333718
6944230010008090228
-8779824321788544856
9200059670190567889
1647781764755533378
3488231262138307315
6191096362969787757
-104805224956731158
4896404233834290446
6869733086888469544
4708057499264059534
-3516049017159544849
-2574903843960114579
-4079466714315941862
2900478422079082926
-5386748352169643660
4391687532672761999
2289786500736616835
5360018409654875545
3233720202354505136
-4239534013344245918
1646052486142668413
-475810303068527837
-832700131805198211
-1729337737809691810
-8231366282503885142
4664386917803511778
-608499534159444667
2457306744810222333
-3210518473713969042
506604328569229885
7388146390217556429
5222993799000684511
-2590905116089252757
1731613565773489044
-650801618056665386
-3434668199702862742
175774184848309936
-5659565596911832766
-6070656630484484521
6566935742380869541
3086217411220892634
2711600573313335463
-3056143274739806090
6088162470554674829
1581084941983115588
-4520449126218583645
-1220347001887251222
-7883001511942979279
-2217169964590367376
2136494715133891276
-2356371535077157286
5979168209702622482
108957599891620546
600324278517110208
-641206921021688521
-8120938517864985467
-1812731398239332709
8500478398738952584
1283174488134078442
5384983613976207079
3080940836939473190
3977065591606439104
-1010504200107078501
6242404292298859438
1589489257056257413
-2333054169798201729
1091044301265435004
-250011132081935711
-8297551508773827498
6014094982906284702
1967715938698527628
1917514424061931311
5916146983449893280
-79428789700244188
-1857476997617938773
7144126036820643079
4579720953434910141
-5639452311205231373
1196218720526814870
7909797162055226749
-3831938069733365682
-3355529824648765867
2326382948112400705
-9058484900855533393
3131508370174525374
4636591467508053227
3807960721994246964
3881112302854116688
5865231127637760684
805230847958693635
8071642298626401860
3287180541752438858
-8246157454296782668
4014246009739242231
-7517874206982988337
-4236869030605653656
2542194726405747103
8113948950777969639
-8687194653706973608
-5877414637741183855
-8201267429319622557
1951571127941705140
8840802645038077872
7618168372820740230
-259105025995523487
36903494082884895
-3169705852592773718
-4590758788931903119
5751810703517718712
4727405534221855166
-341511918133404495
320610609520343241
-849944614300892455
-8553382093868672478
34143165407297145
7285722759228843967
2673991501566947180
4650701097849069169
-5420098859188185818
6666815993606624862
8189794667253896046
2884480120019818046
1914760064111780386
-5316708391054591280
-1597387913004968712
3764309461173864533
1946720114117510378
533350795618603041
-6672883269449906381
2147973434749374181
935265589586709045
1578905786523149482
864792974843049325
8828757185498385057
-3492327091511046159
1272583504009513294
-362448362051325473
-4877071335219433960
2619325285138250295
-158827829115140113
-6650989002001982316
2145074960655556315
-7216717871978447249
-1306390157746101865
1643299610712589191
9049586678379561798
-5022930012789425805
6289349128942388447
4856249725888245618
3010709578996481517
-6165213954955997412
-1538252477222183455
91671823263069118
-527800318366498281
-4603327051723755913
7462970847063139563
-1458916106699683444
997156169284951524
361555146449926464
8420521069488810754
2913990762904439824
-7631301706872628332
-5959867388218659259
8695488000425468199
-7017985138305837659
7003182556933374579
376928607133773074
-6189987919144805081
-3336420766224557296
-2262774208791953810
248103519055030330
-5597425707705971444
-3192131510506266981
-1665228055744539157
-7019441499360815347
5209990747725631988
6114824440834441577
-5226900419649095569
7432931191815995461
-6633005163777002661
-2215913771106378421
-8755189583065649645
7669125041269153811
-1649283832621644499
8901555324074918728
809724988776761111
-1327641661200144666
4266392414122111131
-6864685820143833991
7437903883549904937
8919205026316001120
3074530315331436210
8520129047360363116
5128739849569073333
-286854773436572796
-3033714339277492415
-3626350040416024735
2364000426494003536
5585392586567429188
-5886176206185484972
2546506874979559566
-399016897119690435
-3405061463603299310
-4097750579672042299
-8385315048925613293
4116675966784326804
-7483210289529841529
2200147405083572114
1807824643031343
-6957140192206795239
-2553320685109171489
-106880810882237027
-3034876742145750374
-8484421503323466967
7420408168638379657
-3924708117362106405
6293088561077057607
5416862745711119432
-3184973093869762844
-4748909588923959906
-5572881334943557881
9057233566177018796
3859402509648002788
-7696426570958425744
-1175441597671174943
7036868049738224984
1658250331545470469
394228083763565795
-7245561819099045389
4942605476729019261
-2158177633582409525
2853709661837043230
333580070149115437
5083114012307243969
-2893357863680499473
5093850779753270660
1127900170630452816
-9091535799934222103
1953920465062450265
5485378698117695906
3746869979098800771
-4250080799289674810
5256338309314015761
858990835774526725
-273883668022914232
-2430079412783841703
6186451776335686560
5387090738082426172
5685494402836709734
2913749520459436434
7486793923787812362
6168254075302870971
-3315485276044897751
2163087454401725673
-1628383606214811864
7080264637510013601
-5386359106364294148
-3126254119709276894
-9195134178406431379
2056121865551168857
-8958814593518512924
-6126524139377069372
3166426593270374436
616845768313480264
-2771214133736037802
8160596443535173497
-2857578897836752021
8319858743559414035
-1523485761512933268
-8632778710917204779
-1713419189477463621
-573158266540935998
-4886933965349955218
5937579796173709532
-975591941873785698
-4693862543308364549
-5928965801681275578
-7181595969445922201
-8152924754894377059
-3860817958822486847
-6102006155253457317
2275144492934920966
8498149927073708418
-1292860769233064262
-3146174071087639597
-2044878147073536251
3320594168142858853
6337932953625222349
1808253821098157824
1593433321607524997
3040020302420979745
3765947267375503576
2507300747246389909
197503213744173588
-7301707980420791484
4286323704204703381
735845053369268744
-7534954601664088797
5711606871652827156
-4175859266927766214
3941563001908027989
4047605808618356337
-3447666229401079251
1088630680913598280
4476387538308532421
-7948074640363682728
2693081619683528850
8271635944607214085
-3586959401472275904
5847827792345241097
1628987361199120780
7260252436328069523
-8424796114413121638
-6552678471999488312
9155861258943518176
-9057840846569181100
6010708088814556360
7894158971776885711
-1772898570214761803
2345047367369633728
8466775477399168097
1974748590446986731
5096495801584596688
-987667726051198635
2557186444526705160
-7123615399299057302
-5069507662828199903
-8003935276679035697
-1176501819722462037
-8407387822126133264
-429652492191770906
3432111483652899231
4817662143383897955
6618480816927869674
6645642016173966919
-2197017502611517729
7160711078109998594
-1737353854869140320
-254378130280276418
-3860854522594110346
-2747866839551573990
7503635824793007632
-2381333457013541460
7120505997936166032
332526617234584214
3229748248227575000
-811798254624735064
-111477000609609629
7500695300863089351
3091178299565851815
-8962758248797204872
2157094882643478298
-8243959310519883368
-7252562785550389114
4277485576136103939
7717912347549427649
1019794069509552065
7337162082556524155
-9121427599050115124
-5093991707027132618
-6059721813332746470
4920863527567021332
767027034898315383
879914239553754053
-5979850009672058329
6533572291973983653
-2499025170358471733
9063705156235638342
-1082280627992750629
6080569510409425220
6922181955881600601
-2433895064580185810
6482835148341383825
4207305232671314037
5981486511641346556
-8237572537199946008
4535113037546994214
-4335229684478821269
4017025798926779708
-4178950256418173396
7829139286487742826
8530103155854148755
2595653796377449562
-5078695413233669618
4052512595601311335
-2799974515170949301
945026547181876238
-555470701363705114
-9112923491522268468
-2190944233613520051
-1614016062744606403
-6378078086744034479
-4965035697035641858
6578649605132878183
-7064645866136630469
4684764782422065745
-372031883481951704
-4952031771241785454
-6291450726179480233
-2238972784932999890
-4975229766562524819
2909119288648417757
1361049092849613626
7454819869193722702
8865725555216902326
2392168329999612060
2484275403329145505
-5017181442647616848
-2908934798919859019
2255385937459084772
3299448544170043721
7505233623698900982
5673099555325573137
-165479716541893077
7804778193927544048
4491119096643990239
-8097913554044861487
1418661361809059646
-3278302514554186139
-4201719661400311511
3625764935443070042
4590833104026197931
-4780766862241830225
7809595960791072245
1554378354051055126
183899734946856449
1321780380915092786
-5276530593977371735
4176041573575044466
-3684044517819696250
-4319296355984419938
-6541187688672032420
6877633220129731646
5268648095056611800
264935985242285424
-8601674493083746502
7003521960410394293
-8503106529181791513
-7824602882559174874
-5569836220135300454
1243828533030314102
5318042372353702092
1730663977132960811
2005814554793798665
8957633088766852350
-2734717191453589923
3365461759384370680
-6877514316711297150
-894483543531728919
7766664780985900270
2028201744010445354
-732608359286945306
5353725677159481129
2236807568336718822
-8938377027200997362
7359196582363486754
-6721041943593869981
-6454814870211515891
4591508993150458082
-4891837214492235688
5547297475619443707
2740318517307804683
-2142800425545368369
-6990478360501106107
8081608644414233652
3136612717124007722
-1922322883500704134
-3416313213381358636
-959679702504280205
4273191504983397301
-3087968769336528312
194984319625762484
5344320378534239356
2501697296964438396
4365013393430480048
4422889847273642630
2079560726985135637
-3372243565510369371
6318980814973300754
-4381254085897831548
8179324103907936529
-8615167884404816866
-2208042685215444588
-1817318011531749866
-4190374061750579920
-4208228392744289826
6222085077700540015
7137929966153303590
3738341389084629217
2098519775319802146
-425293306695581054
-6579611963611011003
-2929457170316044679
-1434530066121936688
-3785863766507607531
8304901710703204331
-6160307983312642952
8817743967480870208
-2712774521933588645
-4142749713279520427
3749790570678504733
7270150383880251271
8259930514334679725
-3760245464967040344
-9174507121629501108
-1127970363336533168
473623659844872380
1620006343729245401
-7802747087159476411
8815893989398332710
708606398099288979
-9204093912830793272
8862737971221223970
6298494411898240357
-830113559206693097
8608272464258442348
1279140851131246264
-4029720494207272756
8402502249403753520
-3564777473369867167
3270522450965275644
5642318563860118397
6241194205581359354
2123959539065822002
-5691943646049392746
-4205456603246067224
-5817798739688361061
-1788024522738739406
7428085738138808157
1112131540690436519
-3234452923279854406
-5269758676020775051
6939295392114242428
-9210829108376982476
-1035616161697150782
6248456960696441904
6181895946659739589
4255324721365410634
-455216975757905245
4449161920884247748
6550137509644791737
5756260892225795445
-4887648750086485203
-7081282576136307813
-6426178567856265496
2867007528303135600
-4253793005246271893
2607875038364332582
7016408626116644241
8935493328638960790
-7851197982272096178
4753519971210378166
5738918984827470991
-2443841333448572452
-102096487077989235
-1282869977759804269
-1600778326226415707
9165586400424597921
1474595665891427151
-2453150883089266175
8287075206733419333
-3693639665151781700
4505717901918255438
1614904051525868244
1366492456981190104
2335214621099672467
6047587593139787175
9086283636857602077
-7079268819741601070
2340968313339242275
3570619808072377188
3097049811896290739
-6636846288782453969
7895104402376167598
-1676353377799073215
-3838791614611518175
-6964006312283560047
1489521944217036875
4855320821941550751
-4094083503505601433
-5591363293166912549
-1033491025706427102
-5239620739581011109
4425243472566590058
7109541106913817109
-799454015450617503
-3032638015285388597
6365799160896880283
-645023265786014091
-4579651894130053129
2735945773393086071
2396085277020290016
8137818734793344050
2973843305201694139
-5047827001521429984
3449783295866883811
7295046926828702213
-7457716986928123010
-212496447203000070
-8896470174852702888
2887681897664892426
7651999857090852495
71437610348247698
-3301876436823505218
5632953170996329670
-3517258254531188756
8967681569706345811
-827419846881654042
-6429212670907590016
-8298632444998689249
-5724892814537801408
-8417083840861463057
5949257708541487527
6559668286388718929
4130675404944573748
-2856487795745615792
8143913355417211937
3097923387784972893
-2968728583754900750
5023716144708418476
-494961879260361394
7974031818286729271
-9074876827532139166
-1712670137722133879
396514488117168376
5470088593076809805
6176456515056190827
6424495735975720423
1390860379733625476
-4585687057670110383
-3697787052070403568
-2732377815085880218
1238035802558289641
-4499076288138129461
596655771358917564
-6010552626427273015
5655600698779140259
-976039980021853788
7764188588659152589
-6389679030624889980
5658268077591338599
-1326265312537177843
-5561854164141455817
-4186222863732864765
2829000656387988155
5528891813976414617
1873722016025255666
6915838256138831286
-3004157188010518108
-5110720075885137670
-7806613756548528871
-992122740102051596
8839764979508177527
2377149585156599640
-5591923098617819722
-7302774602138476377
-1784561158515182869
397150360040903437
-1287780282421597290
-9152713590709424234
-2870678678355923467
5799608534333749377
1354180696574997536
-100033497626289092
-8817915708267784565
-193339113986651345
-6151519011390174238
4241580998702227000
2470547163827890294
-3239057879266002669
-3820856191030295400
3086304739609517438
-4335968795152717893
9102438245840836545
-5564733093726485576
-2456272750725820742
1068092797354600777
3322459578519045042
-4144406871767921081
1698367318104246906
2296031831948311893
5908751357963058014
2400690957825864407
2553288534221384290
3646046030973928434
1768482519818608133
3041881543884907035
3419043671774024897
-1598015841631798223
1636536752592894126
-272336860109795947
5090794267890173414
-5274743298937220691
5884455020382226612
5031834778626867516
9180537646683403851
-4400347417441325493
8727203229609524217
-1169023025542408338
2547898169902298197
1273854468240979252
-9176178782564630979
8544072897958483921
474880711983190831
-5377172688044129418
-2351533119250062268
-6602281547603824783
3808165391593560181
2122891454589813844
5587638739859738545
-7123004343306532127
3210936028029327048
-4859845453816751200
-7068190649329959174
-1570724231192629158
-5127887747809861040
-1965494125869743591
2562990801903153386
-6542773831175376461
3573150587837789014
6794359759276814585
-8796623755908269314
8232929159973204417
-8762057701845546424
-6575963493494306442
6901327441959985993
5070842366302632393
-6362907944092383516
2188496191244868454
-1250905076564963895
-3223740742243540398
3419108474422385736
-6639699924545340829
5587935967532258554
8245966028793400822
3775961980388091443
5968548837694878990
-2373390764974527059
8269941939593430016
5230555783569403351
6318251895374738028
-9163528396813529319
5574818366015009668
3862947415411582640
3637015510034643615
-773675931476718001
-2238782780032374789
-3106463460344593607
8044955694256734966
-7013991231825234691
5343082642654035102
8949438175481185672
3948056733906332285
-3584764997285805731
2269568057444754380
5670678750667556249
-8172030713452368886
-3243624102084905403
-7446097298865693711
653444781872847969
-4284743575385252229
919288819538953670
3106929401091849519
2899195602030385680
-8716364451375015419
7553606989239717501
-6269480489233999039
967635919750618588
3630192557056864784
-7659306472464907054
542055281126217628
-3924258484236584377
-9067903645164559395
7247272249758778188
-5291150794977310613
8413535707335857357
8128869832687120500
5395878637638726437
-1720817055632188927
-976795980922534218
6310684705874157432
-8560302023929345968
8723926539848834796
-2986940396795768494
-1613637322107321170
5786717831779871828
-5532132902961848460
-8891972495509421573
7425113464957355041
-3877320574622501055
-136569833375232934
4708154420959498269
-7001762713155047736
-4501513750614747867
5020806402977105666
-8093009890109974600
-3306030904984493944
8225223959421996735
-721201251853357673
4107918523234542119
8598984849375012238
5966796086923614411
5218334038609279532
-1402146692276964915
3892506924567532919
6680846735010998711
3168637162895854915
6070675624233003914
1667998403483965446
-2312827366861733370
-8940370961702900005
-7977996937362060039
-7894511769665419971
-7996142665723891027
8751669928630764463
-7316922118289887742
-5386696958803045201
-2382832311418359857
-1296454715481930592
-99019295640340508
-910060435146923920
4359215601220661863
-7763671897077400494
1723129937627374593
-7273352477679511166
2522838827113392709
-3125146665483389032
-5592420428157817631
8511311629979307588
-1333864116720807356
2776335928949194654
-2806267717882828172
-5742284941955279203
8058704833040258809
7574277515555601206
-3456205755568003400
-4113004421885512685
-2259499646957809594
5787912988256950306
8911191131287636875
7677209640519814059
-5113286069580930941
-3643255782696667283
-503483703210940097
-218426332155698793
-7829249718458699459
-3580470536247371739
-7491084946399194834
1717235354781650480
-8631334478694925809
1306023863740710247
7040981470284615212
-8489281234186745032
-9099868727751905268
-7810080089925574552
5419329961304725856
-8978365446423048619
-1704781927094440033
-9041226525495856770
798344390305645420
-1069291028807477950
3804503167547837239
-5710197969930292494
7335854306906802875
-753837278102214459
-1062068793252519096
1618983124657373207
-8428806898741460584
-8776425088652681831
2292385559253808776
-3008688484227467297
765576236847734977
6958505325389794163
4747136530468500532
8501074272444170832
4476528767155423166
-1720125737591945294
646422707532867455
4033278567492722091
-5000840553415936882
1506322503952398824
-3685239383956230468
249855259039045461
-3861502324164375488
6606639425126815654
-3167040111838583646
-5421603754150341568
-6883848818770070737
-2333407178176263009
3872755936170475619
-1089579170846747376
-1805328240138454490
-7865536506366371689
-5402710604233382699
-8572701746234297320
-3509289680747976273
3057297446151449962
-4566038155596899854
372446162920737290
4019312457985168657
-5200578453673829535
-6569043485360965334
-4569483351058908307
-7606015194763221703
5519823194620964203
-1476833229560637567
4712406557032981640
8981907474087171284
9199937042423998570
1153116213184863181
916168629295457867
7757558492829561974
-307292201375081891
-1794920027385842530
3816771889825536382
4150852649146122977
5384548945061067650
8190215857381486328
-2512278639921862202
4602273019777465385
8060235464448305069
7228787423290815641
-2400031955659809852
-4249572073843081806
3978692801956667660
-3029237397395970826
5881034985509973979
-5059251734131950281
3711352314921739175
-230164108561320046
-5874905969709631075
-8191750679664996136
5949514257532830636
-3999348771966506626
-2735491874808753889
-3773317916042344251
5288879749390743730
-3406835293209587507
4236798053927838937
-5167762767965847411
5140752290419201481
7087584952595652604
-5839190052885810512
-8627268946347506706
-4629317336581096315
5936493952115845259
-6302953106617346330
-7716951000159142041
-1341204269188034009
4510418341481959926
4620172932471039663
-10553398566301719
-4909373511319510372
-1356419803856281846
5331295835487647681
4121184641903482740
75345004393066085
2164786187836710213
-9177227763691113738
-527752783461375584
-1108996746113408645
-7977447248070719024
2803826689630123584
-1961472689682625932
3248087832849066771
-8104496702812898505
-5740428528227909108
-7782923729761613720
-6047470907084623949
-1480555414917907018
-5552655658720495298
-6178402892333395628
6163487886086173159
-7186936943864743855
-4799840252410371716
-9115420280766464005
1450968103084401548
6115482819375460903
5941378643840839235
9214840125481249191
1154152496102436658
-8800852976831210902
5721605733880428069
2230015147127658289
6837701229188832911
8130608665446351611
8823606187921932135
-410143653680111366
4153386255769328922
7750348504031034705
1996883926975517248
7523128480493530778
-8044728085568428019
3444237997465374655
-5335089568605370225
-3482395906455660736
6595622919837580647
-3392563125913082322
-1362836888753180708
2495536001400505625
-2977279465894496552
8439308014328170284
445399001871451306
-1878925536318201790
-2622912514165000712
9157341063341783673
2695310403945804777
-8836837509739410939
8025267187842321849
5054851048935714417
-560615891139352906
-7284552565755034416
-1488974781408757152
5997558991862405765
6473451356059336570
6062848639686234679
-3733726221825788167
3631580369368031315
8607758615915534855
3321854700216283421
7646820789825044258
1225854501721942290
8630912322932684037
-4459065973313932097
8820244352286921351
-2048648452472094082
-2557487408121561316
5332717628763021753
-3350194192340502123
-2538175981759987411
6208151160148688579
8340225147660120167
9010098454321148298
-1356988690279757610
-4853939368450607010
-4189014284584523961
1271980819625889274
9101793203312952011
-4243146025937994572
-7837043227175637385
8370019648075281226
-532691503402337162
4830101484053811681
-1533807550048040290
6158084441531000244
8808805294187153942
-3436936172045767554
-8936521265960261505
-6528448586408581010
-6907066132348867
8495234329408188188
-664139717656954894
3997375179553548437
6579619034604265265
-7148830544950397769
7537019427633763924
1335963873262808992
-1566900154215171998
4775006791575111999
-8715420030043853731
-1171734251393508963
6225742624590408563
-2887720904887059119
659180101703766621
-4667862363611535773
-5733835296716728752
2164027413925955476
-8149756476696465901
-8317407260557150796
8712488563033896352
6007393873355573997
4572390027806169560
-1653327955450255621
1254271942943157532
-5152662719072211368
-2910431309155965377
5688933938190419985
4092469976565308793
-5795454991738379443
-5322637411039544471
-6981777436226812557
5429225879048059593
3262432805876122112
7826269258190677574
5870970030399728524
-932283548363596001
7173316039568236884
566903091528444516
685650453055364873
7545055312792012239
2826594740234467973
3527703587867433679
2783019029004080180
4557603437329889941
-8338959028685414792
4563342229670277318
548048198637050150
7710298957653914272
-8464397250897312055
-5936691688627369023
645304901200380582
8724583251808362376
-8883902117022908716
-5088934618336206217
-4637859993729457992
-8035920254176489521
7478264504289275894
-5389269216500426514
-661831162615533630
7077807289203785219
8578641269317750574
555349338599258401
4072697826856666108
-4960039274482797181
-4170851006480463873
-1935135178840589620
-8702122751027164234
6182048684269423357
2853709153782590974
-1184360960492808797
-6061474496225994613
6447238168727745347
6270706891066904789
-7563161913318629450
1181861213216056333
219949451719487492
7914072515144706525
-9199165161367472867
3581228105560141678
161467847040815485
-7985440698549169337
4133660275751040755
-4324092491445320041
-5913553271583088253
2242447338024767238
-9055407618497637315
-3104118512341403803
3272598807230061426
-6847179697566324410
5311338642266059117
-6019491300579851995
8507988528436796678
6457592046180251395
-4662886457317853764
-2997508038554152645
-9208873071918841718
-5536201919504807459
-1224684701447567800
-6870678106151410963
2060883324784770208
-6336778667516847633
-7293598444736914088
-7157028016546374824
5479998283359451443
-3696677282653683628
3446171268186214434
-5759587943389061022
-8023737084389161541
-7619754489269283297
-7132477109909594904
-8851311791430969053
-7058646885839165753
2036480354758933121
3380990725739642131
-7472668237604837898
-6517875032862373853
6520030354169271767
-1035450125033544743
8389749899780329399
1672238424134337516
4365822349813460483
3594304987439955381
1773060451828646090
-8035911787866153235
4659998909706229035
4935647473129722284
-7336770268628029097
7146817819508691829
-4552300850532307134
-5743685517855695140
8769174707207737160
5319453501401819149
4212122981409894439
4739341324820976691
7587221751183024011
-3712206009283387203
-950704396980714555
8011385020033090151
-6301406784173221033
-568802896604428992
4251331464344212815
5091011039516774882
-8888202342488124071
5895456851100002697
7106922132190243012
6397599836910446551
-7467221918838191525
-7346154126602068634
6323206432887023195
3006348900406279951
-2528242888188957557
-2248757164389843650
-4621259796787246429
5582395305046508498
-66853101969080625
3238775741483972348
4843590196213795044
-6332379206340986139
4566278537988798766
2813882452951980734
-8297743872316535068
1604538958549709108
-7506756955220857158
-8447682935139335522
7408206947192188006
9175468014891385639
5039096288790702321
-5356803790747719078
4023601282526082170
-8355803951045608360
7284333665850114238
-919310172344961511
6456929189181494646
-2788129660505219932
-7438775219733539055
3543924452615936680
-870623760265532740
-3695422511324494609
-7684508761713545419
6145152819795779634
-870796380143297949
-2882480655600014789
-2692880122786255868
6044818707465019233
-2889703239794797507
1781974311210957701
6625547676854979557
-998226579438789934
7232622346063458534
7147300216350457720
5478255570803153988
-716171161280347173
8214405759800251564
1434346041427154408
5063837166210802956
-1936227627932957683
3259580272004552761
-895727163084961234
8398116231022186834
-607750393970017758
-277016205275011347
3720162966560546519
-753455185046739205
4914010340773808324
6819064608733768134
1301584428093634350
7806175726608114991
-5288965151433023236
5579767915420728916
8204960603867299777
-2019202269807645652
2491090358900802937
-1559630919726067534
-4972857059334566641
5173189300409483451
-2278286873801875691
-668620327007696646
-1902379072309618119
5723466028906176426
7552110485616057088
1752198039091351523
-1121780967054137782
-7039324635677859451
-6896247171749737201
884912216911130039
865895283839078411
209443384994535750
8473894820019511473
-3305042671451990383
1439485465964670478
1702059200323513537
753191735884143914
2954247806119601261
-4520814573702990825
-5633481944850842545
-6229205826408005414
-8097873522028666604
-4539926626399087002
-3924971241844573641
5286985417916734874
4750221362220467345
2858177557321813702
-1458257010541213884
-7454192466633206764
-1309583198534871639
-1477127708806214110
-3963565155927774071
5200365206984187061
8509587723725827441
-2182740805934103986
-977940538321375387
-7110615709471506830
-1335314193067537063
-3576193281514672454
1995321094022965157
10880825395566409
-7120205375203687536
-552443257510627389
8718198452682295021
-8516221815452576451
-5222293332158768179
-5257790352525795944
3911938930025017857
-314031258410077837
-1141777304237035322
-4951270740549913090
570414349079705678
-3191132121297044395
-8843081291306236612
-2644135467837888267
-467347347499745222
-3260898814362911517
4118912396387169223
-6767768375088242031
-5668905685243230676
-1918908765979489399
-6101965155391560568
3369453967794464905
-3130472470970437222
3415161500828118167
-1543250548994251766
-3269775622101614229
5293309192663002516
-2921398766780944531
7358367676865618918
6769259049181725034
6006659050042442590
4252482489094024419
4729591334808057774
9108177428571230125
2128138915297057682
-4791095722559471499
2704158275961655880
2252085304793861895
1296933296807102377
3939472848219862257
7256201031392380459
-8422860282733433050
3981579290398663186
-1867942786785819771
-3205817444174957356
6381670355199237479
-8819173946921601416
5330375523848901762
3804769697580191101
6791696907224916981
1797029833503495686
8103512020531377650
-5414985447043014673
-2513547729202018680
6831640483084011132
1440263356899778931
2014715891074987720
-3251512926170884279
7138941721427089826
3227732843849303820
8702894665085759722
-3069558762728428693
3609584225784393598
4692629205661531561
8494853406312200250
2395721695623819204
-4367274987970532162
1818312513863831069
1145153524323572424
-2063230696704315614
-7396790579378421390
-4280703108694852270
-1438116088796820254
311901763641349361
7950546993581572671
-3811849008327927947
2147765194027327498
2425989844031972273
1043993580290599853
-6041093033271961051
7291530007638121963
506160312919690975
6946759930105114982
-7117681454306844739
2194960708633737637
-8104155824000818733
5705821263284217619
-6382968171791261476
4761980707442988751
1348730070995906770
-3165325204185109932
-4960918622085432837
3839625474411414454
-645905282282590434
4585457384439431113
-2840838211632575308
7184847602829245691
4391892731702376255
-7344603321924505957
8352976514092094266
-4597661569097526058
-4678866669480607776
-6560429714196486054
-3191838037221257610
-1357266738669700474
-6566489633912080374
-7454916523471422438
2062313593585330895
6894155834271923565
1128046624788258486
-272510019999279565
-6732235994919064072
-2136368110041260236
-2273361219772435419
-8716360479864272670
4457616358919035503
-473842805398100957
-4260175490444517324
1963859256280406006
733820398538211328
581866066522401378
-2051958650528685946
-4549515788091436590
-3199292447210808940
1790071368822567801
3062195351230864942
1157618680407035834
1767842907948583046
2348764043961067419
3610230747325131910
2071446408994730046
1351969991010336424
4655999412361477189
-8641088039279722412
-2456187434319463217
-4414596585235179230
4160906214533501398
6692627106406494295
-288920255157454213
-2409524994213016355
6758156966381822401
3105103037211371995
834131171018535471
7685431097065334881
1441558953155354285
-1514133637721518143
-786283739891208612
-2243982124921085625
444031236498015343
6511366379527056839
2141441732096107945
5931133571329493216
-7692602961470484177
-973100765498365319
2093576480568151815
-6837552949893443972
Matrix_0 shares[1]:
-1559227273441247504
5827337293214751085
-7762840543855766173
-7515678983887160747
8401848367228783396
-9041414867232269774
4073211452390544774
-3609837318794149081
-5459328457988834104
7375410760475096640
-1453037297398095033
-498925194473145248
618357883349148105
-4225225122459222071
3744184306568668551
8249509375258751997
-2174746169804371931
-7771710563027295217
6219293646157536108
2267873921521913834
7367274173512265764
-1460150883570627482
-556973193796772217
-7914496994954562570
-25308763935832809
6737900879700058554
-355870515108815716
-989315604806431964
-6066923872838854491
131292155446090721
-4923438578288915915
1006593602141268204
1400954111872613507
6049308699156494705
7564587903466600184
-8173743831957594371
5148819774184894109
8793049677297352177
-6077806059282605306
-4619476107668454234
2700259667143027193
-3873165731881324758
-6996709578697837443
466683480984183791
7277078449125205999
6559199306971835776
-3884478694188226887
5458747845608565189
-4408313069424565985
7346414410737166232
-8401861644041141341
-112612844095495100
-8508248144902961946
2492782166283984148
6950454010286411431
-721660591946468508
3300736789180683646
2311394395728472673
9140998871874328813
719259159515599070
-1226367567188942930
1340664842054803111
-8047618222663567953
-3655561148277248758
-877519469155290175
-6272915473956765337
-6817121680072317801
-4588332641540921512
7758287529315456093
2133279122576802565
-6606538903493083554
-2277866457205679581
-331669459992483367
2810203926570602984
-6970629096550885824
-1431941766551037534
2799009341853771382
-7855314413377066396
-1493350556474467477
-9057244484223417007
7473357830893279994
-4862591979596928718
-4457427690020885286
3948058691233486104
-5823747118825956309
7979131525727851940
2173024734681333549
5444250282364241659
3112157675184035442
4376535736954240289
-1113666893533182313
5145794387882306882
5379184437238807165
1089887881360229683
5995686490580287805
-217680006815116911
5050111527459674166
3207466979656070279
5360950272622300115
-3655004515894450618
-8668219050767039737
6500294384062021251
-8027044728633432867
7901700828865100176
-3170441831604660915
1112318472645708437
-8457916657969664088
-634381375483262024
-6428505412402538447
-8621986861844902131
-8298522973687871709
969980849096608404
-175151107574767053
-4424843115993661586
-8647309254445083123
-660405569984017058
-113940516276923422
-5695588765768614732
6756290643930464725
-972350341965889649
-4048701901564666956
-1536504434076764068
-8830814261433322270
8183656450650363723
7898766571973202059
7558427154479266314
-8206570624426405204
-7406932881641920455
1173315244974794440
1476433385912662789
-3418746713356987662
-4940453892508095025
-3339003845245295645
-2791634376232397308
9218558252268166403
-1878584305718916300
-9064793251430705514
-2818265552961885480
2954370051541611098
7758789878617111142
4927658053298413801
2524697788748549812
2887647360880979840
2108221248726161973
5605394937711014979
8900151694225036918
5467250767045414576
-8764954909663476157
-4157825132393241897
3373649820405923964
-7673859996498688033
-2404316756668780014
2178899375170221632
-4455979977007741794
-2798799625768016967
2546956740874376813
6204939687074868289
5852479383709895634
4903251669004045796
-920456784669088402
7279755291586231411
4711466227745289160
1033976342194843377
8113974086829446981
3399557901386209849
4656182806475122699
6923481565675723170
6128419309085807259
-844041517443940668
-133784453635085983
5555410117479800005
-8264885509050625324
-6542084949395372950
9187982635841942951
-5620518408641333603
-874834401216869927
2023120972954662454
-5306127420565159262
4637571973963517555
-424050701450352297
1357444471482900856
8500747390457117438
3009803497271309490
-6555150620888434479
8164506377864766074
2062914244285239895
3669476640605271979
4528088406103476850
6273239223382258744
-7964222986319998162
-364359734178920788
-6978551412891099395
-7912510223180885805
3134508853223005254
380696196818523833
8929219659639285669
7965992153603651485
5525022857357526618
5844503026886427278
-1587462161958673191
462182030430107235
-2744283551866091708
9010705383004799628
-8149076799652332783
-8894162628921269571
7997533549515583007
3303569886807557246
7061998232798080279
6436313103067643028
-4745960738245435433
-4990412829212941835
-5230910755211958625
8913853600428502357
-7467153773813193706
7765303640965339528
-6302826649765708465
2026652811910454963
-1608561900816095444
-1073414148085870401
5126686718862146349
-2881932123088164084
2394862759486869757
-7762032172064347421
596282010879107731
-57918343116233252
-3575971727140863789
8398566869271289640
1386153180107323492
2600843234810858084
9119064144979231176
-3147263826700143860
-5948198733107945397
-571359179343229423
-5498744534371478108
2258134584438420325
2104578677281562979
-7360499836184830678
-5917917645640332522
-4068276536214910020
2551987711485308637
7357688020936840258
-2479811577777986700
726822380833276005
-5574061150074530643
-4001743034169808503
3037531034048812024
-7890098909552869990
-2936048352652742295
-3701012848446608419
-8072990949585987052
-4334500087239173806
-8850674251102674799
1553581101283283598
-2627155750282638427
-496490127158955228
3952479655714815417
6452347208329294990
5601467816319440828
3943007777686157182
-5809470923640228040
-6794607060191028019
-5459866122905224140
-8339750417049282309
4532873140731372716
2293421574223284312
-7825892468251087641
-8779746124528865238
8188580758463616231
5658133509418813383
-5715680079712452728
-5158214824601649016
8107173117920709337
1712400600606941170
-2143061906555625700
-4826271224981982701
6296058967014559338
5558833242848694935
3531910501263685463
9123102897076382887
-4049063703819644476
8922250921583735879
8159875763739831861
-2224752028561863523
-3030964381402941671
791864299872989314
3739258026988360725
-5678806147109815303
8895462298210678038
7691679383322654227
6305546688309762117
-7114975804496325671
2794484674784160285
7307903329914742224
-8589399844260288906
5997620043461337183
1216886350219083812
9084584496002406145
3814662506775411015
-2670167571351396986
3072893151545264210
-8021504240998979330
-6202091918261948521
7626111703828481132
-2990688485723013375
-5844125590483046263
2404107933998045437
-5876267801868716155
-5124610531240626782
-828590763524208625
-2431177793076621444
6930573857651724194
-8600329905819060215
1022057203471840752
-5121789681649697476
5387995798433935132
310271470034591380
4294094019604900906
-2150009128091044499
-1701008055179096252
-897001976589403150
-3720410486735642237
-3882559244871583302
2289845495064699128
1085280706480491267
-39848371198141357
8619796535461633514
8279983464822818147
-8781339633364032758
-2704361784586560798
1822347393745527830
-661856282834464474
-3266265478727855603
82297537663808503
6713118189322773116
-7362393364502957904
893299537497751172
-5767195429004903228
1342575505013813431
-8263521780640786562
-6714429637996414748
7183487105942940478
-5543782380679003379
851159577254474490
646636368279912756
8651367548313013778
9155988846563364293
7146178593848530267
-3890550864510703628
-2366549935640865588
5915683091345624622
-2306356332695191664
-1174396757332665004
-550338061552685025
2857529390952659145
-8541772626689854545
2910978604865229236
-635524274432430123
616569596957822605
-5561732191686720976
-2281156517636386356
2130363056884384269
-1340433651184650012
-5077197786639810860
8593703293191404558
-7992035819094407500
7849182746075062436
1179821062989436723
7188803202065984523
4459513161007148329
-7491149717956396662
76150246786077178
9186523155286227764
-6360978055808771537
5976771169585621938
-832974655918694932
-1383225115680994407
1944057687003058693
8050531276447925871
-5563250367433977875
-6729496563563516558
-9067563552550395422
1740709782142851958
-2557734875560478816
-8146743702691103627
591640752864545429
2479734679167014533
2633291626464779650
3066429087818929711
7867020315730295142
-1216060075781146035
-1804786444249646169
-4094102525956321713
1166056041817885788
-424327736726616356
3792383860900219158
7846439444860964145
-9000584401504141442
4979627614212284613
-645505164755572405
7342051505522208901
-3245744916409246538
8499104319983008622
-2543871245149785526
1333543176257001828
-5140291010831742658
-3406130794958693058
-8239897188482803977
7485900664766153827
-3414447469963477076
-4632997157648405919
7297080684237976523
-5124704909670665162
-1953117483135727458
-2597368251903032856
-4423333852717573585
-3548168149374678508
7526056614166082282
-2839321482900915970
1110731865400609956
7275833726976417188
8662076405413864869
-2091809910347024350
4487150015827957322
5185341154872271325
-7844455222064987666
-8947416192722454823
-4658828255428938153
1327761714049766363
3380949879503039468
6565353904330761038
-4803700749542691430
505772910722749244
4803337723583170802
-6529145723012728585
8569791422328854142
2676816532903735036
-8526130053135867557
5674046759554843897
-1020946667653162473
8399920949338361666
9003902160177942536
-2546944019830847512
1467091747487119234
-3042993581135405984
3138612453383118276
-2819415543768756130
7202478640891532714
14319151068575900
-4668639566569885510
8594802269466308155
6847354980224815224
1352653818913207258
4662269395515401218
-2077921038333170416
6028816435000947296
-9196362218812578495
7304125902008444204
1916127828716110925
535360828142916371
5510447931688613144
1915598505693377194
6976665995615011153
436876505024398219
8667097726975145026
2255042226571534260
-4496487384449821108
-9191872254208628952
4582512895038764425
-5758877710530182460
-1268649064952293166
-7769797326710777836
2200234339386129159
-3937577155268360152
-3535610900111806794
-565390452124831778
-5748731335738365939
2864700899488943356
-5033372020742621617
-3760279458003626909
-330828376555460097
-3926448218123914578
5232333567031787377
-8959325952331508877
6167796916375688371
2433557875576066922
8887605204225045227
4085282380898803581
-6443049443058218163
-5266247722348788448
-2230879700348385650
7835741497069333280
1668753918610921393
3157034063190173406
-20587967297899322
2054244679013563732
3318812278649392321
6253887574824320195
3904455884153751690
-5479323569043556496
-7352775640680101491
8336534943772847885
-8143336409874927439
-3498222375397810185
-6129513736394813075
-3104735692166902551
-4856441113471536839
-8742083000004341487
-66544117689523794
3314514065071858918
-8608407965820159600
-3538473089526516866
2006288343555752732
2772229890768574924
-3712815846367511526
3790264214809237755
-7614845418279379639
-7206852010664948459
-4691031157071827904
515324269951718823
-4212035551562765896
-6266677742958381546
-6192246242974523885
-4404412711800395110
5027977035226855752
2958830802345221190
8662286829455151573
-780160828686972411
7434849709377269277
1220220315341603215
-6144547579627864727
-2307907074513157149
-7266564637898167149
2172747978845336187
1395730163482479592
-5815323810125648350
7643684281785621374
-7933777296184570899
-5597196424561800466
3991581079440398614
4848215830033817294
-421827608824743470
-6307895489867438393
4998438937633658537
-7208870287007092298
-2646567104881471020
8551683822110089360
5331917872150843276
3620976751267487328
4327110381242166280
6699895823140444344
-8426532364154745868
-9056299577088940264
6044563196917747265
-5156620507611285359
-3666112199014262852
-9082095298487545284
3538593509817727952
-4367959139914286157
-4195903506533010466
-8330023246350529187
4908742598549207576
5131027191917416164
1877924089375155737
-3346738391488755711
1582860896749640099
-5395695963872084324
-6935552037623822505
7527954868266783298
2935927133819946360
289683756926638194
-2541877139140113081
-6732691238990322143
7000191729660150436
-4485535318840799499
5022874436728523932
-5491275117900083015
-8477796317018789055
-962567973687704920
5884599746825702160
-493949079851003884
-3078791082414875177
-1260075433098338023
6242925857704608164
1569222240751524646
1620771151501226386
-4082384195411159443
-7611640840419357313
5084951159137467274
-5032083943340292748
-1732590813996625777
5488222573467106911
-3211687438980142292
-3525845783997262026
6189842214935023299
1018986467496587192
4559267902025530027
-8974688919392796935
1929141934604610266
2494651847668640612
1496415655227934203
-6655928155993156280
-6970889558726027341
-5363099118733401474
-3549043711903290782
2461494593880497319
6864635901418538407
-3000927000118349581
-7831891754895879449
-2398905027879513940
-211613450117538717
-1544530335715840407
-1807560219451870012
2052912055413748378
123393256595897831
5174699931500610540
-7575810272501925462
2926194655634969187
-9139446991677352063
-11666119328215617
4889137401765251748
-4134956663302879022
-3568106566076839847
8256892421378517899
-4290541207353453350
7899029648149923759
9037045007442895235
6636814283937063306
4801146389588391723
-2290393046385979797
-8558237550753063402
-8770251014236539696
3147773350265410267
4571745192722475436
4312943517406488923
280138962816354233
-1224694831061572247
6404147103736450821
-1471821350476432723
4031152369462973612
-3827964827870651518
677622709646615591
-4230988177115168632
-1135550516795335349
4189598168679349083
-2748319474331958860
1754493538074016682
-3024726938341307607
-1795652251547511434
9038991199239825880
7844045423509216956
-7964072272884241832
6530133423711965655
-155232031648600723
3675857138096580997
-7244559297200815553
-2261001958052984151
-2245477591897506200
-7957560982943050125
2645171307379332412
-4463750142088190881
6160287671156730628
-4490726048151373687
-3790081476475827179
4899168838840586530
-7586008816913179268
-3990006482372281179
4605930969060051724
-6008651027463620542
-8716094485781198837
1584298794888500445
-9096616587937388644
-4787224343036455802
4984794838840655395
-3227023829870502047
5715673030611859156
-3122569182604788228
-3872650840169543096
-1708257336782760141
4798425634493529442
-3453617868772942544
5312506511023698024
-3550596057718058415
-7377905490768135721
251856140434022379
-2815750840145999821
-5340413149120738739
-4042542415450315702
4151574593045269467
-6337473319918207314
6674111428029338790
4747036186391820942
-5163448736606719576
1196410566234916734
4550229052135493502
8571398456812941298
-9086578708339330734
3901131500060549666
-8860127930654808136
2004755030281360368
-5133926624087245956
-7636684254875142407
1291871428977612467
-572409236973485260
-7950765760842542608
1785477322285238815
-1856374141586713605
4163422474659537412
4546244484698566242
8029697555712846982
7080519521753221839
-2778553801432344756
-7923064998499116029
-7908781336350888884
-2310679371758880493
-8415498220828946699
-8042751406631393249
2791997048309163165
4966409181425894673
8322563895411588925
6091971629917892211
7953337233094464474
-8500730779421032154
-7556960689642418299
5533237115201430015
-3542813058404010051
-7588517260553134246
4823127872597410372
-2757668752549855111
-2620453959256480664
2021582771285591363
-7174551190680902685
-49831556079334384
2663877428092545886
3915059622910621425
-7331439255258171670
-5140344720334160553
2664024334719242437
5896101379541982788
412836344082670577
-5978253183584077701
-1291252803887576513
-2904236477682135906
3749554035760824874
1320128592444578842
2816799905958723810
5650629679447727397
5172892273588316226
6971646376854761922
-1058306713520346904
1136056863256635941
8901820445368965734
6736860292788890713
7884583868965195550
-8359864447846285677
-17034327039632874
3426362818856368091
7853244162293606173
2910675850261395719
4364005745351496325
-7271602087537789014
7048670552617054836
-1444031874279193725
5528466939819538609
3464909863036809371
6774492311750334764
-7747222683365097376
5880206355632419001
-7977094424021547683
-5360972201365572266
1847151912397191340
-5872454988145747922
-8515215205453076524
24276641338636575
-2518173412946474117
-5600027921711607909
5487021638960616500
3215682077894233162
613069994951152763
-8457086876890591306
-5026055471030412961
-814774672099142675
-3588866116615744442
1896301894050133061
2909278429291901562
919425850095016609
-1015432544378629672
6064040394480065066
-2677170233670169951
282587577537477011
-8894408409380636976
7154847863432379491
1603333952435238796
-4131820079328686156
-892068038405935780
-4429197859206535406
-4513328450379781967
4924143518494568595
5430593951325502293
-645452986846189660
-6570546003441170938
2804581975136910133
8933018833174336561
-90799183413002792
550910970352607709
3944347637342176594
7354904657524552833
-6216212528884938473
-9107954908149967486
3107845206804948293
58324510872668926
608768555545315313
-5671651642932051211
5230169302428966070
-8121933313258584854
-2867505413103026550
-1597316229438711229
3524914889249276891
2490711339654370064
5429922747614368742
9146644373796259934
-7637262150384007315
4040198639567820676
4354954256307222278
-5397678573611775697
1193722935583508157
1057254436213354391
-1187010083940097508
-1858515544573870891
59175721091029000
-3056958863985263284
-7422964920110405421
-1951745519576620875
2010420592639565867
915586720412020928
2975576710976783689
6869033605266302706
4811857887563879216
5462789630835151616
-1740747197245329707
-796886875878130225
-7584990374052836620
-1187626281404221429
-6644667802137320425
1784374154443596521
2802688680606225489
-6363981831505383035
-8710808974078833083
4942924005570213427
-3972207025762406065
-1997623410848176988
7025526499167711821
989839836114862280
-1714023253723953338
-3093974990168025369
8046758744741310288
-1484034371912353609
2160231321717873536
386308795026770995
-715948758683380657
1646349275752096087
5261239529802230035
-3229224421600217678
-2613012612586587118
-2170400095743073513
7388687339125428859
-5423217099989057875
-1165862228478545863
-3670583367730708256
-215387319375609863
-2176566537474614321
6005246202921511895
-3272168980120510976
-2792743023362998983
4921436756007880456
5145422667166235136
1586570153261368900
-1352152504070584274
-353931298881666644
-8730800987196554882
-2733281000790853499
36654354927632799
-4201683010820736894
3154411548251588393
-165163078888521756
-8473109404153947434
7519486043835499337
6535684979715960244
3098380585219324363
4457176450795006358
9140314279055148068
-6295678520139883870
-3965885950949523472
-6595139786472625209
-9210960933407561712
-6121307511747038715
-238830743294389684
8783287627758090596
-1379987676244643767
-8595076686909529885
3668287696298149737
-4709994412732378071
3405510225096721255
763612674417062398
7058095366740002703
-5914000008618027977
-1981292203885627949
-6944393652088339941
-6723294210482868336
7619969122313621886
-7888745525897507907
5031022106061297623
9219613042825297333
-4581917576585912371
-8399126431331298025
746663753128748301
-2692244425251755915
8365887551292866196
2804728062009525530
6494263539423684574
-3080620119096760714
5632915421585737641
7712202988476569672
2846825865314100572
6059940916280519129
-8185747129607497574
-782814792269263654
6572256523800180088
-6445268694116757279
-6219585497537002964
-29604067542314091
5598952768951629223
-2842050466995910386
123584718235228769
-7707475624948120065
-409486255610991452
-5311032583966906826
-2628911657200348772
2007194846684229830
-5059776608288446413
-8916350277107866622
-7195460386618078780
-1909293234913149355
-5698230265761269457
-5640471299387473898
-8928812497741933100
7893212209280262443
-3509628764502400803
4283489541088125942
-7427723151364986005
447644491875851901
-7915338391501488016
-5418402057204219531
-14921623701968529
296207671928299210
6436259543261662036
1219116663573065459
-1582933478083296341
-4839338759866907224
682630213798386078
6327330824832625673
-6976681264654646236
-524775891684920100
-4546227396808564276
-790653286527222667
5664554957946087257
772326257452843642
-958643197140190895
-5876808454821623586
-6837990624771138094
5059905440460012004
8986906662158915232
-3729989472845021812
-7822878996693169739
8238480883891543525
-4404203505878030562
8005761681682280602
-874255800830627958
1417146498313322723
-598465707971300367
-7492719236962718716
570583309456911127
4826176016502249532
5205201666209743435
-5048001657382835593
12559159633794725
-7506425176632187853
-2619237613690342420
2816237050161955799
4270032634409189804
-3621064039492953355
5892467052457744975
-6033872340904436540
1958147418779559934
-7427769382743573642
-5675083886583054556
3729442698123149459
1336968227257016847
-2445858592045032213
-1171444003907099462
5913061750082091578
-7709785221815799825
-844026987938908223
4984551739830602818
5221140527504893892
-117539951608357113
1794741062608405987
-4660015236460307040
-1074930339587119528
6446939232372663044
3233502532634399855
8281651949162546269
-672443566004955774
-2222603826449178478
626423206699023804
7745975840471357280
-8932098238894725829
6332414328804780610
2319117400022942153
-3272244265965415810
-746914812467425814
4107203657757241288
-8889463801198002154
7137462620887604149
5640153803580799082
-2001350641933987606
-6348592990870980470
7501501713091845345
-4580021483029145046
2890034131777981190
-5687837883008039144
4781970038696065006
5339666377632368851
7335788384688753576
2598558951641782496
4063913846822768010
3897303183901029684
3862952179821634438
-4565996772575264929
3579516781454256885
-5351530945602831098
4650476952792352820
-4271395350659214280
-8906900721012666106
7348122188486519260
-3407310629907890338
7523063026814999899
-3912910235323576158
6353739927095538366
-3209247545473320139
5409686926523173861
-2627858164094203970
-8084838425169529549
-6243205138595127984
396136384191458325
5585843809414128045
5929644090760399072
7015414853752529909
-3976260227803330210
1860794507881968739
7264585407368938423
921384500060234266
7632318387697676417
3073543861810354578
5535881434853945889
6401575685122602517
-6583354682097194143
-7901804552145589615
-8878042418179640923
-5166221696640297389
-735495377839381904
6070247717982713842
376193406828313540
-9039679020742654474
-3832180897919555029
2473555551367460356
2626697884021242312
6017430054295088312
6647835751898520161
2848387319086512137
-3449896909081061259
6399455302474453151
-3540569762664871581
7512542685121916487
-5511083383971935346
-2117385041433825362
-3688103801970793497
-4782340696501756494
9094488126699977469
5284940611503658109
5117408617103707900
4757254046045525924
4879864305920050635
-7283781514624961453
5342438313415077624
7146878555952595661
1792837343995380537
-8244758203723690236
-9174950134358579222
-5836138834818725696
-4481291779344072540
4645428610044804810
-6428403644508851378
-3929498075171447887
-1087542962103858116
-9074652618798767452
7867754418229103887
-1243341579635633092
-8300282571476188187
5920362523829991060
2880043731314757973
4740948685964632666
-4007466488538945561
628228465706744452
-2801329724679232919
-3825867357473028859
2205718630200946226
-2100896956382034959
-7272776399672727634
-2890692023805019330
5758516201445581088
50039426897352508
3475450571573616051
4399676714393779670
-4959843553366881006
-8585041567301789657
-515862893326350497
5785541580942998492
8687199684959811867
8731609641007182913
-3762975076953378637
2832637328363549449
4600267978691912645
4415108514639087500
4839021870972228459
-1880353859174750250
2956504336859656386
8148625311005006280
635818982815646488
7721744425001514661
5748564530947511649
6943694392465857551
-5479466839282646325
5452597846978051445
7870987667677646981
1407349907836253878
-982910599410620120
-6954210110358192803
2972907518325606187
-6108127385438115094
-1286686879096778402
-4216435728758245133
7019544017272134253
-3830123028172440857
6078662883269485848
6128433967976739203
-8582447174463644486
-979715532829585779
-8154468695807607246
-8075574473062351966
-6725699900433100777
-5574678761428452336
-875881145072289363
-844261809580201198
-4366233801565758142
5603187434021691257
5457478274378454505
868369206692520571
-6221087960242556421
-2824910644312711256
577321620905621219
3241981091450401754
3945383984488784158
-7914716169101767949
-2669888586223740806
-559468780902038680
-3802690471869917002
-364268211888384595
2029015142555178607
2442437895188428574
3619773733068913853
-8523955457669199331
24592475104322821
6647811981036021636
-4866917370237827638
3217408165846274438
-8696251605264533012
-8055946833795999474
-1000038867161956032
679253557383577542
-8548179311539668340
-4883976718053068139
-3230763731119771639
-8237991298257271971
7122062886354428878
1573777656020422725
-6244536919137800562
-614673362890203580
3350152817450331023
3350351367873719942
-2347758582596112780
5423789279932251433
-8038934229472609289
5771083354181290284
4466054509402631632
1753233232129052745
-4937605206276578853
-4033343067499954951
-3822840959089219691
6947486827777426958
7039032142217602827
7731794239840438600
6227917131442585859
-2272317501200408639
6891555976552193655
-8993889020855961260
-3948907162924228549
5343796062680473768
1408446451383820355
-4607078509616032779
-3945480364581558206
-2930328075461235934
-9114447980572884070
-3817958824532306552
-8842483573000852219
-7323457572002234296
2917338474991728698
-8313563755405189710
3368402315714479730
4533683674491518665
-7779348810272324859
-8343995108877649754
3535055445750571849
2805860752824464653
2588943187798199957
-8804491609831323279
5219624160991383245
350700700472137965
6203998491979921676
3402557883983440935
6973623277096108494
5283955225347317281
-5111400548387831094
-3630011255581592345
6523366395570476021
-2513826373516365322
-1738578855623653320
-1679415866101809514
-5348248880079110392
1097011491489461318
-249167402005141127
-7492516636904099489
8710164139182436695
-4641897231905173570
-8728158718167399752
-6606808902295402157
-8909580480464509564
7835615417140588552
-6468554915549376761
6356526845039383109
7765718621205667607
-7785678947755911125
-449989821192371534
-591954518035275962
-6238856959870760105
-7939049618192536462
-11525122650040138
215418518563487088
-5939905183703625202
-2384569089792752797
4413456091832480819
-7840943301838196439
4621444659551925727
-8268901010324244698
7608650524682567885
-7824550915902128840
-106341457874720394
-7484589688169096566
-8418500518413468734
3809718152689545131
2433150439473725487
-5202058368838841952
-8065291807142038455
-8332711969459666683
4232919510745447315
-6545898400447588354
3470747602624027603
5723191250034643537
8851436481402714843
-791382494755639377
-1380179409264312443
1031319299652413812
8313350256634050979
1935963969170473379
-8065412974098455439
5947526579759608119
2793746679862114085
2530578370032867968
4246681042112358233
531650010868118465
-3371402912019104628
-1762499422484505199
7192111543798995125
5622352857182742288
-6180288041987602134
-7338193674820580951
796139111745274963
2771715987366406874
-8242935092887802077
-7881825735030470819
-7887440538926226087
1474947973148033879
6111123800050590822
8284028903570499361
8573943525006294573
4161890144743218630
2455828875723698028
8376803760138136737
-2041039153897149953
3864907739240138802
-8147354015080873714
6335845817855724926
-4795226040240015906
-2273080984497872096
50712000417118469
9046136370166553754
4583206236785677056
5331916731723530854
-410091382363916763
1097595254360959597
5096363766050273079
-5923937188441083548
-3483167164026498016
-5747638996990253944
-5700537794153652211
-1077841015210349130
-8490273906682426269
-9125343128873557376
597656569145947584
-4705738837482077712
-765151897792766574
-7651852466302984475
-8765931298549007940
4202457833674644970
-3854533393056084837
365924898509251599
-4917028898830981732
7407561989490319673
8337073744692132016
-4516439150450526974
-3317499947775616691
3808219390686777711
-8981779554490610118
3741801128943787757
4500301646837907959
4137278044633603520
-6687878760427859105
5895633916592231407
3651366259450658703
-556515875370159260
-178541098889871311
-2785526983138469917
8265270507583263774
-5586622661162645863
3832357465236328491
6237884578632443740
-3564441059913994366
-7457571477104873906
-1296727771419677907
-1737424091984357938
4809326529704952662
1001437616717729818
-2479780591512623400
7302245871325950272
-6201196877419636632
-3061935956497555004
-5053876626500609554
-1381914861517312406
-5963072014415847144
8523255747323854248
-6089892962503180580
-523140977328346386
1209238623910365827
-2917681592315664858
2884516628407001351
-2299285414938388616
-7066002058331894093
9058521862107269819
-1867052249024798576
-2137382642398303475
-2620708010389891346
-213353462338870440
-2434084265718080526
1089097587639248934
-6238147074461408659
5021036105117611294
3925065982026050712
8101196496302463416
4399457909721587723
-6808262742224847394
7086351258685996823
106769244312082682
6847234840363978703
475763554317781757
-5121583406693079719
-6522036328194586894
-7343798249953685328
-2241554074688769515
1068125854762831173
2375266773455645163
7470799888772760568
492124748182047916
-5662359858479962069
827584528893178501
-578399831049713641
4190869952163828025
7823658588971736446
-9184551724271521177
-772013337146082041
-4630978242812556415
-385505831458387952
-2752266169828877193
-9195287522406088202
612748120299699694
-5065124472623987859
-46675796408339190
-4133181543294298857
7593853831626104727
5419436171403774129
3482890825446914746
-7805810427743264289
3139125175789201754
6817523321598504673
-2624140652847086932
-3088898964326975629
2136121841986610048
-4586702363591417817
-2652562784690679360
2090230593623466670
1365083390504053613
3812713159485100349
6803072057970604717
-8326265236433120482
-2442850641038391346
6377367386489055389
6214458010560946065
-1322648720625739424
49668475496913860
3240441241832753133
2530040468688275236
-6297957439364705054
-1062837735467445651
-5144725739403304982
-8582912600091315746
2959359118136235919
-749069806658018554
-5952111282699484600
3971393902762979039
-78427049160412894
-2508104804571344671
-4587835010141988374
7287420784163105711
-4057565907131062612
3265610937425666130
-8607715788116661781
-5956380063270911484
4015822940489429758
9199958619878067045
-5664344665014953210
1127054034800724786
3974322980251909765
4225323773300840619
3884604648848981774
3386192259940974114
-3756438245602922918
921641480358795282
-1107341364210645064
998182336005303496
5350267611843957391
6968719301418248934
260362181312576201
-6967272701314362606
6909048745637359106
3763920827821875745
6887597244161818043
3211871108610684064
-5046449061680628559
6218524793607562802
1175651115703622226
-7791182669501293197
-3480386316403793469
-1971468770814793221
9049724699671143072
-5754374888476545857
7589562332305538672
-2764447374522884728
7319621106072871061
8923405390426252866
364088201497449204
4108459491565029668
8466156772141028163
2467949302227814711
-6406731407422589338
-4754633576615870332
-1015395025414288224
1867639926751759242
1915152996040814766
-8914602651275551842
852392132166325002
7981884367562436474
2304427321997450027
693970230853115403
4731516937035251888
5115497201321838699
769627630736724215
1973590719043924158
-8353101807098651575
6380242197054711004
-774782072361173476
1446231830169794540
-2018227317076514005
6296378776848742524
6435061203449945048
-7183623012343761208
7896670891397111609
-9010106299483849186
3206024732749332326
4736661154708276656
-8279665408911652233
3978950489880496149
7076523467102124871
-4269247963903694373
-998710705612150700
-6849723887704753093
5234014627548174795
-2818806685065142129
550970207128994722
-342510577855234888
-1098262508355112028
233778932824374327
3146999765640991575
2776865006054408991
3245854416160921056
4983419441960499503
-1076251415116042184
-6920197960740794130
-1123839603800805831
7767992532395471616
-6419936455900037621
7421548133104453691
5559358290028352026
-3486410989588609559
8768438041727464533
-4519409051190710758
5047641688584842337
-2695056662275481827
7592923619158926621
7853105823126545820
-1045443649717904658
5491516263956285941
5504015927584924177
1204901379482287158
1941117377946894522
3118052624528130163
7982213398147916172
1469477046462379997
2514731369296617362
-633440075912655272
-1830142099271609186
5234934848172214293
-3131009202014651707
690786478406240687
-8720296369700184275
5985585028084428835
-3890352521451650103
-3836898512809281022
-8914534353573484366
8732297865275132579
-3606437920096487868
2848020965166781140
1305528265640289898
-107506581347949598
1851269872838665346
6861033030841281872
3038101353992745532
-6242236722805597285
-6948722345521446941
-3861342087670449628
3115903940923111135
-4985713033068646243
5638091284126986129
3168240533572553345
1085352050856216047
1426713515330325335
-3016127429262604165
1680636715440868431
7439027830205747573
-7449437158121403769
6687279682962374771
5591583111467349878
6944375778852678883
8671537103126959796
-2575771534494814490
-5334007961039478617
4353864961920430648
4676936945399456547
-1499647550783660531
-2527549465932778708
708587502866217294
-8369716313215596423
-7659371383653290102
5151018419439701478
-3006721210541898204
-1472528462621181764
-619622933081440818
-3323264837474302980
2045299165768960954
185121817118522502
-8380676428001214765
-8393204462400605823
-8768640162948602633
-6388017403850715710
-7888162728398093365
-3899151622527841092
7453167579746628471
-2563392494469489330
4008011712511782615
-4881771425849092310
-2695758010879179227
-8241088841423305716
-2755392039772689199
804718329947074775
-5402102451916747909
-5116606562128423510
-2698125071604489179
-7376801230217042851
785777595071573856
2003398059895113611
-742951191942682736
8922519527853516296
-3966795912884661883
-780080031545290093
-2819374541654668777
7236045472853889401
7023967027586771393
5470849951223193066
8949977003988157283
6423219860931986822
-1092835650788994742
-975096072694016786
-4900665068688731428
9029066009887087366
-4064307448063349985
-7818900848363208948
-6945103233468396508
-929396651717680100
5725958081742564921
5300604502649904675
3919900219745555403
2612126204076110865
1193398650250469176
2226760337130575935
-3277791790522996532
6869603758723007707
-8677514568596423262
-6243846675380552796
-2393712437608392558
-5221787257708795773
9192960804675455986
5914749019086469318
107480925481961556
4456482693754202160
973967764749949972
4894983580081883920
5593138435465782769
-9139958223161512603
7755914964140766314
4964627362830812304
-5488148137023184825
6627210079979427877
-5382067694648287085
8468752207791358034
2148258095939690091
1136184157481522950
885740984297959424
-8723082038412355883
6479611845671044627
3782091173379708238
4450073456494025528
-2556122109165087508
-6698163962230415559
1779679249558287169
-1977005281023154775
-8681484466306245373
-2397551144201486943
-3344495493315399000
-8867351156235271155
-6787834785310558437
-6031419979431872647
7456543405824568525
-8031817918538616210
6099570538191218577
9048749301186586247
3092410609496623257
5917567075672174923
-4256277592371202890
-4461423717327434980
6431488920309601870
-6051954571668370455
428889714278959784
-8503277915914284447
-6495969169731793749
-1495819969106765556
-768539389410680738
-2017135034618561822
8198389113158482046
-5534618291196403475
436077668526894276
-3102322478725484150
-7114521902667583151
-2088961802426376013
2482032837108039831
-3829559047075403242
3407577018383659636
-441539208596472234
-2279311116065716888
6371341135273760302
-4868811605041710695
-6622364139236167647
-2043398516330685778
27720286840541986
6491709051502624329
-7279506959429569307
7814979716746263986
-3443307796000533019
-9091999777793318285
3880270473974455855
259297743011778979
6355396302835300873
7848508876123153027
2663157347088040408
6174243656142127554
4895096158424828004
7264963528532997402
5330899108827565300
-6056847743356967474
7527900289705342530
7391390770353848606
-3438805757837356428
-5973703524803922756
1795554937385931112
-6337840279435648092
206053711694606457
3087522107794287697
-4875577186308464279
-3335687823177491975
-327733882574661768
-8170968069149073322
-1935531021060640902
-359332789685039874
-3245758331017361508
-3036606350059323970
-2801754356651666536
4055309669295240336
-5122325784991351943
5546700549964090610
-6108646347111179284
-5155113321578604538
3726019855712558879
-8560419167499106002
6118999513407025312
-8444036876644930859
-3279562399601082059
-2281106607388714355
8178129627934208519
-3431840422181535048
3180027410988117771
-4907431663476704628
5236101160316661760
7831957683565145435
-7579670386345767930
4877641838425877364
-1413635705683619119
-4275728518128064245
8369888971953630800
-7652509329493879109
-989132289540141803
-1360050494079267733
-2245420426595502942
3311410849001042937
4049818516488422741
-5423939496974353855
-8826197307890551966
-9417870652873886
8340562467883145390
7479843892086318530
-4234836050415037011
-5903230805309554826
-3469694613992407767
-6160650851409539314
-1161000256476378170
-4708910696950954416
3471825734725589240
-2915451885463094579
3581041066487785140
-1748429380162802763
-5099785298754348999
-6564985535951738015
9120658157945168584
-7443874298188830288
5438976730788272638
345059945107441583
-4935216383723482623
2785850734093010022
-2890546469541484649
-2132950874891775381
-2122416963583519357
-7533066104017633538
-2807926013310278441
2228709307167304917
3327035881267126425
6527901491234828157
4237197265890790521
-2473846566801602024
-1944745195527938923
8883007919735278218
813079635482012483
6418236147371231817
-5306703620170554113
-8446075569022416975
3278194775837814975
-7014797338783530408
-8087332761684975018
-6164190433933058219
9009082907930204152
-5686520704887647796
1773033962506100466
-4587631930720090279
-8210607896101022565
-5588609396509528693
4532694370969410182
4406015670352312428
-3548238099507250749
-3724490845191929583
-3659864132112238869
7861753270009621308
-3466703480652918206
-3358512236435660554
-421809034756183482
-8130049962575371744
6048454615299949059
8309936480476141202
6004189893600236300
-3509909949191056486
-3116768625131629671
7999077433778577314
-2076369795437634876
-8502152785338361056
5146759492775858125
7441784121469147814
4062038063661868896
8917697341538762869
4461823329346629674
2582105239399932867
8946319237854326342
8392251588385259359
-5811052937896824387
5197712624742753943
8816450971236982988
-4435837218578612584
-8207580559805691653
5875832924840730712
3569419918763423682
9146410712181200625
122225730226692372
-9145317125679299638
2120312918256100925
4559252308577764479
1964879172476903285
-7645599152213743157
-4882280871526381678
-4803326024479530960
-1726960539276786459
-4554753556178334403
-198641816162684240
2834042691309552529
1222217069292956486
7106063068748592749
-4603960075807473430
7157313742064363403
8158436383457326586
-1621857307805100485
504835875687974003
1504640245937927116
-3028904734718877296
-2352570116257210542
-2910418480972052190
6551825704257235308
-4776265401963511983
8258956101720408115
-7519350405343789240
5561328569002475417
-3372332655439752812
6968854881851648994
-3625317608995814267
468053791261957144
-4818801985888239257
3149344191891430320
6426716676476726919
-9161835420329041574
-8199339995329063920
-691012336229855936
2101173853493709183
916969769681848270
-6778013658337539052
4808684244686449987
1905507951391321476
4124494535622516750
1212762873810092161
-6896351910477552589
-9129895232853339833
8520994156776489377
-6515255639378442613
-8371735139716092028
-7540901689949180410
-4811774563408444185
743497427770013960
-3772032108981481521
-3370917964478322215
4140744123062245266
7680162266341094122
1063634618460021413
-3254702112275431254
3763005137267203731
-6223621647255306262
-1438806275375980968
-4528487486587550412
-3924164942774381692
7584061076665693675
6724976037924419747
-6795507282096700402
5915880548086687415
-3735706205237238106
7635024795091493233
2354729682197627533
1396547858754499163
1549367714970727846
2716912019439407235
3326717961915144444
-4871026051146253492
1543018116642647857
-8242799655213155923
3204243425758849343
1444415408203464591
-2729515067252389131
-9222356128740483558
-3260224837516075925
1995974761569262829
-8315426461151949698
-2157241834263584636
-6925012905935341093
-5638893143632348120
6330085112831741928
4715369089108387656
1725338786982066750
801909728503585125
7933589797752560696
3330603236838349743
-6325131146242586728
5991047438461429813
2328016254337865413
-6139257122406682557
8881662259284188742
8984734624041618254
4749658260891069362
-1170030998758455165
-5542360581894272895
-4457958543876510888
-8972820854497624373
-8470224718544765064
-5141725671778682790
-6188117516262957302
-2256437747936115226
-1733761873543700278
-2613049618404075558
-7608099747995611559
9110272351742723750
7810264116656124536
-4062992126273565040
-3493531801948277039
-4413709006200487568
3292998090660043483
2969822215589506604
780210137097061403
190705870780869342
4615068483861437541
-1033736074093690025
8167436311359734945
3398416056671871831
-4818132288352870849
3367757682158645513
-2367474477680440756
-3057045103592675671
-8488287687110290556
-7237810725806200157
-5008884460686041049
2038025891301507838
-3845015496126762226
-2153332612949576551
3525076618936500853
5868670850265123411
2549837216263041763
7788449620301060383
-8997681800980962853
-1048591946541180999
1909684936864049781
-4683616490919624564
-2860682337327843055
-5641397527491977232
-4265980184254002756
6565106502973090476
1046486915212931212
-1040639460359867743
8926629563814151035
-7616911308238826650
5294235046358531426
5035854594757236042
-2373881362976009715
7841613626611171576
8052630049956676689
4541438014922347614
-44862034533716658
8753602584944363020
-3653057623612119777
6323973135104659449
-1771258928636943419
-1220050850014880421
7721700835530872659
2638376619841281707
-6735100682874598145
-6554153305974561731
-2207319393251697255
3451775540283383607
8179885793068835296
9201674835520461909
-8762263953436729316
6652708983084680679
6168029092070258845
-4503927904043361842
4589853272905167741
1890529350627071622
-2908524334091619298
4791484241052445612
2971452228346586584
-8271623920197781573
-3868645889015773759
5566672391823156562
-7301011123586778136
-5067889319168196879
3226118783753389738
3766405478274325514
8533194135995410432
-8317772926638581304
-5520053462795535464
-8601672069353558983
-7587911446634240703
-2280421728916510577
-129520709645234076
4006952073551711247
8023370065970584827
8341087810685800509
2747590322182197159
2138506366021985541
-6299699043551945849
2522780124191849839
4497343018466059419
-2832402322599023491
-7577471883241299170
-3705577151203912815
-2929781717356186655
-1154073105352713978
-1689146879886243051
4152374503105384045
4686270581156454030
2084199951201147180
-4907273762333807544
-1720121018553876606
-3404534877289578669
7610947855122487866
-7160913052825498450
3260454060438279982
-6792325541496271310
-6270448923197119151
355793174334146426
6122932847206308654
-2538866092997335664
-1504332865875417808
820204735309252090
7640329899591477766
-2513850963421655864
2517161886806478086
-6073394258877438005
-7119543636616317404
6660738593649243284
-5047077720035863458
6532361830991479573
3463327705775129755
5770015945495855136
4058636600119607895
8005827806428249775
3299359803918145845
1483413995611769906
-5685982159198255763
3945139699569418507
4031589112180244108
5608930719398123861
5177061450003575938
-3584106336632315289
7281262969764168205
5755850309394505504
7461098061682314650
2495383366125262672
-5994345562566572044
-4764269508028674306
-3633456411957697114
5701478653595574434
-811658392712613854
-4288435948563335092
-4668663582539803998
-1925994870318857815
-8872624946561150829
-1462725328055813593
-6928427145411228126
-315965880012282367
7551244641044667790
3070310860555831177
-9008112055326310719
-8150238063369912670
8867526296690276077
7825493400889909565
1478967670692150922
-1318707924967953689
-4156164747138907489
807212856972588284
5812593186885565632
4397124312785797805
-77638519760751584
608926693560911598
-4364197935199801453
-6623127264346588611
-4483082465973792908
-8152529194218771431
8735457145848090801
6428229959533078688
5509074534570876261
-7659791511462697065
-5710598496609963736
-6718279803326009346
-130497054239425455
-3530283346657113031
9039811413147917853
6901309420678203002
-6634038279196686641
7967229412847096278
-419461009451929077
-5893543357237578980
8735806604133796165
-8706572041521310389
-1683725211634463936
-4178694471123423776
-7241535807168264272
6632459213962341863
6865120978847381392
2494320362166604762
-8663323755150965211
7769685182831477144
6631910949138726249
-9029080854264769170
7136051138228120953
8231193485304667101
-3616077191009815667
268340865638751190
-6692933223636696893
8870686079893577192
-8179744079005975609
-6116339778169780560
8974781041596844468
1891376921480307201
-1181530540734837423
7067401588801312351
7297161063727123546
-3643334369945556163
-4143647206395979240
-810317596053761063
-5719449612003190071
-4340836221438514198
9102605494598341167
2620866265358181864
1134655166931072822
-7795552024675216064
7177383931309065400
-2871620944076650988
-1666677882656719612
361689478177216528
2677953145771736385
-2037469809735424065
1721376551943995290
8085132203955504260
232948096915011031
-3289368978460820152
-4716967832870394936
-580213300346997231
-2348488447952874322
8721812575744899535
8536729346103367087
5088739772846698663
8520571256521194514
6880788460954781999
-957309660137082764
2216297605549250380
4443192229092918175
-4183579799062134720
-1676235175267111236
1781585710173145885
6541360165914782845
6259580471091186611
979265900251843381
-624017238527515859
9123374981554671458
6799791600773155404
3095266315587833782
-4857703841569628431
4109442774030705111
-4643714850590391944
6166065837626684062
-8672063686940373914
-8396741164080803333
6364700944239615773
9159953150139971336
-815530072403874520
-6621115204218149070
125109669621906113
6360459157348250929
-3246293256149184257
1163112515689903502
-8894698260516361586
-3265737677723878019
8051283011664714763
-4832028109291354823
-6382027841075737709
1686170102198318829
-7578877341565905196
449051399060247570
270974910866105667
-1509780598672559043
-8871031943239669273
-5060543911115743006
8837002026509863534
-3241956114363633180
2233955980892705438
-8354967668072691979
7131921163952881193
1021732398741758766
-4386331585596515418
3348860956117983985
5719974243156691470
3728748700904339972
-4733682809112682692
466894648167951564
4868006758404675091
-4174250734763543720
-9165376620030035206
8486031204769036164
622812806113298734
7318409604445313758
8165269314893085928
-6783590691938105706
7961115380831699009
1080941250033228243
655767224521418871
7044247014547610661
2486419058877253487
6944602852890717131
5814083779417120062
5173919269465391612
1652733070921132999
3914206959389994087
672448120082786667
-6052728443732019244
499608233784567495
-8979526435547296937
4867909582214128210
-4416120928317156470
4714802315104980641
-8281719955028570344
1887139334713757564
-4398807578843107166
-6080628424246026222
1326235483539780631
8029384841247959542
7783292394340841406
7290949187069080403
3965463898619525986
-6804561747656608378
4051018529851271620
-8074523832102724192
-8265739228710026283
-5403457833615928438
5206468255411826548
-5326896206902804723
7538607453707946613
6882894077953412569
-2620056973291188352
441119000868932578
-889220531193347445
-1178833859892727794
8654865861884350055
-9139996591864387493
7630587309252702867
-471617051934526778
-7934121118258223517
-8301135960130831672
1782666137804616725
2852586608364139549
9182360548770499192
8318158744179477439
778040995294571328
851164798197269462
-408739361399926091
-6939517422909591163
-7727676626196448156
-5823633536444405631
5140767695769590726
-3227580800219817828
-5792692027706955119
8266387767966858973
-6334508438600821044
-4129573368167022667
-6964868845236957187
8847767450131375132
-8062710721963553846
5545969161550664349
-2848735619036239372
4920267690158452329
8491812778298022103
-5107801662120135981
6742891646032817908
4039143559959918791
-4869414958365481107
-251600188533890571
-6919788442442994599
7370690394926535727
168931114425372562
-4799736294547880181
-5900864001512651969
3334039472081202907
-8423706552140808756
-3129310971353380181
-2662906746730111586
145310767708542706
5788367309685692380
6604646050892893977
-5052665586579602953
4347276911248749472
-736624730764563805
-5276448648577298532
-5612516781872901980
6377597234916674474
-7784111801587168149
559988463381144128
-1363983593874602867
-2353532041893016985
955222065346733282
-709473143064931379
2192067466842919227
3407247057735742973
-4184022233281156850
-2044610858336848906
-1487772459114336451
5255148332300880156
6250952258327679481
2895913478604498463
2901359171701727008
4160589960746564485
-1562684089529405976
14129047916488463
-4918469718304733293
2623284767039720209
-6834724251241248431
6392872415315121909
2871587273485695357
4510589795695340243
-7509853271171393005
-5931891899389631473
3815729611698354265
4633398528713763846
-5204051852933475462
7055841099025749576
5835298173991811853
-7621025837087384066
4118332344792575110
-2756937851175369816
-8328299141600936586
3291349244260625009
2359298654116048359
8031872227463144398
-108205568572491966
-490035100558390043
611302597741295296
6782288617360129483
-6257168284691747605
5193869205621214107
-4626971075655281156
-2550415717906641384
6325513059535984104
3392895361322473399
3397643014746913898
8649916521015392295
414145073173209708
-5027194186701008558
-4858199067554485515
-2631395860425317152
3011128044908383911
-7309968870271942597
9004146671137703886
27611604996327013
-5614522156237800272
-8537928271223281254
-4027422957071175426
7034578982969422515
7015003850586743644
-3919016037242509698
8100734308244775102
9046120317771145222
-5596968691043178532
-9065193057411366215
2065856565268204822
-8416507912242866350
-8302106331566799474
1375173620696408690
7612879086308685679
2239118192768984543
-105251789596167293
8383295247115739421
8965829863036576284
5088063306911754019
-9142988960698651272
1590120514765280323
6183762126361903053
5708674558138117948
4458075977611578805
3657066566967348285
-108067812410995753
-6661902954435850220
5369265779750449069
6042711438340874009
-5427434727174954696
3703774531065413502
1661466673889955903
-5949547429643018562
1297787772884829420
-6800613211040534730
-1623141551890667687
-6005769871299847626
-1791340084343809251
7842709559204574666
7951236351215004622
5942559630637883050
6565492778904477489
2568938761717540020
3241498698976467763
2860652609048642282
4890249664155626254
640856656776388810
3754486416633402733
2174972309240609731
-4232087915835869930
-8531223946561723761
7387486200961208034
7059216623073398491
-6785705387123075595
-3464461793224273547
-8384671800552895082
-5552388617652177530
-9154674518056535752
5967496662900041783
7332640289859909254
6416562339383431407
4869660703719251636
-6039381925749119793
-92218987547815617
5170041519563030292
-8481594699227181796
-3897651635005455994
-4267143994602479683
3146607251347219495
790583600831829413
-1012828447313160352
3594626633542376799
4058065415878644638
-3680170788535886540
-6273384954260765144
7466999830691155675
8133216812591263669
2550884134404111904
7042514481070279073
8126191312639523919
1357043449859676510
-8144842213565493547
7665015734020110612
-8952288282631085416
8145940257153614450
-4378834789956447146
-7451380047999942790
4331823045243154300
1006030601811128353
4112798268193858496
-4232693875262642153
-296784635525169968
8960897463434745483
-6247366412747926121
-2375870314723362860
-5020364675740740002
-1380507315339598893
2158694773633148967
-176553092821196303
-8153729126903280976
-7380679721101046647
5018461847118254949
246106620885715809
4281390252583905655
6103580110063794445
4344001085523212981
7860262786727307112
-5918079110626153313
5703681103970973651
-3453815964046437836
3041059432904459449
3464332016088761919
955174195296813566
1648095456554996089
2275596596610507505
-4981256714256061854
-6022927704170049774
405972469558891200
3362108712286040561
-6832834289888816220
4157611053872114336
-7701460187993034369
-8948247402082579981
9172803414572520053
-3845751401867884897
3697763132645812268
2927659429449628638
5925593522286137727
-8804640980497305153
-7920947782202367956
9013691782261641632
2535020078597420810
6541225775071407669
1165699427771949855
4816615244166854965
2233757652408455658
-3727131741832903299
-4020850672740151773
2020839661776547682
422065299126298157
4920721915836524725
-7127604488365227209
215149888529465062
-917261709087999740
7151809400991252372
7400594413836297855
4471192323648785079
4150483713019069737
-5602560836921795489
-7646177406008650821
-5319457563133643330
-3496017337357144367
2941958462786265566
8532624570474829986
-3306603321444028830
-8381304234521449050
5968054250959055224
7897548024039099732
2597792082540437125
2458463638241784409
1793200308610529099
-6016271418110656033
654082323846910049
-8748983645286408642
5214693634520615678
6872887084236534578
-676947924896680949
4927024960899195526
1319898986727851561
6121356486316725049
-8943505816653730755
5856429324580472524
7168591637008003509
-8758818441034015713
5292142680899232075
677721188192164741
-4836106587095715688
1819315185554140234
-3245419082409585421
1372068552264742285
1620583681689523359
-5518919051447083410
7295337849407080883
-3249004715798081526
-6696416229010478080
4081574478184178887
5284414274301997306
-1681008841017902678
-1503515804203277802
4981922930550031825
5414445097768951661
4664603989869416410
6006133332805128856
7198688683437165369
-6850000516389842411
7825179670250823062
-8013879725811142138
6896103253833141934
-907386532051250089
-1096635715239819395
-1261318065650416097
6751996826891789856
-2398382270744456642
-319656136504654235
-2677928287819640327
228185050993520915
8524735102071444166
-5947445637345363709
-6382586306286031023
4520434731325648727
3894273679021503607
1468874077314223499
3414545384063277872
6329659533624241137
-8997256003949803547
-2063113461577077248
-8172383768674356418
4122469496092561952
-3995567705422887345
-207746446280017867
1319963054396095708
1486564447265039343
3424549367358180646
1370296451323969561
-4278439179539668328
-1964095301067544883
-5490025869262235838
951652667052011033
-4051294519431758764
-5967629516878559330
-5077514229227861289
-1284313012990370543
-5321548393190222342
4042984482962976930
-3474601273211688754
-285864135094986322
2517969711623619940
7771869332416938423
-3542842612251639391
640937296837797811
-3021443241024187565
-2439122444200157227
-6036896010584847426
-233383101028752770
4832802309192637384
456305412700333783
6578496664147754044
2532803416319191005
8889653629037328588
4381983118465435343
-6454690278856740102
-2264446497157699033
-344568017884443699
-9024623640807162763
2989551976896820844
1302780768908556405
-577182577233849823
3787355948501733067
-8962494323945797853
9050969077416997895
4989946328654743988
-5534283882003241258
-59634718158098501
-8572623657188927536
-6805190518740895109
7424238468526467600
-6574631626983260148
4605386675655761232
5810398194048125943
-2563698708682554001
4692043975978234053
-4560826145542871037
-438709474420542070
-3128911970607895966
2277196956550545650
-523430499306667227
4572701765934290000
6835606978557761211
-6327131485940625830
-588934013966371517
-4118695871389504536
-8702246162876612173
-5976231104267357117
1625008340037797457
7129129999485832605
-8495579321756484340
-5944896791401361283
-858043291746214355
-9188838157659856543
-4474509000262951251
-6502959197572903624
1829059094637620791
-6784755721407741731
-2198063051427208362
1950045533195351915
6534355366661685310
4165370631904081050
-587291859837319233
4512834688570852680
2073465917211823531
-2349837851833795241
-6129127251993023567
7199746081753968565
5801636978921041385
4877490046123229791
3756096358864296836
7323149915593373482
3061813028362217279
1115190619599308894
-1592835780755501863
6622843304057770699
8398873466277423883
5910768610949181005
-7693983084172720853
-7692823501110500240
5804366741781387914
-3748351567773398761
5116592545315953868
1491530883985381795
-6336989079493309832
3568169131738363493
-3008168465159922220
7797953025667059679
-8253488059283765029
-7236956022561273908
5797396058799199232
-1163368059745620604
7518754429018745903
2137961385552272463
-6246235688071934966
6617266587436339195
5755873601671643828
4932792892098612747
-7937958733659241963
3164975801615445735
-4870282235153958537
306920905442610369
3432021485286361210
-8312620254725056608
658336559623243548
-4372148017023086822
3157368374021280434
-1295952166323094286
-2076253513121332665
-2205283955296372524
6585726275856318143
-5648723563393629142
-8948937296526809568
-1125606915160528804
-1085656353644714023
-457470640486493347
2561433226470212479
-1701164720802086549
-7395517008792846881
-120577752933915133
-5272769090805361444
-962396307378476376
8627654004859208511
8255472138633494329
-3298718740680256467
-5310117358243985192
3137201123890103150
-2274270700574663463
2240860509408122912
-1103291541998094998
5472662430293085060
6431780954709370107
-2948468732061771596
-9017728284210276334
69839550426097296
7286063950371452975
-2158217135915679416
-6287326271120946687
-2928998811305734511
7593884269104942212
-5400032897127785412
2804552153715725714
8078081415094149576
730111595432360777
90325535018811696
1841521342315135738
-4711719523853421264
-6289080845834921482
1960567342818849965
-4821943655451995710
-6020531707615708535
-9000901544930071095
-5780610323104499613
4979516604878660149
-5725240184187062484
-6898473935496330945
3717721498321686308
8315855315110542962
998275999198462835
5810680432605550942
439562890603439395
-6768488388161894725
-7680871832596423599
9088693497377661942
4333239109495105706
-2681151996842315941
3990227449219167732
8662530925571643735
-4941851879094007764
-2638756424500635289
-294829787241565188
80515766738610094
-2310485247859076215
6634314823135488845
-595034775383012980
-8137695193566710854
-854929941594352774
-1580103195925392991
-6023650477741237894
-6553265335206151317
-1808991108797311008
279899629408627866
6548745080611009122
7165390830332941569
-6421486144916811095
-8675235994400762753
2211626247654621365
-1421600692909763378
-1633092921640035622
-460377615740137110
8159952723383210556
1590668671367004555
-7749785779476021613
1161122548583347162
1119251217763739388
1205547872182199049
5081767376329872257
2890477887673195724
8760207667597537571
959203662084958801
7615411197891929386
-7110135799203812061
182404233643491916
-1965356223414427123
-2191558104136303942
-9096856778666070574
-6665399314988958697
-6492371842241351291
-5975213074574307521
8115508339748626639
-4935786886555639315
-3805993941185134677
3725487052568246574
4294513838308634713
8181789474786016350
-7382797462323984771
-2997370029335593507
-6203102056919652511
-4593963912173666296
5270631366047655310
4944436654181170277
8475961879242355935
-9136805038982078454
1534080839709820759
-8690603234367409220
-8197935969055405880
8462240488508267195
-4460993125230900187
8378887308832982742
-6101471797339811498
-6545724668994874901
-1825266297448848875
3279728818988675790
5826491775194891678
-2149191185552420051
5748574206861632024
-1765631406288396514
-810810367807149112
9217657780993886580
4159760634032686827
-4116947958866916268
3184848210575114711
-2839738235584013348
-8891186495477707961
6955086818363277999
7149605924095962547
264072388018950739
3019863708101278805
4749873070783742740
-3927226029989505998
4530175884637560217
2170328000357156568
-3218044036689169471
-5464638722442144496
-5417955397337590982
1637751889265933210
-8371331063739011525
-4193459413364163565
6996160123215422843
8450777472025317501
-6315573528649484812
6977398677163045816
2425598483474982769
-5052817644697420362
2004563311498415443
5377732489794269089
6986100422083584851
-225846401316956412
-4344262917305907439
-1198938785809989869
5364432018248780911
-3111171112283739442
-4677604440030181445
7824822561081687748
5661107261401874429
-5306127961533394619
6124755499913170145
-1971815679601641337
3867364857438429325
3563697602848278952
4660800614749209139
8345598936859322236
4441958969907748587
-6215585970063176852
-1878219584436306477
-4107760512722199887
4077345955669245352
-8412584875826729995
7595348418412728494
-4496540440606680533
-4951215957645263183
-9099632588287551404
3720925994375166650
4791989002755786409
6840537686322521196
9175040908902179334
3562224419433621577
5082067565366336106
294025595928423884
7149079089011784736
-7647481065994910297
-1072434972389912898
-7252620423140533354
-7513445387528636791
2632977472642348959
-7525095829216881911
3276132784150882528
-5815266380263968717
-167684926466404761
-185837414595135444
5240328957853291506
-356973635462087200
-8954914828982907097
-8818154530332516333
4028084622236283570
-6707302181613607635
-4495107148642415580
399820444864096387
8933232833146468305
5924787240718853645
8997029506071180443
6302604787577840258
-6910583491393331969
-7466164489381750891
-3170420564455998294
-147237896991514016
-5882238026626886839
-8962358793479287282
5602025195713094245
4356363364650032417
-5000919658233773675
285146281455687161
6641293677825592404
7029497785226905379
7660044707352233250
-5933764787097072493
-3873633382538007524
2482424540783104173
7698890276812329901
6497104930037446943
1918654920318820824
3836892282994362222
-7056899133115558629
-7637414326023549078
-1667662339478813027
-2577928166366854289
1803102032902948193
-4622432015941877966
-5044614624910513384
-4703683181926385947
-2611371070255591860
9089196195786351953
4972324753469123096
1278029119311045167
-4128265463430028454
-8225209401042312001
-6768711864369396059
-4623560368713986548
-7407884563086308148
7884893676960281624
-2205872309993762581
-3099841783874783400
-9126197823576380767
-6610698060468622343
-763346776411872362
7957912935176125190
4840833098505655160
7183369652043811912
-1439701105782970899
-6742100544902787206
-3192143708129086595
597724919721678640
2150140233231601314
1849451240929178929
-2151062432374464588
-124056626688562000
-6303165762535392731
-1404221078342557446
-3647597528950987046
5780005948524101108
2259815475969150980
-8983494867520708244
-1671838694317968100
-9160674465772241100
8576136795040647932
7519483002347289726
5792578460719790652
8183282537910369204
2770547356919382573
-8511341844049296385
-7462180453861332507
-157582126346101477
-5961286147202220959
6985435979297782187
1809655116190366054
-4303141468438614207
5273211591639838852
-5615855869178170300
701202193630287495
815356152653310960
-8665161297697471463
-9078031578653887245
-7648647372583941198
-5193334713197776742
-3989679747478334892
2231657813436413026
-7463902762553713779
-1457722599138557575
6652702322157364902
8134815639032065921
8032212649427260715
4173627215226569226
-8903629139389766175
3471408816360562000
-3684401611544696211
7598955935910671977
1200971231795200896
-3691702511098095486
-7693935307110079388
296507010638512667
-39040976495883528
1858216969257660687
6164479043709810023
6732884342277258944
-1544339218948119167
-8599262625959051946
4110839668623803712
1448642633048365999
-2758071139840540887
-9074348009788539195
6028195808528641899
4955400133849933237
-7099449630582883937
1680490495985414038
7340675884717131109
-7171900149625295885
-4026907077254970829
32569582853992090
8340059734475549436
-6720897604384019955
319046598355921320
2713181913315337625
-6751594230584544
-2409851344170202789
1225752171531991589
-1074063619868106520
-5626251060334265226
7114489004954512861
-3720543769976940263
-1232777911967052183
-3057884627396482562
7153501859189018827
-2621460588112003641
-2547885610007200365
-325575568691244946
1627874294739361952
835278908359801990
-7110936904707950776
3191674288750429397
1278839178806829139
4294956035123986373
-8010218716086947429
-7032991248621347037
-3746989995270457480
1986038550695343830
4523130691220902726
-8467451234975164922
7411880007608869787
8186316085479500929
-2684765156034441117
8928268754865499532
-1176654670284887792
148744900489704926
-7819293000419640378
271641779609045081
4363343056130049591
-924447942496042454
7945093555249778345
3010339051383747752
-9027145860958852124
-5688489990769321767
-2251634091916550635
8794074556126890583
-4959138899496857107
-5364116479969339717
6383161779141380223
6260288047036124057
7355952432133784531
3274365274859986382
-133254897905244558
-1801420412442906233
-1389978409345106156
7025583531599810142
8476251533784080176
1373654913763225849
6890691327097082672
-2348174767299861680
8706765353409174663
-586166230630974701
-2600903493396190745
5475855416077738727
-7938678638466156483
2471514948144416501
6289691165279521843
-1956284304039371456
-8495176368644724390
4619128092446406579
1155919186198760830
4731870532839596940
6493504647604142994
1065624208268937223
-8214008675577095603
284112783643874592
-949526721238700611
-7004366976708254072
-8952531283698519689
-366734988633583659
-147663062150126226
-5878163000692187797
-5122822152323153116
8289202789384993377
-7706352288772795548
2630872600079715679
-7602660746182304277
-7086589511685216220
2504121925920086282
-2336927063482361597
1267429671030775079
220510888482968145
2338726219372670967
6097925885169049254
1020756697907416990
-2102520651841700743
2301981997179472782
5010001978576285421
204029027249801784
-1173434214228942648
4450519948730848734
5834362653380844504
4810333295568669302
4693690278535533673
-2340910028773911700
-5879396638822196535
6105715898101771395
-2813467418265879074
1785887241084775317
8906507591395575957
-4663666060362912673
-6711748297609937864
-3429469141346352465
3328475959528860371
8849342852656848431
2917685692134276543
-16177543181205066
3250389715346976523
8387184017686596704
-4628777473303332039
-31636469223465891
3913827110028213415
-5629123880309786990
6714343364454155217
9066155363751931070
-5865051146783523191
8121636340557927744
3990165803875217165
6038221585812161325
-6242416967547367916
78804319144013504
-4238791881185963678
-9005380601293906833
-4176416506232077961
-6060904895001868644
-1344242498273432578
8864759375924744634
-4335607431954866110
8529553212084951109
7999073443957472641
-3502957168309850070
-2506468216516174449
-7968365313333618086
-6274679559260263559
7869314684778975214
-2621131437230841724
-6940432482251750627
4148917818465294590
2474827537713527453
-6493388224677990682
-9202427465579171993
-1206703649455284371
-6333482546954188793
-2026442041099149787
5158069471003648857
-2467830772526397291
-3515811681054202753
2953566767390883685
6350091307708015518
-8618685278195639036
-9183961125818164058
-4066697923477048388
5801636559048255153
-8955785676607119081
8302972762489902665
8824108211118523425
7124846995852661392
-2973320685445235053
-2947956266743872622
77886110912205144
-8648421499148266779
3279507379207955376
-3128681292882407697
-3628313069872316022
-8134956921731858540
-4243999725875322754
1363486612190874971
3521413404202455542
-1715064521083250048
6468847528445197702
5456926624235468466
3556835069720951154
-6734555989424350207
5798232269370072018
8409557573459326239
2021159261287882529
-2161458340139466466
6130574948996991042
3079910263148923476
5185388316134279207
-1937116464289616687
5884291792297695435
-7632248911806668206
-5994635379338974303
-5330313138323076260
4042081014561958910
7203768748108098192
6265778295268182112
-8038947033617781431
-7263065832704117761
8308530957024411324
-8986974541301060880
5808386337734739982
-5646481013284399553
-6856546395079844970
853676924123058012
3012694414695912023
5537960098693406483
7945164538145128780
-9070042077716475396
-9171920024249950714
-8618673857691859824
-3423239757623819596
557607747680317480
-3012874622657048145
-3768414028614277215
-6621548131424136198
4967888590347894095
-7783693521435032050
8768631294647014333
-7641033466215174579
-801524713269587365
-8460927400401194671
-4400268244971338830
8437659516976767303
-215766077253806116
6256458288022291290
-4702668164857967707
-6958301259085016545
993213909052785952
4455245738509170500
-6128581811418914204
5815994838209430252
3327743237755504712
8962102898360335450
3326930376863882595
-7051336300985554869
7208669764935678049
-6089981490964732420
2005457896481810486
-781046400607850266
-6795187498993515972
-6222418520862000336
-7500690896260124989
-6609009821476091375
3130117521095789932
2736147177359921912
8787947395330113847
-1852810609993181210
2067378180388215185
-6827999668616093883
8088571802607224838
-5984234338099240676
6381216199451194745
-7420604583128121158
-2428027371400320030
1694754084412606455
-4749785167689667234
8625767224999100942
-5946740279860287300
1919244759777393033
4637032028003841316
3611153036659713014
-5030343203799457937
6187385299923865974
4172309279072890515
-1785368848558099545
3965236303065862379
-7970206427575300715
4048070766229352311
-8008843486683518519
3803044721771681785
9167625412495573830
-5714270159653790734
-6716357502896727460
8014491671009833591
414854604747553713
-1697430986357814728
-4948965266034427572
3818130096270049653
5978063742049533438
-7394293484285953531
-4328984255507522210
3172444063017458717
7613896618682265425
4214858079861249461
3701453749849831961
5918609622544504570
-2297977215024365943
-8353843594397684903
-6720389603192688841
-704223526542309918
3434940791939875787
-9028599012423259732
2292513175762508153
-7069797831336398184
7308480480261896647
7043766022502754005
-8485801945849189885
6977227050663852253
6676280841884528543
-1057157570232481692
7294357124103995859
-3502926609968297636
7383936754364297595
-8067247197005223463
-4999874273964030767
2320862108496327487
7817225530295982431
-2857734799103958416
7020039471719967744
-9220858186647986094
8196372172216867589
-2200451217719908958
-1364006344021669303
-5636949815515871047
-5405933047272941015
4914403477269090076
-5621399355756429434
1598615071439258070
-4689207998172356265
7370770739126394893
-7205038892141787709
-5624075192307119740
-9028485407213938415
2396784778778954555
1414970253511819508
-9058699170175825126
8457654821491548443
1025505977224050695
-9026689571379961319
-4106896763695669153
-4498889715233178602
-1569653905332392800
2538366851682416410
7028113819432184003
8419442554839716334
8762202384206552786
2465744198247875466
-6599953077370058555
8080478332467946058
-7365688035525483573
-7642993685054456818
6576517044725471340
-2392674264501783211
7714329369080045155
-6490954250963450077
-7129084610802006794
7992166877205634547
-2721322201982109909
827273104807721032
8386811097656313393
1726252815498085503
-7453351344459446264
-4912408477584653944
-3334650273504001013
3772329794009835410
-7919437299535514603
8800645721303510335
2779568232052461275
8821000364681646350
8110770536456105775
4138578105977228097
-8023981849097392868
5619957617388552030
1429598934154790133
1700321425518818328
1979733761485634548
6431409399659049139
2086366951014975401
420091769661955596
-7759444890722668032
-2409793814413295348
-6657984368942008844
3954437957829318368
-5818034377105686400
-8400663743238195479
8017035402631180898
7714600063776954365
5840153243607573667
7168878490748904180
-5185744704995014817
-8578977978881753306
-3606646943374019496
1631417718688960485
-6585087892016119175
5659389442927878435
8826165264684613090
6534870970742075538
-900804253276848177
5573078071168566498
5121227447874675472
2946054091979958508
6511386928675121447
-4617065127619090221
5077405990398315249
-8213429281934062695
5994539063573211256
-9110890214081416194
1212386724266086852
-9116815736727434089
6145169342351685765
1246193146849360856
3774641021636060493
-5767540644880079728
3310112634824190348
-5654318548583459661
8651684675631476138
-2646669742177134639
3628331240650577321
8422986639477995572
-2855822937771547969
-3521829972261212527
280141248116749549
-4195917145880836540
936073313021400738
1667902210412059886
2296197408423122286
6539829305163537301
4645344758205703588
5235700655257344518
-9043971497850296260
-3421557396973617542
-5680025946480217787
-4391077844706758882
-6278963592159532077
988026809677382989
-3975959900749623558
372827432782426869
-6256655492223635201
-742651742637036290
4532965735320048980
-8159487431344746198
-6276057355484533621
2119311105515274614
4208077475973561123
-2030770302622682120
2795968715423674316
1345843484424321790
27603231231405045
-2997716333807334536
-2926356831446245046
-2436712479643159097
-4223931511365246247
6258007099338524000
-5689813959250001156
269540744893690683
-2810431872598004891
-5434878792302286096
-2756043761875695905
-2467732252335598153
-3530505708695416921
-4170978910033121976
6288535691089588039
-9099703227160632905
-7950151861892460772
-1459240923133438123
7904045341225857852
-2934522583541602932
-7463774978776735859
3486858872113770541
-2777926392419748111
-6085531121226598953
3904306630546935694
-6888627372395919019
2006171000965787105
2911709589241863313
-6398058580191017955
2141201719863414470
7650079613436214374
6241782928969152529
-4964521076470758386
1265886464162726317
-170423139282314845
-281679616746164227
4613970353135441743
2246723974825295445
-7326050312174078291
-6238942933822236381
-978031979118949950
6613446528272691163
-2265215502944752710
-4571908069103195227
-233669259016744815
4450006147157343574
-5968954704378693053
6787181355229061632
4460541064232268358
6906092360609348793
-7348657286491836939
-714756945455737402
3535143037028077532
-6188184572885942071
413578008584557197
3243564320754839838
-1205180182789214493
-6376684772563614781
4623181378901862306
-969993810884932522
-7937398125500003105
3176197331805715147
9063021931663627370
8330232551911715546
8276840517447002647
-3103425233353625165
-8176110450875955649
399126760036445650
4403448985581391832
-3016602445638780004
-1223330849014173155
-5139016245329286351
5582781514692955756
-3006800716489070182
-9025291027830470678
-2021211314360383091
2551357601883429784
8102862523721260181
1669032034508550605
-430098752261334630
-1500583469814622471
-3626926973865302221
-3277393999120842643
-5443264779198638552
6091007340086449486
2106532473357438607
4507436817908235623
-7026914076425391827
8426408417430728406
3865498677526268749
5925579540326299426
8943999574519354955
7720212296879844647
1318133475089394470
3542532323628376992
-8229087363649216047
-1348459412817786341
3937423668312945588
-3318876716384625619
-964146861241290242
-4787057048729721102
2211579235290115427
2603029395923490238
2768740720112475709
-4935124764059530206
-4958338127621959582
-7201571021923988803
1467807080216308510
-9216694889439572571
1370024178513110693
-4221857923782973613
1920578004989395585
386189546423971551
8804207033460321754
4957442987751712879
3772577746327630490
-790481000887266985
3709742471413938474
2737155066796097909
3422722920340362122
4760017105561008695
2455530286894126861
3749863115359011976
1078007244675570376
-7582300427113913716
449842110554787207
889679482458771300
5457665528476686004
-6986223336350192058
-8347104329985646920
-8827547771952822401
-2868851702673955467
-6831813739706908907
7697671520987847316
-1857492429419261155
1909684387164562682
7669931854596114722
-131651138237513843
1672135450717611138
-4963867071288912804
251941952644445966
352883377697991635
1583399775205376385
6245610026002098755
-4822455756834979265
2184890596450658776
-7665510910401876063
-666537782133420859
-147192162081237699
-7585200476560893435
3353306068911068645
7262401150506705940
-4536166793733417703
7946516376235294789
4246940558625641460
-3488092665422245921
402359360198256710
-2342058785796295099
3744822589373443931
-3383907793857295352
2163588603008525778
572771913762484743
8339838211366651631
-5288357984280575602
1753821310522994956
8365608509431461225
8036612528154902976
-964720847585671404
8348695052608795295
25249344289699506
-6224309315892132918
-2004344458023159530
4290903847716111607
9048921945578675629
-1590868876993437743
-5587966302853205026
4517484773768140970
-2108399012651336099
9063303395568765598
-4150584919518002683
-7812361705970225140
-7277202927481301840
4366253825983242005
476138129394577068
-2517062690137327828
5414109057955766043
3668288284437707366
-5682905151068255060
2936321321954527073
8376370913126885369
-7417303591419382691
7160203916332809486
-8105580548271146597
-8641294496316366309
1955873144026046018
7936959203708342970
5075861446084887790
5438540468266048922
2228844884489568564
-7992009110103106507
-6021680359249048183
-3771717311531097171
-3613176646949730597
-2560625296494409673
201258871529686696
340780751814041043
3569143958850838484
-7054889786226156103
8160046431352250749
2827265357628614841
6695974178027451129
4617608062351852200
-4615471298073279171
5504644715221548349
-4914339459813322227
6051904487959985530
7293457090476557517
1489729185344478839
-4170906031532262386
3779216766389285689
-6731809831004388738
-1193402168046157595
3873850769117245610
6226937183023578293
-6126083126588931248
1352984302452710234
-5577396958335637820
7092385730775275479
-2482099487886678150
4779511076100658985
-1579181581349185246
4859252258208488810
4846592199175799849
-5203607976373948189
-8065791744243754939
-3304435474778433911
2376354136695175987
-6392511777714258630
-5197416428291486667
-8493656222190114275
-8195384811788534986
-2193178341760800472
-4977587494187525015
3037948583830061679
-4898525184237248994
-5329966922955924007
-3308159407135441827
-7525425110961642898
-3330434822356776683
5538368764423178757
-7778615997608094584
-1681721391817773144
6181009004535197002
3810704810253237502
-3038287926188487368
8686087833219937186
-4496345679875949189
7983599850904097644
-3509065399890081957
-4866394946817593067
-4954207513447676980
-2934239987728679403
6951396167835548085
8009195641813384532
3634863853296211145
8588364031876281572
-2177612108336927125
5397151698739487955
1006733960764417196
6134930080425590611
1444071486333749243
6727423577040140813
3762729779797404028
5283182849722102203
5798982858544157934
9042993662165194616
-3377854044071001375
1153884466377352373
-439914346833062157
4531393165485162071
-5816417521704886273
6833896737944391249
-5795814369846336702
-4574867850777482794
-2270296954574172497
-4210665365768126162
-1600864098775226552
1674836432749214048
-4662358918840720547
5030084813171953685
-4027779106803955035
8824660186859822568
-1118813682433613861
-6381537277036519891
359227525025515111
8770199822701689334
1143747502707342397
-6900464363022663270
-6837179132669539893
-7280124915394976291
7720515615131634603
-5278622982065968052
4764601930067266381
-7771735533993651206
-8839797278476077763
5864215537781358380
4828890464338403500
6845681223529280975
6679260102456406192
6827128809705766075
7511000344918911363
-7719005528866447005
8715527287706307079
4357791950254651752
-1194808258869844644
7950348408547419672
-2764749091341481153
-4940336895250012465
6125116106470786383
6639200905701263043
3308006727581647294
-8496324765903750240
3697055099231356002
-656458483281026570
-5248266785100447673
7764126780276647695
2517911519391908940
-4401051693101643278
-8335101448875846209
2206426449691760046
-728110624501445382
-2955218908688382019
6766420458208301767
-6937024374431528997
-4688211698341133464
2416521925329239330
2651796775808367016
-9169901809451446331
6841058273916953969
-8421244015898136445
8159635818866778224
2998415054544609517
2626538830335268142
-1924178325834363547
904340748970067087
-3566870847821042804
-8969226008173411705
-5244731262099145930
-2859290179994115902
5215470787061854455
3091901150981573687
-5124496966814778943
6311672598489027488
1421696686408319107
-6266236856598991560
1033983454951953616
-8234336695417672346
-4030792079385112845
-8347362269090731099
3756492159278781689
5954396030638837504
-7652673182580849495
-8843367224107782723
6912159457188324390
136487565591254171
297678620835433517
6748400992880612665
-3367057270627373090
-1801214857067948213
-7145319629122660681
-3502773879737484201
-1455861016991150557
5756538726113030435
-6588284244256236337
-5080306213728086088
5203646376783511481
9159924682421496990
-3632236980375419338
7622360833601600600
-5433611325374885518
3856558239918513102
7661160723910160737
1924035122056770514
-8757079308317454961
-128460484995888687
-7882646946480858569
8366723059259954052
8090615326669519240
8624742453127405544
2245375194673457833
-6298914710162320993
7520677445470875154
-489747554610397809
8436836979817087898
-545933242587900720
7482865023100261918
-6379576669290601334
-895028288243102080
-4477634941284662862
-7241311347641295391
-8641379024315510736
2567383679347887639
1407480453751641318
8397002811688698831
-7483728630250194878
-8372602869210721178
-3710694540587998901
-8929172453713479467
-2325517827338479348
-2247643995844761986
5868541972094938442
-8142585972616966141
8055175086380929569
4300241952520439562
2314382949450962637
1501176427339014056
-2459399103014829097
-1898284803208809922
-2766120302464491754
-2658052336592288792
987713267696284222
5746135290920378957
-5288384661086542516
-89443502770399018
-7584088038046129466
-2256391098732983026
8175858036563724778
9014937522124461639
-2530447370075812907
4871643080259136275
2600322210605695925
-4512074639295930352
7782392244592706822
-8127632810690361543
-2696134401245337805
-4710941668191326480
-6059814772900876859
-7444074254211539981
1394033924337920886
-1691792608776614652
-2840845380765151832
6296739880581156223
7604147459765944380
4519149596577501736
-1905292846296390467
3748020015168690370
4663955899741418115
3916292602955597598
-7048279529347632029
-8094252118091366340
4608790499880163271
2900235307629901831
-2182116186223715792
6689605250125240555
-4112641983125676033
640272004762165877
7540112654631263640
5958239820991558336
4595051182748052620
-2256212293804071382
3610458222288728552
6472899107621369986
6261801710314781058
-4886318297160788043
6961510143765376860
-2317303154039023634
5606347361685551659
-2315628823029822235
-7461797945007143545
-5900347116303317858
-8026279137305322908
5587958610001865722
-55408989488854740
-2653041953235014712
-7866438665854712658
-7906272202788521377
-6700729209424895794
-2143882250531270054
-3085319490961208046
6624529527986572780
-7429825592370956147
-4595913324229691612
-8132590645310863853
-2949267344859358819
4027919134616182939
4474454996434426580
-1882415968970101068
-7426912779428181027
-8543224098130768804
2865201373814625524
1671855224122780747
2603463215098775745
2719368043940721027
5737389058256528912
2121478828530765383
-3247781887796744611
-5585552552799994845
1984428217805247609
2801985686629569274
-7820518626731368447
-1017553623021194995
-7190994739229694946
-3514167549622131393
-5204656383053766716
-2904123703438621520
2089790673425001093
-4027224938332198005
-618978204288430707
-3212452196412047702
-3913353897261147898
-4716671422563212522
-6572362311950725198
1299768807178097172
-4887821043024831752
2482644862810673964
-3302463944835002070
5449734818347029246
8719384560966892084
-6118492185719111227
5795392111602914119
-314292591118042003
5891657517815247745
3936543341460249506
4045874457033758319
1257057728404357571
4189254761544141797
7963824657399984932
5019087459944866024
-8699763508550867866
6623182238835029277
-298183209051765602
-963931975989144518
6179813258953146427
-8500254028158068135
2145115518914462808
8513911898446621240
-7848428431192425442
-6210179289510227362
-6971109866020578051
-8393873956551280299
-8911969573856325074
5798427213099471644
7353957603468826581
1253986213996946137
4031574226368920062
781292077963696653
-8978582138206211791
7263545015873604689
2441632701958731500
5930826601729810057
216276717402647367
7741576519445261248
-6029614605053306097
-347811220560365654
-568953069860434749
8345525986685890155
2181006291937778322
7487777321301158486
-3082698702780545390
-2393037946565027647
-4107515639396446600
7237491015097053251
3862469507237917445
4124151172638248223
-8552951550595978807
4032674698525334905
3277677530153979954
-6766344103489297260
-4520716187275846864
-3217354263609745055
2662386241509218467
990558197650346024
-430106386649195919
-7708791447842810715
1812090691341279960
5993836010151236324
-2203181292533198167
4127502597227941764
110426732316840646
-4521596538812056573
-8565961779220249923
-2513621929767766960
102035290310383765
-5429587577583183521
7525212321424046253
637536316086045346
-4607291077079652949
-1300475483716645526
5526671894785460779
-4664854721242549528
3992144629052124843
209217993730347542
808962698554866087
-5705891937964062546
7793072986851693978
-3884650571219676081
-993920475642630658
-4072109954803128628
-292691933476223097
2741586274939480405
-8971001334539706199
-1271235389931915055
-1481484475024305065
1946985258843502384
1776888135207784199
7154614167233946996
-2517737785457128086
-725476021495979655
-1428817236498073580
-4779319532391133664
1604083036623047722
-2242992468689484704
-2464758807183630958
6435639894672442102
3249699191197123659
-2398029243797501160
337983012285215931
-389844700835566835
-437593751127754963
-1476154451423655532
-1162780983684046667
-6957016281292010004
-5985126735713499663
8368080087482772497
-586023925401170552
-7383767277480482751
-7196817333800065996
-8460800139795570880
-2918357908395495507
4063267443401121444
-1803048225242003884
7180497950840381267
-3812797940100764732
-6277012388481101504
3184738308395835029
-5567009489016794406
447560488366659953
4338867121267463932
-1979030146679372970
-8821549911146793388
4420586520930034433
-5828509799261988083
3864371073690472892
-1018962832017161372
6022631858659493757
-6320442700826573864
5289991890263508069
6712962756928338825
4219304193382665537
2448964186865511614
820161940449911091
8908518092440713886
885516734612118948
5632732869899031155
-8384425090197350166
-4896526435041848554
-1304301131632669794
1475003394014099122
4207570212016395880
4915256736296141910
-1041709227044428188
-1992660150797841789
8981968026339748275
-1593739662596759815
370727063391277093
7577567754074445778
-1845188522069729827
2013556177548468870
5791832082912562640
8484523087737929400
6716592061796445772
4077242465961230817
3252287925995875335
-6814129317806531808
259259972378623752
64650488992021243
7439002244198036294
1514010608361818250
6395194398129766202
-8341032274697411223
-3443118809916637931
-3108878672905767801
993340177833300360
2008436238569774032
-2993069468790316151
7212849772231229008
-4547981371184919435
-2783584571943164613
760865752949677050
9150129684334377943
-7120030252823483867
-2981695410646849819
-7959687939935781335
7799760153706267413
3144656038885245383
-866598670945955804
-2574330860527690665
5635699547890741837
8900886832903612883
3448976410048735832
-747317497955255704
2744714942989085106
4473907257265168953
-3009624188374641481
2670827123950102402
4055561115053095940
967081519610861215
-2462967535719573980
-1123101827982938878
-1498300384847761343
4357763724288464111
7224459299577318297
6274928125557601029
2708734062781866763
668599079579436101
891560079739583001
-5624852691093003254
-8080716400139529829
-2372515966327719254
-8341919100340249148
4144026670455378185
-911914185817784240
3002199440218309787
7318195658705883818
-6655924227502247056
-767172028657715789
1654009861809682584
4386860979829041955
7506972467272824369
-4898634811400773065
8159296808097083019
6891548684597275284
-6419868991419978767
-879753887513769647
-4206882457965542545
-2909154133911866331
-4245023700699054652
-4967288056633902577
2111914515422495943
4651776918135657014
1627126230285961293
4245481492867241794
5197158411732125670
8277568991179642713
245620517820112275
-9129242780048971822
4286477912881984416
-3928205606627873054
-1416401046927260820
8498824564122094342
1028681366756279412
-3730198877457025083
5194277855602718852
3528082608021019484
-6587002852823297194
-2228002559622608882
3684189645592835595
-6941695161599158435
-4778620813564423738
3173715291789119215
-6705499156518403295
8378538322887739566
4455329716099965129
-331855901269098896
-7305798422764624398
-7401178715586875459
7971342362564076574
-6805954402310586428
-5959335538190279297
-8087671154894333915
7192257255950887955
5083133546357878440
-3089867077423962979
-3433365768352198269
-4915003274170476753
9085450878301112775
-2803294303494957137
5733464110301461769
-4058830515345410220
-8390555719138829409
-6063433191690854536
3048583692992287114
-1742182521084753754
8067321205063030418
-8950023467920817454
-3165423680789709367
-5420139590139221653
-2791241245656113201
-3645212916292039038
7143195232863662571
1516158104972161649
-3655165657047738337
-4843591317213601835
-6392841756223791108
-190480592663130311
4721550465190256441
-3547076374780106548
-1358475563180343471
6739626066963367725
-5591043310584558815
-7427467462393945251
-2504688672963154982
2824616501031460850
-5381211883203016437
2879666623714746279
-5605051801608041942
-1977384681968869267
-2855807179516937890
-201454873814281502
-1653898826155546256
3311173884012061967
-7960315491004966109
-4904941759656907319
-2239143191429254126
8387280442719603041
4499648627512874945
1759190003346021659
17101713978502042
7448951874581530205
-6850681728750500168
-7320106770630251695
-108483123108861112
-3002438062084110342
8628814037968666876
-7478697484052165466
-5838417860517365656
938581285922960816
-4182859459290850307
6455152841161644858
8760722857551134318
-6392014306073565779
-1537450006930264603
-3315794104860500176
3728328252339709897
-6841505227584401565
-1926544792473461046
7274407078041557617
-170314790764503791
-2675724283469143874
5319595887860195108
9156750523620584452
-8845204729800925445
6910023902272748312
-1670176571649464749
-6405815644740420184
261125338753826376
-3988004729654496386
3015782621023762599
-8741362757468850936
7088110242313114273
-6276883224432370156
-8835420382485532576
-8972766752670397260
8759977145522300608
6899160830694035713
2794943755043499922
-1666382348554687590
-5479077651347336331
4187293993180630900
-892860569426509596
-7223031218036942065
6338046411490708121
5485143595055923674
492593119063248610
-5157929802043364207
5134903903135318875
-3060794344097946694
270184589624359275
-7969787326641093071
1542789751390668310
1747140369956961513
-8967937449686392130
-6567885076607805487
-5345422737145749178
8872105028670937197
-7995462402143974784
6955527134646404698
7887758768755294769
-532979858221033534
1106982273381730024
4275127112624340228
-1635477445078440333
5163901375625702267
7709738917507721538
7813299086711924504
-4385888974295874799
8359175941132940033
-6744759861476869415
-1645876982726834129
3105567956171621115
-6229699331837487906
5066900462420351745
1697860724627964440
1768625176328502040
-9164203374814979110
-8732685511836353660
-3598601782411223793
-3227405133695366904
-3278608345419958629
-919969027533914009
-2457786653134544601
950221735068459267
1545296581640236816
1666160989944604649
-5051707376981774516
-225697162489973784
1809945234895898655
-1271840433958635863
232706919455633272
-2263306603612492957
5093736255132262038
-1663039370144163211
8371101228748957710
8430881160007361364
-1390773694377717544
-6245346036401551769
-1615891186994905515
-5676547202852563017
8555762900098577778
-6017674139233905812
-604770584792445289
822662623867489229
6764758536517696291
-782386676296387056
5433592966710117062
8109569861346312882
6469681377864050352
-1630093630756896127
2156903258702838211
-1175537971948054924
4952012296082183962
-4479615784796341530
-7199229161728446587
3663778440148414909
-9068313470942410580
-922946225197484044
-6425095354178254967
-2132930385163875109
-617594334913772982
8898222443851591074
89923700356136270
5367376658885857780
7898097537298571008
7347022509626097042
2447528894273564923
3506002288056158595
-9118423898643084362
356890386311624831
-2366734139350937869
3806903744083955284
-3855295827212027549
-2561771778329776519
4660749260402416240
-8113469079736844427
-4843298517227230714
1953508011977146003
-1345109138540537597
-3318053057847394189
5165789740372720750
6683299896820284409
8870007148793199351
7164277146292728593
-4912323030459313090
1510879058749714764
6377797081834903820
-2300713718072655788
5454329406140195960
-5775765058985717207
-489044969969310759
-3922325166319869215
-5950195317685247634
3536014093711646641
-8200659635493204461
-619247741325775620
4792003740507446613
-890518103128370105
7058377135230674806
-6409167862592674086
1647879984604381651
6974713000730192769
-8222050548561327860
3626186040221274292
5802880754242965572
-1019579079857948768
5809131219415129487
822981206124494163
2554384829340401560
-8303725944364791985
3975654501521404734
5553720643415285668
2831045664433320904
-8854011772259638318
-216908288685430632
-4224291252987474704
-6456679561841667124
-7826266492765247355
6508875500321830723
14297665520985452
3366771198786712449
-3567900136453440536
-3608980850569336417
6192210526108025833
6412245894627397018
-1274234846613086247
6085663390813411339
2325935857927062704
2419179441636594377
-9129991425418597729
-5044736593181032189
462835363997985869
2788919546699909043
4758107059003942136
-9107858320755838580
-1063445742823904788
-4992071953726047959
4527885281410619815
3539010764669367213
-8609897642069034142
2983264656873097448
-8762269512738089749
-2625901895924384571
-2176657264987510654
-1085386994978297493
3611918552499546031
5860859679579264656
5803797243221617259
8340189928751807600
1792747367693911878
-7694234574726903324
2115589660888913091
1843677563419315947
4165660812161896280
-2943592538820489383
7525636519095784862
6062657581041411248
2616147038327874291
-6392093883533099995
2949543040487753443
-7854661495757129582
-2815994698896035872
-7697751378913785053
6939310100978280484
-2235886023259604379
-4989682753902791286
8923347103225156645
-2023755646454012213
6144391812164544388
3686548257015299790
7532654716764525468
-2402150994884010785
8238958370707399098
-1230406583185815859
7335404005997964303
4216128952068908747
-1758561973236489675
5460677062601269989
8695594249576534890
436209431705442922
-6944863892792033498
-8650690603518859184
-58444129212987290
7533176065851287422
-5295339060279311652
-3472368970617308876
-8746527392003778047
-4149084293079105161
4743326522814870320
-1606483443671954268
-2576453802184228282
-4824280092904308134
-8942584276587531115
507165723473401955
-625894448343896128
2828312563865287154
-1271968861554554962
4871593333585402804
-8503139622166991617
6795212943703158951
-8931748477797854321
7495910324619377855
5825372937826031307
-8772176115206747349
-4608829799352664498
5403077637017319391
5613141467131542902
4107719499231370171
849746011619981591
-5205919331933264353
-3346312722551254532
-6007363050144364622
1007204396832491366
-2028982149104720179
-8461474703621505370
2121647974944099496
-3312074305144722611
5852392691633872358
-4857257477643163184
-1121277498332239570
4961712120623131653
1824821160725601984
7845261157186488919
-3908045564775349994
7594188484533692792
-6197764827600348887
436171931723848869
-7855730243530304755
-7779858872110123680
41156123657647625
-2662301919464111633
4057482218729841683
323677624345927622
-35709497565730238
-4640672954239429695
5993021528214888980
3999863269821029795
1675254359481849935
-2081936897636871168
-7924309912103681999
-8125639211774105993
1443110877150549114
1949516557167320086
7496581943216310502
3698813015853109283
447176649123726602
-4335232103145783330
523760873086356891
4311871398512388588
-3596505196977692478
-3191616887233436864
8220894428002350007
-505611059324078199
-2547625982813051118
4657415027095054040
-4775846222917792491
3988063222055781856
-4672048752184108449
-7037992749358628984
864350304658577100
-8387353888927450137
-3912910201347783486
-852773921069414794
6667026265729658132
2337454932035419839
963009659686800852
7814404843749708504
-3750277340272972164
-30803984582377843
8779964404954627204
-5192037256650218992
-3345968540689224568
7510452302974741752
5558336784696418342
-7536923197683817872
2000809808621398992
7554099472780134940
2636792361133323844
5209639134208294525
5618481878871625570
2026451753207497503
-3265835610584936493
5529563537943574999
-6662722111161641633
3083842736141230362
8824380523902145841
-7811106590889127856
-829840199141307952
-1032441035258369101
-6279087562228092161
-7736854044680442569
8962165713220346302
2643734862912606646
8588511802030377622
7092095308566807114
-5227886324958102389
1428702372535913333
-5280366496972048984
-5704529262299718126
-5122236434696776920
-8534840066266011302
-2915084397746423371
-1723684154151543402
6919154162029737899
1420002160098444087
Matrix_1 shares[0]:
1260241158541237978
-8995746328530307886
7692684948792914284
-6905822501743948946
-3204390127595570251
4938872876511407489
-5082266095450232687
518494068869881863
6570576131575106694
438262157428868648
-8762882505068102665
-1018980235304659013
-8364006234870319745
6230338092532483729
-9140176524013214743
-3892933359630634695
7033787219456435513
8279044097626553217
-4771900907318379514
-4030434644114612524
2863491067640982090
-4630069512287070113
2098743544005755713
3165436943560344148
8993080712955332888
8665337757801555767
-2754236515813032165
-2612403469085647940
-2099384316934881285
-7269298874507884775
7998940011274510277
8261229587556246008
-4941266154578206006
-5129716857278041376
-2537842180770357474
-825875350661657754
8669410538182651888
5257628710047909203
-4259094464135661621
236106259500814518
-970911111842332335
-5644723237927161794
-6391037675602910845
4438938003581796998
-1715810529030829864
-992350867472844013
4840407258916297498
2746060905998601643
-8455859390805662813
-7164321523428260614
6545220266413738714
-7133086984270707077
-673161880231878814
-3637483571180197883
6150281564657604733
2819119945116732797
1880856718922509533
-8336222053150200364
8523210251131586014
1650858042099329535
2920114821842717444
7056489596564840786
6694078337912153621
-5990513811736441389
2824963974259431104
6967590387626353996
-8850795327676773514
-1887073865744296108
1183114089954353727
-3962969721172985703
-4470583683405192485
-7272476299467836345
-6408081914405801982
-8939321436778114856
3712635926329537109
57781297257879620
5746317885695261947
-564327504685461145
7319221958850886702
9171701862742301880
1964999564181376368
8771248995686765597
2294881050503475163
5207717001429960163
-463189962661122068
-4195542091287447558
-2316759018076152102
6852263938369058682
2638021138692361931
1486250919995511147
-6114842743767756777
3982588065011900997
6584996890773755221
-2280185712406612563
7821293519894441288
2028445495772094527
7734271889094483001
-492459991441035447
-552693205998975569
8928178797012811941
3002539616917885292
-5375507147445804442
-7739095241764726007
8306678665780865058
176427303850503517
-8779953851719176413
-6041577397703319139
-924668180149815979
-8902294671810896603
1336675614517802573
-7557090336092382465
7904328484010702232
-2743504790198809201
-8294969127725112764
8457460451263776604
-5881818203648283235
6476266427738278907
5448602115379543516
-7077435093418897012
2505616397511370038
7263179400859203117
-8800951729943997402
-880294187559653464
-6697628911881390151
-3022648017975488634
-8566579604401040029
-7118043803192142338
4172909560518661959
-8049417179766500719
-1656261383306287124
7662100521826820493
7117105758529514545
2128404212911391687
-105917039653436192
1763665040450139099
694275603984689519
-2514843131849041495
-4119341238786362313
-3477089499322503050
1581053927321700442
-89556649417103271
5085473586431994589
8361615804095284312
6376991618346985062
-277866943082378836
1803207158420575441
-3011273167392405257
-4889825278466619045
8736809789159926323
-5922577414496427981
-7390977312741099408
-7200568789294791014
-8056153700178517807
5259810413926335612
1948068257792141816
1729679843676081340
-6133027032140739388
-3422952807623655434
-3131851664760256404
-6077339121375835022
6132069698005714958
3957697874025911124
8527591762955893126
969026347302805831
-8473991243698130228
4127734661003241925
7429283749272855929
-1842236159542937086
-2930485079819688086
-1036564407584890739
5886425059453182776
5634710301034124055
8465871883711880666
-986997548279547640
-2875399443658314968
6069657592074360831
9005569553151077267
-1823742775278583590
407910534284022032
7015025257268282401
9078969036279801982
2434402559768531255
115080315227984455
3011001589653577131
-3686326343063273262
6831833493440855114
-7968444236087991913
-3077114240059813564
-8436731687394342573
-5833648353289033398
4806640120954271993
2921729559497278517
-6849876558810982233
-5634064230676107645
1727070704010027532
-1346492094465235992
-3302884947670965779
3679985652511736031
3834023118806800968
4179026793246547205
5502167692931169180
5672331817487003965
7735287587945356034
-5308615265494532805
-4349010938011333398
-7877084853410207561
2664352807370178054
9048164373831665231
2567254448296841972
4828432783042804889
-4181466746030220251
4050160582951834035
-4932070504640337726
-4869917688104058905
2063602948096271198
3246436056312469932
-4423302535877965141
-6878279104779965173
-1576151391740702832
-81774553899986141
-6316105397949794126
-8537032027503608623
3479453103611846103
406688832194698735
-2605963568008722698
-8039977610862822187
-6657521475241905959
1185229280106731096
4066796341913255648
-5654130473770324115
4131218955469219372
8158690037783560194
3460921073287871004
-6946304608382664161
9084609907140007211
-7327079149167246379
-5240048306362389929
3123675271788206788
5840346372373568247
5886956317041837564
2696986581568940939
-1640726269300186343
-8264193710931502782
-7669126623455598216
-1051787335310500644
-3908285696922819748
3155001706194725985
2680911794899856093
2032091290290972339
-9031801102464838943
-3536966063324593120
8932601079810919992
3842525141685082815
-6365333856615762554
967000669242755681
4922802033334819360
-1884255595167198343
-170246658018845694
4815637785353980366
5708883604666201531
-5166151933825051477
-745454026300136843
8765651713913062537
-4417348227450637499
-10029859442834427
8815005022893353156
293539526038700624
3246140544359057462
-1260883577739734619
2107456566979853464
-8682872319520173171
8674601877380882784
-6474452939340949941
-8518201372588057812
-5953170828688115826
49572639038432469
-5369884581203490450
4764196215856369093
-7138678376130468660
5322722197042350067
-6716217407926843811
3845034897144711908
5037491690478806281
-8916087653562259756
-6175032102530286474
-4719314442889186393
6389370188862344011
-3011735466057896199
6164364146956742829
8074772026851639191
718004473314819543
233212812540277690
2711673679097600731
-1299377041589041342
2034618668863940836
-4630387024427333867
1574517272172152465
-4372873919747526939
6574624396321441915
2527458847575949462
-6990177379101439171
4179783869820361903
-8046313684123425994
-4175055505236075796
-1993512164758789361
3716970195746110747
-236225010082109161
-8773031485018663197
3373024264400773940
-3127712541527023799
4980069961289421704
-1406187068406454170
2539728164316775742
-841517738327398403
1035039446202884638
-3553574914509042239
-2122451268527755448
-2671605987569712519
2769693260686511045
7340469271934262381
416014141130084725
5374992261150941864
7311862254644123644
-3811123637285427805
-2437592591085013001
762937346437817058
-9193120693007453209
2936519883913929597
6656569364568844386
774619197958890045
1081247505480457370
-3012454897922843379
-4391283221839075539
7192775988266698005
-7500428964569089401
6794935126098741191
5465333909623217046
4157341522158698123
-4896248676946946857
5096616855128518098
5764814879938376481
4774557651739976319
-761917502248321035
1863799105255660992
-5570051198978781104
646932969598179704
-4384819157700821587
5856408567306627849
-6688718827219702644
1976349345599152723
2893445525815913672
-4481473042505712441
2766342930401831806
5333925090516043914
6470118513370553380
-6273466630214046323
793447972266787395
1794942526718233559
8862594100411464502
-4740359083540541793
-8836856609450215319
-7910701021722176223
-5848184690671203273
6095160295498198846
1839801940647734946
3857601015739346959
-4291201476235664449
4484269464438623669
-6678089777370976755
-8155739466978442056
-7512479916487006517
-8747290767208899492
4421743945610779506
-7991741107073747404
-5808144173673675468
-5466143116521847057
3797573787294235509
1059444815765586902
-2183834799642901381
-2575493352544661407
5207177374529388392
8688362131491118382
-5644512787859633272
-3872590300495006475
-2016064497487548702
-1663732843169723326
8976397982384359511
-2515530399008860532
-7278506209742304479
6939059866452727422
-6717669094354163722
7396903863861160892
2068810853651100483
-1902008796453470552
7216720514863228293
8439955952000418394
-6794165575145745702
-3150504135204583149
-9065270447580328257
7569422711973144320
2618480372214227641
2310648064233412899
6632144730739661360
-2814461819701020380
6605450498929787787
-7713289889280235302
712308015984495476
-8676111396674890971
3356738483350219395
1454719671777380762
4687969051923715693
3108901758921768839
-8890136430917351215
-1562314396237784485
-8085165375029895336
8955495236012767934
-6960424706504204026
5939356016718029353
-5459598263154064797
-1891659453436752990
-9060501110852190150
2268638613568865885
3524041406949342315
-8702453787488184299
-8328892410336277886
2464991789790592915
4428826907438851656
-1333881071641152615
-1726323522270861260
3567098145089964580
3046337649768145602
-5801458143113901878
7876523860559333720
-1203456882800746063
6602860559600737137
-7021337059653276986
5602231089220940212
-3792032391406894091
-6364229226210307169
-3276068901363028239
685218663563956889
-8491972604629663890
-7546562939928852581
-7062301053486426855
6550385541758084431
4823445467390166865
-7414447119506892486
6721305937365236694
8735698777300639225
1070808630690773404
1728250050380983141
4174058358745067186
-2680313306769985844
-2210803607417844194
80949413605881782
8452011192195091362
1551881278526830395
-9206600251992840392
-6731980637919540878
8464677312707986984
3841558806383417135
6502304846852264629
6352272772810293080
-835365898215075031
8645138079966803319
-2033907062010175633
-6913515849011628902
3687845180776482845
-1363617920159447720
-6305620122216246963
6724974338284503978
-833527279022456764
5568635817336395304
2265296661628092675
-3756840886475945890
2750404448647660286
5141853443557172715
8710558291160354261
-4660616888727227728
-2413631223845983912
2192323911240861325
-6702401964061966105
-8973452628399697854
-3378183818480254130
-5478426332492498336
8735727816073743902
7341273705383652009
6971741590460612328
2559938609104858260
4126659689269105141
-9034908781131803778
-8302635985020387465
-7879857475478066645
8612699010098206052
-3257092044011203978
-6704270408343980649
1428412434190739322
-5580841373243144075
5078978195034325376
2217826071712092464
5232544422672375041
-8817364205973354981
8664718145697536569
-2365701966419843450
-2363692125074950990
-6514820333827737502
5874032705304498486
2188341855676619943
5895268703375991040
8532204643436029337
-2129872585285227662
-3454878107754697077
-7963590063182618765
6599993281998207557
4581222894241874372
1648826166796068797
-3365129909683153836
6912658451637628023
9101402585856503491
-3375013084368357694
-1980998998420968992
-319213231795858350
-4904736020367691176
-5665786579137866023
3359624232636366566
1837689190952949181
-5658986406269131288
4303590116457922464
-8232396822576744967
3565293621414273717
-6536439275979248318
-3315212213765653342
3988698130501293514
1899165066219562248
-1743679270905287967
9032433860807282091
-4088512068246435791
8302818171169795208
-1165522007880066915
8641079938324283666
5820465820043525045
4333275677510856598
7568627666885278
-7301494438078161017
6537732203669874449
4739957902184568411
-5837836716056557059
-8575607695177961774
-6284321937358165472
-2516593872245125707
-4029898355286304548
2978379607196992514
-4016777600313189425
1837230821352499603
-8531159466484797367
-8215789931509368462
5601029624397628503
-1012392568146461604
2151487338520826498
944178197095562611
-4056441980212272212
-1704708375475259120
-5058822439782159233
3313674898197193043
7307490239353087754
-3933802208051713466
3836210759452582981
-8009859535595552451
-7978391824290226990
6505756629641764658
-4238690450376840230
-2223504307057591444
1790266321445445384
-2134863814027314463
-5935149982115668862
7766658629681845533
-3557368469395966216
8905628460105876587
4232048387072502091
5217188520577800603
-7915428873355511511
7514311827893419663
-5815893370149140475
-8007626250423872090
-765358672432420724
-5254676335103634558
1805388952291825841
179159300520532262
-1895659636244925633
-3137319279483580231
-6896679468156122226
-9130942442212600039
438018845866109818
-841564555881859409
7888757653173376721
-3934739726117255138
-1068757091890620959
5514187877672339944
9163229313096239653
2952129450749565838
-7060451151542375284
3931868445725163901
3812229849950949641
-6242449592259043307
7347684209380740867
-1534601843091125601
-4067558600416944005
2582217952881493757
1932331071404348881
773671987562961845
7984173718900490522
4113637696779094317
-7046175355727319436
3826548550499971839
-5978719839649724196
-5206943279340287627
-7427031946281346472
-4975936260248507461
3830509350512518390
-4387951147118657697
1647741104170307250
-8258949403428354952
8098073487774602611
-669157760947971313
3694677982672098095
-7275016898659457342
-5437940339013305186
2811696894068632058
-7511545366347090536
-4629967269808815329
-4145469732122537056
5030296250441656193
227559317259133508
-2833651515069315992
8046949576594909856
7435460014471232642
7255028107458568992
-8638609902691551564
-5483984213600582498
1473986898272101443
-8801546578217761327
4618065196007978178
3628949790762718667
4475290845670277721
-1770189984188850797
-2086882551155262578
8747966054340655701
2514144041165840779
-7398474785994527287
5391824350201916018
-225297653636224130
6110153371741340363
-3713091308200411517
-2420149188811050844
7734907484593984687
1558621783025834073
8201150359182694210
-3962719876888391259
-2270373312940543427
9187253322630676822
-7259746937193862288
2089604399137031090
-4782009585154266272
-8247872600995673923
5612535181929510180
6844951535371007122
3393990111723135805
-8877792094302432435
-7768999415635525281
1493737645226238109
-2388655124898466160
-7795848595295024597
-7313295784359431259
-4573922824166888018
397869565295500970
5758231823120736010
1406948496610987853
2999655607673262514
5054961030044438027
-7275139280020078586
8004515269188486493
-3858658572619605688
3817376891400261712
7349653578007357171
9031067932002618495
-1286321744451099170
-7878832436655612645
-6041055307372037894
621389325456514582
-8875372389110114369
-4608557929502443726
2817089983127013738
-3384873110243026760
5453908731295029651
4302807059169996823
7029370603108908563
4361169838169127962
3968332479159206556
6686492799092269843
-1260803055068149424
6248301984738626239
-2355659050946537554
8865851344397275483
-6558991436482042745
7231019538311353372
649688270310870380
-5867957110234531441
7064216266862645123
8233273851610359623
-5787343877909972187
-5736867700852412627
6535440526180952428
396314498290649190
-654266998622264358
8193403398603027747
-8389493051025457030
5718984727898326966
8921064101788044357
-7906130213442978715
-3401415934573216383
5582466241712293894
3275309509060566657
7432032288301473983
-1428947714985231674
-4705407465557833260
-3330556396520452003
8123150497483108863
-53376180423048666
3080599592590567000
6125942247564593185
7921381461669802395
559730217377321609
-3040874714575959664
-1715269016526242262
-8360662256824302901
-6620300442810832145
225146108342219527
8697912367108556367
-504017959448464537
-2135059229134381465
-6601909158959987754
8056543888290304413
5172745358146447277
1750025404866435676
998955733004156562
-6348438039927869517
3766756347600730990
-7792577009642611087
3461380217256420014
-7783875624393495064
-4336969573438942994
7623243035330496588
-151716525862948841
-6112350438633798755
-3402119095306278842
-2362470664685197056
535768846497861671
1763772641460053776
5496733701306515486
-1725545787603463788
-8340950705886169359
-7809388285257359594
7357550835603843303
2576322668394072466
-6974965655266737117
3664574674884436838
-5425698946057016226
-1477183637953537518
-6517211776613179515
5698788100588052169
6695854968563456351
7261498882936386579
1982346413676449981
6329234131455213292
-5176458019217621361
-3178855764286766114
-7846509342916362142
1151960510702359119
3259014510459486487
4389886420532835959
2643335278067762525
1152174329616083777
1155129745879543643
-2401733675785562124
-8100393864506642151
-2686734881093351341
-1343478980403730371
2024432559054091262
1416947479083622274
-2477640631069540509
-39101417011154365
6361821780374358237
-4208649220495997748
-2129870342742833402
2303960802430557623
-488502662009661749
2128058249295421921
-1487800474482252968
-6003486358490419454
-9044922909677385678
-1164282419733464088
2819627008732056963
1058100932775416597
-7942766183017511753
-4585759190980465164
1964123509504485252
-8279198245462765006
-8560572753105241436
2655314447784448187
5964460550165958509
-1696560604353259413
-567424762038906637
1388843615498922625
922041597175493760
-1244582472584225301
-4430633192829337797
-1703736972618184471
-2927660703439477141
-7060502093544318784
-4873612264421623998
-1490083052527723935
-2929759292971685926
-1921530280935504023
2831483992715052357
-1228240144463913649
-1237465723376087713
-1695772954713221223
-1688465703927297205
382069463532868499
7904008089779884615
-3018210421361778063
7725020394424720445
190186304744904318
-7723941675807413042
5809445784853386150
3785865160730348500
4279963674355947936
7656701221628092073
1178654266460603000
3797660771086390720
-4178495920916868145
-7509940642509839194
2928964610666933382
-5776773118383142374
8375418133173531477
-7650874839715855324
7377394003303560393
8653698113668042883
-5322615027240051239
-895101483863449820
-4212206770129788787
-2739303703891870056
-4976570224738983344
-3180951671905269309
-5957130155022397982
-5256113880746452848
-540663421824959692
960095211951538793
1812812212665604409
3550931511452657591
-3633388196479090043
-1753431644593444661
3687645710268602502
-987102385281668198
-6315296658902214860
-8600337636235744614
1964480089365896589
6312364057953351103
-7758531343559289215
-1172704810870709846
2896469378687669812
3447747483384271934
246659928933959967
1093469334084748854
5675204451851774867
-7705473980608283849
-1308859412888581087
3616672407596836850
-9087840057084683504
6063235735642333705
8122604147573843626
4791573572593174792
2712259933468996095
4268279587840035975
2317485104369522319
6128214789363147230
3498568969099953274
-5589793971211289369
-7128723269086685846
-7675044586060272684
-5124459575249272936
6209068003986242854
-3779023846816916212
-8168454956080006540
1441411469215085609
9024632579336924116
4559286133381810783
-7463308717248973144
-2759554255932090232
659162381164113235
-6445617245178424322
6134048522331637213
1025446459286203097
-4362375777040669470
-8705196701891664853
-3988877377424052337
1249063100342691452
-6282902595791947600
-5732990286409454029
6281065779135370031
-7037049386263921389
7547171594312177710
5449069665917479501
1865867174277961391
5496846285205560486
1820468778253215373
4704313695184577418
6000529707990695051
7858292481393344901
-5956447973311727044
1936164250735124982
-1063623192399288884
6483941120368804147
-3611307801754707611
734611602317773941
-5142674616683041322
-3643215489884653683
-4138479319637367477
1412369596475058763
2646458556028024099
-6242762717445564658
7654991771409026843
-5425888104211340396
7025851372101389697
1015301867222395704
1236150379535723141
-6409332177528712397
5145010859564049326
1766442083968012525
-5666396325805012299
-2082612544228536812
8726517995840257576
2993239314322257561
302097594764812631
7675905302211581773
3708648568535962035
8324073321933230133
1515684062172473129
3313891286061106486
-7453214139543385654
-8017160340424491193
6663258389159107433
6553260181308185445
-7666184994023397860
8890288501733858407
-2597107665474337894
1877798187020861793
-8071774903086738810
-6103841258288948548
1806781449570671210
-8536034865185417962
-6016549809247621560
2596981245849048149
-3135525300389406762
-6970929113515672323
-3952265163927140907
4512965980470729049
1400360813723741989
4744904822147666976
-7735636422951356801
-4947788125957211441
8740544542949144104
2752053850565677455
2281577977164722697
5745810257309473523
1693307173057874511
-5176600138504689228
7240467384961611338
-6450893564585322154
-5090566654066519424
-1171921902806414143
6984203539319234799
494645636327000650
1624240578508718069
-7064467240927252259
4738169397758995852
5509343542436569963
1192274586053521763
-9105554473849384813
-7371533455998493654
-459371549022700047
-6634278414174946251
-6686816309763632702
1704816410186047205
6631390330651586977
6656408278578268720
9145317063184951884
5420570185591374408
-8071428134189294411
8806752591132663089
-5564082504804059173
-658473305548836053
-2554285500989038582
1716304455901604092
-5872583214738889450
-9167788141964899728
-2692992379816199385
-9009306240950220337
4351476552585905866
5920265749242126202
2754726348131368212
-8293925527706521801
1318773913690786200
-4656236589587318049
2607169496340674287
6029587878160744766
-2101149373724871384
6110502548494388852
-3516419316991640039
-2416983772971099710
-6867145955215986275
7181891717751063513
-4711789794974757625
-2970666217507094718
7358140259198846732
-799509807702854185
5017614876860854638
-95774470839186110
-7995038412623112877
1326345062247434869
1655107215561832776
-321778222311236132
-7762104639592211351
-1985894303512298229
4037279463774051724
6327925937008914420
-7650902066427621525
1889335376190434367
-103269442082312848
-3630048466053497617
-4162516717763509657
4602091517860856473
633760893927002228
5409881208681227150
929718510623191367
-3450076439659981704
-8994343250152307900
-75232174047045592
-773272847202325669
-3912794280314845163
-3091009987717483603
-6505707785383622862
5700819243121102213
1465325327390758263
-4629717887875668129
8379770233753778965
7971652566826054440
3436939554747916681
6646344644416162624
-7967290916421822728
-8488335238655478239
-2167177394430369682
-1420276737547806601
-6756224084798821769
7372889169155586090
-4702161873825335603
6235469438649321472
-1397719426417108371
8021727946520587335
5987857530638576013
5377165404290299419
7983335776624957753
7001624176941375153
-2094547299896469217
7417176430228291139
-5916718814220701975
7293296231774807475
8011950360364571585
4901295776211151909
7469736488446658692
-4089088768213910758
838416215284414050
3428642184245864232
6813484180341045870
-171503419605930924
843221195507516048
6718762598119530714
559635191425092565
757885543924199798
1153343661735851283
-7559724925328903582
3927754943860531590
-1966360215917538572
-6617888971058949006
6870523602905265606
-5784861305073642898
8915854876026513578
-4666736150832813325
1334287436512074779
4316665997099364261
3966905699329739343
-5549699671986325690
-2803847691008456345
4858369547206878597
-7408817516935217790
7271336152138083519
1633724712038329029
-517979158206720083
2028358576982437433
7222312052209370708
1327374339435147972
6359701160769301411
9126366615076117968
-3722899107848460950
-4961992066252743528
-4186023107955307599
-8685813707575749433
740218805816244406
1342554580704177646
7785992689653465602
6692659190096980439
4517218149640136804
2911374447954595250
1069316773999832204
7780863847570423077
-8155026072338995291
-888427328880068319
8044925847308414255
2823851676259498488
2355489227980128007
-6462682174973398145
4933471209126772818
3220387165303297965
1186793033394599116
-5855886630758856815
3392706349444856561
-2458720940464076905
-5078861656189510061
-7797637176534747763
4864226742117881256
5145141888399518489
-2814574817200421815
7042414624547717285
-1997844969519725787
9041094362261811619
-1248053074258162070
-9172837256383868570
4081451279558119865
8062384330212352899
7805938889528179749
-6395678166757840057
-355600314770461691
-4839165999840122468
-8367157996578223397
927535830332593505
-5172727681624739549
-2000336115994624906
8645760047266710796
7311030759198402570
-3551313087914341839
7653216697553680059
-6286789533544398677
-6662468498299283258
8616144426813068519
-6983405749111244898
8342040892843851278
4187418662943307098
-7235398026526584625
-7018746628481346049
-8728263449000101965
3746082767486368107
-3306230771892927552
-6433163128575467549
6433004943287696963
-5877468370698290596
6908423505402983689
-2890527640359232626
158086023087772435
-6121609198310390163
-3298554532650740237
-7515704293896891360
-2629988606780328603
-564698286861192304
-5062178265165456229
7723092936999331180
7203174550452714940
5624063673766346523
1619029789490987993
5681277457726475976
693193202857120677
8147880826929744693
6814037783903979456
4218497033079771268
-1596606831056052286
2635720772901088781
5094520655222534233
3365466529645780823
4729852870402866433
-7551865138731575677
5569753339361267639
3230724152866135850
5073806699227381703
2456075550318896747
3324498582000163537
-966623101687325553
4524762676325106299
4369137848798310488
2284644337980751141
8018587346529401916
6514712177771008418
5075167382697807768
2395945413161489363
-7874816861321573027
54340691832805117
-975738172561630445
3265126905893978516
1724529047442105475
583841512642230557
-5813559301031607380
2586703090645464384
-4467756451063365268
6542873950214776340
3244352253855066933
3193048528194767673
-8539780409840381584
-5191928804588992320
9132338829933999788
5164468958729552954
-6659962653494459244
8452464058959821689
-431997482557026078
3737671573344593414
-6343380384290411576
-7929578086141766184
-8608821947765870105
-6269052388313357063
-4409778195473463957
-4809689644733989008
-8084797721537723013
-8878354364288900649
-7319458382633042860
5796959151605499535
-2979182226986848850
1841692153497535466
-8853129205333038562
-5043827629730177158
-6608973805412163
-2082339614826833853
-8590181970438813597
7173520685338534348
7003192937669491194
8274449911756949252
-2805585889778133152
5511632127490636963
3833841275101944501
-8302263775130720644
8318250970413057353
5562812602685614748
-58993069835211822
-6713480699074213840
-6978706375096929422
1013889911568292912
-7731225949586926901
8858830319981744008
-3968841233076787235
1249167531485722472
3242950037614410356
8961310765592108738
-6458734638927335825
4422526339670236201
-661209428057941036
2671824112785734899
372457899513377429
-4674461349952832285
-9017711736904267986
3578060009413954749
-1819186408895042006
1550822458737067982
-3697801007244113819
2366631317047661204
2042186687428813473
5432276063741000245
-6280432930556648451
-3738314437197989629
5344693737679875794
1164346875125220195
-6675980466221011178
3507114505225024446
-7040299296579028180
-246023119606501700
7983714041127393412
4534207142294179864
-2361816197823445165
152050389521178143
3027154131782309057
4896883879919556632
-7626639108560073897
-4005608878123220437
-6751765434289390921
-9108297955227610517
808495375798414369
-6623972457997968013
7477266835174405533
2905844742106878756
-3673163173921927103
-8471310583549026634
-6199755370411483379
5601356221090402188
-4150525211359869888
-50962972901308305
977220974632253912
1969520722026302234
-1405938566238092688
3733806780985220736
-6388298554905018819
-4387625155665022385
-8893702126538386274
-5950155558423217673
109979137758915006
7371528559962964084
-5876067205645583748
8356234937756286783
-4525342998941723188
-8712791684414504980
-2463317475238504500
5063049253848187010
7176648660458047654
-6495366363798718471
5307062267537700216
3371489587014429746
-5816133322101374428
-2015336517751756276
2428442781251070348
5931286647248139513
-7283369892593668459
-5925928051564048772
-2903490065820990687
995208762942979256
8201803332180570953
2594313672489644450
7182317195135083078
3266612078347697727
5517287299235084982
-4778594908320579229
3860357139839490026
-5680782708112417728
-7272783216942761654
-2705656023173279878
-5741556258519953768
1460054582296908351
1503638725439097078
4848268261236926129
-2072517169573879480
-4401217261661633934
-3632360470714896540
7054603593033804693
-8785012956870969032
5387816831341555733
7363023516739579707
8866291786800303215
-5266987570799680632
464836247804278431
6837648673993819583
-977858742065664179
-1311217635709311579
-7593999398119307785
4991087207318505815
-7629075949068681848
-943460220910262248
440194410286090932
-2096561434497638420
-9138354456674660030
-4270764272461655653
2477579393029864015
-4533717524303168741
8337718183432736886
-157823055985003137
1740217176236714992
-3705475724584255283
676742791074885923
548705940200815857
-8590844444323958268
-4743878663150001575
1703008520080776581
-7620095208495110903
-7085427320053983160
-6169147765026119686
-1823795880097999247
-394716092095050438
-9077635646452832581
3439909226314977987
3702551265633568737
4998237438945150
486951437487568064
-1029933865309862986
-5369044147190247623
-5458878303839099937
-3037937316796318588
6944784226035891009
158528800280700305
-8229855579601545260
4242046814116606766
5498682352303827991
-7327629240503814981
3174603538134983780
-5827009370710314341
989084131737684811
5226554532364928342
-8491713955978441385
-978970466333298642
5474986206920647233
3421880800237146594
-3351735586290739985
3986991095978597842
2012111078075305276
-7058658669775205925
-5536552397437816371
6610810315331425977
-3549849899698478908
-7740965573057674727
7773405581215843098
2420166466790028905
4866775500099121067
7348241028519174808
917593270913446694
3737201267815599892
607291430583979696
2545141768523316804
1625909294480031224
1094715589656423177
-2731305656993859406
-7898412544462569252
-3799682616648154571
5137987669396571854
9206780604678971014
3536493271841750779
-514960021724799862
2942926163915518901
-5685497953681432435
-8859151942768256326
-995796166156975763
4621027986824722686
-734492251233598470
-5862911500133175892
-3897730854464543815
3511192021892365578
-6430292994278232165
4302443493068487852
-4425636953940802657
-3786990355137407747
-3028832643035512979
-3025562879497235195
-1649131090870583493
8208576668970904001
-4684998446578917503
-694632812153444223
-4984839747339437868
-8035262545926181821
57484315720354171
5000734861271560022
-4922213803640586398
1150368494497557302
2293816371021654401
-456181532961440210
-6067361634098563706
-8790243823688947667
-3574382233082180541
7104951079540869152
-4112539493590766771
-2422643584354800396
5256742048095101563
4030570909094927344
-4234955489753673672
1540114604774076024
-6814166905315495640
-2982654674769936418
-742277617161571289
2900251476403486874
3357533704140365094
2255352923651902118
1931323319943493366
-8304639529061009852
4938512136390357923
8241023374442976326
-8460587265756826496
8809086260851438257
3707513968259237237
-1342414406397034897
2652552875874389038
6445415270792536697
1965620943839910643
6823655495635776180
5668079854477924488
1717308581739875737
323983170931574450
8173683049389507652
-2937084591149641959
8438532266641333152
-6080807908080302829
713701826904677881
-6719258394699864726
6827298493552566522
1609719979137620097
5815777480091210804
-1557428480779052192
-4952329470496106378
2908778121508654500
8800600514991662952
5759399852798251119
4495237789888910111
-2802375134525343323
-2743070826279772050
5148784554248676542
-8910769549931023644
1932692917417351653
-8408321528356279461
7256333693519153381
-4275121104229516927
6935645306106643695
8912505346417107826
3455774841611236242
-6447846912186429738
-7170635643009478885
-3090744297599763998
3823764776835605283
-2794707106989518413
3595068187263935124
5496100746682826133
6139686522835229338
-5124627432566415270
4109073781130246962
-1747829863636202453
-2337433353751524324
8860410140731594296
-391826845737792958
-939292711769379486
4263813063416758751
-8195289579873765298
8489093310253366494
4585402691980151414
-8041669587107349435
5833918722451996553
-5504926921774703023
-8682130203505172475
6935197042138782856
2288454140253499085
8324180431343187625
391715728131104707
-3301600547103733974
-7303759652261400648
-8500783948065736349
7704813154029699692
-4822978203080391742
6222154881058597280
-2339421541695164983
8453421173446876592
-4788355421017001305
-2347436346277947967
6102117783667217999
8655010250620361959
1847190513959456451
-2359882324744774606
2468639610259343188
-8350310680538575041
1845759765571890972
-4108530699113661109
-7747305596654919981
-8235812646978499108
473688061956560016
2845266571322609985
-6117556074856794590
-4158314348350997288
6115426284182943782
2872249146661864757
2006302351995212250
908213218868774934
268016356142023133
-660708568725285278
4164771479181108423
-885907905862211048
5771244649812510358
4736584804290964869
-1107577715734025955
3890822230281061531
-1868269768286782043
3491981931910191906
-4826813671952267723
2439695174834244247
4030488220644419913
-8985465405271181684
7204814238109058888
-6706616875531890953
5431026250308523264
6596757971451048329
5162576848330291536
2608957626528850194
-6056106043524638329
7943667389456857576
-2618371901932602786
6033363903890279122
4895812874423257772
2005680987480733423
-112860837529998041
-6735100562982102614
-8825551511291209161
1671743979001939076
-223482309418992073
1620866424932147798
-7571364225924380672
5128246810105359984
-850647902116477340
2752550792254733255
-9167887048537113437
5127971435374368407
8900049144651407957
7601218688333439377
251630244665875893
5253590316225464215
-1342056649849194924
-6248648757809896063
3169928819291911400
1051073729249255983
1750205969740917357
-471621108259501630
3301168027718769345
-4305026387932542737
-61515052205282529
-1717706048108354593
-7759263015079989087
-7762885433379745199
-6419751474550933029
-3637887700740408535
-8079635691173483294
-356406370179191194
-5813355874534907759
9019629461190222916
-6584521789767133258
-1837704869076558981
7797222782797768900
-2265456886586023412
-4593075504082980593
-2138214312769993256
-2283272934137804090
-846439662143508456
5174909183663242436
-2992684438566898408
-3793290219435179306
-4944071784206317926
-8012862324338843805
-2851985257353079844
-3982864665670645302
6905625803154496731
-1634349279387336566
3759875520444462840
-1260477439985211954
1479269661127718643
-6779111351471402319
-9142337641682212359
4936700425707387065
-5296805778023248124
4413651898163423819
-1645334397786770394
8107159895905996002
-6515007671257409888
2911225507465565893
954915218224514611
-5597638199708921257
8066216316581441999
-7828070015415851586
1628181342482763018
-5562445907887134776
6067046211623763294
5807574642997524559
-3491391916974857195
-2597406366369009475
4233718627466708596
5516923202031122652
1139177863799097917
-7682343622707131028
8325519769131827726
-6941747442835477415
-1200699529617648901
5126561653549559315
2164611127386298246
7092296255165222023
3131595607674278957
419324576671844458
-5159013474257832167
2214112429290168501
-8962866096784041219
874251444989394600
-2785422394810112653
-7762526983792986397
6849368691097985726
-3879677199721039016
5268743774324220730
1924241850267256907
7605991202675001118
1194774757034786063
4884042568958957794
-4151280482190742938
-3814573356371111774
6200667605798357718
8122771339374747932
-3964108852339183715
5827832763031569620
-8164685927757373538
1306977520143437600
-6216096584711392683
8993020546264741455
7508786108299806344
-818624979296549438
-9102026918703360788
8601600126586779711
-976639467028961064
-6817343290784004935
8089511185260024418
-8513520213792831065
1677164445586970233
-4676547538878210600
-6857430247241651416
4316170093034029703
-5518542152724407386
5976735770488765746
-9045449144396949705
5776898346270333227
-2764629690695525840
-235921404655635757
4629755721357107231
7347655022639834707
-8994747571796925161
113351452091630821
-2008694744175251252
7269816945367651129
-9093962290540707621
6449194853883802429
-174286250537557810
8574406254052210251
-1039087321380005301
3964794017456175110
-8185611649689791987
-3015701207995434561
8868955818449048658
-1614755508258002140
-7892893781692012824
-7619547541092297727
6624809149679904739
-5617387861461873196
6178553764475341515
-4818505834456120562
-3327511470098308539
-244280401240427296
-1635210106273109496
-4944976638800719088
2661701906962018996
-8680002457670810178
6769996518887069
225801064853506661
6977572058051278429
-1118678719386776271
4424784873460205634
5024983965058977780
7678565141688408029
-8772682731173098661
8425769556456531021
5162200386673972124
-4642183731980640957
-4622285961842746356
1575171653517015335
3133464726123529808
-4785630275892947529
-7851536389269100750
205539679386141576
-803454808417703915
5032698744189757329
741581448836139737
-872908715220093863
3367292823965374826
6589616744603463625
-6629163863721971264
-482180170427277640
-7230807271772629640
-5503021201427395513
6965244887094783103
1622471078361659155
7123652600578377509
1527098914857918479
677393366957123644
6079171213588854116
5374560957787926689
-1852028762974159287
2297229461248275354
-3915023508623615929
-6644649977247652943
5468017954251776533
6148212261309319207
-4107088753126920713
-3335296113845691338
-3048672845661299278
-5447113137093568206
-5627547905006185730
-8924124208448725323
4971979526610840569
1534144662569343146
4842206650434656780
-3153736516698549218
4144239580042418287
6425101368728741336
6627323872611225982
-5829945472536376216
6346333342277476211
6752335363103378972
-5841840855029970968
-8896757445106786982
-1898452341621391461
3213811883891572847
6716197427647662532
4645907458044786322
-1498706186295095617
443918371311018693
3288696712846769026
532877011722135196
-2470207322286798814
1069680577556220285
6788168331531477490
5871637374503431070
-4029320939353495434
4738007292773421174
-5953749955155784148
-4758732117491255231
4523134542248844121
-5232828634726469497
-48054965641886293
-165354804896478669
216761336712972307
-3286205617287591564
-6468040355234678042
9000573056264993165
-8151515935845706340
-5117618163692508041
711074473418221329
5554544145801995507
-4378701301991131910
-5797371771675598723
3652562449098664553
-8755054110286687924
-8118252896619845523
-4498088218184472104
-555963400562628342
6587065718856706261
-1242609924736831086
-8853437929105473380
-3407394819289538274
6613718000824659019
6591962849024766479
9015609704103478371
1150161822690650666
-724512777799049095
2469846907621157872
-3277796899374048787
-8066475919952249537
952461741986706319
-3823350753703310986
2776572020276976470
-7020213018848500578
-488067122209267134
3014306223666236499
-3780252310107778086
-4543819283032912620
3236103331266357755
-4228033378493935316
6893182972831328296
6981734065555629907
-7643762253054190677
7005289225917093572
-7356108796755142243
-5524313208839536258
-6767760837683077063
2932694123567384046
1673555059139531662
-4266741182830358934
6713569733646229078
-520521452701295569
-2127507521337376759
8548456758140521496
-3054440159097683058
-252784000815336610
-6799885714920161967
2325039023492847324
-928624015968762986
-864545896658125429
3396425279839541540
1546711289091548178
3024696597642715395
-6751312430824216709
-8165850689830679165
2804095456138509582
-102691507128012896
-7225771441346880023
3191849655685495130
-2358930768104209454
2979440844870523269
7897212692864545378
-2225304428959992098
-6770685181998187541
-8997590741357876816
-6456199787465357021
3923584016973665818
2764002298735369658
-6738094096117223908
5677186760706226730
-4720626713460860863
-8754383890163968259
-7491283945681335797
2637933836599414819
-144542415041167922
3403314106597490580
7213576128541275402
-2925286858336241728
3805294253862673005
8959333426682333509
-8489072834207306647
-2730190758958907684
-422351976838289089
2603545104652201098
8996557351991288182
780431916949409916
-8223360017629220582
-849368037586074340
-5606665497221421889
890870726344103489
-990666480428573055
171680190521537557
-4985868800655556527
4192319647427224611
8682831431602259403
4510803711721979453
-781098928919198476
6724575252090026813
-2794647409512871999
577311910532438328
6554350290978456931
-2154924980476290976
8201844071108341948
-607039681333677929
-1500033179099527407
-4729243920912618204
5502340093547292363
-1948396541477425418
7719716522006783837
-5999287403804921050
-8461555383714464056
-5637294704167072793
-6641236606681355246
2142470911997608764
4229185993367419717
-1849989266464860628
1558717343856224136
5831463883284811169
-7372704045350505165
-8179991861998627224
7130842993230503227
5694853268311785872
8888060659166112943
-4119368720916225697
1766224015426293328
39089026383643383
-1951939056084934900
6465996452840654301
1966653563472819037
-2597659107126402939
1442967957535219464
6477778148149364141
4884005658251721991
2060323553731467597
-544568194731634017
-398133988118424661
-6955833123248121555
3823611609983536269
-4887710413776451244
5364634928750231092
-2502573107376476390
3667703378273599886
-1620598704719703645
-5591839615067601736
3091284952304106473
-7362507008935112808
-6551323085418638757
3943591191415003195
6020287941359822625
7653102132599529758
-7000156456728954273
8783075429732193533
-2403707792120519419
-8221684292910769458
-6678185398912500017
-6155221252983730789
-6061054413691582946
4093656609863873337
-4478573865670027307
3354320041295329234
703127773574974166
5539354350284398023
-4965578503743426589
-1005023732302247189
-8618080709111330500
5515380601727177190
4713411153025265332
-6160168635355647563
-5671277660425877088
-4064232549226704573
-4339491274375185454
6758727833099994939
7805065770362577885
4848161171697208479
-8698920010630223100
-9026875471151165936
3150475364324467021
-3284208601108111969
5148326852434346553
7002547608367989977
3706864671888359408
8620607989529921704
-4173408337529588858
8866494359188253793
4227814800557464312
-7494674007746679643
-3566803909215786583
-6214993775496597546
-2644352735537469114
-8493018857930178311
7973269671715708412
-5405148587360845806
5393274521539225043
-2211682181965754698
-5158002340826185618
2371309847235231710
1040110199524070099
-6746269972713146522
390385759573394660
-7737519147297499651
-8321921219706805886
-1804558622804214725
-7993107540838399528
9118249640632942173
-3914636049534275589
-610599299928433854
7151938068526235003
7792649046391305193
5758534763768089365
-8658599118964607284
-1492095227171458382
-5990260906733617245
-2466183389202397414
5930560956715711524
8435445148950671233
-7619290882768410141
-8744707424303849558
4251285209329524054
-4941314858954171244
-4871239491659124279
7245967245542649786
-601017720856431509
-4880698262055293960
-2349905680111541954
2017800333976033331
2309311123601877335
-7814101853971690806
-7369777031583257917
499208697711631360
-6943808011754589205
183361891164649053
2762543834839190890
2926973829280867501
7097189814539384484
5305504097710815774
-7970931718123279190
-4063489794444817057
5911539264003069560
962883573063323593
9040957988928665736
5672682271158442923
-4309689791241296145
3160955044425513400
619889229727396313
6809541645587478476
7184583956606292443
4560390884039232659
7797269101198567650
7944789634987512759
1001304505313624433
-6088083609283742553
5718655112152083695
2871793777433719734
-6791012620613044790
7009582429791635895
-8413901470337914712
989683328839750906
-2793959827650029916
8207210273972221914
4202586238473248568
-3545826764672736025
5846990856127567910
-46951248934836165
-6531625583982347006
-750282968297582851
-2275717481553702995
2047016716057568090
4215227250605103819
5357473217434218279
-5860581297765596361
-8906930918581988245
-2472382581774168782
1090017037383757253
8440478332212690018
3370124823846284862
-6658684244220116572
3656159231701646566
-3876679964367293458
8140156227682979603
-7857002051928507981
6072696465184930481
7900788229279246333
4569458486985506741
581058655034412055
-7325053159569073463
-6566047938026313206
-1076147625121293554
5247375482965269707
166830047456039336
-3589895450783305310
-5626365497174942532
3091999003825204641
7700231750444617335
2640025160775837931
-355953382184923875
-3142683228754310568
-5000644586682459383
3204643636793305477
6655006275526430178
6472625994139492098
3002026509960291101
-6504741691495993866
-1935639877560104457
1435260239407105379
-8446027958014529153
-4097938439789797054
-4885197882257705416
2548915203431707713
5983200249476527374
8020819931747879076
6724601244551505431
4385370460039377998
-2729481453333874574
1874197839400901271
2394004931526955268
5188702745622865475
3646741731761195231
-654781133522316280
-5467942175412066904
-2165973908789318709
-2698398446892384627
-8822045530551656383
-8345992333086749480
1995218072444678622
-7859137243133098085
-4811818301948810193
1456509679944888741
4140027632034615240
-7008536253250506300
-1290800029171003077
-1924017743391041459
102126124868244030
4984568765483560588
-6447223542344979758
-5838905871714893973
3237469402579532395
8024959400684809305
1821016759020231573
-2499105405689961360
-5494898127716471717
8524840818085034498
2170854271626711284
-2516269109992524293
-4546066812564773882
240153281875891514
475199451198961989
-4555036528955058803
2510107202321067507
-1408040736473833577
-3838292883489435868
8054160488606802249
1599211880502349772
-3541904232752997144
-7588892297003728397
-4788695768105562219
7177283976673792035
3772964489921503683
-2082568317816241764
-6458525157977175855
-857669194527589979
6755724181677653890
1810758216382736987
2449297288857511702
2112809493635882941
-7204024832875332877
-8320144013404883154
2965769082059798721
-7474726566803182504
7526200717099949762
6872580705517526206
-6199599088126905172
-3719550560096800621
-1602175862646978599
-4591291592205944515
-5745760270711002749
2538739305271373823
2043301970351833542
4781316828084260260
8566123494807325239
5461360000656766111
4231295861990134235
-5944193476695857532
7701118174971413034
-7891332787868829161
-3101320197562527068
220740600565351235
-8618951718303056970
-2532503015991682010
699588872499366403
-6971176338326421405
4395454137854806287
-6782685357788574737
-3859246553893909716
-4612369456853593689
3593837030353740712
3086877818367292627
115969827131240605
3866303074642783967
6846877908256583248
4495577946450529521
8547855371417293451
-2148953249187209118
8147852494703536994
706971134302453767
-354546440444273435
-7303870056040210540
-1586446940152304369
8367013694384889868
5834360958791801913
8389901609212922243
1138298419687706016
2515690242785349400
-1858814194720026812
-2891840473995759013
-8573860018029668287
-1731355802124239907
-7696338050308872103
-5312003503979916776
-4765334093439455275
-6489268551960800727
-786547344488786025
3275246570981631688
2753856318506193784
6589891436142598425
-6847046477349136570
-1713986459351639636
-3318014914683042905
2275655157108293060
-915393790449836759
6629444913181922388
-5562833278501906092
7906196331251365955
1150292800704657195
-5588107722841935273
-4991682840370680388
5248149557261758070
-4894132709363907871
805405048059604716
2859948465633200367
3554890979043418651
-1094941700077290166
-3479208330552505447
-4221826871075195923
-7839469965920773915
-5102162063817881264
5926296435930312264
-3565848412307649999
2925486611061488380
-8883704623220998506
-8833721645812004956
4574176655464044712
6111381284369019852
-4000315913202433390
-3816701898514913801
1042033993822365677
-402072871517414717
3975336512811462001
-5718030529767437338
4225190089144917827
-4101143020183679855
3200354785083565875
-3411680795351032277
-6066802582939404613
6637464907026257835
-6064145047001661132
1099369414632089158
-6688652565658149299
1372985338732332139
326288319985399051
8592565041201901368
-3201612044111587959
-5479834711360229093
-4984091608645709574
-2941346106300327800
-9104255612348676685
5102995381185680672
-7811175777659814589
3242441264345418563
-6030525291617149317
7565882168683861128
1275149344319665122
-3139877191953065310
-6695864797595899673
-7870217425684457948
-3378264820932139160
3879355257372769742
7953168067531981396
-5366529249199210456
7029512339087502078
1604790556328434560
7701923465957072757
2792001999934487028
-3340289207492025904
-2021627087596032529
-8133934477893253858
3345545715363607662
-6068347436084298283
1772967404708976338
-8571953536238793222
-5978671962790316502
-3681023067137342188
5212245630424992739
5425035555488397718
8295976597483562296
-3370332850412268696
-2534061733899593601
-2062811208113898412
-1499601852188174320
2456923313159371611
-1605324703913062085
-4322888301543276114
-3889971151346434794
7228218250313011485
-3880914269932457841
5747111887261983263
7034011027794446280
-5472871631848453505
8099920322459088919
2898397988417223084
-8037451752887237704
3734079473283145245
5447550984475642974
3729308480302879964
-7159333179991693108
6208958533244718651
-8049034152317929993
-2744145578453781131
6510169578901126127
-6327931153253645274
-1103659143937491967
3459597852766865279
1339682328555282291
3195527241499021709
-6355552081634686694
1374663274393917379
3027813648586239754
-5283248190085449464
8051116209395144963
445310436411406244
-6588432169531399080
2610535368144053977
-8623014750367057451
1331226005015686655
-4569620562253408691
-3754609893627399632
4200899640822642632
7661419552011489761
-1752787993816545671
-6897539170895122199
7650820966715687116
-7771818895850236536
3020488213188158782
-6475515605285191251
627006834530539816
-3702004195027369584
8592266324133498112
1212675768995419098
6371105807691159240
-1950524599090911733
5241496596088168527
-211913201389646349
6432755211143881949
4871251180714748295
8427263115924033084
-9085720570211137477
1680006975201228042
-8687649972436114817
-2314781923862006731
5348063535772152914
-4487603577196048153
-8276169331205284129
-1814420399306167783
4267351079218518622
2753706021946601099
1599435847221914786
3458810106095239686
-2075503195377356785
-5232936844579571993
-7321474451856034619
-5472581702155297200
740507001552099403
-3991446141914677407
8772163520358486191
3913554916804760899
666206488535204613
3962136410430674654
-8897076243483373926
-490095779278294527
3959932599217734079
8634097830638005221
1552968330161750619
4332573462072408389
5161699151360896460
1690670284707338880
7043488200379605111
510070681166497194
-6380379799592358218
9045470566954278411
-6198666762875436480
-6003041930665191622
160322390201501945
-425140278122317756
-5874639025560712431
8141772791322196975
6647872814220104734
-1156254677583591499
-8060265651916260306
6523754169144764301
3393849808449592879
-4953014257625278129
4885182034864729759
785740427917211063
-4971698899765000231
-8516673140792282279
1276310863984325435
-6085728473241384389
3068964974291091341
8763410810866114695
-5464740905301224497
6936135281571194067
4820271255497593806
-4176411403418015470
-5225639399779152213
5570590146584083522
-3592169730567554864
4815471359222362797
-5238300378622538854
-7518246299597998609
1220538708752497500
5660411127657703723
1825329250367908184
7084871704271184695
2283353972941861675
-941825372758579788
3595724711287309349
-3160054938282824565
2630667049752276977
7253730412722224764
8103226196368684392
-8960657936602391196
-5366987410672528213
4749507259769833843
-7745712464647228187
-6687932159864416823
-6247504654054782130
-8248792539909850075
6359846564931209106
7964411139202281822
-1927844169761455181
3903386222008785277
-4762912382309673447
5022761374534602302
-5001856920154013182
1815153324849062773
-6101525895839944364
5886723304582127528
5276160510033737467
7483463931587331152
-379483096569120235
-6431442952884525164
9163854164942139081
456706481384745162
6019219266433177056
-1715849288535322593
-5482011962047886013
6486633828502720797
-293329755191821862
1308357048894871968
-7241052783437315491
-496439807240479194
-3944085328745170058
-1113118686446674572
3377790496604801975
9012945616762127039
-5309009204122137262
3411028832861881937
-3501149105650077834
8048854519191783847
311858804865372504
-1111251292371480189
-9005039623028196482
-9082636123297817542
3457633335358467587
-2163914709698686035
-4496641041638525395
-4041777618987310165
-8269500939108356201
957095108262788841
5086531610320319519
1224901191718895857
4842473485296465302
1566947616443856119
6934282655428326689
8441461387072665773
-1498920069812585917
-1753556566018204876
-5249714846328120120
4487850295484889908
7276429558675009943
1086760713979373134
8353743593801866441
868859430631911427
-7576699491030741941
6026918760326869984
5476081633284882858
-1351781569073061216
-3650014979573386210
8933299930446944263
-3708818600256050280
-6878003506131164458
-1684657887824973595
1389443193035937305
-1034573572847978157
-1495352372540524644
3079689555792979824
5922270439468937075
6364902083332097196
7813099913749875332
3443474489378678938
-1134986318542894764
-6535053165938995925
7243575715917855444
-7001873842055466908
-448540749389430196
4299313901904033602
-6381992110417164975
1904569798375583093
-6803893540339889584
5882561020841213831
-6278996116107012763
5196556191222657216
-3095624491191497710
5612921252072433970
1627458349148704025
7513627777289435302
-1436565674802038775
881963759964639294
-3291077854606698591
5610625100851747093
-7285420028090204765
-3384315614731723141
2217624645514235609
3136003707425198633
-3188829085682477315
-9050219184029858362
7324990407118629359
-1099093884428756476
-4803476862162249390
-3548330016338944472
-1559055408107222441
-2822624199903764932
6691766520925815064
6441124077783922963
8087318028052324627
-6026943032311287941
5912526623128846789
7949343164437476197
-4970872374376263192
-1864398717927285721
-4315319540936653648
7874032940388767982
2700985997617660505
4949491258196377879
8699142091559119644
-321059278868940474
-960691075334423566
1533229595530775702
-1870803132624858259
365635951955375708
-873930811582902847
-601491905786059698
6266816792333753852
2318718928133108350
-961803563174264564
7234059139703467414
2749479977032077624
1693477480286250381
4158342310198592336
8241014677308962900
3261699978954402910
-6045211859004591609
-1565209799074919648
1500657736734711205
2469361933943567647
2735035226846495149
-1918907105387541400
9150563056547972729
3538242950393654351
8128396630963553225
-594270135922610378
1609411559308115963
1744848370479373817
4595206654880518395
-4339778484547846847
-380837926875544616
-578540674151913058
-862029699425648514
-921549787387019399
5733810151945380982
-4008003228297697537
-2555907334087236894
3454629770369405723
-4476123973893015025
-2305144964596904334
-469583679926130675
3756910745673383975
4522326894020181724
-6231543222676970135
3816544979348943063
27947091007986624
-2224204416923584721
-7252279286227135781
3987642445496407189
2037661793227180453
1400260562576634379
5422265515490762390
-6008886166796767483
8729992580583184110
-73468650784662543
1287065662910223046
-8614370860824287474
-501661008988929656
3479778257312363966
8664690777699129839
-2632041275233976000
7805533875381321403
-2419076985772833083
-8573730276728234762
6002496251808396598
7027673963685763738
626817810464345109
6252411641409874656
-854655665038298337
-6777029468522157695
1569585155410647192
8655142488829522192
-1856527760521480320
1896865268158462801
-4146662621221569501
-4071052610393940975
1473207640551675754
5075482757309299562
6303823551993816123
-8733065139680754425
-5873004938499371589
2028774790541314626
2774816963088446078
6552355556347579326
-1383200929981549654
6311679327216265483
3657676544282341118
586535258969006788
-2461388168421205443
-3692970937367505503
-7797387569818050494
-7240170732321985271
-7925401447076148058
-3346285361749235783
-8860185327800971335
-7901098982976704669
-1163488614978369074
3320232779247221021
5855948508414532826
225186968765155817
1375971842939945573
8275256408383122363
1932106548061551910
5161471705553886884
7848061653240907978
1094514389925154741
-3826330692147351366
5608163254349551364
2155977388335794121
-1571558475199857312
-7926748654718237085
2435901917857154886
830117285351294187
-6469253381582646359
3867985616532012240
4440680023846285793
-2814214922079995011
-6002555051715158813
4421895418447439970
1005299466559052337
898336677105786037
-2311881080742909655
-4886554926270386130
7724823624367878775
6698844004947320276
5383017042070563321
1536045616457042585
-1899984204014113904
7161502420109765663
-2084920939859601835
2063409825090845996
-2290505961990297285
-3090156277384744101
-3406115346173743128
-1161339235689748583
3561705530710622796
-6454730521120236184
3891522182796913086
4520919052710016626
5190769497640429045
8127341824896541652
3403309498461454101
7528237668365612860
3931208426573325148
-2279573850027787683
8075259497028175068
-8129017621081318547
6308326591971472647
-42389937426004882
5210180144311652116
975475804741642523
7723150782286600651
-5957684485833175131
6151427484254105291
2214671302313791959
8029263612487092169
-7115215167577983303
-8855175260793676917
-7076986545622955076
5388593849245992254
-2919262947811202094
3573999724077911009
-1104463060084765162
4182083847218272620
-2612567271699467790
5640796762506148615
4442021222482705810
5059345901820047574
8047166178164915404
-1976971786773416532
-5834348212192229441
6670144481809211378
7741393397726384212
-687929912787889663
-8547623216875713605
-5255479340888737506
-7019812671127472203
8920411873253427114
7021814266895129995
7448785423709621239
-430905177230320466
-8570762051645250247
6854499073315394938
263857237127236749
-8830723580316214340
6746477170387709146
8243970744179615922
-5801762163646220536
3432245371577349187
-9212397814056948557
8273937570693955616
-5769630204486627859
-888111330311260035
3291921008577043357
5506012451406791461
-7524470677182605302
4586567923837563401
-6662199783890881578
-7844514864151812492
-7916597406737146430
-2469043550443581704
-6176796105264912343
-4247625329536699108
-3238267860856382813
8884155759525921140
-6011559128051705144
-6459454746350929765
8011590054762373649
6737920188733811998
-5372911693969384389
-203727083115017815
8296044378790975853
8521701347477510630
-4797244688989183771
445174799007044053
-2732594668678638918
-2709431010115656600
-7346260500965366161
696682484843280363
-6473957104152157016
-4649933199157912050
8072738837403850087
-1430802679172026220
6411032358038269860
-54959682775254763
-7022205976472608097
955808013905329093
7829357056097166460
-7238901524936654832
9105413121369072206
2693874267429957673
-4861687784658506658
-9024247438710915001
-3225059705012663914
-6717487671418600760
-3559714408896678569
-903239672407760357
-2926901889300600718
7163919820194827790
6551343801962281197
-3978473684259494446
2588243751434836883
2905770051049339043
-7872631421164259345
5287937387692503171
5178420103967089099
1067192060207437117
8238344097158173938
-8560022063806145823
4314280084063867262
-209262770071935132
4400486332782221192
-422572942204778725
3570609998351760446
-4798807413235884374
264470841370387540
-6532606018913387183
-2807950406076595749
-3789671871163752226
-2489497301761283204
-7686062072281467174
7715009744146850312
-458813763781588986
-4532732330950513872
2888248393165554174
7430671086763719962
8637256055479669020
-3685217454899301023
-5828035788033389105
-4638769796689882348
4652934243993021241
-3791869091208503335
-1953308670488867592
3563352218863486437
8101347174414776903
-7785513469531766402
8142517267941853513
-4422179969596411186
6485063225401099057
7583139732157020529
-1708776561663544026
-798550749629276393
-3742973103691764817
-5414536347519236771
-4353356853674318572
-8693582259605101943
-1969535598470917592
-3193529683498437584
-9196873929433111943
2722327075840881702
3618080277871721624
7225056621297564939
-2928018113621570661
4767947645579327576
-1326529872122508651
-4995728834075478263
-5190598804751181184
-1683293224766562277
8344685916292387267
5656930806618706798
-4400066055781720563
1930411492370354234
6918884219110493235
7704082266740215044
1220818518683196988
-8559049963291219837
-3192583500583416198
4472642029533586212
8140920703999416573
-1434196983002932233
788330895066858909
7085663878173163767
6640032366111335349
2082091655681423447
9041447893643093257
180350137353708785
-7079369104685528561
-9138726031181938219
-6957319839541161341
-9077492622770921277
-8404332518160268007
2018031708471909819
1461319021648255283
7578192643657894716
-5708805151040255443
3691092818474065228
-7250878886311245931
-4580370919830358240
2230487644194372703
-5627704071926943807
-2399522258476279116
-2261536896222270678
112810609579840428
-5184126981319156767
8774523522629914773
-889677688618061155
-2225188397968185603
1534991305593064536
-2280040319359339847
-6121192026347277333
-1601917819226238106
8462793528434016480
1752724564020030401
6724506050272848355
-7973685021691882003
4754908448968861114
2861941612134760731
7502091201433349452
-5954731264610663546
3034940072630581708
1179728125691817495
8308864307197976001
-4245195479628620244
763145455869472982
-2576874909264002553
2707853171669346570
-1363193129442345296
-1164878837737914949
6269625123624548084
1483617767488792558
7729442227022803334
8707768946918707661
-5618637231065970673
-7321164664053147110
7989882638499628084
6966406013521495536
3772311870106318251
1785924003510931419
-6178863672108995493
-4258982763399202310
-1874427991138752619
-4762454262745489122
-3105691348300864304
4046539806104368908
3312118019532447167
1564245184534936036
1702902221191038930
1192917539424972760
5548844784425992046
2744405232992820388
-3078189705383319618
2565362664030924827
-2666007637540276965
3795370778064124859
-8288746423947519556
7514892445257325592
-4648221638929785122
1272151766935358845
4898871480518351266
-3665913451457067457
5634444812851927805
3677552711809214949
-3334403846080267754
1598284807014951552
1621521532710975169
-1700045762374526589
-915149792962917147
-1288180710005083981
-6686357806277434866
-7534766377199739651
131363887366323625
-4211725175611633718
-7097630381344387319
1001050720440820430
4831279446346442768
2904248175776436391
728145995868585604
-1212037372030665679
8789092622141689563
-7392867008168561683
78289002536766574
916085522485911162
-4830481769109412607
2062016557995730380
-5493837051018791542
-2112759088092454853
-5258315091551093866
-7617991736112258848
7615065863135553253
4382574193153789099
-2020958208879216567
2629589463597091802
5262366342595868584
4715632914437067433
6632143584452898197
-5101474030922799504
1502027511030001303
-9010152381046697385
8488444187457704693
2197110765643438503
-6176283162100067917
-3234451856521294956
-2912453219593636853
-5236273418717567631
-180231994459082114
-4548783660816318357
4686485257438380575
-3236602099928123976
8749473078452008088
5504424739960218432
5818624238649612157
4502265352011039055
-1784782167393438513
2926650361069466394
6309150205351235322
-7221007459083537426
-8076958467850444974
3211745314896607122
-7799026355141865457
-7509727761394448498
4755528775441821232
3718270684983682595
7005327739694863998
-8547639874047326975
-2417560455793131071
-7741622753923956636
-6882529778089976882
-966937715040558124
-2561650734455750812
2051807970758825452
4239798494835993212
8374282827645817927
6950421108210395968
-2520258926276434218
-3150938217692569919
124388905476384317
471036494394862399
-3284999589717411070
5192975952423745018
6475339171571392168
-3885541658708958892
-4559023351764638897
-5296537470361374625
-5857875846092803877
7995870708329916922
4119372928398221758
89676103503866818
-7998008403659483408
-8078338133768001739
1445572507271830732
8048209543650324293
-9109648037032296539
4951727195845144340
-3059400995687162091
5281926492442326384
5834276894366355027
-8632648362428456231
759528039196472959
-8533510150511078648
2522878204677607528
-401263116282254301
-110876512531722537
-8231777778178909127
-7246129653606555933
-4591565002484973609
-2055958105883238879
-2858314175961316366
3665130319043530911
-4866823659108623090
-5848191758937852670
2882935426534920544
5873775079334525793
-2842626122014039779
-5212505104941912256
-8215417242850283003
-6870152987491145738
-85136264265084127
-8963935774509104365
-8713075926749705417
-2688754420383808499
-5153496586314408129
-338516232649780466
-3466868781238121119
6734972361907889032
-133396879466318480
-7729418061458483422
1439219021711720483
66289690640798651
-2546523114857628682
-1557871205754350973
-1378283838466366326
-6298713452103525827
4619870095803650893
-8971119374452173169
1153511446079149070
7941563272887397036
-5236136483991382284
6635012691454661723
4348866967864208874
640823168133971452
-8216675571005039778
-2695472650254862623
1899950559714155070
-6055715877128417831
-4901611733904647896
7738865535062379033
-5270052171016638277
-8721562078436842201
5134599164422340903
-5022525661528543659
-6068590164102370771
-2725885757753682550
386997358041918109
7062936690095317822
-7374135013857854599
-1296049764472858504
8473131909031321772
-3294615839247380817
8096612224763939744
-6390135377362570706
-200300866739385055
-2592454453991031404
1670463292340856788
7903981090731082063
1066900838993700142
-2993249427234091142
-1519172304014000367
8841723202794976524
1129607547672646975
5290905886951461746
5538629392702545237
4831196854647752177
-7215514753401506070
-6017878642632423237
2756293823775737173
6423147698275131534
-2907269918345100645
3381915928671136006
1237805168870331596
-914168056614297645
5020880349777660817
-6511665837302316132
-4277252149148995056
-9196009369639408347
-5495188585279423880
-2697322599185362341
-3290297179928106951
2410810777846725559
259016215059020586
-1367696157778249190
-3256557601375053200
-2257731151085530976
5577891968494968279
-6431958996430715893
1171740000689740573
-2650561584030146988
-5968892511187768817
5794680501918750396
3028992694389112231
-9019793310861372605
911326906252635551
7591981068394193533
788756144040441338
6096074795372072533
2407835185826251632
6774182032303445608
6392104465620895705
-4856375814030643398
-1232680607678646155
-4718535202590640638
-6558340493505796402
2997177975251307388
-161412583234989707
-6573752800926016846
-1451290315565160943
-7595564341863656869
-5958365251505285063
-6471779848613196287
-5624312384092323737
-3188556125713239168
8597588085650599026
-136152714726930289
1355161963214009182
368544732097439801
-3877965706334055458
5782918579142678688
-3985312399154943404
2927082448668581767
7932293822229643054
5812335351141950098
-5495329503855147457
-1358433713763300341
2237537349468139775
14315399696993374
-7869117136020769975
-6265292029600476164
1003929243096372446
3497506526998309654
7511512619253788272
-8878040206964862716
-3847627158564984978
-4134597269505840899
4786295932184528607
5778973624798565854
3478116676718020129
-2802513687201238447
-7590648799467607803
-7057279569360804597
35015347447165634
1763358260661755054
-1546538637299858930
5199493346074100743
651347320291249488
4748345681008654925
2278682237147512912
-6693545410919131666
-426349137251663594
-6600897756273646536
6005296120291533933
3917007596226028294
-408896758004952530
6138702950708044103
-430023038963069566
3470799772600979110
-1421346201063028018
8565042091779766355
5394303610367616479
5681412342924473373
1673489183371062436
1118524131713589712
7320865872989529030
413161327565929311
-2931672484937506811
-1039540541158325647
-8811233802057293627
4160346403966238446
7773492470248999078
-6770013476736678434
-5948115679935902375
-7376387433066090851
5119832987218864412
6845827941983891397
1297778385023144673
-4001517486073539552
-2782260636119679981
1007383188345337164
1880719140428360101
-5565658042474904520
-4352483478190022974
-7732326063399677495
4559101148687956721
-6276839062493762267
-1055105721545978545
-6686869045357368990
-5736277356028116589
-102244023459916176
7392815654401061048
8916741250516312651
5484724242001374463
-4804945100727839224
6842565978495290181
5805143891375225193
3027407410827230836
5955124872207531686
8382069446671902886
7586408809553534545
-8109961456808456576
4661913718382300622
3420456378622835737
7006745091764575576
-3929114635011411199
-299527413418423268
7221365072145998167
-2586806903385560342
1370908331162515125
5889537403977987030
-4768096888746310316
-1406776368245492972
-6365475748759174678
6528302797255025691
-3567080136898702837
-7574566218359194370
-2510486488571439770
-8986997859738037775
-3398039381749347905
7881895584344438115
3761394640950539703
-5540480243291978164
7731092166280714819
1090778541019616459
7284000562730534699
-913597967999315356
-7814429396170853499
5788464274011118957
729931665772787099
555580693525395633
-7760132273056361243
-7228269345065764072
-2056759151416374564
-7021178561819940304
-4230698519392839901
-4230093790739624294
3587827106507471435
-731470131996710879
1496697203776906076
8637233923858739317
4256158928466467685
5757038096979660580
2764360657002009471
6897669448420378297
-8439830897284743364
-5097243472978973891
3218920444056334342
-4504398234417789289
2156786457903623737
2764057996424431699
-2665721474839612741
-3548192544279293629
-5031887368854339639
-8728941700390574662
-746917872199636684
9179694662223834157
8745734669548536019
-996056679789616498
-2335163178230357015
-7562277335474944681
-3111291467569404298
-1645465469700802038
-3658956492502477830
-8036651315263024499
869486633035442288
3558696013593602459
-10419473742665671
2833194065518149841
-4469225951958688740
1225462577663590889
-2422393045007990449
-9088684517028047695
-1183857645799409273
-393568094973338095
-2346792576061944347
-3946879336423577904
-5992512448687754167
6777924917969995278
6955470139857244468
-5221422941957248420
5271710933158488413
-7775137433144405373
5942032877525858742
-1435870026557988958
-8722458279661993717
-5362186470193478148
4227400312576440756
-4377093471096203258
3854255392592405994
-5148973152716893624
-6587505080008655890
-8798159619866391657
2962613555780085176
3500425905539265378
7179034014951366141
-8912548002096860477
1141819585264446555
7872067810827319764
-4242506945043401545
4526177973238422880
-6745461946145895886
-7449967058129343789
1040607956115740983
7315848459219723555
8247117652117698290
-7171920406631157908
-6044423786723683506
-5872215255239393294
4655805960472017613
8387225132753831321
8472307493431147315
4598006171598434089
8664124277136230491
-6644492799175860109
-2915823313894556062
-1643888422230725505
-7928292938395112221
5465258244982999004
-3996841163453698291
2477329229480627933
6301780428450566357
-1536254424911466902
-778855756925633481
-5510031001581481424
1849228562118148393
6985627984519159646
5528094212294750651
-6998122820693729271
2036362320128521420
1038487570065767494
-4109669101398674498
1930883333502848854
3755053932501072083
-5284920586973132521
-7848554536722159417
7126301165617443976
2298766286523480338
-1938647879237206384
114952131960182182
-7325268197878849358
2089982737808014427
580866797350051449
-7900827136883000525
-2704879447719594983
-5007100692615635188
7765917308131679972
5242660599643853702
-5810311531029002491
-7891538269161427451
-3305673026688285401
5520226486065077326
6984215817791979522
-4351467198980646599
-3469017404964443720
7801962997763739707
-708784361682907442
2470431804390366791
-5697721235559036919
-2673342511478435979
283489639948597281
1793492196137145870
-167000796584259016
7348347373834367697
8038317871788558240
-957249150519848626
-18549296408666576
455938745095068538
-1124992792547835788
-5163133658723423912
-9092004386517837371
-1770349738196034229
-8091839911587387553
6971042820006430670
8228870219141792420
-7266585415359083034
-9122562304019454607
490076852632864192
-9028986055043689558
-4864664445968117655
-8894889742628693802
-2101751196362500762
-2003038261334405542
3449118252602884854
-8099334571378160622
-8467605226796614607
8794997618962582041
-6950577034309876832
728682009507142456
-7249956768963519870
-861794466075659681
1862208463940499745
-8900077549107040151
1015768356276715132
-7968160069956219556
-7905791398004692397
7202833728887877728
8704379801001354300
4343280240375218066
410517199068441273
-2887644558277120673
-3480225213284193909
8765115969470310828
-738484515360678652
3093161094412821127
-4472350038149243162
-2346057963477887330
-6084540387965493189
186257391002668425
-3192189860008407146
-3803529762036102738
5682953796188142613
4431944901487646962
5893727874149805423
5926632518418216056
9201466951689245066
8368898837056495966
-4012346649561836913
9070838828344802738
-6262820192575446632
-8602994867962668993
6095768790561245645
-7811076091346241683
-690193038983810137
-2570304284933302913
-3658585153448848733
7121848152622905085
-956345663798248708
1125299007607354437
-3655133384763576048
5226491753150361320
-6780342382807433978
-5837021242460444078
4765268402410221459
6546316594137427183
-5764418792732862515
-4376668984764833167
-1671973915814428281
-5651935693478020798
338790408814254742
-6428869475003338656
-2513804490498507182
3618781923433824940
-8397570521030121472
2928308998727462615
8226779664304358722
4381960725876723587
7667458947869920899
7470488909059332103
-5596949149017311943
-3303107483058408165
-2451695153448038036
2520879848456816407
-6579074352374469105
-2213633697940901679
3429555948432000799
-8986533124978869611
-6943798696723418415
7174570227783665921
5562446391012825633
-8870704185865316
6581339245503156767
-6701043665677752961
8689992251248055426
1786836346899352648
255779264661685157
-4714899940225955154
-7894004449661184502
6967735181869937054
-1554431414595532801
6753861020760165722
2292164623425105914
1389333065026555638
8618200969281667999
-32524784768929091
363402959597317106
7814446230028810513
-1898705875040568986
-5220205696401662240
-4011537125747607447
-6275930548435616488
-2421561781842701805
-1087928515304566575
-2443653453190230003
8552884020891233493
-4869862269520087117
-7456308596388555720
-5100822007417016112
-4896813601885192023
2066043508040909332
-1252582684033852772
-6158908794338632492
8328534979229972557
5298165561223028469
-8759616524876814808
2987659310027371085
194987636507701379
6135609971664538515
-2844510354547199967
809689373079384936
7762452652487838327
6837178594286215106
-3080724615991938380
330980014494988660
-3597951635249658252
2240278179895069611
-8462751319731443229
-4903643483421346986
-8271596494785387186
-8888942190753772733
-3570706927541485134
-5048515968345787576
8800960078729733623
5633489474671667094
6152215723094698139
-3527164667461602053
-8258626275185436627
2312096811108889326
7379681542188701551
-636237588539523797
5985273619737601906
-4386848972936313659
4570217566594381937
-7295002697894188738
-542832947677372553
-4399551944771901574
5162664869586860381
-1225219612418325689
-6814186940318359542
-8020884720888058598
1582802482392523443
4469748971414366964
-4787303597299949547
-6221355109997801060
1603215244901401591
-2307087990236170183
8996267322398878012
8624820361929465263
8013216508703996781
-7694252485191059509
-7460596789234307182
7174060349305733494
6044690048580052485
-9204999650295291241
2965433258581708303
-1072406191459896220
-3772610165725515858
-200978097563132617
-6404703260256791915
-7670542216212493001
2724725777684888623
916577262725116186
-3731031994871921793
-7342868357465369733
-2286209312536600197
5543636199626783379
-4866527322446873921
-4149536035012777050
-7375969744553286655
6406380676965844571
218061761427807779
-6829424572911301369
-3056669473987831148
-5295491768266919581
-7439690607077326864
-498795525764183108
-8716052858754498136
292149844211395419
-3948549323775701994
-7776403858702981905
-404918286879224571
-2304985650505262419
3712654406631906432
-8483778424668545674
5512871393797783452
-1216721883030598504
-5187163884271072983
2295421658878771054
6728367425423931882
1568308532704318316
8370413735435229325
-3166219858264283241
-7187873016466979162
-1132763890079977025
-1779660824334465951
-4010083383152808356
1885556520641267186
2484434564846984633
3730004254923924599
7531189371531279350
7214020884536469427
7360523586365735937
4438543714244242712
3393513686882325133
330975243488197742
-7236801813337312233
-1168538160210989629
4578626479240962725
-6280222753495857789
8676560844208111176
-7377217064941242104
8996357936693500038
-2885767654667914382
5184734897556883454
-4909604727334253890
566796045891028076
8063869323282875514
-4548375553920887102
-8863050248630586370
-6691274146340360907
400898278878497461
-5216435449015624441
-8677942166109366904
-1649953366453912150
5115629399821069194
-5952547084923519841
5312619702401540272
-4403009108570889071
6254748316035779852
-4178020925201650924
-92133155249296237
-4712273087291945809
1392164944240199549
-5983509262349663197
4911075387841929532
1086547637407578782
-7605390320728016251
6004260040835203787
-8893098555725432643
-1067830842265332875
-262181649672908084
-762320941518516519
3958564947927982474
-905439310704001828
-5447837653834865526
6379946412951784231
4106055420767771293
-2363474938783436965
-9057487186875387692
1985446017727717891
462044021952034057
-4571486877794066145
-3744271967019040682
-584939852836599851
5230958112893971308
-2653995664797444244
4506285466301189686
6822440606602685073
3783598947326128306
-5296503464908684792
8417776384604974673
-1358204307252325524
-5520037595543258722
-8103268415374226158
-4802516897935318765
-6511267069272242999
-1556489438929346503
-1527656334932986925
7571602327117790155
-1078464682316775150
6205584755796064567
3744925654021820507
-85830412537159839
-8831195559745163793
1720753054499519755
-4795242974150290557
-2249054956544494374
-1315502712484595303
-3648013100931581753
5227567507722058162
1859913615346776164
-3545330741329106407
3524281267724015232
-2733954772876658436
6908763005197651733
-2840370142648734733
-2878530925927243368
5117197717970515049
-5827224371923740528
1508412157152464430
1985167093893585287
-3076842941565505191
-932268821299615121
2185508380644107011
-6660501358637993142
-8382088790606087888
7371592057864079885
-2772863965289647886
4421206660990041298
3497451979845872377
-3567756564769997579
-6717623359269211511
5124862313988668543
7222233901832436243
-1789727430175013822
-1851733881477762263
-7871678405511560712
-4031736372731661018
-2808386841480399344
4826770841074483620
9029378049184641329
8994441722861932202
-688076670732930508
-82252838393649110
4288989281264538419
7928912877739417548
6354304602894787194
-1968483904541645065
-2983164863467909159
-7473534679998745437
-2424884722171525941
-8941651870289952840
-3734729434351182637
544250225240813008
-3572075126498220439
8957326856753981433
7079332162762479281
-6618887493133480535
-6510339274917957743
-7765366073123560824
3018953148533953157
-4128204638578656847
6935988618591402668
15751860696708530
7365940011424036321
-3667473829175625505
-1627300641300220225
844175075916530412
8497131102051001275
-6829883753564027143
-3439173321778687499
-1764371472646332746
9000494323147834984
5293806896020785689
3254212258102225127
1256175859175371624
-3722949868265446309
2192495132055277111
6999252203449038749
-4844935590437716458
-5408012208263134943
1332454276792850359
-1507161628168550283
3197617385073509820
1930355093910712183
7050553132328763703
1027561541674251958
-1119349138745304475
-2277263484645805200
7935952341673377853
6766977743646538765
-5597820880184651044
-624612131074146598
6977430625331692993
-421059441785072420
-3040428179944979151
8709365712469110885
81317321467135332
6399312671095996503
-1211677892519860290
-7954807706659074061
1083153161775576296
2377916750250254772
-2616365972404261966
5890489381025978793
5004756216666535396
-7368379946262055552
-1330570097346232224
9171674969620392184
1984040270146323331
290761079393654056
516772041231479953
-223600703387366401
1500592657753944001
-5719669803203163330
-7014911436992737292
-6224051928196585225
-2042677203443634767
3802793795487691323
-2550575129882912188
385644591789852634
-3620825532797286936
-4641724292910492235
494511248241981022
-5737125147466525368
-1139027459631376033
1384748978705505714
-3458454554161968608
-799729075142799105
2203972906069215433
-1556789107041515975
-1561782588084700599
-3124608058778239749
-3212468693935647581
-3073159059423294905
-837620166319411906
5742174933069541825
2990481037285572665
2678263362908312556
-8581652472570910637
-4451797113432582851
2738255648260840961
3829271718687631983
957795918254536845
-5611907898478629808
-6130023129192567456
5604649078468812988
8286563585342698471
3780095764290239467
904628602411434313
-5625403697086284190
3361206972276658426
8055058101783958119
828898554520314189
-135663720844184587
8668106487122090437
1727523880666263830
7186675822251912801
3627060627025882380
-655493320832151529
-3060714923808857968
6138714430755274381
3648982798841837186
-3278951413403710873
-3030511494084142938
-405992258146239311
7402531492830753939
-6978464327954589260
-2597264408398181461
-8420888586780828608
1927057151374275027
6028607002372859258
1248521406444883076
8007574756117871680
-301418185551357191
-5136383421328613189
-5902511024224516700
-3468905389799156913
-1575325593455246314
-3105337721445664738
636518398381566841
400102339854379762
-7011054372856928435
6635759983989274189
4988868335090265045
542915601373913970
4529879005699294980
-2939980792616395336
3262678417918915116
-6021785161795091163
-6955732171400854562
-6056290995395094225
-1510383781867961866
8400343844679576610
3303736107629780163
2766032149305224873
-4162933743597401245
6771152398757856306
6194587511297096672
-8662839005485002734
6528236329556911399
-1520813425162844622
2634164119394220149
-4437957046909248382
5731905494189477298
-2334183422195080911
3521486824717002336
-9125678591791162743
5274257714118118955
7487714759189554612
3086281481595928455
1972710847581943683
-750338280594805433
-2215911197943747513
2224398312985052070
7637222595083301152
-5561557487170034909
6401385797132472698
-2491243584313875142
6544589317003544667
8010813480975907459
8110602515900053611
-3224878877581591207
-590171194654518288
8577063189184762277
829691435073933662
8665553031168434808
585595919619251355
2146198644989803932
-837829778606812131
8013437106209710753
-6340483967182539167
3584616949840334294
5895759165310374743
-9023312913386343889
-575468895565566970
1015769343831374439
-8006930279306731541
-8793713455164641624
-5985128158300320492
-3034428785844116301
8863836570463217175
-1517104386144368945
4134672986444514
-7557712903267049109
-1823210795213884023
4947738914830001178
197549351582983039
5340887477810011523
2841688737784981504
5517916795245076091
-7324795117377359435
4399912177224748021
8482752531459794417
5510299137416228545
-2665507507273352190
-1282408720190824507
-1478111778887141784
-3198498276841144839
3854843517918982702
-9082273142766146806
7418098967738549405
5649937435754392180
-2694202753849542069
-4074255413648040342
-1095549940399264508
-6709724764054158627
-3084708008239612423
3027886705999429070
4164236096379102970
2825514541141277299
3533678827026390267
-1541821607510871050
7748794697055940556
-7469033977970180710
-7151381992438415779
-5434488999267653654
-8173015454415515305
3932086785181998684
-4508175750746050159
7230436417216357436
-6193556168653844645
9146078764371304016
5479387876349842695
-8272962285393257527
-7922394810564639289
-6988293825967847679
6773010833367572263
-3243036604504987626
-5606132285626904245
-6301887031146416559
-3796693452019901642
-1768216018057194000
-7517022909319966376
1826511175762216854
-4338675431690217760
-5199042464101201680
3419770624062627401
1252491106781465286
4684990179277776159
4918439661651560252
-3039158679846365549
-3073115284169719110
2686065182926926383
-3534360925052712641
637040646695431654
-4873757839088590064
7479603757322445001
3112846033377364155
-121208569396345350
-3352932580590478560
6401594576016006297
8932089842315790748
3077864195125776394
-6242999624489183134
-6542773591330014140
7755680684641837214
-7250275253281807639
-7578664718212136141
5486543826408158198
6733712876135645204
-7657144151054845895
5666702321224895521
7599524813589847086
7052948757009086494
-4365447132666361059
3272821057862406819
53915760479465246
-8567363458335597708
-357247358835613333
-1316970453420335249
-3833771941894060624
185226855634506684
-8209275112900967733
1835150728183737062
8796929474356393880
1760164978656219261
8117142552013296648
-2774240956515266528
-8479082166099142371
8056990024865584510
1309950371982008362
9077695131466153259
504856748372531237
1999904297867994263
1101953519654140839
-4607014123474211393
4575697051834209403
2415028447488784183
-7976248438957463231
5396552685283724968
2829712660714889591
5294798501030628420
1480022833313669144
3356156928463002238
8197580390879508101
2291119180058346794
-7779331277776207943
621809480596071849
7834345135120930699
1884355731468190158
-2234663064775160470
-7691252092492901845
-7122809382641363325
4315730302798902809
-6991393952266874740
-8821077754354323300
-914553136446584554
-1209296968588332284
1777919292718178032
-1742492441272155526
-2346370944255703660
4438545440431966109
4041024805293301638
878716811675206679
-8203588196998138660
3124394780428589266
1276413366805520198
2911019051861169688
-6840845396614466126
1993462966176739933
4761495982785056537
-5186209065544444645
-3714488106215120533
426511014217650923
265291252297678074
-1747979214907890987
-5705471281543627006
-6023395236291200201
-2092585739064286247
-4143022563622041636
-3073580405219169083
3978721797939717599
-6078059491261701306
-9085912153119378606
3374417159669812576
-283329825898493924
-1862661822509822650
-5969725346424354864
3381158005056299952
7680022314153512078
-8444624280636279885
-7707272530841848916
-1735275159622992539
6505046739157287710
5086316070789468653
-6148360122429253986
-5781152055701226718
5697107476420968659
3010935885314516419
1500606947415967126
8119632302189304866
-5893228653973498932
5914466445854320990
-2844274376124187957
7997637985916489591
-4411476264183112595
1560151096436829349
7075021119270938155
2103504597365031650
-7945201243027546813
6130377354414013067
-9032109903396204653
-4565901429505915079
-4733352198474456394
1982750338447881976
7084374134497330176
-6270280782703467286
4986584389381128245
-6646150188490076699
1321480701294585997
-2105545831795733190
-7254631388158705086
6309256212868729156
8817222686187391744
332569268179634080
1081384412913801924
7448962641466008284
3258107951542778149
-1761181155784990362
-9105670408373601936
8658148321277304068
1452933564055756102
6048620733960534068
7843376058071666265
8363935312154225077
-990679623301034575
7119202625422892505
4618120306155844339
3526874157720955413
-3600539340383114694
-7636248263642016392
-112776920991630469
-4447546480090419144
7097514788138195940
2812398758371025006
-1291734646563663920
1098389392472195962
-3330256615456537128
-3306700757100169903
4406129491629015322
8777507997692790232
125483839148501570
4450444837569555156
8653091038192522709
-3198713919227158490
-6963388301932265001
652429893310711214
7114972960811013871
8466362890527105314
8418320576175811691
1181036622771253417
-1373877564397419013
200272541559657037
5238751230754060662
7035549019613023971
1608044234762950900
8538658445435394245
7038073189035762808
-5439047558506043344
-7502474286120076523
-5725869448327932678
5016069549497407030
6555753735008094862
-5858015523337698835
-1963340203741298181
4129567776941886969
-9173842121657088753
-7981113714133371608
-2881332218395698774
6856182497990558652
-4923059308138673425
-5334087784112874932
8191243577974396663
2305206735022213133
-6722377744363073134
8982442930228841073
2738865369290855055
1870910917609665314
237214971910685189
-2159125211997567554
-771910678420319523
502056947304756196
1043748453174114477
-1806413205732803897
2764101944945818566
4954447510464689832
-3927126423260275662
-1545279434843014885
-8364101037378461725
2118238986447059694
2439912750765520469
8204215519176283751
72090968306896261
4770448164873423176
3846563690373049916
57952474744886983
-5124285089216903668
-526929948696543236
4397273410930304717
-8345371268710297511
-694043244662788216
3083404035257331494
642043850072969644
-4917691716468107612
4786754486595453132
3277362133061736134
-4070963382150731532
8721751624086539442
2631297666795017752
-5154689644699420456
638749375589272502
-6494814418280076442
-6577294476062732556
-5594265627521459965
-2301403598575877083
-4431000940036393196
-8030205940084403890
1603411167853540594
-7781524283271486221
6356119618747311058
6764954334795972525
7210856850185904767
-2293867608909713962
8842155569713200445
4701600618820263013
-2480902051561769842
7815759769644079343
-2777240958612850530
3935616710199737994
-8712222182764968612
1442440196256867768
-4535485058970233220
-4503423444471649842
-3433902392026504816
4352833382809598142
-3758166204618966808
1333536386490765597
5699432403168127916
-5924170895145329973
8265595914189431129
2556171241916132323
4984869004223823804
-2998596928009732155
7790234460450310603
-3360211828845421788
-4277339173657791284
-5611394810427031375
1973583615434197351
-3512550471540042022
-7758398917342452094
8208112131704306924
-4401863270174569518
5116760639522375954
2653293751758762248
-8509041480905446420
2638696676387077541
6402667125660644348
1734160543112858402
-1247991476962439998
7914526975289985795
6399637344500140856
3107729904407456511
-3953510402834392157
-5397198611498988169
5107230853150187599
2205881198840619305
-6525807043290084376
1085285134735444074
7785920786361521567
-8237453199994135874
-7427073683341369095
-6566831573219640321
-5633832281659848224
-6318318873135064815
-3066710367977139643
7831159695986756476
2351606776492410912
-8176687518700550318
2055547521693256983
-2198072606072524047
4218216143276397028
-147599062603957299
-7378808809005835561
-315222359685514019
-7710325295756013074
5397363464777168656
1667561541163662151
-3684509446243264751
5528492616835715869
-1468866967041552773
8273226313421469370
8068619035860220447
1801881606870773732
-310557048389625023
-1295044596808651954
9023048784640190093
-2850538866835744871
-6531751850785571665
-1064843855845766890
-7219098757000413428
-6089711929787313095
-4484584123713390462
6838295051503834074
4469955840807770103
4496335367018359166
-8021862250382698232
1300695245992577833
-1684219565018680724
-5339948406189874061
552894372825389238
1253237082075467020
781678372645006205
-1274573862338380455
-3787576662676926379
-1785888675539472646
3529851228763536188
-283897524268761380
-8892981101734989973
-4396452916422195127
6180687893120921033
-1375090119948469523
5254118889390362863
-4014176070703710654
-6942468966373850172
-3396256879068335586
6993936939099529453
3856617722253434376
-8907282166337295714
-6913674824392827423
4293324697062234927
4122172844501799587
8461210135327340417
3480856075663816542
-1843080958028423422
-3562278909538221901
-6492069957761959619
-8407631795009624021
186354279593024909
-7124338454633200401
-7116040084420559596
-5673853453911091075
4522898274428104402
8522206930772151149
-3170683522379603287
-2014467032790097081
-7725875552542586006
1131601451233889524
5831643944680925594
6865734561940295342
6796974621323155110
6142342467852195641
6789017425021928748
82396448858020449
-5213844178766153211
-2028734337726444330
8898569930112115006
4779254265562912522
-6789571686899982289
-7367876814650056922
1925390389254515977
-6042899146076486581
2901513825083531038
7949141808486018875
4696568723166610006
1726609982559600767
-5250234752028572798
-6350955048901773174
6959949293130014174
-4891449990995578273
8433178118409864695
1763932952024837145
6576990842591819307
8846243939294183496
-1854995481859447413
8900242294768270096
-8936250257199653270
6138935039867831827
395523350256337122
4152053511376827652
361083899101201628
8261456833309521818
-8266911199479631723
8805864721577763965
3544019859287107431
3799803015455479023
-5941114426257089042
-6189704691321213885
6135122447592079943
5959607848854165802
3991760473419115107
5134835792989096053
-2799256750733666393
5203981133801128914
-7600565984403420747
-7417193323759212144
-6047031360628540247
-9100661934026200475
-8031496158593864698
5327722799914051416
-2558943766427004821
7676308310746021781
4726299724684481849
6831195344148640343
1086206292190236175
7621241125401779359
-1032258308780217743
-8716352633436514724
5312559620551254824
-6891502879463807475
-6046145433157215334
-5288866866316452783
9012575135578131289
2800809520705646825
-3433471525958611125
5501973682986203748
2560631956327073199
-4681974301123375252
7120553662853596486
-1753349774424523521
3505884599269948627
4365294087908966593
-3626944886416925775
-1952360395033653420
-4751090908110245268
1442449885729752778
-4007628688684838036
-1362929741364760057
-3883237664244815277
-6435521920872150949
9130395686089465472
-4933614302978186159
-8074106479259142916
-2558947104311448606
-8238456788316832959
-8153154551860696599
-3098513478925238443
-4833302183642986257
-354113479730362968
908951904049348988
-763186891610148537
-2505437293285342543
-285929313015960418
-3893169375716634466
4936386718758286780
-8598425062064334991
-4786252730610979844
-5727687331423893035
-3282562798275781415
-4456028092150398223
8316598240201587605
-1688837286934870544
6648763322333884468
4958911564736198200
-3056283425064921853
4952021810447348784
-4591651943872730680
2646120671511479422
-7054609552299760490
4934513428516235274
8687036929656104918
6675868670407736377
9089654559176808855
7558425543914974371
6718351297649511512
8810948522774915241
-5253961606729521334
3236157836731426952
-591531276090110633
1721462497932059238
-5096113494431651474
2386341603655245270
6493954664347160766
-7473434504284943095
-6081012878508453516
145199568901817853
-6922000020607001290
-931744311456205990
1588613987073191648
5810221357325802147
8715202641398905433
8404879861893285277
3048608363670616543
4475665042338694234
-8166047382254071784
9149235550932614484
-711699851949302917
7688839603094785065
-4567358651655479258
-5309187386300170858
6573338013332820128
7497324035388118913
-8317269926333211459
-5552496267859315267
8664774421817471198
2462521084811419422
4751827800824733377
-7080506788699915353
7840876642878215034
3610284246258114812
-5548230642311056770
-1579570507526735068
-2865013855121226212
-98009629079260833
7659011200831809969
-6374473197951196787
-4900242817446347903
-8507087993054062944
6542425049703196732
8210227278339262416
7216779924092274263
-8224117430027692273
4511588518885080311
-3888526157099714933
-8417902235651206068
-6880191562292103940
-290527177767990873
4907950163947279036
-3326409752873280116
-3654286395976261920
8230191278044761391
-2513628975596846416
-1356849868037117437
-1943831358440718104
954165470018725880
3972578969217300337
8285935413794618396
6500734504508688475
594115078604427560
-1159792989640066925
3376123111451778690
-287905049511592021
5213139544104679389
3834138877542104129
3068656186067465493
717523613594990831
-163705877395712044
-1376996099352143878
-9078179437008956861
-4829566247413132606
-928281797152749003
952984446767075447
-1797369126815794632
9206991015657029535
200993545736269096
838644608441607411
-3350330262606641988
483541034505946048
-5880531406061395714
8164446132178138858
-3796523497587788310
7577438031321084002
-5146899748535958194
3089154419220764685
-4735469870659305050
-7772013188605880511
4364793904589100873
3891051345148898330
-2514526800261208498
-6098531903472681087
6798302227350481804
4973338934142180626
3148686431881610189
5828539402474374322
-4098795404978301734
-1192478220114744863
-1844869834551958453
-903005362564346637
9004168009921429404
4221413494032940414
2476879986307104786
-7754027390294673977
-3163123460193276857
-6059564064377435321
7331021532871366795
3542342927096636291
-2144212404675336456
-6896181188482031509
7672124044352100207
4201745623409154280
2013394661268348761
5860472357938923610
-8958018636957590493
-1711819974569683938
-8305347384684563446
212061747890575975
-5947952469335913284
5725597680296070764
7348439601389496482
-8577108919716710577
-767475054691876117
-6805322487502547015
1900313348581755251
-2330720877284263993
-2449421032795119449
-8287440939314453859
-259754528276437113
-2553197856563778944
-1216604798958753916
797749455244181994
1534792094640073002
7910191660066828503
3074706157148231555
-3985206584394703013
-9084122379479255060
1571307075875848872
-6481312132894581617
3810459080742385929
6325956182114958200
7175424097951262203
2416413298475926720
-3974250248890521174
-1376688238185488299
5016118271171437011
-2946732204424434512
3614764331505114245
8854328819406507800
-7846465331494206781
6085692888295203480
4790912229497627095
-3347742297484909938
1910938264042961971
3899176420582676977
7231793398189297772
-1079160585798609565
-4711562118791900104
2062582182864676649
-5706895011642158409
-2377510676767314578
3167614142033996528
-6746413476527501788
-2648265778991216573
5923770651285546159
8928189828629937729
9087089522501478830
4449215220666308633
-5883800369185052434
-3892535386129341447
2689962793953434009
4419054645006337156
Matrix_1 shares[1]:
2882962075695253751
-1548031268671977223
5040140418599876468
3495325052473946155
-8730719830075782901
6196361450382209001
1837817336459420568
5713944592703394475
7273312845097683351
-923049718075025598
3840209509498541254
-9069587202654545747
6285802233571549538
3735580720970323660
-4415901380086616110
-1721079832266556942
8529784956006093250
2980055730818702161
7876119201349094644
-3834256263300071565
7947234420777168669
7375445892841490315
-8119072075802658374
-321620152643551319
7261024820662516777
-5151017442369936740
-6681839537679496395
-8100682815938583252
-7624532199609868484
-3476936096896601462
-4464016896200256177
3772895314673060031
830437205257061479
-7912525207172967003
-3681871230769946437
-769611900493866455
753561013516997643
-5183533602281200421
-4488638125181055140
408139921872140487
5377278695645310547
9063829447637997625
-4563153852882532906
7853070598742136997
698296275616113475
1871966040070807971
-2182553409072538635
7565165874087616057
-8482263061773517031
-1631459746194236766
1824713833522717169
437643506057208641
7751957565534078814
-2167726364249870358
-6589425336039759376
2591827610730286325
6164745714975618083
4586963503875639226
3142396878726955396
7947973952858553849
248129081972580086
8779704370822896516
1456108223018498641
8929979699944353985
-5551454543570210785
6399527416268665699
-505182242784025827
2273218496755384045
-2937254920916330982
-4066061618206248756
-2861303070668583214
-3747689696283008471
8925030954566638269
673488980509335399
-8805271693950126001
-8583846808045974245
4832732035793109885
4141495263696937178
3573480782426118605
7348744252228110825
-4705597467730368471
8076661170106987364
-8265844507588910407
-5476552345755828552
-3861526303168031392
-6697995049148684145
1505997592080661636
2209785320525759480
2531291430828455867
-7293623387410198747
2701942893676785636
-8596856938232967242
-8005377367739255475
-1943276825483123210
6192675704748019959
7372359497260547332
6554852974934042629
-3550457967506412005
670576090804851635
799797679553156709
8986569490800631553
-8353733696905898544
5463259571453266304
5596275740021572500
3023019628222914295
-4863663049001559999
-4089859430446843901
-4862823799689856697
6356275073262958039
4256145095711830539
2322727920318192666
-9170641712498472500
5671134484967698755
-2093169095908688556
5005634599333873125
7523132154545110188
4729580126179423852
1298858254951492787
3060562521109712107
-8388335402878266962
-5646199606341289720
-7691957745642849479
5905360245011398937
1466790074333796995
797878994154231580
7551401482541860799
-3974792053019104789
-7443874837253152810
316911381675993699
-5161318607645328136
7526587295267530067
2422779486515717464
-1223560919782904544
2111685295660736266
5890396465233555873
-1822414394068491161
1258666312795398534
2935366502755432865
-1453579267211736710
6250675597210298581
-6588071423854031828
-1405681020024400320
6861157226822465984
-5354651931479525707
8464347562171272941
-2854097117143142383
7269535095761510332
-8042998972988630714
8988469003257106441
8235993450245370850
-6366479992106750506
6131620310726939466
-3924439882024939135
-4259513484262793630
-5594538500075786432
2161916623899821724
-7153477021383165183
-2409361233568748891
8298884166326603133
8935742120490692734
-8174348123210247934
-1167247994876377270
1850433597081474527
-4216997050759165482
-3451502561260034225
8697603977442358818
8361223210128572257
-3017068563489097084
7450591065243164143
-9053472228013440026
-1630311082462119799
7787643067982175830
1268607513918876442
4266511019032642589
4704771882340874196
19284608451902376
-5997782941900599928
2748938247092753202
3831508747476774949
2747811545629901974
3606744053912405062
6348200437993570337
2399526760608432984
-4692610003323511963
-1505176425296696758
1128819981823779298
226199273145353896
-412208901409021746
-8848134090751767656
163301652578771264
5589380991194107371
-3313037736621947661
-6764384525584622074
4851637338537694457
6877736623761993661
-5041532186531567023
660259409570223326
2058795674907817590
-1836744617518685461
8718126983762589544
-637794474014726026
-4747185886420112393
7692087597411540501
-2969177988946079728
-3874467973154406271
-1629188443587100611
-4709803546917932930
-5356954968816333866
-1029345024964598114
4878478985005033292
2881469376959562011
2449463657197076317
-7018781918806290661
-3380824515312451555
-437592356724244111
-25917261488458395
7150279911035630812
-8293520633118838738
-1250809005528634728
6515312674267509908
-1599897907097826280
-7405582227481033241
-7828158836496755652
-6064860285166688446
283312830861306669
8464443739533500000
-3051710844196091120
-2880070719231686910
6246682189091828444
1906083770169729543
-3218395719718125520
-5460006730961964758
-6785259070765496360
-6229991773001162296
-1897769013377625880
-2755009619191447602
-2313716798051894419
4671682641237303562
7467815042418734075
4169252271306547871
8782548695998200638
-5272735236598586591
6401614850977643971
3074294576862881111
2733128397882488942
1083153235168805554
-2994429650890222972
-4637711993483437722
7668200736454853703
-49284324259499340
5303067248133630130
1388246001353237355
-4937939583390957110
-118672149609761169
5782161905490956991
-4047823599971206805
4030221516134651827
2879164929666843145
-7774946684580404042
1927276581319534465
8300097529065213484
-6709985720103524812
2371922762632643220
2649913512633147525
9078857869128376750
5864008854738140566
4831510936487407773
8666845064640106949
-4122704641835073946
2964476269341329149
-2009548524211171638
7335268510285336878
5840807215110837805
124402030453462648
269986037351102447
-3438387069824067516
-6438069215466488879
5312660798700608660
3942131620005509159
5830882883460051325
-432411151977674973
3157404106120102600
-6506188617667445348
7568093807124321152
5795964968594826924
1189224219357375988
-8251831552326071075
4614276861211155118
-4584658123183026071
4075362464911721730
-218250953010446491
6758804891942625992
-2694183398052469981
-2458292452260939379
-7156846579239830060
5872616013746348329
4792002985079969745
-4730622128495824608
3806252199734769560
7977788184105890611
1569806822494548067
372328502296335084
-8692534304809642401
4899577680991664973
9377939616729366
-2259833260213816724
5242638382595321363
4119188584753402123
4832406210651270467
-442537229750768237
1430447900384562518
4631696848686089291
4767274104744170560
614262299631831755
5605145917271968721
1173597501481129454
2440823379451416561
-3687424014803720900
-4302032341913553541
-7355674943121656458
-3221553791012828320
253617616580007172
2621010416590508198
-1077765732913767807
-1103212526402761186
1486371383527587941
-3262158430064893379
-7555235440136796402
-3362236939724146727
3025556213924780829
3935407796251129261
-4743524762584932697
-29895740484580554
-5586207625962143836
3927437422153268019
-2814508142892307030
-1102719272086860036
-5125060131375296360
5907224500553970817
-2911758413232280388
-5408384371781817117
-7009780953236309260
2396781545391978644
1534353685695688554
-8767762100542369799
7697242132426035013
4897724990475298915
-4361687596785076595
1357083285083974210
9181882643293313308
-6272914410091767272
7910776892393584219
-2876239062449927377
1392865260476844343
1626049916308312592
8035625354811888065
-6487111862039581440
-6405956799333891921
-1123532333415901937
3048051707143592682
-8498803815789482261
6456532149539544879
2521862665222616520
-4926551080833327480
-7795254705531266689
-5491053992263515504
7449716594588114636
-3044337475087686055
-1363402199520569379
-6082593259499754266
-7425801955513401596
177847879463525086
-4055655956218077117
-4420598194231839846
55629245287521031
2484684232994099586
6806460546671618195
3920106279597967006
-1120611875671110437
3366858517924651041
-972584752129468258
-6161192148258944831
1168224738543669977
-9174154894157932086
-1766273966673872150
1530087752242793125
-3202895133352554648
9084904840644460745
-4414060458890898283
2149500894304061051
-7234990012141839218
5570015276396003078
-5502920692935701818
-8630486144386064465
3935135491244328212
-7865419102677961444
-7527854777434385557
-136939598534958516
614173100664272407
-9097314424164338701
-7253532265468323018
-3849240884510799026
2927652232776062993
-3881324786882212226
9086962213742844269
-5224434087994364271
-4999371531449265878
-412765131033059064
-5108220283931007583
-6446517255648106494
4165890112735589230
5656741221552782271
-8953559986978723386
2401454395571594561
4110406093134854547
6955157672336996343
-3354547613661381626
-2007058068496548299
-3384305515723190458
8473959807261912534
-8321868946323520026
-1799518781878422922
4149513436142446718
-844655766165458315
8413090949183794207
3128880708205496195
-7748268022423123367
1768308401671476798
6833226722091268807
-1044724986705838786
1827070441458923084
9108040515768478283
-7373018466460105567
-3092872825009883260
-4395278873287780867
322068572369383283
-4748384478399672088
6265996727827866178
-5443143626589379902
-5800742010290182875
1925542554273782606
1736749483146970601
-8073884237955293298
-1012987931409094641
-271344771050549558
-6852379845865254489
2089715676189835684
-5392100690066543726
505210418684930542
2102546353828393357
-4144284809287314560
7780281605258887350
9211941575638279478
227034778141040866
-4349316949303673343
7863625461085757128
-84417796161088043
829140968727347522
143337356040668576
7276401156068812908
3593204704429520011
4790299559552422447
-660782600619884540
2216279681262948316
-8701565275147617487
-6747875684432732813
3675704196687400595
-4822927044272779899
2902306284340180139
-6012295121226144797
7870017916045048518
5204713437732195502
-3197829684787733310
-6112322473326866207
1861957469018401187
3193316893135608868
-69196998300063170
-7475317424367442863
-8007777497934586917
1159830863834719427
7478662554927762228
1226956595542579069
8848547165093994981
3861984521786757743
-8381318664777379487
-5326550537299297501
7060929619812294613
-7713130429258829233
-5309757402428536554
3935856286074222599
-960831487993914942
1958170837185210739
3435859009463604780
-5249578218458155911
-4329727676195134622
8743613405890726015
6565329617572111842
-3481877666264306501
-5447920395934849204
2733360101347948314
-111092064940312561
7582609955834798489
-1286619196806681418
-5347410348761563366
-3980364483230505622
1291183888955200560
5365895396378718064
-4683446174551174353
-6641256159003597430
5410392773308139774
-1409837885511669321
1903728846583748414
-2348518300141918477
-8963003876183847132
-3011523472775994261
4752999885607679220
-6371109975004291855
-3364126095940063745
6673626472389017544
652495749121583155
-1654920071170638521
-7937777581586296953
-1842253063576411852
2767761134003481520
2080249535474331823
-3549691997348863326
7055608777254000825
-7725031439003674018
-4243104641817660137
-8329685719470553487
8949830184168650612
-1697433844448522999
7144032166710595541
-1805613490018326265
63006216253339466
-5387569796145896621
-948840417253689954
8720798779447199175
-5267981596669449925
-4482803011290211042
59562448690951867
7705112630090365271
-5926661957433243628
-6007280781136099750
-2276772313277274240
-2208154601966626014
7807108983603079233
3436204283491392029
-6218923416769712184
-379449741718567794
8349268114254014413
-6989648643351556499
3876561239953332967
5521470461023791200
-5861057964535386023
-1222445265948915205
5055504109761871631
3847785482232010843
8421784103072694
5768927356255994346
-6224040072896473815
-1778763498960334555
3012416682505056618
-5399192402576029723
-7554336450627523061
2001668279966856216
-1066737269683949556
-4637929896311070321
-3514549693526955996
128473990647087552
-8137192554038909137
-2090414816825374730
42107827056169769
-7544433000257100454
8429986934783235207
-4800877823961243211
1173082140612730929
-5259740170123294225
285468934300805086
-6824546326767776448
2967569579307920810
8966946287534560485
5168102289961341981
8251531876591037470
6899769747182184855
5075970704389838283
1795317744967004751
6317227780417910107
4225876029321370100
-1387427965454672270
-1249415246205576041
-8591556850839038766
6288582510160349731
4212510586507013120
-109252823034101074
7663308225276462788
-4504435920356667117
-5115848063616400198
-6208657742555795221
5393911529146945919
6066323324383145116
340900071557290074
-1612690343196902941
6769772637025094437
4881201976901600363
-9154753936782929797
4110276691654847406
-3088814264300978623
8190700921990818254
2587435120598012552
-7914350423691974388
7444877047291398939
3646274320145619884
-4236207420929500612
4576981762801981193
9086384340679118681
3627314213584451239
5572054523903888002
-3159789734850542238
-2886204377627268299
1162180854007211495
-7151377845288625678
5707314174178452549
-145674728629146932
4217534021667491603
-8174357731690891194
2184848155223191920
-3227596036739797792
-1130379232737580741
-5588047912961507844
-7687056756547477935
-6530946329029030027
7404787624921742947
1734380780704099002
2786001766849917753
738257433363165237
-2381582915256725288
-7552047969302073790
4659610034307841421
-159544897588843586
2590646824612701857
-5648626317903435654
7416614903640962380
6330655012514079413
-3678560875049079498
-3145611762612531501
-5296928879055183857
3562938056823319779
-1892961957399006295
-9217925730613019669
-8040711135985328616
8285935185472074557
-3548511749766590047
2513300349966531051
246739455893028574
-1998084030749307564
1232316094398356515
-4453113394815973345
-7186028661441703861
-8722902998068997190
-7082670384585332581
2085732933067980557
1746282524437644343
4280581004555651902
2411420355987713731
3461171936728885557
-4712012590872567545
7918799520359050330
-2825927955776606228
-7540817584235786034
-3376064068154277772
7242601011064196834
-9111941118808246656
2881855379487428752
142610780282637252
6208644191452807722
2917149921278250564
494961300136548131
-1088365536246092986
3075235157933589263
-425964753169149390
7538995017978817597
-3142505067497510828
-5986240662011531436
-652836621290054498
-4435475632953970471
6475342517006865621
-6944981078096146310
1187307226509947622
4610002485382563899
-659537878745496600
2829307568562819454
6759990025932594414
7122320808199029127
-4241786839818107088
-2243106998544209472
7596210368694380136
1853960918350093341
1627902117452738765
6651142671706478270
5794235432420113936
-6592975385103508842
-2328601510775724898
-5139098989294593047
-9217955440400941143
-5141496196654587046
-4774613658387657711
463129930650341785
-7849492009146669399
5882177119050822128
-641291053635392004
-4559165072906436323
657304892987837930
-4634453831252994223
4844588746089786723
8497139222100330617
-6850906748392566905
-2865189934722431533
-1350026582243497735
5399880281693204853
-5025359562722303169
5218128603208373529
7446443818561120737
8650535812502438567
-7147148050449353881
1260240718391083905
4110018373708263282
-275323233637115349
-7401121620610850027
6934843462543711075
-405481480603703319
-3703920726369889126
3829760517902031706
-5052734823002234567
-3691519992406439723
-729407198833857397
1243034369288000883
7404664408533474893
3590251554051126152
4861730302001866585
-1336332030003030897
-2067070090553386472
6948032563281986847
-3669282202925406767
-1490611134372152929
-2473781822952879949
-6347293607272655977
4351036438507080672
3436107480390340423
-7653860876236729316
574360572819343342
5964797279642028850
-3803784234530521298
-9111134102944963920
2583474731172099832
1777014830707533664
6233601181995446188
510402893281288257
-6145792514210284286
2481965838277503511
1441315761200812609
7833058717597810511
-1864578552437682784
-159978193507690501
-5583208202129049657
8764102614568359343
4160264452648694822
7429216629144617387
5764929020580269998
-3470909319665610081
4187255396992349316
843946546676027657
-7069488772680065970
-3869307814184415817
-8458562034742531176
1359375642658062711
-4147511376189715329
4825931466929554357
4343868627285122567
1863966429422142158
3342644495557233495
42406804399414752
-8425307027007313377
-8563085436112406625
-3800470218045265533
-2469633033724340062
-2796074337898673665
1844001211484335010
2219870344629289688
5284568037526809632
4728936613857266814
-8153605445936809338
-8163539928222307485
-8414919461740775370
703006574865679086
-5414070871768991873
-4595302543159825145
6486146459849964909
-5364543128206471416
6959181875138842184
-7149113192895892650
7620456536405680234
-1956838700915877762
4469480417618819622
5001143023920716562
2318689154166277139
7056228468928445425
-6013346836246710571
8055932835785830457
-2718031326610368476
-3465189004547772993
8333016479285173740
-3660176437634270098
-7247437757856193233
5132380381086027369
2595639622148047874
-4190416870117120093
4450541696071516589
6942508266765616456
7395952933876369640
-8721701477535166268
-2486144409840799439
5146359931441242899
-9207207234392536605
81039555582453795
-8160447474093664792
-8701193477236928285
7712363908518211850
-2418808429729222937
3801348276798782403
6046726107664909883
-6849513904929297494
1736058712858862795
8787715831079291199
517537823833694196
9138117544730706969
6295725737087447672
1225109705376384786
1997819932890241567
7233602916863485912
-4781620167981617680
4107786377630942435
-72400942247798502
-4372268958859540230
1623860747306188324
2698496141308246297
2778050087843901185
-8025838327131981559
2398470470856461670
8445117993105974987
-7320562818106971810
5972429603732618204
6518953848976777622
-681664604070644300
-3108570368621332209
-2243821627685050248
8297500543084857584
-2237789750383715922
-5165822401835488277
8469546680863307570
2544762572031611045
5374571756011615418
-7433190252429314031
2487275142569095698
5966963754976403460
8038193156695705204
2750144991199462316
379607575340602536
4273810090545639909
-5160646790152660090
6457901238947692676
5686542951861141685
5427981508252489811
4728407034025439455
8819455889246448770
-2219056664464341696
8614373986336329336
-8950635877339321496
-7764291395473859421
-7111766048499141951
1614734771347746480
930927354208217013
6788335597078361318
7690876751455140047
-6402015098978005069
7328653969609181651
1855390363281744830
1573989409291257471
2318058060574585029
-6307419326496588390
-5720195800616307490
7370037971496574780
7138219659634169967
3602848647635881731
1503607244745061118
-1335177362178575957
-18002035137849622
-2073469586916385170
-4981420290511430875
-4063494177110592877
5491540143903879524
866663718247963291
5047352536218335711
-5694555750154234506
-602882279085611676
1788577501862929051
8044954110857380784
5714184632319820293
2721513369874135967
5756693367753686006
-6939773671569217630
6506703103794665043
-7774548022951710556
223899566764424064
4978364406127314803
-5374651357775956156
-3974974590425789685
5120806777546435495
-6240721092615119515
-1304965663899331671
-7013742580557025489
-152131998775242630
23995060652471118
5742272875917008279
2581585214868108647
2496822222410589248
8945783698289505101
-7652966415092784207
-8124821195176982040
5589319397707361301
-1441687425422029506
-2503044707322964888
5412606568812898550
7903108608648344463
-7712971193361999540
-2330019588288008494
3209232058788557016
947119994759699896
-2863433432001412761
-4695081807139952099
-7447372077400870847
-5245149418697967610
-3369744739199123880
6377120878576071211
4420599070821164956
-7525674381277455856
4147334551597518925
-3887932228747552249
4524522750073355857
4014452926223633755
8854675324008757293
-7980406646298288707
-5384435826484366466
2283472021489977077
7945091781824936931
429886441626696178
-5101934024930465213
3871469177994405922
-5838898099182525718
701174569557547201
-6986492719466605842
8672950918242407983
2182129734119405599
6397179457366359444
-3166104357622542085
4901031038970494859
-7183351931007043913
-7124769523012091976
4325153630658950165
4932913154391958765
2590913579850086885
-7096632614784381194
3699448691888629729
-8557410874576797549
1216851176179730849
-7373539718783747609
-5030146188997317319
-2282848165517730647
8950819788108382161
-689183840348661209
-113861502492751393
-8757805232682041924
4701978641683214304
8368798838901312977
2129809531880281589
-672415409847295377
-2405617581945103445
-224602354445126107
-7815212755405788061
-3827457159338052790
5011751261453603131
-8430534482376133994
5522261617588188460
-137157398480538335
-8159556292253613362
-951375800406095735
2047640449323399915
2273520125938275284
-6182119983799295130
-7796801323868712551
1424135705489944635
-8213624212768601887
-2691135370316056319
-6894858630637818891
5295152061154302275
6895922106210974874
3264822307005749254
-2189795326737909570
-6209813623476767171
-8083497220963197711
3859935116577609912
-4328177871493807433
4229505738203436788
-8152509707919395432
-2566676735702966200
6505247098928096236
2206285930413088986
-5720710349271106546
8910935393874696165
-3053495664421826346
-5175389489226796001
5998548139906800472
4049819065459010587
5991271157654966488
-4251354675643078057
8328197602550314409
6116770822259318702
7105541089986810370
8559697239970321493
-293710552915654471
-5338347448578416451
3352698955857679227
5458310815648055868
-1826281028388304798
4643509914723820368
-3257022891738845706
-5559957190120548254
8659591366929991198
-6067906477473829556
5179427469557695920
-7778059485114284099
-5015182138230102514
-7698187115164179382
3542033696127988890
8506919922875102913
7377889314376510141
3724868814041957788
-4282078908656191369
-3578542153797937991
5537569980362910511
-4173868589424532955
-8303402657798397932
2236961422525006649
3221703712854399147
3049224570256376391
1466988607866227129
-3061821554905275937
7677010106548666313
3342913484353831106
-4697299902479251457
-7943122798574515308
1754685631930611663
-6555489415596723345
4444516606260292511
7464920622236167267
8944914013831308316
-3405685284149333029
4938298238880689021
-9000638602404526564
2509910648088877119
1867701013683819654
-1273775606883883453
741184096217084269
-5304811532687780387
484983179376945807
-4506879690297368325
5137985710778532689
-7766808214039511693
3100362120900676488
2049200086861838575
-51483924452332335
-3193679541353301630
1441664855358802715
1120090400842619169
-427608996842655790
-3213391497123034806
-8999285325376029774
-7708239929383229344
9024207437098562401
-1320490629969028898
3308733707926098264
-8655504248805840348
-6528348182993259376
-6343853524930921986
3537892843910333441
-2905597096733243407
-5983920934207115927
5428768960582009026
4207748364609794969
-5889770607857955589
-7013465687303280268
4275444829919195366
-8153311785778455446
-6849267039254277545
8969856984403208740
-3761294329948547783
7167812425270746577
-3556879524043999024
1282777834198625428
8991527781220703554
-661499596704598951
6181520586437874465
4990719270746327371
-5071342844872093950
-728654071427542535
6219981323031195497
271859548068245905
-4104555250904753474
-6400341081351633582
5638962921751724117
-6445095920163268609
215494855527169059
-7661269319404740874
6305825267058509447
-2456923150271752135
3180405897451382449
-3340225638059382713
5486464242170025139
6615449639814068914
-7061881798598853801
-8853454779637500965
-2361377385948030849
-7397196638792104219
9128212630691698315
962829163238495048
-8553986575419494811
2329704012504800620
-2302263628350641995
6802952456799427156
2040809886300478227
-5497575198217651910
-2055163454436098610
8941129403316166145
4206981958434614931
-7966366174621199005
7528995285593891932
8150137362549732870
4145406562176256917
7054447360182706214
7790162099155543996
8970869696184448720
-2637542470458268140
479022604245163315
7728250549863642688
7428637417174644691
5884268431958220024
6340738880708122014
-3433289542008441584
-4363808217139409147
-8060815429042360640
6615382015635469326
-6211491547836697238
4623998221078968424
-619199700702452688
4849521299894995322
2947810603064695784
-2357314143558318051
4477459150396037417
7050401623285724444
6870907826798925380
-4796471389239289466
7247112909789609511
-1838849095854753231
-1814040557398525690
1256668247010256693
3792027937038600603
-647181381552920952
-3157154886631289581
-3944287229217242606
7434009939072207790
8192173157876942950
9216872464082609010
-5534314405677698518
-8307396982071974762
5298983394178426268
2269541141857316963
3055510281618902054
-684406801994480753
-9009605798582139316
-1608047754251003569
-4205121777688102353
3518214983905673438
-597299031916503928
1171510724004471116
2322220076712729315
-6601500653267031225
4030203849347619388
355657309676698614
5074243960203533237
8706642017519534594
1481744872615068775
-1518839697229950149
2912408093893037361
8184043300687428386
-330105031166283319
-8532481653733682362
9183032733581119031
-2141537316079623654
-8814853982712136605
2378472429978299030
1454447170829845733
-1597499295839473199
-4630177081197960688
-5458928678804968522
8335608178443125488
-8371424701149590409
-1954374625754758749
-1841936260809225155
-6793385634380834183
6750849581341707655
3511099856742501536
-8346377070340029779
-308897866081553964
-4046842269561472336
1249132864156019459
8679983531290898161
3932524973549519053
-3830811141579291757
-7430923834279208607
6213108067702939286
3852145575857921313
-6256177577006828362
2882536816485384156
-5231154620367124313
-6180633504713706368
5635065691021582266
3986494302177879120
4207012431449059190
1542806414263526211
-319851476615517116
4821113231879587151
6875867700769308520
8891427462833056903
5107539416262047053
1457663229317894923
-1084936696085324405
3624316800151758067
-1960580321046762952
2724297058738383504
-6843404264641353092
8692017763037328189
6717087933586978284
1921953008348891050
3831983654431969944
8612003659773850654
7115519366137670654
-1034947891197600705
-6489958942792991943
594709109017474264
4118108332243993445
-3951407209447746924
340031934195345568
-4784904453586248418
-6055814645531141294
-9108311442844210227
-7667340952841935835
-8275425850214368726
284083130353295856
3491578278450962945
509613573130629211
-1073541550347670550
837873335605323135
6577482132182536469
2001358162732389466
6894740074045423761
-5823572858839010171
-3358834131509169235
4846613251518779255
-5789847913220737507
-1001283529878005409
-5535165814490096903
7088917191450553026
-1846864931966962731
9162739433923378837
3406799778310225889
-3388801505607211239
-7438259309219742176
8871267662028479883
927741768777852974
-396877536585532988
994675222611455001
-481013859592497056
-6354952031142124935
5220060628507246285
430862746461751144
-3874325613863152952
-7909093663804353581
-5607810821268471855
1320431059001021859
-1464258326455947870
-226344791393836785
-1273697132398332742
4251613403709116402
-6410835636124020921
9198117432180198894
-5638441761299026291
-3826482461078157436
8967840718775413824
7863631856516573256
-896243050973996153
5320284303023904583
8508123093626412417
3205309193828562108
-5734826564979103209
1661152966815523473
3201066615583661501
-4789590401594610993
4480853713178906995
-2839862836866981747
3243986700487694670
-8656953036613965653
-7967750081640412952
-8132510700108398313
721941826191919015
5027428928474037389
5165990900301299362
-7819823340696175182
-6941859531476421422
-5405632473007989438
-435263182529384630
-4742325436658236415
2634710007996333935
-5495321403113263861
-947523877801080513
-6070703173062581108
-6383030426605644246
-5299000032300443993
335510499342645882
4478291936851405852
1123865272468489453
-7571962871331096557
5645263429157708472
8970606409978061757
747204019624427751
-3394690581982957297
28367282439981698
2568082003632595387
-193466874026345767
1175956349439564183
-1855495421492316662
3181961766210537060
1103735344674814247
7785426105276688484
5605432969027575027
-7334442490527090318
7384489826999397372
3541565636308994402
-8377739721208635132
1897006171170985132
-2531928395311680745
9164457312197791566
-8695949019336583769
-8621991427675247519
-4751002742697697113
-4711620503285342355
4962119913097461357
-1219373231673556617
-7829206817987598778
-4695647414541427402
-2678614471990763681
5546926009832149121
730888482302131365
-345528501077830358
-2063891430914158778
1737021048556255396
-4647735930147034389
5811627879353396450
3654482915450130320
838981624949299938
-1789965096078511546
-6797706699191728801
-2825370885894831426
-8915816273967223184
-922721590206974713
-7577301655149548569
-4519558642947226094
-725887664832615309
-7550355843529679871
-4206972329497917949
2704406332659504911
-8854939664654699991
113202370301028483
5809375868943316665
1876472411045927097
-6963381627602390820
4986214126811126121
-7511864861701200899
-410852338929462112
8329021850895550949
-7339241494670398242
8408086541610024764
5003003796283323906
-880269138091400435
-8252737807502660913
-6558520068812220382
8636281843627991860
-2632917119291398157
-153857364607032079
-1956723035712043838
4103569088173443745
7932089629001438916
863004442603181882
4363470714386842399
-5063759919378529940
-116172053690291716
5318309191039841598
-371062895764641094
4581468006401331594
3663827171338269407
-3792781116760212897
8925243854406292214
-6519528810788869807
-7044691147878822601
3192842594098559543
2674609586456145451
-7549624494733909952
-5621575822132377866
-9025063556556981414
-35421588963200774
4730913027996991038
1823362735733104344
3149847053396343453
8237384417967616118
-9071181039881366196
1259598322593414712
188546430612738851
82274850929863320
4623815744011675869
-5557764931042597139
-4346097713246557947
-8356312938256392383
-451821452611242268
4734151186065106651
8207043033597733200
-6763258974557025851
8416447585420972975
-6308881549650322560
548424844949020909
-8523151910600782197
-8136737193694248654
-725940325024808953
5796236133040482583
-1550654154721842117
5310093051383185118
-3630803536287413115
-4791862404067467376
-5146366125115205001
-1334742430792623416
-6077894738043243506
-7574024247063752498
6107039017744222017
-6252015249464700778
7441747149944554094
-2314769134993821831
8682139567259052435
-6169138960486959725
2680242737744686227
1654882931494150912
7052804513526594907
-6008867493412517311
-8990753314700583065
-8461114011400627338
-8679461323120545050
8002851075061414382
5585042010761648301
3237422573177617431
-1577842941931666007
-8196319993333922023
8634877047377356937
-2914719028553957235
2854357194012602214
-4116040581191805715
-5042625314264888810
3183946056637144500
-177384386801700474
-7706805732454029938
-996302269677338733
5798247975260448433
9051327599941939678
387076698806129918
960941760776740312
6400125999436306858
6795803840016307791
8362298829414753781
8091120789745952164
4234656932701864044
2912492521792296684
8207709849547654155
7252915914968851350
3767391417493414243
3901224964941967748
-7748576125824231083
2214371766219284001
650498635078686836
6091263729131343565
575102899485185420
6862758691644947326
-199429410897629304
328726924869063600
-8088769395081837287
-6220196447252755845
4711097001414938559
-7300974003358034428
-6043299184932984444
4307324586012757391
-6196763151189560945
7827959057344651032
1981057475459300512
-4533806649566466515
-1834645617883406731
-3290720280105371342
1204421045995599133
7401281175922393869
5109563576582873815
5274070456191104032
422558651794934812
3897060294540237845
-4209008302491899523
459649224269672975
-4012464031787461163
3699009919128638060
3847902321937717078
-7818809044280975432
-3681105553323630557
7324853095891058220
-3312274824004807423
3384906334068488544
9085411907522650223
8886174750725434313
6568208245625856572
159607288092952856
-112800882950059181
-1733461463122555890
-7007419067275470871
563481407046264933
1573357544372286785
-6582049397504985325
-7129130309809503570
-1008340591788664843
8478066469136544765
-8423606771158656810
4894806613313476088
6885413997803593478
6806804660048137007
-7929892357173675398
-4895082648864556059
-3384312794538895534
-5930378839201506496
4638631464423107449
-3175357643589323682
-7116756414675580207
7562348916391398775
861227639488237602
7216634361166929238
-7935437283715219319
1306202926984584244
5130602093759926103
-3377145566610087933
2453493958788925780
-4604117479640363827
-5607149077628836061
9143906289742206334
-3432855102591729578
7602829864291926770
-5608590888973557485
-293837285603740560
284672098042580117
-1473905127000138419
-4508285413945769646
-2520037471657558201
-1643274168811775814
-4036318832336543197
1846522123293753067
420448338596686058
7133406484345208538
2838567230176176101
5442713855551901661
6004142750475533934
-8657316269644052840
1957553932596744029
-970857740847311494
-439784566574482804
1260357969835419147
8413455968666667104
-1664488712913612183
-6734654521681355139
-5783382196117944504
9142118392448719855
7678433763765604923
-9050480186349526350
-6823017523094955393
-5725859529509531923
-8632795036541726313
2898287500135996933
4360441274372376081
-5331018775280662673
8410096336467336554
8837385929257836606
208824483303034785
-9142245131606556434
-1801095227085693620
-722238113568527564
-62722475178299573
-3339986828395547237
3214326184017194130
-7702509357456395054
-1571786432958685716
-8546660446180998473
5049955363555877253
7541483057583526533
-1477791967507688769
824869903698391685
4252044329884855347
5564701528313223095
7623279027889303344
-1231318174726333087
6393616227919781543
2846137441362832826
-5058859457014808735
-2088008676947410216
8876255601737482416
-4123779048575991902
7993868657441161852
-7303612733590447038
4690360471215561188
-2570426662105257582
-5318331367246952258
-6416102103293662976
-8800723367154339029
-6825475871406115762
-2713446583911812143
-7460669771206991814
-5862705574891926470
8165463660794633557
2093630695493278229
49616799274585043
-8055070911570559853
578227292473874932
-436694905764057639
-983795657289418800
1277449945607259159
4423269211917224129
7750473903159902830
5359853879038237663
-5655665263236863995
-1334394661555123566
-8427558412652835753
828047409695322925
10875346500047546
8053490875683223596
-5536058548096223266
-5560306329144868566
-92932732801834068
5642965678024253175
-7888815183958452884
-8511731237350081250
-3226631428033607191
2157237720319518970
41064259302646978
-7382452123464970783
-1094909430469900185
-6595769836256898231
2298626679050475751
-5776298619450292571
-545374813205250493
8053164869351929674
-967226485709505989
2755739649371036002
4312636405741818988
1030487030927515679
2377300715583521358
-444848149484527066
-4862435096460180441
1213127458239152438
-1932449036223708454
4589360019290567079
1898975506493119217
-8542422404101106227
-3307963863856575476
-1765936628375227889
-138960974445193148
4142541849934834369
6361300774656293912
1450908651484145096
-3690400321758582918
4899803524563038027
5921390215857902914
-8843714150639443072
-8216916115193093741
8249556948407333075
-184946747419129963
3815293678278307243
546981780912999467
8692120435702221350
8683006732837029021
4245209431165753052
-7687562547915127320
-6944004143753919441
-6813021814830300600
-4821416480181196560
6450517208246934635
-6809705931301284633
-6759457737959521602
-6520612973956305108
-2860023188790772705
-4371578208745131990
4100806370383779182
-6057769799271202933
1363337543514548210
-439037314933891343
252937972028404459
1765681373279189040
6988459801032272697
-3352779143699286316
2265369338372109857
6360930499525477025
1388197583757931491
8916934121887152749
4155203174666812476
3070918422857539725
-3376607225889624933
-7289716410786092880
-4749929456009460996
-8632567068873482248
7700422585520249249
3846576718251181213
2526674180255809233
8172227260729089085
7830667139925342097
1214198915042925940
7503789662959190018
-4242137555906621264
-9028797278186143810
-4922771918820395993
4771139512935503200
-720082469019733651
-4947552480768200234
-5369952681715502412
8341044048584921861
5373401825505925392
-3281109377427095030
-4548245104244886159
7633749538048718451
8892248387790397376
-5040887943640033379
3183973317194785485
-2714925881029616919
8049088350619820492
-7810551657913974575
-2169043116776410448
-3128816237600324417
-931120449693041196
-8613023025916341667
-1046921587248968022
-5573602150394274549
8516134318230004152
-6227731252604989539
1157353648923926856
-7503079486026929394
3706321992037021309
5216277183595210709
-8442532717539889909
-6322767756535085080
1536131554604822181
-5724971578671624882
1714297210031299299
-4021660338596845429
-1691532802811256901
1914685239095189600
-4937759378616929223
7350370353699959243
3994547972444963396
-5868169328150642757
-8907674045634953170
3074718048038801588
-3924371757753376567
-4063135982881791016
8956725094929469318
621266433626216301
-5699878133218288857
1602627548827049098
8081329820155131954
-1920164703749402366
8625205035822211745
781005358172094712
973002603548985441
1774099118877702900
-6424647528061590925
5782219398745011685
2056714819139457722
3813793461727748471
-8354394024054690572
-8391139042130971895
725366729572564279
5220978860575504755
-2546135060250410376
9000057968665145112
-3760197282520472623
-4890781132696678160
8134751377741060568
4446136985426794274
-1613530970125239729
-2353053503613068107
6465631464351153470
5828384657876599167
7660238920271325289
-465036233204114854
7653856463753237789
2171704771213047298
-1035530616037236935
3224096713009330123
2998543766549112713
3757252421580453903
-3549182532406725920
-437461874919126641
-4578186016978895834
-1904436369253759010
-7457964105853994199
4597788113804749329
7951234229295581219
-2172511580952221879
731083466891279567
5064493631479186607
6175236194582931767
7422307733734905877
-8580966402057590528
4172909957736177363
-3185114478617356547
2501069060614786306
-8045825019552254797
-1144132947096891097
-1269821176752393158
-269271922808158760
-2266384614377179026
-8404427733672253041
520212551418944436
857418091754955019
-9180997987593457728
-8399607449751379453
6404433003504384365
-3050256499608804070
-8865383009472704875
-1622823155012021002
6449679041022751852
4000785085337306942
-1174828124769472443
-4918742201044898471
3248080838992036206
-2366224685024409004
-3496873684507899616
-2452343003074311707
-6038522582175208531
-1347575397546181882
-8765976385263929019
-9137992810622170244
-5464471743906045218
6176407340634333128
-7932891503203352913
-4546182950955340648
-2779910648462682185
2654181718263848902
3691046328717589273
-3901859967336406179
323885439741890618
-6666776194251155314
-3935657634947305595
-4339310661455639667
8842338877554496228
5513587496758108652
-3699288350013484953
-2308089157321582921
4879251522112557647
-1555589238521581835
7322590328305542090
9061583631841934281
3484797413988573801
3333717638288223072
-3747345321041582087
9114278039719450754
-2506596140048499615
8717422369548259520
7622051370611629391
-8629735825114871842
-7331787286554096047
-962302550858621160
4145894903410067795
-5289895989602009244
4149286853009029065
-1620466919797597752
-8072458019220221707
-7371927919527367601
9103729150078415407
-5637091189432153803
-656914706041572068
3184882842254588762
-7398618459723568183
-8667320675722852704
-9150064447558851544
-2544021346989769782
-7955817882356789592
-2993680290361362246
2263708483622364169
-4725166201799593710
8809241028049631218
-1848100641428501873
6090761807078123989
2769371338195676881
3877950528684781157
-4776724207027053758
6319513777026837210
3996656174801168909
298926270477857857
-6866620555854242101
-4370168024244129545
1918171046483801619
-7208877442696563628
-6280420549013488607
1949721861265144755
-9043094961972926876
4727416677983789396
6165026763624008707
1968756323588448165
-6956754451206886189
-8362746248487985701
5352239025836994723
-8747797893577976692
5211219497514793061
-1220646867922735904
-2682058963250433525
-8112043530647642112
1192698807648556087
7440604838482914696
461256621848711576
-5273307949284784045
-3581856956071866491
5233436348261504379
-1627152572262193299
-2848331895791086749
-1460040743955842358
1513075355133067629
-5592864422045322100
-7154326062595251465
1395498589093615532
-7616945803877324235
-4021497427704774571
-7780765773970321542
-5491510176170889379
-7080119617935543610
-7255735294370238191
8317375390176095661
-5058998570138231140
-2013809233821741056
-5091574236088304065
-5002063550917386451
-22033293448529033
2998628884408854062
-3187284531532298006
-4738277460070019236
-1221608261336173865
-5975466627552880476
5491481924816073637
1499925703789906053
-251701321560950615
3544565660328863423
-8000693410833005918
1119525990988376519
-1998641289820527921
6244037268581610205
391653577548351359
787116671992522318
8432673048593701558
-5536850063235617
4606851855556092483
5195471640948979773
-2890737436045225050
4219086077735316557
7597781124428846523
-8836504585135652659
5701155396768829486
2917288705704639662
670812496417694275
-4512912161010917712
-7914313240988728132
8451117571056528330
1982553429591389019
-1502291591964378865
-7920390180436450819
-9010361282515046835
-4898540968289193459
1024362830815971361
6267928056676034911
-4403782250561886415
1032070509349539014
3307060309789073599
3309878259278898317
8283912112742366586
-7340577118625542513
-4611081347565579974
6628238048396245756
-633419204837854852
7055739579321543373
1427996833823565053
-1615236868049253301
-2830940902255095707
-7796321132702559242
6480780870148677417
-3259724887969848197
-6047800506671890101
1154641218601925403
9154888758091806270
-9141474410946111683
6647860687670894468
5643821879420449210
5742097778838377201
2295935754970119027
-2255516263497361836
-5588889453919519588
2669144723802722492
-1005223841147390680
-3120790928512342695
5040906418636521301
-1746067104210503759
8655349447199427583
1147082916894812761
-2756014321301950158
2375495915615101897
5458138032989722607
-5101380585087704295
-7156616490989263856
-5718337059606899630
-1156220947366703373
-8300757082934520508
-3336460244020527372
-1597930628607482137
87189693801494557
-5515311126580256736
1786299277209604032
-6800305630706763732
-6855513190567343221
4251607692418068523
-6975623019780638751
4708246045508957682
766691972507432901
-2334402643044395458
-563241589536968215
8823262098714071852
1200094271338219357
-1189386761302393771
-4764451559469308770
-6702729596623760875
4953809823729772684
-461359858070174717
-7129468001210508887
6180769743837572063
7616960687266151461
-1718835165564849043
-5043511024876247311
109432513399021962
3633411386877214469
8191756327474857370
-1610886084032362512
-6147858432184556384
-5657476623970354565
6311231109117768146
4464344934476177350
1863909601389141408
-8559669736915849728
9119936019682696620
7395365939389997262
1937472538792499014
-2159213648262102660
1793146773464119071
700602859486845625
4553909832125465799
569115994328821400
6225357389232132223
-7831964677912375036
-9152993683166638607
7961208920739234272
3188745112624895171
-3149814521754198471
-7194627855469644466
-246857508274409178
6309988632656346527
5593579795616502066
-4955210603660710247
-8902120925479592119
2525049825372018051
-8806978506197216759
4621725892828301054
559978890769045725
-7014085297668534333
-417914256114147449
-1330343791261800160
-6059545377982074145
-3605019879816328659
-721019297798212811
4217988473546604541
-305341295033271085
-3291898716062011415
-2781539375107971329
-2732348764894485766
-5466304885753685966
2873665231248977263
2684290130921760516
-17279756582776032
2518824051669794455
8046133436667503636
1168409288395954504
2605971047520435630
3098433100681946333
-3860856962246874392
-7098305393304962383
6085076707386325599
-2491418637147377648
-9117513704611743680
131922879796916974
-2488615841509149873
1473388432249142309
-2364457292944753297
-8156061139473694437
-2073200573933066262
-7537763895106592837
-541950298949003656
8587584994627782271
-4322152018855431948
-9191675201306702658
5180872211655896978
-7854189342276881192
5292465833697482607
-5536951637618984733
-262246628085914029
-6977987623266999101
-3725411488385962337
-7126747634605590285
-2457713923930492520
-6846814163673700449
8574519930218421976
-6169051816851052314
-1236150821611884383
-5505908100891545538
8326269698182134068
-7912046483796633185
2389646297277898625
-5150720818923971141
-8153119554612658749
-5452353129916701788
-3087008799173567350
-3132489634588911203
9054199495021267623
4414203235050870754
3799689850473525290
2544228480433519497
-4645367250148608554
-3526204415982313115
-5744223809007078492
-1161296242845444422
2788213174821537914
7724045991936007282
6997602915338934256
2773257683762051567
4166780988248360293
2312520370635954832
-7101024070858637359
-6257727890775992633
7481178245199894727
-1034988645884730084
-3695064271422405683
-2457259622394821410
7692588113098446790
-3326970530705714646
-3402020689330763280
-8312450945542211572
-627212616649251168
-5994782302463238673
-1692921093983030232
-483268209403577269
523106632577572590
-4526146774288167354
-3313729790262037754
-357628273146635260
263810337329928112
-2541791024095187037
8888221733045544773
-1062473942606471137
-3555770862016433820
2933281839288219888
-3562604699390454977
-4615989854386930009
1554349181422008441
-7481159211387123772
8094949810130613014
8560098459919017987
2084789444616344364
-6839961941068535631
3718744863119460057
8295930712413144820
1897497453447802154
6035147453064665235
-8660662712139135747
-2514333619856368647
-8684679567376193125
-5767248791335369625
2435894556604543139
-6953536528668736371
2256106282539524002
-5894702160619813537
-8092009845339096075
4010072756880207425
4567417813115810898
3567095092384213103
-1100885923248853686
4498310404159076205
-3035030290976361509
1029321722717341776
-7268988056249969629
2720303522579150254
3763044927435196476
7817557540515425612
3231077539613376347
7603939255715480731
-7342985599030727006
-3819164344399761782
-194764881836370013
8510052621591518245
-8708940285171381330
6561622204816278134
6800621491229652166
9147654450454248797
-4404094858613167815
1726289629097655101
-1579799312697129933
-7456595064419233498
1188938937832353106
851193294733014917
1066712634999282580
-2100842038589083021
-7288473159929309333
3222591312523556618
7650211972777746170
-2177043537285559067
-1016502416907357978
152354398463597939
228292961404243879
7410323283875759968
8416132107018050826
4813233387519266808
8953801132289059003
2835971139443308417
2247391002091668393
6643160402316485338
-7489259140418724448
-5899762080521265567
6959540566931649989
2448875574970735018
-1249369726008282825
7309371052284029767
4396617806339552480
7134861447414608535
4254168201761471240
9147240771069991894
5121742457209629964
-5676552055897028082
1489545360189640787
1077378800266767620
-6875452537059635384
1403560952593054387
-7255619233956507552
-1250966173241291842
2655045141586044983
7789182331742545500
-6203404907235870479
1201178738679987520
5141571660118614979
-7861850901200519288
-3034423465016690437
-6231618133297813073
4290475845930031809
5080671912038697654
-8813586880849100297
-3624779104018114296
8384028135041985319
-7021089763130861010
-6421878458707329946
3562795201274226151
-556050599264292044
-7058824151414505114
6241968341110000328
3419906149293830701
-8482741006667581720
-3716479035075675628
222987232127358140
2367742219809996951
-4831635058633195756
4905047176223556198
-4122053108465124463
-7964140133239811873
-6564304523180589687
-3126211893027954358
-6940732091756719086
-1541434045733437727
9066069587421418952
6327563338129321648
5525925178326943550
1492887027386760133
-1922337105527121063
6675902805806212530
-6044432335415708247
-8418922128926216038
8545410683756344832
-3160643625260182547
-2164805967999951678
-4014992878582025332
-6511910333666702071
-4998335324502277591
190799282201200519
-6846933185124571694
4305902032383670343
-7313797750820072831
-5387717947477077101
-2224548894911377222
3487813891326101564
952056604603527382
9041439059315215460
-1252505495489858211
1073040396113192864
-4190446214360544731
8024273562577367308
-3789640688550434438
2735283528439349763
8177273818293380745
-7053279666407945124
4543753669147304652
-6845751426215684031
-6705887436532932410
6443125102150853934
1132533394330516483
908259109574039097
-3890298510533192494
-5550424097227177803
-8041175634487626562
-7905882363474475106
1000632376176499158
3951481840979667502
-7109260305830284049
-8007323509356712701
-1896563286862111557
-6454512998858161249
-7099778297399654191
8501233214008186750
-1487362246048405937
-3356115849525748142
4674687294895986425
724105901338015896
-6013262472558097406
-9201300373066765691
4729388924807088130
3938916379494896045
4818250393084435110
5620401832612725047
-7546726003361921390
2831575657151318368
8785051690250164997
3703642282753400490
5082685772570110896
4660856186792032260
-8703980084368358094
-7149773323103608345
4253648693388282669
-7012135734061218598
5072898695182794940
-3640553797502072638
6276763626054047577
-7872782814883174508
-4892204581845623276
-6933690888663377407
-7135222490731346208
2884987559112580524
-6198155820755185845
-2420590164483538014
-4116375341854222963
1029683113280512816
-4813359834629560847
1429289005631147249
-4744217563887382766
-3967514880706108533
-2383058284138375706
-4860828388979578676
3746191240533128661
-6023773196460781407
-2527609971938592691
22140320242698287
-2769441664609300615
6760686802420031364
-2769360642421776666
4744957004123283616
6226813494525756650
2690559862865518940
1394008644657567783
-3575038624372603739
9188154307724525257
5903738074820072468
-4561258343512751742
4327978706966537794
-5838320395308066799
2447366590203465157
-7660998652525314485
5970134922263964574
-8932470432147791554
-6955544573733293749
-3791857101621989228
1780933743542270974
-2888933449291226977
-246992423342401699
571345169456705050
-3667817807501975807
-3279527246700204563
-5518943307358793808
-3471303483023475842
-1814280577211279037
1198448881511497735
6783467233291918236
1631019136185427224
8966027334983307676
2633278917906357140
-4562887201672701455
768932685485043585
-1784964344087901136
-9059182704172559839
6887719580779521415
-1046701003117631637
-3195476205644866212
-6686566382639963478
8690198156352112032
3126904629486268306
5732653031659491210
3344548161987570142
2035834537054948127
150319337270452400
-4884917707713843096
-2187478693304077657
9061197325248112470
-4603224708041023015
-2917366136766891966
-4759572983078268660
5104912305958561450
-2692480649539132063
-7569815939084676792
-8772995222407651073
7703038562031641859
-3399603693668658282
5962722817152816249
5608725788093101623
-3592969935061737668
5502434535180979585
-3765531185799717508
-6805654659761067870
5064059129495402599
2573614157756097336
-4121976469888980943
8540015335678873948
8642118718638297447
8771101529747567688
-4565312535238250163
-179953151590305219
4887591092298091016
6246156477558434699
1371331113760573803
8324520352481225123
3997929773370575335
-4407299302723365625
8786289757914981914
-2375745687382861412
3415043791314778501
8032603522444388901
2351580291721144917
8474018027482271164
4541359177255543288
-2996369717420325853
-2972272506814120908
6740312837112903054
-2760739902438707043
-2508657856012948258
1763595565303106256
3146524769914434809
4614165867947345072
-260805783590851595
8380284193254740722
-6248294113311211418
-95088181473811051
-5676577426212950776
7741078819896166486
6485407248438364977
-211636008892553481
-4472912172723253609
7287511850684567961
804047811895484152
-4356812402191645801
-8508103888328174408
2314481619827603917
6521699169662202968
5880328382828747854
3719909239440349216
-2128827634724745021
-6931780258877330598
-7776011328614510705
5917286933199627036
-585484127067584730
2054419270367098295
-980079333682060268
-7125671485837537131
-8639107294218477513
-8102280909610957474
-7980642824937517745
-7844466532108044764
2745370596363761999
-7691317932640144531
-898457177092469759
7128577163114365467
-953170095495404986
-3043650643656648185
92403412043366175
-5181646300374582106
2094133135062463528
5043623520449373824
2626258541540104651
927289239744768477
7029450312654470475
6746781251326629627
-5336131285186963319
811757873901439195
1342515420563709185
6948450416538128647
-4936484970876129353
6819027729738158792
9195424807174258192
1487095681407967514
-6185522598645116115
90113324360237217
6340690897364536286
-5728135246854305601
865578243291236756
-3040100722731542878
-3097211669503078999
-961409897532529153
-8916903400871444781
2371870142027712605
-6770017604932942630
-4681593661020952153
-5970862096419223809
-3754481351176171702
1160670881100239296
8452994940792455786
-275950260635289725
3923207249734067978
7372216813476244390
-8184720912916638824
-6311195646971101459
-8655024678320771729
-248504182194643745
-4574840570743794800
7689204229596371248
-501141608996596439
4756391172028784993
3910496018121731227
-1637750310676018804
-199162773865839302
1789553456756152932
1315100411525168979
5315561280896469589
-3581979095907842462
6530844103330287555
7036891165475103437
5018562348810433978
-3766012059540230150
6025857064915077023
8303065329289205864
6170595297559479109
3044157437684035705
-8423365192124078219
-3069872403354526813
-2137132279696020515
-8352959218813439533
-7652282322695505049
-7086426620981899290
-5479442323990710061
-7649168797370124006
1907562297801910341
-4090608581131120284
6903870691788786166
3210308691647167619
-5526698226840597236
-9051461824152215130
-8618472950951134246
-5564733499634817799
-2945540791982461903
-3335301045627242987
-4857692641916136013
7424098823715346503
-115660076551425311
-6421184922685947861
-9110529450740946491
4909060881216377474
1348474017391454689
-5023676569445234891
5289551936476086772
2557306681171921081
-4770339477399197306
-9150881041378695628
1732702135809860889
-5907881905238569279
1303383176397392182
-88084711052200549
-3059678122056330656
-9097223159414744865
1387350739688159391
-155706095560753578
4180121201417698884
-289878346635262872
6900851866225333812
6795978785935514128
-7482554019957962420
834857202191052049
8794787765565180665
3327994458080214664
-5696955804335518053
-7960932256453555946
1305439000523387039
-472345705902098862
-4537546568487960630
-8397828264258130516
5137211331549572845
-8091482320541503687
3755548673041849762
6535702867833164549
851481076222744851
-4316136207846031471
-6346379732937730414
2462641941459243004
-8229448457724040077
-6790143440483765389
7872128688299740574
-8349386880200237006
2555680118177917607
-2914480943032321205
-6157526566988236505
-1348960800641083379
8932292425393059538
-6765759505416484653
-6333262165007861097
-3593511273600533176
-3145088458890621921
-3696357315264656808
3812951863698951630
-1084720247401273210
-8628890349102627916
-9159675124827902600
4263218567910745768
-322638976631780845
9107138415239402214
-455349573628116306
-6154032240207422573
-5478327264782840103
-1692905391785302737
5944804058573001267
1335497854901365609
-4744934487877306082
-7414898212153972269
1898649757327538782
-6184869752101791860
2069861031444674885
-3494917270471890359
4005793225873209557
-5386059730661262304
1573728013879149892
6107522654643424290
7663874626882041103
2224455903722509227
-8568323501778586375
4473917848838072070
5652761645470930270
-8478249344466297103
-4042888549187104663
-4563131015609949399
-7120773897165944247
5003007649140842746
-7298651724692254148
5781611818694293397
-8435168780321720313
-8225374975144807288
-9152648042014447456
-793212039406175323
-1756855658682750121
6377474796562337468
1842279770626050030
8607752836883762722
-7364051593837564346
-1849229395296877183
-2599882126123937504
-4096501343757502284
-1305043732904500634
-7202125630029356708
2874600174116277976
4937514250031689314
5395779334433923072
-4013913513364728227
6225891515243739756
8960944408397362599
-6594950954370109228
-5899475727631093330
-6756558982829512900
-2252535981657175299
6704348610800185827
-893595095007146104
2265452982689584691
6374214038395663090
952323215148665080
7846736158718022166
-2105239951761675223
-5828178353513677534
1919002848625799296
7930350018680046900
-4863608161901408764
3727795111090693271
3620223028427376053
-9057490741280651488
4799594074145765759
-7807934698518052391
-5630144129905228432
-1348427597119707750
-5914956502424635094
-5519257137835993067
6740611906105577903
-1787615685387436513
-3225369289541449749
6003411568753636567
2786276186506269291
-2668367285639114926
-8132708759189597290
-4505050956097036939
6814527788953130372
2999133132797425321
-8750685327061740689
-2414116731526231099
-6605843953397953718
3571327870515525997
317015014141756194
-1562216275494189194
-4328975894284980152
-8802761286730679123
-5839830591882495287
-4846629321837936867
2627702269336517021
1318535242273331800
2461731355972434076
-1967749828202904358
6781516561648506865
5208346658138509887
553662972137089860
-1672264399648277809
-4071176759906610687
5406203848268853927
-7090990502088424405
775632196694371070
1454087083406754491
-4609753281724108038
-2858804601543535156
726946820128531676
-6375288956362723225
-3478207510038552499
5568041681155352376
8127478868644271929
8482218306004728598
4005220122600733987
-5474035614703393981
7712767112739399036
8695983362773011324
-1098579727976745727
5496744822419505833
-217817089229934710
614469162761257884
-8677743543385120533
3441408970023264723
-5221480888974967698
-8534361103767552625
-1814933386776771357
1498490607608380527
6819658638303426799
2080198484761245867
-3066253218116790111
-5974516343928920854
3614632077978613981
5687610524106064661
8944760805337365436
-9059474707885550046
-6034010159748279060
7946769072470366075
8798170079256578956
1177779730765747674
-2483303902977414562
4221491632725313370
-4908756080974672308
-8217236886898518276
-8673371836270585390
-6919057620053552498
-6906272436966760088
-5536216910870218180
6768855725924239806
-4223886116908043660
5690481272692598422
-6917317181835472746
-1551547196003007827
7955823815287196722
3028428457083505080
-6930466205530418080
1796253835364997486
6764717595868331758
-8264916876678135166
4247122949081162063
-6491557869166773837
3969402743285321135
1505609844284458459
6712346043573230229
4437723471908055765
961787875577097561
-7111080145941333513
-2673061214881509110
2127460765002715759
-1158369332913760064
-8648391759015543760
3384770523354091755
5736539982744972954
6303852978287422817
6028151327025885149
3721278548232236754
-2745331901034106185
3453216012751806475
3839332574115515681
2043308632655071761
1103951542659057839
4079037150191785262
-4802243801869568916
7608094518301938
6180496030976772113
5472666462944115659
3684582543067742710
2984631276476621169
-7116196691724337388
810849192337054605
2749196124315160886
-535090961355076357
-1329277632552036603
-1306313484183683306
2066362550675787497
-8552410158911142320
5736037978173141681
6538610162236934937
2290209697796258985
-8597591286053047286
-29653711394632871
6299008052290126512
4208488234434785661
-2406832895722480297
6091204842093578571
-1244584031111237235
-1930929385104811840
2914001272132762759
2437711510659819567
-5690795787085271956
4681954491845444483
-1038723195507626755
882131827140770149
-307360926592896627
1551161937316629196
-5004171178961531999
6823533931971324209
-4319889897991422628
-685645399596201495
3893657800687290085
8288648338643910315
4277573838034173175
5065972807092867383
-7114024402590115482
-7239035995940947834
-362863716591222350
7376946503009905299
8303040076047028721
-7470203195185480601
1476177308432633040
1144706269684140201
-2695838489530174574
-508561049715442331
3648977032495227884
-8490859761675033597
1035943862921251255
-957036272089443000
8848216963594916581
-902785938719540019
-1212577834198931487
4847448806469541243
-6656463695230754865
5817413993887136406
8332622628275802903
-4677526730772566369
-4389739839846651485
7433899309347291682
-5293833466216032915
-5109938986887048796
1655574746033946019
-9005492068208352970
-2291328876537100111
2254444441871686562
7255083492408507514
5555356561683591566
647924493745000944
4020225944361412208
1968678294579366297
8505442697745367705
-5470294821950391068
5171262284527863674
-6116004641289012264
7325778215629018055
-2582820671790584978
2508842863339735077
-3733862546651765572
-4027412385165028965
7968482797530117146
5006115267253263699
2249904938976808057
2864602014644080916
-4507349854967828659
1902158753548248710
-6737477114071813105
-4991041305302685418
-2662781143966881251
4093776285611522396
1203477483410679762
3419190702729992965
2317584001061233303
-2680311473848964354
-223027737992063496
-3826009635561331467
8363892494379314881
2233139291842322966
-2510739543791279086
8707823915899926480
5375877292138646574
2564288129167825895
7134195540938311911
-417701334539325478
77542274219278751
2171149157305969243
-6594188240013441334
645873109932998011
-8060841965951170419
6166090539967117722
-4882757123608188627
1411360790723551227
5277606650600796782
-7760101669743645787
-2636982860408527387
-7488636002676692719
1859939314684293817
6564476501409924841
-9140586535720551441
6295273092839772325
-2436882111094885470
7367885039845363692
2087275964609862280
-7153794945821657488
4530024747134839709
178833702292091499
1311310343365147742
-2969761656809049214
5683678941433234216
-5641708500131974874
3041429318902292268
2623895241633207332
-1897321485450557900
-71850562812266457
-6695624629781219370
-3486962093001703540
6456595084175613116
-9080499596431260856
-7086728308379904932
5194376254113887372
5672545238595597301
8623954870308347281
-6621440287490457350
-1258166834358132035
5859253871912549628
-8982294532052409732
7654836276621463468
4080626981578587436
3706572630825681986
7966142736564892542
-1005291414133928109
-710508004340792715
-6746270506887495618
8947549382134673035
-541074956208603550
4219652724920164936
-1045419362856406937
6352262532853116748
-4143353543518692216
1659650088849119782
5807078184963768256
-255737908760602326
2510356273007423476
-2479010301627424538
493438265275971891
7490242124153622293
3752314742773895077
-5826984906646075052
-6656240349311679325
3671088929304150862
-7812548445676831613
8776348011655537681
6448953041330126676
-1573316885958829096
4264574259567195130
1555586837553979765
-5871913729949826825
-3263081017840321819
5137923085836984973
-7121051961054288211
157991759427439169
3738315323548307550
-3898560053339014865
7032375673887077155
-613683830014744049
-5552981252905153928
-329187386227130957
3850391258572820996
-2734528707996958960
-3613892779829882099
-2313696421928711877
5885178196937076200
-6681806567136438032
2518197919999713032
8960020062752064541
-1447211145303716447
7104643161426948187
2812869711101708390
-5774664040836045456
2958704918361859450
-5485324405943987972
3543416037373481886
-452656943919191732
6663448394040655311
4787809596310926384
-65461549292841102
-7355938056306697774
-6076195884525165624
758428337665251950
-2389160206083315111
-7634326939241513260
-2995855938860780432
-2552168947975158970
-5124157020017006125
-2628550456218021258
4568508191526433739
-599198192213084811
1310370926037884318
3164779911181286300
-2769206432070631174
1184093849618036236
4079460170474586595
-2628062099186488110
1856923006517303353
-3244630849398932682
-5596653257216369337
-8707360310896276436
-2030366044852564389
-5630255419517600124
-7567490519077588301
8998336876592297363
6974193095093519472
6244011556444566872
7246441742408639604
-3202490040689476653
2371718217005876946
-5298181160461533151
-4255494829891377654
2610015104298087825
-6981803119215450481
2528961657180417277
7371242513765166012
9135685451701854683
8330221946342627467
-6137331645049074250
8295956102499227599
1450759213610520964
1395658017248091932
-3840981707487160313
830108795973236048
-3696863185377063426
-1951722879496675237
-3907643752640880812
-7095924245046208883
1355750891918755263
8772330338600514957
1826225940224152450
-3779443893361597526
9006207276149484778
6791977349171205343
-1851011730197476563
6694172260406479545
-2679014414310948116
6145632080308019028
8497392666947625641
-4933771106449842613
5043429335121983492
1768825873602602
211808898154655014
2656212832393973818
-6809213259560753274
7559842033751078587
4593898944803421383
9011804108088603140
-1499205169882193559
6548477278954597296
-6255544575011109586
3748367768020498773
2514753267224499110
1919398139973196342
6844211218620219607
1786346189824848241
-4646178023498091392
2538011053908254749
4755058172024021398
8658312023653415816
-3745360237832286272
4336131621648881876
7626479085207290851
-1773812237996812426
5839828309208787311
-3182626703874132301
2529529331947472542
1905023374647714133
6541364795878445354
-453501581906945582
-3537375206765182794
-6334565729433542023
2519094792551980577
-2289219937092614679
6741735295249757888
-1465292312241731804
-2506732987067029071
-5919738026724801386
-1412047880957129716
-2450795403356389626
-8975366389433912148
6888052227619206208
-2290838356055046492
-1044412669645223243
-4846148645042275367
-174690478260817946
7395722514911562698
3158278561260346209
-2276628641462988264
-1476257242310944446
8063390022797170870
3054631321666790710
-8251737141423527099
-1329980706676093049
185389688029073473
-7690920902603150138
6861778696440565145
7500218906543154023
-5208978327117924863
-113303779980623993
2809540273421318267
1065363958199425191
4320750651832601842
-4338558023417517875
-3145662572409536693
6186093239286826972
-5882510727889733629
1717524325394585923
1841435533478867474
-1908631049953096717
-8680601837205466005
-8250131973878718617
-2925822958487319690
3650103395759175956
-873721250386686044
2465129693241358558
-3841469199606899618
-7835484647676973260
9085993105113635013
-8585323587632719068
-2846221430618700657
-2637549447877050600
-3598608861099613110
-6410849740215817672
8210277945610392789
7855831066611452907
2428936886464397357
-6993218237571647238
-8950703871237724536
56180307576278571
-8091955447151054047
9002802856518721956
-3390763564991541487
-5818479653068843141
-6789703591998158998
7198156485084342652
5504801266185789556
-323014764026161829
4663576737070543568
3768279570142682651
-8361376628821425122
-4181204552238872542
-9116157433890891599
-2447282305284613037
-5947616158390909804
-3490607790877592166
-3347663516728163721
-6726103799880981081
5283129601121282143
-4478166663555219945
3006249840536979448
-3471856577611560137
-2708524632653417815
2763691405516784845
-1183870611025558466
-2697602655221815274
1113363686268105367
3883244407890376964
6602305735772571960
740302009327267585
-5024284305119048835
-5588203514213139883
-6223291616182041359
-8185191124471635740
-5055849220902576649
-6444364536093306910
2602404136447546405
8256935752817693874
-6571139666125545708
-2692042572237210130
3717318942782088574
-5812043570757680992
3038758149190860103
-2982318193118859256
5225216594150519910
-7198305425287389334
-2502315658878159558
5279154784924780174
3218908754002178023
-5144140578426144266
-2132565706801766344
7248837515297733928
-6534591647092914178
-6047011774822158016
-1532052590852136196
8429264322179681452
5600890258401542062
-3133316138614489214
-4993949807434606796
-1063937274590291854
-1668574644035096104
-2437287688467477649
9156723587425916473
-3532163430146111486
-3428249925444041798
-5662073614721361777
-6351119335211565446
-3280596563970170877
-7975594497630300681
953042739436809078
6449093808323514679
-9071267512466475833
-4966398237373252280
4201080374855467564
-5692606408920205130
-4508054507647287195
-7198285431536397328
5483691992513181398
-4067180794682331609
2133670334449228623
-1669983673739415803
283318105881709662
-2063809421693503435
-6276939991185023614
-4199467779532362640
-8440084262449452928
6038184009119491087
3685243314885735066
-8842862534889907943
-6753833527094837068
8843980344978713111
-300887133748121855
-655658762181660205
-1382070925207450156
1727814245462460624
-2745606610959093119
615744259675966361
2844139193019155049
4038269399350043257
7362875441145471817
-2826363923819833856
-984542733480809770
-5761232745811267576
5987141309715845932
4616137447838428583
-4886303177982616453
-6327624873041859688
-1253561502042611390
-8130832000468328908
8944609005194817387
6986468306650328847
6314969997334060248
6439702261208034528
1455104728597469395
2083935400284030889
-5714271056825557610
4113407368206069257
5098280881214757631
3430612821465049309
-69448240320053253
-3377520047120681025
2419086859409445195
-5619825682717733545
5289331431472912171
-6903056613666566846
7311608599217969391
-7396651884050394729
5757457391456456948
6708420196250196981
7152443474692466934
-7992046753151164440
1775668793723453247
-96675484004511261
5544853048786230432
827065203123752174
7198981805952307813
2225552822698230012
-8950842848601400700
-4909255044110382300
1233616327525858579
5851406809555681726
2346301091227803693
1245862046951487408
-3156282431275093839
-6146796886064128731
8445131762630518434
6830197640463998533
-8712799737748641041
6154735843188496328
-6509707786188196688
-6413961919585725842
-5422059889072444574
-3596478468833323934
4356966883286323107
9120214422294484873
-8263011566818665629
8244898224403810309
1258425045752423280
-3699604929994536380
-5559583066976282067
8964105179537725143
-228063431337914090
-8336670407222505268
2366265426329274035
8803024791453529487
4618286525788756939
2134330781398594485
-1604894165759929976
-9198873776036640930
-425935148361652447
-2641086202833431913
6689036755586336791
8316386410180293137
-7332180487101208690
-7840659199501367683
553056040546904936
7355825314840127385
-4297677669961162692
-2068116469890441745
-168803564969477983
3111105061994433343
4225483845545043552
-8564556942285728005
-4267926379717195113
7584289435125592979
-4248800822899958532
-8909593978940440822
7967388595473756513
-5218995770779037517
-5531920148492382462
-7920379887812362752
-3785545097989317542
1475689183444139302
8783787761739492793
4615963835261553763
-684022590208735141
5093406013455575843
-1707169795681828251
6472485049964444813
-1171621878650412798
2731572606908309889
-3501821259478636017
-8299515336125032334
-1922050590156002481
-1721665104093941882
-3375515148734426986
3836653641900550638
-8736701567622185567
5116867526794596399
-5046937114691385084
6122485159930783358
-4051204239205638424
-309470110625560126
-6871279604434922957
-7178464519095277242
-1937452265234404434
4486540720333595833
7698999618401825803
220611221532105721
3720327800269544129
-1031634365687040683
4276673994201192636
1289642006676296262
-2536190075294391806
-632884397499935074
2232922091502016208
6654888486928264259
-4522049556200057112
-7309485074789046878
6652857273616958854
4763265613155945928
5050311055965958911
2249577258598408819
1025158383718828099
-4650894707585519654
4804895083996268043
5565867465294987871
3620473354607167178
7740669288180271908
-3459834749838980464
-2209463297156918525
-5911118120582713372
8783012504141321324
7381257146596258044
-8998299375070438700
-1738207908032146615
-7016942464256420697
1649158214211120127
7629850258638870321
-5951306077220413519
2716178094343811003
1544419607136728090
4700524113531663122
7860557172565239048
3006142533864218006
4891266287281262586
4210132390491416727
183064090112593809
2422008112252078886
-8621501817357371709
-8258000559178000318
-3529774783701325726
1624336522716931750
-343043881426913955
2220360972869153526
-7431132028073251297
-5259893128251543216
3913212554332989903
4779407429894846251
6368829064198426079
-8376143945719820336
3646988380804236858
7722648077165193057
-1770727905191326702
-3592710140828977566
-8592172447666021276
-940310707194194554
2913507235286753994
2657178486243605455
1642700764952265094
5484089465094713011
5994620517359876192
2950326333955987790
-4567975438442695675
7097268315571539113
-2228864912901215250
-6985276185286282455
2832837119727267998
1342592297206731494
-2762749983962361688
-5727787468695328531
6982867093293493819
-8600700140730704380
4181971161810191442
2770642352818736000
8214803398833564694
6314514789156496696
8269466260011429746
-6196673189915511503
3649175233048726497
2649410910764460055
-6570751592911899079
5265674938612231087
-6527348030703219906
5238792199322148288
592175115201432306
-1434511472409140712
-266640326827791632
-3917581234862575597
-3228901978783324667
5418780877572588554
-3452653485119625062
-7688286738349000674
2505269331030298592
3298150377191369452
-2175404148903292455
-7109485325681580660
6153473154015993826
6144407425773488698
3711246095337907654
-4303882398994959191
6529056160646547150
-8507203251270912352
6710703341378105449
-585917230119646512
7460598139895084746
1940556215713003445
4386757024137896496
-5947023173322770219
7682986177665204014
4091845303141422391
2394983378262521097
1162623897556218211
-1867208065936732716
-3701026623704407071
1517651867697139490
132677060744497995
5964839355819845774
8187403147836346997
405980121019469716
7879349869610068537
-738414006723030118
7649999450696682923
-6780638946879213733
-1837006113864783200
1884070082307793601
-3388112089452081476
6872180561225137458
-6105315110119970383
-7351479130778160200
-107978380092591670
-8879622541812589513
-7939617285924063568
-4880678418770445993
1127532053683094265
5543272621690935491
8305226581411693801
7513692110941646375
5937791750039703678
-1839446911878641995
7390338562216661780
4351739372769410640
-3508286485058779188
9039993656684910838
8236356096611809486
-8823367074843939551
4859344877466393287
3045597171768471093
-5172587000470609183
6984169095159141118
5751936490811023880
-9174006061728174258
1606952192670127297
-4988185434942572257
895830034547793574
-8123582164152662133
-1642548025943037271
4609858735211668577
8734140295457129214
6363257127638331129
-3124293211285660653
3292172014165877311
7504458709316579624
-1699487873332113922
-9200796040198808912
-6680119364868591422
1244334740259790826
1980118299113858221
5189537842691907701
6135942713880843459
-6672156212275772215
-9113332061148146999
4105222183603217632
3373393740618999415
-7518883927915926961
5933782826876014669
-6086528511469690331
-4103143106050865440
-8390153122473572450
1098129176729249096
3949177069080015405
-8109988167199762160
139621688568634979
-5717385421831691132
-5525504774228348030
-2777482620709822868
-7027772666815702453
3168880428157267341
6449203255341289488
-6127205326871641872
5043211567503426728
5396327710338153725
8812062732800514395
-2522676749661826038
-2548872197765440308
-243835962640115196
5978971460292459652
-3375825617383714485
-8525179144515166745
-1671245175793259941
-7756384365533748248
5347075000023901945
3159126309391922103
-5943877809026787913
-1601476011769887659
8778579742740851271
2574315088702704364
9183172008869720453
1261269112218133778
5018516858590002573
-4347771933739864542
-9103340385631864712
4814817149167008293
7278616214850056812
-1868631445560729100
-2099310166297424639
3962672938207136277
-1816792476515495477
786211006256687069
9104643834736156801
6663201858845671995
4856716019448972970
1564640856716059431
-108961825978877854
-8801371499185717728
-1002195219094725203
3171641554433009356
5519321473732852824
-7452853875720196765
-8300450338135878100
-1553734735325275873
-2631959155880530566
5124720567076470298
-2261628035249701199
-5836478128849099515
4020106109546730932
5369186549578331197
850583889794442581
8888661837520585112
4503540590294801014
-1319699907406897493
-192158788786338813
-5789704220487931219
-5550788519896706808
-6841609571938517546
-733799612472959557
-3386319352102426083
8950766929662956431
2114758213167094578
5622641667369303310
7564818860291778058
4667586405920125942
3304555180685992137
-1982788710052020037
-8417003887041256538
7849710532543080383
-4426271337902619620
-2568089587587982072
7364571464422560514
-3970711212768966919
-6449855299213505510
912401569436437104
-7697237614555159216
5197147170815010008
-5895740032670934925
8604912537935496908
-1114097395930790301
-2332518112355185209
-5267869387538644414
-6906200953598928724
4246169023245949712
4291071026268787782
-2886774089577471248
1532996304635806241
-3099597645301393010
1422416408002885630
1832762945545941607
-4453386042280100649
-8048331830936129462
-5015256491769927284
8748567206080516046
-2789848603588879260
765500182965213240
-7667691879326834828
2220465336960307493
-2495811254848516785
-5559005012510635324
6798589221612305151
-7821181728119929560
-5720351091861414214
-75043884893134260
-7784181037907153853
-6924923224642599559
-4953626136990698420
1214049986678115318
8713833235936713323
1739839380230239774
4843603822615088060
-6541348023904802471
-1477587864698820469
6691268802421641281
5661761623836228935
-7644897866906619131
4993603582616167431
8025848430461112227
3884830903896906
-5334625672653613641
-6025719817759276856
-1253754720340966780
7072746307994967154
4064644085660998782
1320249048030934708
-6746428437346850384
7601417361082698156
-5446345873663019823
-7608948405612465538
6298439952149901802
-3586421024570500997
6062121037848352073
1024904460287641918
533114612578524399
-1080512507613425241
686229362377595770
-748068610915226369
-3969899706724239524
-9098171936548094978
-6887394716668194555
-5270584055735575389
7098738005271332127
5822309178623258972
7485154281531153134
1318707633912137408
6416828071125580899
-5767590214277035118
-3064826457712331045
-5977531862992551619
5500395142302663899
6387693475806776210
-3494579206126144234
8126628807675209325
-1631220897263436867
6518480896454355997
8072490392286920595
-8915703636387766347
-888568432864260668
-4983619940537282790
-6095060228610471009
-7000623568246106155
697283106099455877
894253965519863306
-1288509489151987555
4281173686457226747
-4829388283105390601
3340757577842089464
-4487130698282573037
6853997070271967089
4139669708736837204
1513965578568189125
-4543263911962129094
-5978765129862019930
-4344097238694683604
-5245055774282517005
2697332665588796773
1916867737136923781
3316718275811000934
7961640623256749912
-5013141115364230875
1503859599728838414
-1344315709144695346
2231268606023552264
-1467435865696358436
7155322693455995249
-6072086057649121397
-3309591613613789252
506142785334766979
4769773803368232146
-7358476556623637393
3288388259020104552
43318293956026047
-1367358853866332676
6844214236681874640
1399014636116569248
4351184053703675647
6580584644291123960
4953044112310702216
8136282992391785572
-1046640549421281085
-5661535795414309072
-4010047559274309172
2528203158656832190
-6316662438872550677
-7867664696495615898
-3399570661302043178
7324175590645062791
4866587325940712852
-2963966399190266919
3188936497653254612
889872584196879944
5606738061866673435
4294347818552428300
5728565455854035690
4835823025921252072
2357183192173712178
-1329324935951368504
-3078771595971761925
-4460722553856521195
8361982111267777694
599595608356629767
1386474219625644009
5828107125339981507
1770907313973064338
-4368305939320943808
-8780373596278267825
8696765853411184358
-7184191038081013489
1587247576773490178
4054366386007360866
-8823724182035925340
-1334267515102135387
8140739155601443461
-2176935088044109173
-2105438999484260574
4213153598273835021
9142035274239694111
28478118041998661
-8424910161971771925
-6930140632275940860
-4082356260773151697
-1887437073804744368
-6440368017959041318
484078817232688849
4056634825089198376
-2667299523868647128
2368637971176775554
-229075553289893559
-1829163192089561329
1259787921470864789
7369313971662527285
3233287463226683830
874274430448798651
-2435264651040603290
-8970252567686008488
-4565238826494195759
-2615314005953394066
-1627062785250902185
-306219568574451999
-640226997026777449
-695012955077927663
-3096238710197945695
-5966582348447115538
-2083562149384101615
2212988285596337518
-3256341138049229953
-635600536006021287
1006796707061923080
-8583314263170935522
-6438356858573232224
-3290989610492000364
5921724717105507830
93843606337209268
6179296594405994962
-8289008769346004309
-2500267673988096496
-2854685755053014673
928938224295166132
7580092046706558870
4025506117034772083
6543717178675509039
-9218947247519812686
960627570351400816
-6658628024208082092
2486769653478265112
-8378594110577487859
-8562177518393844896
-2077961085442386597
-7709840462639263219
6067934997258248340
-1320749238503349813
2244684248542514415
5124284348697963734
-3624541567954101117
-4665623580692976949
-1288137448721741300
2357430073516012912
-1885569906844617977
-465896109792135979
1485860691421142914
4979438808616356803
-383110503458441038
-7474164061950643122
-7579418146785662225
-152634859649214617
3768102203537535364
-5902333207042191429
-5682361342016395430
1606669781788940937
5033994748229211331
-8163866365154694994
2493614121721686294
1536371772067433839
-4859804499980000388
-5853677728716638095
-8262256146600275736
6198645621646024285
-2833461839685534356
-7711966745495258013
-773016989607974541
-8645346157510289356
4406766502106239281
6971019698105913941
4657117753836409341
-617332796225746677
-2617450149296791533
4249163842899663221
-4441047338422452837
5846085298357204006
7951213961367807666
8656497900850553416
-968174318789275154
-1256626823069663865
4231871239615708652
347180819750158271
-4794841324137016033
-5698899049996652122
-4410052423666630303
4780242001197141894
1881318176360286463
-4149851123188349472
2997911382662842353
3110503675502372889
-5451920654474356793
5134167515729548476
-3755260806100431147
5636642199897678892
7624252986400971869
7862893143060006411
1200267897610275908
575630612686234693
3374328644967355612
2303642807856659354
-2850974078349397858
7178856444056516307
9196033457524812868
7366079985987478428
2818911890525124595
1816888627717946265
4032640797605474043
-1054821544411730287
-4671335996596263502
2263119763403088558
-6723213082870337189
-555630975685080116
-8762646534437942388
8845070277843028495
5034390428833157515
-3025078954411390606
-8614089481402524832
-637822373983093524
-5960146513534666009
-8674988744730325649
-8024267536791682941
-3504536217309739735
-7245704458716021218
-2287851844542720362
-1117474188451126162
6623413397108065012
-8632340207325867058
-9102394513474852521
-7580174793432694910
-379581185144163525
-4518277357510716219
-3841022918794793779
-8639985872866602225
-4607690150738806997
5486195546012435922
-8179295636648193503
-9017948248006744661
-3660367244708641095
-6978139764151166730
-3676689509815264230
5313469965702616030
-4162994685781062210
7895183040333450631
-3444912221444367721
5789321849642490157
5368184685084710562
-721345658600659223
-4852066375919961924
7625571399575152277
877007718998642490
-2971614073235278284
1578639738571101805
-6947851857568224831
4190483117451913170
-5497462908701615183
7204390964344035234
6606939377623343598
-1352402665499386002
-4502415676646026100
5414623185884241116
-8861247984813980542
-4704694646844723761
8235730900015365145
-3341437670682577355
8951847208368401337
2968590852231546163
-3638135861962192694
6090502742316918973
8397004109434396789
-1591858988809726813
-2239115311790476820
2747663609806512597
6945811288069777255
-6046213656226350855
1096342551080521861
-8825457581365476846
-7496733012078486999
-4215753406081658590
-5387493271139221685
6452042265332228877
-192109764644368892
-1258290565736909059
-3884354089817620738
5846373641239353025
1911103980677608094
5854258938976599280
-2206916368520073575
-2332534469077165078
1374587718558484605
-7861864369535371355
-197191453017809352
3638408392133902252
-1149877290287380223
-5436324951391290113
5408615938838071566
3228107278434894805
66791987561738831
2112908119722670890
-6790568876105963982
1958767413798070922
-196905098310608712
-8381192346933058461
-1287722681973499081
21169794739314096
345028754372686725
-7922956884404740429
-1214138263726272625
-4181055562628033779
-1970335374696016931
-4882168417360653251
-6332342171139710920
-7709343242486327186
-3550446168444654068
4272814001529053044
2572726121531676728
-7407917544745061860
7058410158548173765
8362950700080792069
6379044196794484532
-6851259058848076360
6732735310533645884
-2633583843191043948
-6634231744465425264
-2618933184617421022
6106258853574594202
6138282291565605178
-6600295449383566947
-275644248737079209
-2291270481099482404
3751491693929674890
-271205646755983468
-3648776015301033459
7192661314674735694
1869180684986365924
-2011059315613645253
-3956478321308845027
-5300943990803685244
4005640846565852425
7342503754986235224
-8703942182976551168
-4112189355163246503
4291790529978057964
-3837848070019726901
7609037985253688895
-5459210346502340249
-8318240987774767951
-41781595286777293
8329268511725094038
2385221676674922330
7410500348563139707
-3888783051049856652
1798815386048874513
-4138216962317559814
8791932134304943466
-7584810034725590483
6532734307446417453
3851993707837016123
1709359865502295805
-7692921143440432028
3366604656655895160
430351506964528596
-3154619443234537417
-3550345988574105431
-4620962224278464774
-8442124613640493874
7912959915127771276
7085792432646884865
865076898590789815
-4454751117165837370
-4963226503694243463
-472201819340337014
-5801600033540442959
-6137097712881164037
130083090643965111
-4511965711380515430
8120816190599510816
7875769403671815676
2733373584609181011
-6725137631821586352
1707525788356865522
3538972280896941643
-2949691023469781274
-8244827319967198468
-2764477085844964666
2668928576652375001
8686363880668204226
-3296769849261096014
6341197200517015516
521508880011585623
2567758544668393441
8746629271033335529
4460466136216846697
8349261220249066348
-2539136596644743394
7450175676228630171
-2945692184412902800
-574908196433220401
-6545859688906024007
-2676772649801123719
-5712308173668700808
1118789110679876827
7950753423577701770
-2078934873666915462
4180329756282422261
-1383552769801924286
-904149509565237259
-4883787416962594444
-1578927218987986345
8086713642394875088
8921108577306538563
8648600757428278999
-5959498815804567183
7175009808925415449
-1406388054449518565
3417095356802605800
-7242243224927960745
-8155704171708207571
-88968391224628652
5544051911636211763
-3160279273152079818
-617961178643639173
5563373915177101678
-6353951600350085191
8900814723290496949
-2685740146806833734
7567868845945212832
-257663851311254126
-5976843273560971212
5902280691910119414
7895684372674538440
-5069074862516413638
1235489696489620783
8683512701788751140
3912770568011677448
4945334286243176659
4570223400283490780
6577432798142639817
2964918905991266675
6312543534521950013
-6173000626297138435
702938144187568887
7105456070779861983
-5380337948622548451
5805365585530626048
2896483833219100871
-3755957052943212694
-5042752256894706682
6744878781433654162
1889554510163227882
-972407923904745361
2545528928810068798
3171871945841009829
9101509326998894946
8242269349106612077
-9200110721268889514
-3743907151073625280
-7120913418892204873
-2324499446021090733
2401586104351813952
-5782198586118186242
-4393546565401148777
1741960804969617589
272870080341219240
3209634872386466614
2096255481334006869
8473225751824240340
-8737624523465337873
-7884221413688099630
517181285407123039
-1107302288870287081
1929228170052995216
5621927056620047417
1151525964933303716
-8857451452606753330
-6396083455582111681
-6522995320035195324
4428993017839485339
-1788329809089704377
8101422825982838219
-4023067005935788539
4409236085912064684
-2477232838187667526
8994153529024390173
-8656940581117684125
853598281219276010
-5402016644811980226
-4714618928926776655
-2247854241819079272
-4864661815642046039
6303083784812454121
-5570079952369716816
3397403696675995904
3373204403244876460
-6982245901198596908
-21175544937108151
3344832508706391377
2822262906206163080
4773748781915551152
3734864732580518738
2278024997039989283
-1119363168627668232
-2238682620925621582
-5730657331793786818
-7986102923834457404
2493047429619598795
-8271360398503521458
5011896052926260617
-8189564723281059886
-2202582896081370144
6830804015211246920
2467240304420614755
-6107858768226557747
3853439981896901897
5506181192544758187
-2919601026240211116
5455731639774117174
-8307103810465346753
4384165409577295022
-748272583326965689
-2233931270753822766
-8089386275884839988
4411924386250261931
5396478157158997651
-6696563209045434818
5562924156786345630
-8689026568454226099
-4094700948191821361
6183108308669106864
4523306485466992876
1559004535076413468
-4297381325463858263
5080627588716373176
-3323801123589813753
7145531335796638341
-5691516777185786264
-6546485298448071463
-4937987617049142807
-1210816494598087318
3680499066405156866
702772231817270218
8873374675685271687
-5489425141205466285
-1343227561657620205
-5296458012397478662
-4436359028603275982
-6646558255056781807
606652372068313253
-122767196698019034
5461529416188700956
-6737083456772310592
-6925990550609947886
-8223705364603314905
-8327086951067405420
6288329289976638710
-4629678660664271970
5261058444040989201
-483928148168985736
6476433804173247074
-3208618910249552629
-2041287004027837945
6489309472089725652
-609961530903083881
8729551552744464377
-682251077422557367
-1666614220923653683
-3304017285639489120
5292945746154242247
8772046945261512869
9168390214992605875
7063690301399289248
1897699093741360288
682656374194358545
-3479722497163949122
8839792637773772322
8083799352698645781
5833784254568863678
-6019954926793442387
6325623038835533475
8726276916472501047
-7128497835357250356
4224627741712075927
-2293110563349054396
1097354976634225128
127419051230950374
-444891700592482550
7880626015623032276
2914837221772991512
7729447798700649956
6762738072906662222
5886945379112297849
2956345803355522276
-7541123163238504384
5476187648855669544
1598100171178256038
2551193028436846591
7221289312500030376
-1734159851532369282
2257279138439019311
328569176056939051
7917494463033677821
298496610919607581
6720658961478574085
-8182403824532634197
567075460169141058
-6613750611954208452
2418292339009143695
552910058487370939
2652288835714776505
-1730972913814463808
3632911517557431015
5183325711202637961
790764504134759410
-5481952175925436992
-4897754010581514240
-4940398636312999731
8654558227765258033
3195905805155300153
-62562549883543445
-7549054361677361018
-2082374814074413524
8158640644207176357
7997936430577690354
-1381596035207018024
-9200118087827085040
1958574382863795102
6927739793875817654
-6466629348493854280
-7896633936396762882
-8068913665312809257
-6454918855321439693
413922287658777418
-3603354754693434584
4576738690932341971
4120348435558583459
864143587919034668
-5631600935567649703
-7971667708415421888
-6025714007154293831
9040980055458139353
-8025338514707214072
-5184544955286852251
-3772051597474724917
264402977693349256
-2024481269871643333
-3746779687536731715
310464232399373313
328809495219535792
6159904594793173119
-2178967413040312276
-8435154873040587927
-1369929069506979072
-6981222122321969182
1907910193782534102
5793212866318713716
3509467364497606946
-9075243008349351419
-3063279984720213598
-7360203698507914205
-7906724839238872978
8440928234951833561
8848099144587327161
6120893448524241067
3265402370770459544
-8289003619589058015
5451905450280098916
7730898268194620337
6378081561760301561
-5678329943222792167
6424741951513729599
3127361790295405819
-6468333912658330097
6334730907068214189
-3633544071092937510
-2308149003921375975
-6080507065215326111
5914814131715503745
-9189143820510436319
1231446727398843298
-2532975724435891680
-31093810500572227
-6198390155063908657
-5807565342953010107
-1673921756938480152
6407112423247543264
1518015175237822672
2045025690217723475
-6572775184414347289
-3122943553314816717
6814865500604711387
7686852921405602687
4957410753601008845
6612368776309150688
-3909106939731443378
2662841829693725326
2893602981491976256
-2865418242764035464
-4654245742395262724
4893725135723550026
-485433830463497878
-4242990048629775219
41338038137286534
-5305770400048964095
-753819606195225798
-5297732637348459054
-8144808393722799220
-9181369874500939122
67770216876260777
-3797565500263408220
7897989400619002397
714506721631174883
-4197611192055318287
-4125524536632749785
-7033141041282323673
-2653359859176910427
-690765265080824576
-7456389748464165843
-6067315961672888431
7676871725799240477
7843873508554844850
-7892994664551411450
189689151969960977
3142125584366279578
9036809808117435682
2313910457053810426
-2954465860159591703
515131243225941350
2093862288104514911
-2491295075430074103
-2352733223518199909
-5995182515312344320
4917757506643450045
-4433808345588142751
-910644165922705416
-310196880752191494
-1587276059587875054
4410300344850072926
3939310798229879235
3352883865295074854
-2339806254452621665
6545681997782592318
-6772850021364741409
-4278779240165841842
2510054310477573759
532983184528066302
873653212672846819
-8974138331745737646
-2289260904733627493
-3158078684317741055
-1348712335733440571
-7969539029669337379
-3497801919311269603
-635585970045571388
-4230421011130122536
5254446183877256642
3100183533892022853
8076836679068060469
-2564323881096875982
-4317894431118936359
-5219801840957788766
-7667768957498510470
-5045767226044389411
2804918332676778930
5850147638023012447
2588930825727006769
-4721262018409838440
9126464774434730883
8900634966789384798
-5230786254626815947
972226836901250766
4382401165841825133
-500490448370811639
-3676306810813975485
5695956976802403482
3497710336821851602
-5901447254709666255
2043960915041051333
-6618883925265232870
2576798531612798022
-8969602264106555285
-584600156999988683
-2885271291358504066
-7633668043024134263
-1669774204189095377
7510139102920604476
-9188803842428636849
-6305854771543749622
-707882244709578063
-4302374423794948779
6092327479467922189
-6254689367141266562
3039269453830304465
-7166039671151744339
-1669554508929767987
-5912708939048760345
7511435957052821865
-7600021355589103519
8995074783266519343
-2267706599115558902
5625543577589078436
910556779003949805
6850746259396145399
-7259214896396368976
8990416797001703736
-2044312006077040031
-2328222511047854117
9137742750036493884
-4252620971945400204
7842422946660594582
-8487722457214635503
-2134676756411261832
-843487078546603521
-7175300085413738661
2219980738914443899
1736703221679623278
8694250998951316750
-6882842299011643739
291167378049140115
-6161999155262783322
-4275809732038778468
4735244314239037427
7191276209172042941
4335289803886433022
-6448210045931003843
5478546733225889230
1848788487755679371
-8503256796577377511
8505211602918390753
-8073137608396413440
6055195033693549744
-1614855479107552661
-7490417839040990712
4445743052739668940
1667449051069063137
-8141673596271005309
5536812654377865982
-8341003296839878347
7997663658066548784
3426977744018683272
4714934050100677607
-3609382130547271171
7463373606244699472
-5845338606978007946
4268464660212482368
-3516892452813756406
482660546337196708
7846120122796960118
-2354023629223036379
-1101145526376054296
890444336150058401
-7051816258977935152
-3241507193863491057
-396305529012901139
-8493753370135373863
-9068225997654402835
-6448207842799474824
-6427508475770526153
-1635543842752215760
-282218635358677706
7500866077158214653
6264388122257894508
-6861663045727641289
-4261599285739647458
5339374004599205848
8263475465823860578
-3807753465416046376
6041376180294449241
-818185667749058834
-3473289940094936720
2175394528472096868
-3064185992735591140
-8017099813502782790
1439735583881687240
-2355677307646787056
5726489088427339329
5600172490637607965
2435448077235785732
3549608085935629494
1456122324834925761
5880761370291094910
-4088263061445825570
3035769860285942565
8564782103627479487
-4539112459758473208
8102066113933473168
-1121617065824975872
4097058715328048747
-1213160123480650810
2912023549285440471
7567893674669339601
-5761484147136813256
-6815116861564751917
-1083762805802627533
8667307373187049853
3842059948201356175
-4713715041934742240
-3178392930698556097
1510696743562506905
-1631321299310087815
2503123354345144630
1868819120085453085
-7577990484195262667
8724728978573512101
5483404567476849506
-8800353395106653457
-5043708449309196340
-290148088173019118
-7021248772570639387
7787442912578197408
-8606773478374978130
4860185450096490555
-128665972332062695
-8911164114670783550
5529134567012564158
-3749278548618590368
-6477819892689824380
8539195983855931798
4140901001097960596
6856154420137285851
-994164904919367139
1439121259138976745
658265173375206847
-5624396541296617067
-4083179769539129078
4565065712150578684
5617290484777891336
2295135738886891757
-6817219896565878319
3997396133896735108
8244549352126597649
8760590255147953455
-6330056712494712967
5600287794155543232
-1762362256116353167
3936774750659141377
-6248532018643404866
2147295819567694717
-5643431808720590810
8619539631412495403
7336088553884185703
8654880407035396670
57671637695628227
6337665924282349341
-1740945345012615429
-1910413616097315286
1298406372916604372
875081530387067707
8254885478371535949
-2841023275931467722
Matrix_2 shares[0]:
-6175300421456531472
-5113284333325351246
-887967469633965479
6849804023890260968
-9027974610283676052
-2230294657087374387
-682234766946207021
-1076812281215486955
1790826337290794465
-7306398148887975650
-2865368749462051471
-2447536029523473868
9107332564555145449
-174349703757412122
-3381193962331611969
72606799707016205
4703887066026218429
512569618116194014
-6530723921680322092
3738913865026300153
-6066534080117211002
-1341378954724920983
432336691905167707
-4083118375377422389
1990215094544336721
7927082164109348248
-5307511105870850096
-6521425262278081513
-7165089492324751448
6707945703428732229
-6571152427325312538
-1631910561114534335
7877148909701647864
-4170468405270544290
1907121295390722918
5641455154071835407
-4561289607053703135
1104960470144235941
-7100034881491325703
3513128246045052001
-4089603087068267457
5649165650302792523
-7275010157635245105
-743780779733854818
8862106378432104422
-2947474107281831053
-2267035529960900484
7881805506759302422
-6317284168622299191
-7605245828197512904
6001919300562413072
-8412639936446710775
6279070505369239269
9138862979759639235
2759126136935932795
-146273204131023901
-47000731752034254
1918052683120059504
-440026763878975430
2812753575028393076
-1637861937846760875
515258752030539094
-3004002551799230872
-2743847279053016930
7964173950512036405
4810830162040390077
-4428012687990063412
-2735387910907669243
5106093775190238159
-6661908846683098165
4189446122531122505
-5408156906111984403
-6982538117171127275
831037547557364904
-6818073991882736399
-208464088569698719
-2895711683453488744
456585522257642031
-3602935828649498462
4984706103387102531
6875638311229144793
-4388437941299878354
-3549511230947762010
3887273540242975882
-4785400776826297982
8890763823163117291
-2195677499708425933
-400903355139443003
-8706543337715704150
-8190531160913029461
5157489556649717216
-2457906645213272644
-3490992404028120729
264580590155875051
5082043119050563851
-1778013568724850090
-793139051532610735
3819724311308979877
-7394519147300211956
1875938227875040708
493468392427034885
8226733361421974781
-8768162344141776734
8191303716754202579
-911560772541370739
-2980625255798092624
-4077209029603927355
-3835676358538626043
-8311045086881396848
-4474180936999506323
-4891938504421284609
4778412839284572289
5400583975484195239
-5000792868918702130
-8378221973602614710
-1398361270426785000
-7674400829182298623
-8474617757920202836
2584909521333884458
-1708585374894342623
3727231386953580149
3446052949374117920
-7635549677077451022
-7704507424817218336
7963165843416201837
-9133007116152278575
-4608992560819212086
-3720940435866857404
5824277047138527477
-3168495974661276430
3817866557273362223
5201698422029320810
9129327401479432025
-5547483985004812820
-5042004141886727732
-2313005448620087711
-8087415764150593448
8545344195825390474
105443617920435134
1108758150152786689
-165089044382694052
1246506627331687567
4500210797875941095
-4301383309478881512
-3801633093083629730
-251402979752897434
8830909969902065821
2196673467691502085
-555453938912712414
-2721392946573260164
6048967798409986103
766623535424104804
-1919563276945493297
-2710428439206757737
-3042400260113717451
-7488750437454951650
-593437497071803762
-7618426564975202821
6918254049909065260
3913351898612194324
6951617431499375779
-994014471473993803
102175103501861382
-2024366029178303489
4768249176546786957
4430711361191752267
-5429831541182441767
-744174205074072539
3029549393283707090
-5238974465584666899
2609823092909738527
-6231686219217009834
-49525316152438791
-9205171423177520203
3389824607272629332
-8519834942493097564
-6414695143537888126
-8972582011690852007
8147620975929955355
-4482110946306689299
-2048121882994588389
-1064595460112778782
-2304777656506461186
7895428335455068222
-3890636221578764590
-1930837427878189164
-2813190869428833802
1453774019700319033
480740566737439832
6149222728210317735
-1731353624195223663
2521946543592711399
-1327636484741605034
2198372983671275850
6294562496846424906
3802445747958566504
-7646897380977931912
1776729985435544313
-7713640021155069647
3485811097231708119
-3495239879528905166
39802534379398182
-1984860330465627979
-5117962718295942374
-3159693832352932987
7851939246084951133
1889350898691165882
2895619952873118861
1131817631657148356
-9101589247854192121
205513365963539477
-4772220182052127078
7974665663368101300
-4178188459417733805
3304140391071778756
-8186449156309828019
-7736802050298017679
9132420433796813268
-2501101762373000023
3343230042205331419
5797368458009962651
-4128078337476493525
6773065677664474680
-4163797269976181125
-812834938793677387
6243419578275473305
3728794673883597988
1334616268663103978
-7073100813912453028
8683800697919467895
-6873474401301141086
3754556219721304577
-8581667213599710376
1403345274139846927
-1944079265389345044
-482117659377659928
6543699354864595582
-6658108772148627775
-6104931063128124862
7994310201353817573
2100702499057805741
-7299965885870731407
1164807503678142450
4106323795215124324
-7096417413248079558
7114102666096020846
6121322061955187468
9134724994200121062
6937920089960448563
-1056277262615043654
-7389180469124564703
-7390868927590576292
4617437378191553939
-7270753910913451476
1071494603796536564
8476431658145225254
2024983471257572458
-5534555853785992528
1917422988548844704
-5441627658552294446
888056125304566920
-1653358090827952824
-970897062505109581
-7308473248533164620
-4096972092187758452
8383314612116524249
6096429709616820920
7316026764927595403
-6816130902940341925
4617549570174441383
-1456107529506621195
6093710513837373455
1501636824715260628
-2352100751414270227
-313352394444960437
-5570349130455033680
6497419841889302674
2497510836142361626
-6737090905754421129
254111280236500706
-4337799063603173598
4129936752420499263
3063966581529486386
-6835732994973513898
-3488547916416541117
446526078194777363
5781713261909555608
1881403993836171563
-5010505064125303968
8233001767304429838
5493821076347972941
-943252439223870431
2632406803049029909
7236673073303911559
6955738755711174892
-5109291906986771902
4176787818786440556
2424427555620288940
-7811984236671307607
3826721904945396157
2636515056947117730
-9141007593873895526
2549617319917698911
-2726461987996258282
-5356123152015789237
-4264485870229396886
356100170491050733
5280021237835786874
-5308786560696149406
-9002960441190056405
-8243077916686916710
3062238101960651073
-57890234753235414
-9204659764457612749
-4322820580802755517
3362534437302819536
-2712994945123993735
-3832308259580772845
440278172498400581
-6513648520870717287
2216683394282386244
-6901773864117820176
-6833514530253099381
7993388498491866069
-1745743390597741773
4211509031924507518
2749900726827355787
-2270465898930410315
1599615630518959098
-611236148244430014
6541149864281335740
909184242147861947
-217615339940976369
6323068303158186740
3681022800220140658
-2900104061377974652
-1900452482464623988
-453681881324532872
4807226245990868736
-1325042044317945072
7821081167888409410
-2890271413653211561
-8540620990762490525
-4129081891157430819
-7993205085692418433
3874450726834030290
8796170487274592346
-1906813508762816017
6571118543529053360
5417226517081856096
-199340582334484845
-6979977403293561062
-8965659533460273089
-2353129448522772213
6942471774542411027
542211873536259421
1817576713320546893
8973859763195995748
5905934721266017406
5569114034509574056
-3384835955885176420
1379844349757722779
-4261566478122853203
-7351262278593079124
-387268168024351522
-2953205714830813774
-9001381666829941869
227732166910686881
5512717991285528541
558263201709031582
5800738946693886129
-7282166516728043716
-7384416981992239366
8956958077773222161
717457921781131501
-2827843112558086162
-8473082549886597933
-5135449062669477652
-868345908107890449
6463866572362610860
2623608084450972289
-3007055137080587668
3626334593923489191
-4067527590623940296
637363551301054867
4142814604359649458
-5102260313765639570
-2726533339956135315
4188092974994155400
-1437690362025034510
8197450132442489897
-1495993158937448803
1355172128402323876
-236403699764392873
-8627528714447048649
-2726609453949522587
6359221646321282018
-1311882979713310995
1285604907807440014
8336106956590329539
1319368540253789266
-7777842198071478913
-570257141103849915
8899157594440187471
7958683407577391250
-5259040576762446185
-1436107422063115125
-7504712360692768565
5560148732301978651
-3745763400146883419
8623739012271040315
-3153447813795261223
-4791624979206865911
6756683931122778581
-157157688358061982
4581036896935926869
-9144170388461331526
-4368724203294000765
-5410834975320704665
4555172935721371040
7426056160831732566
-784598704044476464
-9105852901854562802
-8986724177838916242
2165706841355096788
-593962527459515040
-1868383186943087589
8239559046545913151
3738560487323044367
-4708808856660399374
1493153267406577621
-4607460070256058669
5405132535635284856
-4844013401185931955
8792227372999270174
-891667682501640404
-6764481685556516274
-5500164291918239287
-540841573263126248
-1672359194179732366
8372104526812974570
730889772024605318
-1450874619601193602
4275753362055380726
-1245755309614560111
6663262063107479058
-4443921843290342441
5972522213694524220
-4872368204616828008
5035233927426328106
-537826649768831932
-933710106515093941
-2500384975568419677
441343445030182092
-8778507395249336754
1903354412404087475
7939836784624452252
3258370634527127623
8379564263308458777
7160784565938896264
1215255748614527936
7891466539559127595
3043900295995656749
-5614283387076278401
6129486837916088448
-5439652417280948666
-5683262993671813296
8033054910379664317
-281482709280314818
-1844311211467449948
-6911325570481766129
7304744638917958779
7581269365346555509
-7006010630576515984
-7528623052031787658
-845880938694460180
4050507519502501193
-9094104225882813382
9088102244109270876
4597506403804934364
5145737434183550125
4224433711105458209
1734182900534555770
4271427166320743026
3892155778928085159
8533885027984444266
6790845496968921632
-262023739938333157
4286176489409180798
6800506971040544831
3068062310832421027
3692461974213265460
-8064741961561282026
7639297552054281206
-5241033730232783153
-7776026100509738443
-883029988086505210
3877319546150551313
-1070603154039711440
484153227986293632
-338085657671708971
2465260497806120137
6348590806415509985
-3794840580862753917
5192627939828490887
3693804378647321746
6303181686088291817
7375373824594998193
2755631801151709652
8503184511794905894
-482748589877792352
4534489244997802952
-2727526193645505117
-2731127276316743355
-3632781603629256936
7008913408108597606
2849323433103074829
-8246475551652627813
-4915123843415203221
690673923792598209
-8503672331779822147
-4836699852637589695
-3485487236176838581
-8376327159415268169
3592352890811544171
8412014304801438433
-7973660713568624667
8389319016297147485
7337715789536017770
1317771842185559917
7493633591348395715
-6060628972205344213
2622035748184294944
5222432606828006720
3418035117625084988
6155180163270630361
8312345907529784184
-699301802525970451
68652735939543830
9151144969047421126
2156144381533460911
-6860054381356503909
-4816666559256508935
526053311859581299
-4667841514308515391
1720339960828494881
-5035274882778980047
5715349707352155326
-5259961377521117146
4051562415556761300
-4347264594965996523
5301207678886112903
7751607468514032015
-1702299656351798828
4994417142110026489
-5232792543451174011
8764427875535562356
-8663547843565006815
-2033134574820873533
-3997839505507762291
-7015497103766493632
-9048338943369941351
7078602928725606137
1067391624400650762
614331469280857507
2000579704164392353
-2294467507380704336
1783614699691062120
5384119130760897273
-401207689153735123
-411876569458622489
-618359786949173045
-5553595955289646648
3720006851374017487
6692968267810489001
-4717385964959413909
-5670920513987283492
5340664769260802359
-910859579289061493
2480764876684363840
-6634746733230578568
-577412651519723597
2638475144165730270
5793781689658523606
3197203717801021927
-5358920396712907464
4898127821922736476
-4860922483951635872
-2168901600253719315
-371005015888782277
-4702970710918731506
1614904013951145891
-3297956016450572542
724138063991481783
3765269931186532357
-6857224223278420524
3296913172684019659
-6467343281022981863
6892941438598799335
-5973803791051178483
7277250914705756540
8119571406718790845
-5412989724069516001
7415044891584128417
-707371735856834510
-5800766340112558103
5978595005669258031
73482138728674039
-5544047889127712476
-8808526372999904749
4022368255475175159
-2412428145926975099
607336762574815530
5623755351978376322
3122994126443271239
3022286947167139187
7097306983358127567
768178266281221786
8303628098107012005
7262658003398762198
3536279206669755925
-462208354059274931
-8256777896220653429
-8454399040498035318
5823654921734551321
967206809953140333
-1619228445568351665
-8099767922737477550
-4582289048344005295
-1509203598841800798
-5860774574014560220
-2623194216289304552
-5174030369693033370
905145062660493852
7423427467746996869
-3236438727229928101
5325026800951563418
-4819008435467917074
-2402921124011748970
7142286707622676930
-1709457837971806774
6687905917749285936
-7219972617728115262
2810669683439483280
-1847698251310201354
3891125934628382142
6651903238253561594
-936491195846248707
4036494895666846800
-4973243760506972000
4415129588512388389
-5327114429193539118
1176685173722089553
584523355530543959
-254112818764145524
-5667369850336785449
7443312383148802650
-4223613305318586626
6895027896504502308
-3707308899060583722
-7203514302179521658
1498673735815769179
2904307038202418364
21979201643278242
7050296874876311615
4250494532506907803
6758741248735601192
3588468783932890837
-7804493293647618526
7847751996294637053
5132937771570167646
-7249107749855537744
6555186871292462477
1456514035738927980
2933768448328041572
-9015462281306384470
608473418144959818
6692902480270083344
3157425395607250650
-501624352655521626
-4898870241026224581
-7896117990232298800
-7425018983672463241
6338890669041372786
-4186046216227634855
-8039085885488820574
-5910620685929581695
797336396717642407
4380964713598185572
-7217620326116983721
4769631826520532147
8939796661164646124
6559627772980298785
-4628621433368037273
-2547512531668736388
-4691140548363785846
-1149991485521092436
737744222281653140
-5577657561464841547
885777402064915485
8756324345573044390
-3827392760279245178
-3979594679653094413
4795169883526324901
-4067396064011882501
-2057355610957864865
-2469957173785876593
-1118838662429777480
-5302668508803462892
8467114631526342518
3118373103532572380
5932547695081334519
-1201527866262656468
-5938963987448912741
-8247584329677228324
7342012648892832756
-6543535013270184555
-4397423576719374369
-1851933227274490132
-8997614853446146733
-7676118685152895109
362633094159588817
-1176527455684425285
6508672849522728086
-719337140209108661
1522779261179089181
-8524745192109744080
2087341511434628671
-9202548866096256468
7327420339586738393
7975437246473228906
-5538567213046372786
9212938291099613036
-5888107862860191163
-835393674654939930
6651595015633561097
-4526334700773922683
5830195932394767571
-5988203671305272997
4672807233186651840
-32155613794670927
1344314459962965528
7197038983234447555
-1806280562526718294
-6377784317735848127
-5287502323311090817
3826551673663604825
-8975946621837351751
254992649269254235
-3159789753777997047
-2420311794456117212
-7170252418121010595
4641497570970370212
-7460279417299730377
3595162033500205686
7717397387361395581
7677644393396548502
-3207858339582196205
-2799735399994301915
5969986984320463276
-6453421701954889617
6086959565736263763
7951409651147192605
2927203249599742321
-2262595546768469444
-5742525415277877757
-7089306892332561131
5081842406755348987
-3632502764560898090
3081571491268637602
1000505954031341976
-6356350787649388439
-6858714603844186299
8120039694914478257
4643500345008717076
-6645080241636041251
91055923745144259
5054020093147924915
3009147383818333482
5263134500118270351
718676249903905194
7742764758390851650
-6700243491720436961
6877045716647402884
-3144937673660845208
4322217930922749313
-6968759461624778982
1109939099986949216
-4177618486475726399
2254534892071343182
-1315222241250781195
-753281412955913363
1810647788299584446
-1333748447815826464
7081495331737284616
-399366977019091584
-6774056228001516997
8437566302436524384
8769920211663275695
8749713106679025079
-5115379184262318788
-4658501114830466435
-869348443659510190
-2855508498358469487
-1796954154398542220
-2762192540192369588
5720769005407868127
5797363093415508933
9182579900440068358
-4752000697657481775
5730745859682643999
8452618888522813973
6968711144936843691
4273103632594899297
8849805077998356463
4760371302208405596
1073256203447775285
5606425283854808072
6063597923446028962
6952024742147747949
-5985845193472328712
-8931086791862551524
-5897175290121429693
4897365728877815848
1969407635864639235
3435349187436020578
-5086959212631650209
-7537021453151713081
1398777546721067067
90405784775197551
6955546403939108231
-7070487671081864724
683373009146459572
8760706369314510729
9077360469459401898
-3726555515964872171
-5780422335919157782
3360912328826251594
-2500943537096939122
-1328360772219460980
7701045433413743971
-400793266890010204
-3800856751064443899
5618722647989140617
579524248110805387
-4113490647983425518
-7044611020756719333
3894951200128562379
858607549915745823
6711301641142698140
-4297984246165557856
-5496058485469607412
-6930198843620742034
-2044410209553415555
502939624109168824
-5776624871962634832
7306571813646478168
-5856150426461035825
-1487893616907431264
1606537856506917677
6092356876443246499
-1201349293340851694
6448727381817664646
-6903731596031097907
-4853113341796961977
-2791278514312284171
-8301588103407057926
6386293300780594608
1107701655829594354
1877844720003634931
-3090129726234156664
1679997831738961048
-233847858604156948
1992911971533889633
-7768293583347533298
8729523614904798416
-75174092146053751
1387669209433344755
4195746778833629724
-4698286372138036307
-331913502418000147
8928022215389291643
-4153891604386745297
2147794711073099838
6357244568212666282
8678183369435896336
4028523097342681167
-1982148911506634569
9149861562184344993
4061583469933425791
7287471452258143940
4917912653068174684
7589143774322817921
-6847817313776226279
7891688725614798573
-4817133007991201382
895186350232558923
7305080435402879707
7922684091346406684
-2577698109399556904
-2411655534399986953
-7787076094106340862
-3742967713186517859
-2474421518779203072
6606952199873195321
-115659617152071594
708904485324312639
6694933309378074608
3864594428860131475
-2573723103626840901
-7989992972268400127
-7822222888265960578
-635939815038292768
3930562369636152372
-5427685130311265775
6085275389546265006
2009075217752047442
-4966591839972411753
-3984354296992757795
-61450459299508778
8652026521217284808
1188696707935562319
6101874812313154291
5128626344192539964
8289004205355370992
7812661634574823467
-2753789694886009492
191150991704269287
5907899711088028066
631048944655330059
4143526350772226803
7792560270308923947
-8062293161252625171
-716608280802456647
-2964846500002453498
247970136126462372
-6391986222596780660
5808759075670858179
4847277834070326609
-8974646054107469243
-5732385321996308561
-3445410743510010336
-5684733297310131697
-6365110255207866226
8552656250314558447
-4211743363511578340
-5586854629351964327
2276403375475058932
9174243298245927627
-2269593741735020644
422463427951400360
-8022096640072830176
7703497676941001887
-5086703435742519502
-3728114087740685599
-5645054153234605662
45153243733933092
6906128211254327343
837512404308573081
-7429065077476862074
-4395437400270367981
-1675641114994516258
-3428229937821049152
363203248823559978
-6816765192788672085
5125921863497193154
7734295375756141675
-5564700295990704181
2359295090312992747
6883714991068869695
-6749606930673750596
-4110631688809350217
4895212899833782132
-2434398638476820832
-5559485560461219885
-324469691506480912
-1179272982441925004
-2545677891917237491
-7775146877875064535
626795390901543810
7216909200641680655
1462230667422797212
-3793113154962219433
1366222704507653933
7388052978145935886
-2412801467577131288
-4119157858823630742
7801408258140476986
8019359606382425114
-8928842575548357867
-8948664106305763950
-8271290627403344601
2598033459354834515
-5041926554591611133
-1794511794266855681
8773526620161888979
-8380484851291756018
-3667757971856572698
606111069607054685
-4736782022422424149
1266956276084969193
4460404128483679725
-4078135608589668679
-8452153925507042442
-2113146049748116981
6454182848820957953
8382477116223284661
4311382508132039323
6438141972346553150
-1270751123203323075
-2214860584614287979
8450719992919533147
2997073653620652022
-1483839072088849876
8091873393031648865
7953374278114976270
-1749575413694588572
7106946842965823347
-2571397293902936075
295905256851726601
8148979645346547202
-6603396096908380678
8255302402246031559
386639697446437581
-424035750178434954
5104308717838216885
6458910725278154960
-5480455792773021395
-8784556163821022431
2302743252445545379
-565006049766708709
-6715353932300322757
3152495854799416920
7295033339798379026
-4053320029077947060
7487417439395823122
356168303921290573
3041755909273684166
-6109954525757281838
-6046179493878615061
2861642002783939183
4198727528286086508
-7959877618598831596
7982234892505953126
-3119307778828578350
-4964980137127761686
-2217973499177004097
1776878557905088273
2550740869992732407
-7380627192949546584
-8822201396401183076
5456458421474219284
6892267425389562301
2797299913021345829
6795472444420449530
-8217201381171409625
5455819341088967302
-1585550260712732502
-7983850242403892097
-1138911139432164458
-661005530526377528
-2770316027701257532
-4419699346143035888
-7854882297440435249
714695873185782314
-5610562708699977739
-4253699353814035209
-160810506924808397
2517095562172417904
5344919253207108987
1941959894514492229
-8443270971551958880
7983768689864700928
4517565621504298771
6292030259990778017
6783871782937838061
858760500936877634
-8491204796096043041
-2411511746641510967
-907645552029310730
8314505965031599422
6122678058806641328
-5619867211439755023
-7726652224079332366
1185356631698698873
977674391368885465
-7619185251281356923
-6334986753441654618
1510045930530603120
-4483037302740434862
4940046347264095125
4107993156406793561
1241784185684976942
2241118467136968872
-6905423509636432579
8945062208816619463
-4824914125991529823
1585330234211996455
-5941549524142690935
-3423763379719956467
1206786328453426874
3310392366972909631
-6443035761126288730
1029568037067477129
-3008012793996361645
3960344540808789814
-2613601347222039204
-7509893129739287655
1595281080562548440
-2974222549476014089
7942639416456979973
-6733271339537635553
-1928385837134776889
1289635158783160794
-6649789027694447498
634929742400726065
6024184665255567628
417901185315301585
-5248013322233449003
4626931525691857117
3504945670164605961
7585918509439747431
8842668037772672389
-1147664176899010678
-308169267409800165
6895120603496455077
-2877224545033248124
-810415624820449514
3915754525395138175
-3405682819625348976
-335765357019057175
5955842158103150609
-5478943191029905208
6257798341696277742
-617508139142648588
-864347723437467091
365393125385794634
1761834477255402619
7770227660517530094
-5470056805461025725
8659064805247441840
-7882452945094700363
-7041907978628625902
-8443815237702058086
178299649477353438
2333090398437032522
1698961720322584241
1205634672824720817
8526176975855500985
366799181846485788
-1641250360269087749
5117343989302492261
4884872575785588118
-465201974801910381
1016530504117293897
-660302280092045152
8025479623277891391
8477980643121945219
8428562915504719656
5350847346601626146
4588964201421875414
-4409380069825138667
-5030128528015332278
-8120803136697443622
-4936324177099616143
-8411563992652831859
5060874424984365144
-4743968215628365435
8477607250702430518
6753225320805130413
8824430187410279981
3989031363701042930
-644159445598461749
-5588025260408895365
-1052255254965450768
3573698342761515457
5870412520461518955
-3183404205821535713
-6868713610011023163
-6106113323304511566
-281128590803834169
771994161100075962
-8906642351598387472
3419963683211590420
-6395868509435004796
-3931618752044462966
6265245507844617234
-5888017936006402591
4333429040414864968
2188458478449489044
-3736884021406622261
-2358662939490825450
2098710566790991089
-111328723785878564
7681907455299100893
-3581924279311312962
8827324262841198875
-6695640191542290529
1175401237377752379
-5743454389261239068
8166059858263694129
-688740486715366052
-8981817067746955293
-813138551409322659
-3671964736231554571
1267611676207793944
-7651387629274379425
5397039030454144126
5547470573796022403
8061266349168719057
1877124036927221954
-4506535653121875407
4474224838361682692
-521769844858386908
4834762615795238825
-7947426454259861392
-2785949551654961387
-8336670615682902840
4537401389302697182
-3645320465116445816
-6719850801158740336
-7877973798004072996
-4096719957485923826
-5120341127580308754
501790697409318653
-90508911886359195
-977604881512626082
7586935403815435165
316724443941836699
-7277743253229022430
8025704428380252577
8385720342841042654
9136872996519925156
-1035206091328044075
-8373401973137916770
-1328033780380931423
-4824012095105601515
7312938846618193069
-5580070430257938750
2219110229363739377
6927600444563574363
7278252604442713158
6334332911298803973
-5803173287185445455
470037897145687100
-7474007546973940574
-5905503150299574740
6104796067118143633
1945608345090155312
7166328945559499841
-5104443001105639710
-35572384806571844
7681719758548637630
-7094155436345107463
6965078496242585014
908256666611274849
-381093661992548275
-6681525234486029051
-5657423110296519076
-1623500529780586513
3309996961556220319
3215974570670669889
-963027875686040634
-2782251209860412713
-2947355992096986090
8732051575146187429
1045903456596983971
-3576711054055953987
7155347278860280941
-8859480785416513100
3935052588477388785
-3731601424665495906
-4931011963104558365
-2882731791569473607
8943516653500620986
4600587669690699578
5522561166971265589
8230385415763850357
-5875132631669987683
2884632009432817748
6766844672699812082
-4479871791963743463
2912908555787727082
-1659564362653509940
4268367129167419298
-7374630730605672729
-7014404660182835544
-4998257939708103330
2434256612351638531
2488178589903775361
-630056251581625274
-5110275243789581286
-710299593010109899
-2661757739680431345
2018986217580437004
-1214860673114784967
4741336024719264536
-7321798973306270665
-7590281789461208181
7219591717141580897
2896121994451185196
4573661793682653184
5320353002209866613
-1999989791604001865
1401215842415166159
5146499215153303996
-4733450280717526775
9199323615460151177
-4619851319588865698
2285294502927679142
8736283836521562419
-3220702984101918859
-9016237039440195377
-6155541286536854667
243183768007023382
-2576997968671344399
-8917833867083390219
3044445294234417468
5591134456810154579
-4470099125099347195
-8203809125054964311
8751224716768563824
6864584985143489853
-4603804576000058877
-8397181552852387993
3600865228701388321
-8671607866560414090
-5975133124206099456
-7689567543814919094
-5808021167528345613
-5501531942053581885
-4417002320141951193
-1986284480495584934
-1078405955713750725
2714185974358308166
5017341294371046448
-7387712880843282261
-3638282839270313176
7666858729804597389
6433561280621116909
-3968477924685259836
7541964272344978472
-8217279406017938107
-2176552201588611468
5968047857630079892
5397239345369363868
7988885333538714053
6119365346935231289
-5697488060542922767
4595627411095171676
-2061816883700889885
2264784062789569682
591979902267289977
6625405322420644860
-7788217855153321735
1294450168504077091
-1355013615111214869
9162067203169570998
6959979505533128022
3690290647193735097
7481255198648111509
7995611495217536578
-1409021943810856928
6328826881537210662
-8623450491360602215
3019767931013635331
2192807387347082576
-312266679256198144
-2420739958478345338
2090288433220991708
1235682334746800298
-92879216433491655
7524423103780605132
617272592358853783
-8097566979058115633
1138042658675952069
-4921701572062771692
-7382743783991894187
-1721176696086863076
373206418397751415
-5831805536165570205
-2479012628288396091
-3431575346896365839
1759127213111455302
2344324669998091592
3042432766409482738
-3387675403168167855
3968857850371843349
3102905591641602490
-5105987008357110233
-1150558545240693490
-8240468805865684849
-8191205508483946126
772106256793553458
-7103383764490727029
7075243132080426173
-4961617860810653397
5754957924672226427
-2413882669582302063
7203529116415444172
-8765803919937708637
8415271943989923713
-3050763188508809094
7693587774922547153
-2711247762122936589
-3058552939201156072
7129294636091660875
2859000709105700953
-7999708759498650659
1707388274065111658
7422640756250520250
5502138834675939593
2432895409984382648
6195336434977392052
-2413237726951386866
-7145040452852831332
-4323270298607323512
8189490481037289606
-296094109900425227
1240688895652158659
3490825433230701159
582252955470397696
-4971695346092518230
4766325061817341285
-6288100640404166011
8748216009864825254
-1933148732164653479
3522558195475289330
-4235866041261454113
-4726804704805033648
448260398394284453
4034256419278183462
2731371908988524594
-2452480028357113784
-9145272570745966341
-2334447433109051837
6178189361622750324
-9105960871379391069
1869923571833903981
7399715605624274447
-2949746728245881907
966211701956111435
1025392215642413722
-3129288650334387426
9008045638107855676
1236158781773224395
-7187779778272428280
3095841843333480961
7107363299376964705
-8969595996951070234
4194690940042847132
3069489645267045747
-6698801367622296983
-2188334484787094678
4219904997700371846
27748555934396801
3589231185727012810
5900178813534665861
5796365349469850563
7514165837314061363
1888215438712232581
1805700981880908761
-5520686850841988933
4792571882152743696
3143697714320175014
7210649092539768912
-834068533008268792
-3508175003594370504
4923691929463266234
-3621524442596353388
-5797028529193322431
1078071745971349457
6853125886383037896
-1316174292988013694
872904718465164334
-8815400898778250695
5675969140956015397
-8953940161839053257
-6754746935977325228
-5621327104779616368
367472770882504045
7813431745077910595
-6207641041674070284
4715496938118152857
7366356924438102533
-8692222852046053587
-1656112500449264964
5415832797541417305
-5189765260149194010
6260405398157447452
-3808878486549797625
-6800455034431181466
2032744658996460356
5823535652557268709
6539892641746590601
6571131405715523762
5608205028705364163
6805231919440437956
-1157635037474316000
4142621888121186955
-297697413777856401
8228094274717558340
-1145073598141370918
-4229111557636085949
-3220373656892275684
-3023148172855480357
-4972512214496800942
6046543302746216397
-1311638556699219267
7045690209004959501
-2441925378671836553
-5533635138446123280
2349348186206826961
-366939355434464357
-5665125521546302265
6294217274792643052
-3794402927967656658
5135907277758167270
2338880120879050174
-5411986541253686477
-2703129852087284245
6738853208943353182
8549517503765418618
-1704692720667722021
3496252929337716061
-5906414120120323010
-5706222026290800174
8381576300917853179
4161159929947244760
4472799265638910524
4101575216298184817
-1272772810670782001
-4771300887675462721
2108614247274493984
6434213747405855077
3388467686847360383
-3297341454695451540
-2349034145236810513
2352889099190502971
8008183675791870292
-4979623309909635442
-6345564756491663935
5053209419180172589
-3981091636213571960
-2834864199963510008
-3128767079868938302
-8285883796626500768
4836642602887380319
-6547287956044162981
-4484333374347395456
-501210067714480700
-7362595333426678173
-8248018001613800919
-3835659066864549079
5487182468368783681
2686924538198101009
586491032570082497
-4920964536427086839
-6035228281168697306
7629650857821550135
4157880828222581312
5157642030202782049
-897295826083010076
8365328926166865793
2940285700131144973
-9056188211609759599
-8586604111155411564
3605412627464406361
8108336888666004703
-1681689160842689239
-6780497465549074156
4148826467529775757
7748205499549760195
3309458560643500180
5632783104874570683
3953484505537728698
-8967252380984800165
841519930964580859
2087545876914189017
8957556221921538386
197330582294196868
78139008777647876
8968094987212041114
420102466492910974
-2366251875381542585
5668718109501059578
7407206108109311296
-2548548467137622194
2186494819015008739
6416569518328567323
-5188612288102764581
-4748359073675472915
-3998931751373325512
-6474562576184583391
4064816910778045749
3428771365182062210
-6943023894196053961
-260723761186047714
-3129983672294461578
1019914978010354367
5721246403826429009
-6691526112978958906
-9009143972419385089
6040953208498529997
-5589980875078006198
-2002385602737967910
8535727531930055969
-1929107611652233152
997826853105954328
2291780449838221967
7519211798290963944
-8101573749167109681
3477434588804530836
3109617472715708746
2721048196545672824
4534649750401756186
7959334452119207389
7612122510412783450
8284947705665843337
-4395217274831837956
-7327779912776896974
-4695582237671763338
4009953348447184264
2908416079265433219
-7062111709412386443
5608519745301733219
340908862928426718
-2917993132301264329
4570871514006986385
3526307448546345095
119958798523155671
8539961643301306635
901965197084193467
-9104844754070599062
-6911379469142233335
5619942223809355106
1827995276753929086
7654369761366167480
5015166234361826686
1603627068609528811
4661522993734807343
-5155740783896629790
-5812076837591676738
-7273097916330819032
7057687911973052673
-5067103625839133537
-8838575771172355001
3446326807530298097
-4684800697090631847
-3643119772593484370
8039333648942210467
1807837826455867208
3623179370788467468
-1176906038147128446
2988318587965743528
-7191114008382310557
-352151987226311961
-2079064666224902726
-7290139401531345726
5901079775147005324
-3871684260570204442
-1466713157335293782
-3762186846804721260
2055637464663129789
-8562352926325206737
-7941323731046684279
391722510533500945
-4681859585866191478
1349659349551721098
6636272627327663604
-5662958237242234434
-3740935112271933125
-2055216507846228342
8147478238844880593
-1941111762329415031
1615038714730258149
-7595384250051789148
5554874401945756903
-7462112192393055140
-7406241134220507847
1195924361553442473
-5658009009127984924
-7344700714661782021
5764366261751035564
2411412734603788644
374493673541463773
8867828589584311517
-2129086105346490125
-8316113479748706036
-1870007665128935788
7574079079818355539
-4304708861630776487
-6049457256838468471
-4567295395181815568
-1224012046936490049
1102931549960250371
88840858900217764
-3024995749934764539
-5658932720104987857
5866429779980952049
9016048338861056066
-7471584042956144496
-2794589003130714280
-2095006307192336390
-2099343174746286319
4851694454018231120
-1572879239606070383
-6876617240857860812
5661249635352990168
2013340902414899621
-1799644895692237105
-4729079804006286084
8684722132843899465
-5228609051236220101
2208612548023811994
5596959728891937588
-8748249287383873899
6182353263455802818
-4561672745320375573
-2832682886878496131
2842465358095733649
1095533217539872032
-2204025385879880889
-6532345530125169222
3665575354503102793
1728100306279537175
-5798547493090481914
-2111740112290521976
-451574880101535585
-1305022721500795242
3607316072279618522
6189624615090460644
-1834691360061354689
-1812417803479064648
6847551951675662501
1468589326646898918
1112280016191600158
-5365949023378339717
-4241901615909515853
2848415092865375981
-2934284482667414471
3074146031414690994
-3912303154890359938
2212470792549384727
6939541566009031445
3398435485429412706
8206873909952421714
7067403130278868324
-9076979882633484143
-6794482364173931596
-263987762622991601
-1987336987448200519
-6959758363901243007
3721070066816213498
-3511660079736448285
3629789549540415851
-708522004564824998
-2808775998982741588
6357711428249426350
-2423492969268233028
-3086031477784432904
9076767999204368192
-3466968266809901809
4962868206859592712
-3836918073923227996
4057480319630246364
9091308715704159374
-5227860303279903215
-528077984169244244
7981110725544704283
2609325662912219741
-3108095300474822448
-8523975342861101227
6269245605653516652
3620891490816236713
-4000414274706376014
-2605444787401566172
-2872389690917409830
-5854594247129411034
5623391628901906530
8682308325931208668
-5064131609846469804
7571044454803874187
-912339286556797045
-6540818050805299592
207381732796112532
28970678504001192
-9215687180255976044
-4059244758542711065
7709746831113384932
-6531578614253376766
4584901335311716917
-6438368437391557505
-5495534893215151713
-5356906837407523824
4219122168550426456
-4087274935810786615
949934398750894891
-7189598640117165895
1330295015591589547
-1802416749580317143
-5328733423682350458
6401689938061075000
4561923833050127892
8049444033900811929
-3350859853368524040
-4674594880557837507
277911597238605246
1739048797018682030
1894802000420873169
-539022209316824900
-5230505298913250565
-8945867317591043764
-6308339857397699386
-1161592465541658794
3702743242462208000
5223960428074902117
420454021529327269
675895093508584377
7424355038775731208
-391345523639799768
179462157309011001
1985243362015762545
5906950227326981299
-23642409133714271
7699005788839755672
-9210110850966971053
7933103888347615951
1975475239734198001
3950499932185213895
-5867744091980682134
-8809277325605237140
380847076228983678
-3089278625686042823
-4846866175945560332
5800199128794235384
1398809143681541293
-7061914164401901964
-5864832234582652294
5290606114435707366
-5485782440853646159
5734015354134609760
-1832175594736842282
-7124425905004210202
8727201629218283281
538865807930361912
-4215367642881452411
-1530642575321806169
-4590272927917072974
-4851332375238170815
-9176324700178504345
2391841538394485883
1288748155606558423
-4167524246794771783
-5735954102618590065
5724674326789155632
5297267758388776460
3997567932566603326
4715559875319540996
7208710533669129675
1442335824842203522
7483779930063691772
-3109916342563256112
7787743823023748435
-8701085862424502995
-4955213111155015808
1604908413462213560
9178868794420710437
508246942780717060
-715541448898274640
-6106181587947809699
4055215811820417142
-4718436931541857997
8751422014039567127
2000089333441200991
-8418604744304429434
-2474581240983507644
-1298322097883211573
950860745933213456
6351322795718150131
1054322126923561242
-4553953522404349904
-206090690440382290
-1784973422170286806
9167087380261671159
4832756873440525521
5488088033827610327
-3232645396375761819
-3685092215974639562
-6932152521202934576
306630077955273097
-8389894484333552424
7300598739707447750
8272002017722402818
1263215883702288002
-9044378696285463927
-5593171065229252525
-1818284547227879733
7474317855364932661
-5072037938106845721
7327721017362701325
-6735549719999635972
819500534098971926
8920492031840224253
1657771596602366043
-1728930826836940929
-4715400934009822245
-2186763889573594452
-7998081132958141675
-1730840730499986211
-5931510264152822724
-5957946775617332988
-863169998872986324
7612660981437734046
8567233517170752626
6471996741688776323
-3017485504324733774
-6123080913806058217
9001115363826474750
2256022244381755761
-8306134203732186044
7676241047679709497
393634144994940179
4475827671394876426
4939040539169465273
-8511052300636907643
-1494596651271842955
-3884212096936950427
4388614284213870181
1248707600974271811
3767773410186290738
-1189706662028959967
5647452688833009339
-2163141000987254495
7030840735585894092
5784750747064445921
-595538791028399907
-4661503346493549116
7526288161495214389
6123675161119998436
8770981733020805212
9158584589933604236
-3635333934773601832
-8621319270233501720
-4167869394246111349
1816722331774176200
-3096482557661868112
7191355535206672476
1748380240936937335
8711011026776663581
-4969672167311959501
-4055740898660233652
8422169593862583003
1235434742001268956
4638858016787561981
7420917610204786677
7756684501050606815
2123238185212278652
1837867532678517771
-3800965025318427831
5816994291130187053
3849799403367363948
8719231121339773681
2333320955471516946
-5599425064934864268
-5760249138378341053
7340277932640298885
-5509041699300803621
4512200117236608426
-8299450626986385862
632075261019373260
1384173031611647135
-3881344285999925668
-5900067799423089786
-458411915000563918
-8083869817350820797
-3867490880467286170
4157937000637911582
-5635437104114758676
-6350509101872695972
4909018123634859174
6042004016550264734
-5150256936877035686
-4870984446070787549
-5429360723505461292
-4012798463527202399
2200256808301825333
-4185184081052062127
-8086562785186020697
6838425002664632499
7142066864479512712
4330851403742664943
-2689015031195902916
-1683555439629501099
920493881486564415
-8245379662730965668
2743473309527020470
2635527120715134741
-1256342133023252086
3406996903980603678
-1101204592051201071
2189158686396280336
-7807910357047502140
-5403669555251615003
-4857895213756276749
-4571517912461609767
-5188938028690142609
-1605460699931396434
-1513780887072059425
5123525478737804997
7384409598447085449
-7396692246702404234
8784439661235547359
769219348751900446
5851653959529389835
3120043987312391512
-2107617681376975955
4209393549358049620
3536848260582035978
2363323287451681246
-1721784406977279243
8386431016645478095
-7171134794096334969
8064764096212261516
-1738756974283932692
-8121699581516958195
-5135110957038725536
-8367819771413751254
-5673635755632829394
-2373834162953860333
8337033816585862796
5327019908849674638
-2788444883581070575
-1222857175566987680
-8566405743477451302
7746427684044735188
1107247793522194522
-4416384148725495387
-5316077550596253421
-4082138273474984473
4305670362170550585
-5953603570426520791
7337854882293722779
8739456236358704801
6853341192599947303
3517399343528873796
6972328547887507989
4087163080911689763
1643990849899713739
8549002831369068300
1533855474977042701
5197865663424856615
8386114889056332092
5074999961210975838
3774688117416959985
-7274601468990123260
-163822633321610293
-6549105108117769033
-5936390825192786552
2995333919086929034
2211286178970101793
-177160012222131039
6317704573564298442
-4808190320850384232
-8464195831075939043
8143646478619182205
6187077535775224415
-4329955485509350860
3549620385986834541
8027193935321816457
-8390016582112646201
-5463632578901196192
4298192247855903064
8170185074332577074
1485032463193734463
3698707080759262297
2468985335641203710
4158964715367619783
-2996969488324043175
4528615133778859901
-5417569463576347626
-4707025575267849220
-2565988560679518313
-5243811434192520567
4132552563516315185
-3951100947362138792
218839151323326513
-8114944707731079988
-5852687497731814021
-3798102620107925342
-6055122091192244838
-2025551857237682680
-3340466372358241387
-6126877787760437115
-512301173220035706
-3020641787438386602
-2256938238502717526
3135221374330865013
-271040545861335009
-3562984364778549706
-6731341594412114436
8511225001879941286
5910734798862575808
3508071498263528025
4521820163154093269
7364057437227203187
6940790005655393395
5449315123993803734
8277672103374940835
7705891676280844958
-8459731675315759856
5695591975146011694
3421233996044844524
8769291366863383728
1702219436855088671
-860054980452320931
5391697658429400586
-6602600010020760430
2205270895300801265
-428074838521447559
6048096827557725018
8002217087669780511
5586876733064523511
71489999413490647
4729341404705998172
-5285138770413262326
4876736128859445999
-3113433315375123253
-6057601770136122343
-7715495606569936279
-2014764617232021353
3252017587213179627
8341724507947138462
2788571831134111019
-1085352428482341263
922700131710410135
-467828064676054501
-7834182791418157784
-1165533048820765291
8895135107305922042
-6560940198326486009
1845659157657872233
7506160517664100279
-6068914161591127030
-8105147377301771951
-761294898253527231
2075526764275917021
4147202556418679615
-7488863566607502603
-958509246567521489
-3123560874021163711
-8150351601372156068
-1121631324768805707
2524879951803983174
-1119400576350553089
4869751833520091103
-829703037547769501
-8523530280088785767
8205433125067339282
6212007918687772526
-4028325635030264386
-7221565960450812143
-357333940570740339
-7047290192273206958
2459200549080510097
5470747166393072197
-2157839468625990770
-2272443065989393424
104411638113742786
7289864929008000157
-8252014114995508689
1469501436332133501
1341710057243804622
-1550550505432188533
4056619547917958109
2044086503029587965
-6574978399589252200
6474347558139648087
-2167199423857143841
-512016242354584643
-6447179331531607791
6592055721809186423
2473916926080150007
-7053607435245418872
6157945572968275751
-3284413561811734785
-8971542900952252460
2839148500560838558
9151563061218352687
-8818584257527918920
-7132773602576594932
-2961401694008964245
593414368394660633
-10299498761315007
719572813237091722
-1912899993285862531
2410237080897248050
8279189573651954363
-3678194004521541333
9164205426734857186
-7261991686987782203
4953573297852028307
8754212944253122830
-627018956179436909
-7474765644564811082
-5710521896104823392
8041403239938825425
4723233019079436306
-1053875207668209312
-5908398204777391670
496304757547528085
-3178845215591931878
2243207026193748624
5421559387301597971
-3063304617660565018
6827931802817377533
1866362949058927181
-2946063171625082093
-8332922435534181914
372194549653040284
-7765407075990279433
-8609141034544285065
1382618895055188760
-6117399365894425079
8787708477257370842
-2129372367272752094
1631495211194374798
-2958915483734817834
-6511751890542782653
-6815171723748610151
-3152316267282847442
-8990163452271734101
6700949366621557965
8108939110359186191
-9187413863214738701
3855270164776810514
-9173528074278741987
-8418239223889230127
-722643563288592188
3311229409555570428
-6478323928082517018
-4850772745269023529
8404525464985042834
1551699565414466971
-5169798537366460318
-912417239158534681
7921722475479395429
5279495723925861864
-7491852166669811060
-6303122270803754084
-3735335711234977864
5573731469635530523
3553539217476297662
4735772126453265410
-3022885780943727419
7505634867143916976
-2486140423245774376
5518937662125860278
-3080578507598285860
-6281798688460953574
103740239542282769
696369094264581465
7764305795741239511
2625809623800164923
-2560642482356872519
6537785102035141738
7147518261246679386
-7505069310874448143
6437526186656725025
-7703374664748176501
-4900690269831055536
7891388821741056562
-5361384876431026161
8443031878973908936
1109462274000528148
-5201981822775982681
-6723516284346170736
3414795785832384712
8980930477396356714
-4301519076208729633
6539375185996129166
4393406401171984011
7626005608768098419
2681601598687017790
-5931365856263513904
-8102684116581364414
-8133963014160001992
-1624105472412379589
-2126692685588573466
-6887399359530998047
7859543713920718025
-544386067413335335
-199415147755799158
-7138288285688190366
-5492470566652101281
3002983412697241961
4102227207098828696
-1513612775687053130
-6884715319756078969
3623163758258076428
-3156923766976943704
5366596521537290937
2378406299938415571
-3629720777064683241
-1845799669122706669
6389916515734428817
-46141806628533930
1751090259711318022
5878349162414130547
-1162093433556101117
-562197413789907382
-7282243231062916959
438842501273079823
-1492457893035462063
4047676231055162283
8754448400980660087
2853396973443313257
-222714644077572183
-7354388162178115406
-4372644582750247318
-3287166739573075782
4412344630341269189
5340194856124157939
7752268640797829425
-6549799968039347237
6031005927103016200
-7523961374220681026
2526425186053428967
-6273069082255253691
-428556374700658785
4921613267730136844
6200359325922132597
5159104823883683769
-602947962894294971
-1323103853103738665
-1972132137533067562
2607671534174206837
4379771532642307243
1915972074167393583
-2157467921493232994
-3108815884802469354
-2148569826773412241
1372054031328924041
-2974714874891026642
-806561323795229911
2130987536796510826
4597071075640518116
-8249167736592873055
1761774872897594620
-8283052874905539060
-70490965090857968
6145427321162416914
2322145178162324780
-171260697608163139
-8045999103558404880
1579832599894952220
-1580496574180868851
-919930079037410340
4378253790566683282
3984838860150560630
-2556947634726090948
-4385072795076658847
8542912462730731562
8239899880897547158
-5537170922050004058
-2447370793393339894
-1182080719784169902
-1681995627030225874
1328015761725741376
-498263359507538527
-5753323456240024268
-4635188876997801489
-4591408655689133297
2870536395500019190
8534270520995237432
-1446371353389136479
4584203986981085537
4398622081976166373
1256276619018155707
-5617734646226584697
9086612587194814935
-1354988787730375128
-1270829352936417810
-849684852639110471
-6974477843835752160
-8414638611938309505
8703238707352092086
-4326908011058482332
-5347334132422633095
53354725503317592
-3349104477812430917
-6367523584757333051
-7039525720258805041
4207455828653816576
6619912371439773412
-6314113165252478305
6454542547566777525
-3448110196229515806
4320599862743418321
6264669381525257863
-7044781968276452603
2921966165156771434
-7765270003701074558
-3250803266935186
-2784234352299703289
-7526601653599926735
-8886726049297002433
6854959606488893022
-3021592287868603719
-7971659989981928382
9037715511372049718
3789907177831800083
3178203985154054105
2834407618425609644
6781573322749327489
-2469474582995641815
2562796409779141663
5990569057005905245
612220052482251518
8801082549129266461
-3011827398724799588
-7623856568027515078
2808843704795875230
-517662654116949295
-6552132035376254865
6286809526894388682
-6866971586502662268
2660300818975400208
3638478100842815456
937495680711639657
-3746036251974658521
775070829185681869
7119313597339414966
-6425921897003347229
-8962870627697426210
-4372934389473553857
1522719870013729255
-6934647229490090827
9165807939530284791
7814516910364072487
-5626659146738414621
-8153400131384653275
-6417311039057887108
3264044166314842482
7046132775754004787
-1343947570682316360
-5134342507746552259
2503530867406550447
2320528776955755496
4311587359294688038
-234903631055207035
1685126424994209344
-5325233460342852430
-6236593714607861347
6288047169823732276
-5303329454567040840
3337985028641916128
-6645410727268208130
-1751128115992766095
-2453422050648481363
6989336051561263903
6064945000653453713
1675803552461110821
-6120014596655230547
7326381666890618738
-3120197957093371187
-6253080495290508152
-7288432282177087402
3012947898665783141
566493864719208523
2269046195813440995
-3775896588856644270
3755260367283943892
5290802008894075401
2407647078022355589
7929164033961405622
648756263057890436
8873555543967417977
966851790694243502
8154302192584984325
-2140815339157650735
5035400145275990581
-2703978398252896888
3855711283653166093
1021667230900886477
-3134311574017543284
-3154837981091958791
2066243115782001272
838061705129614969
-4858901877024524976
-3993164950733026811
7441070096581658432
254757634728329403
-468412547561024066
-1557078701922231157
-8551561757736281926
-8920869753023384374
2297348659151957003
-3122335707222545454
6973018745257060676
-8544094195896395476
6753809834305518195
-2032027473949405863
-1086783797584172294
-1827556371741530711
-4771469960839785607
-6695726463644054206
7127095061960575486
6494346957825450359
-2131035508546641205
965974311582092592
-8383689835291364798
-1342301879243399381
-5468200458282403103
-3227572040846979557
-4411961087517584161
548343648045825109
5797607675181769795
6555938257308276039
8779849541139447260
-4734531372654415749
5705499208017472558
1796936602414164320
7197956144234713845
-588286508179643711
2905103154795654151
4687167481737362569
950416206288952330
5496936645434817839
-7068426827736915645
-8642992036660850525
-5805359863921075241
-6618206722315277939
-3714334487049086570
-3266210460583021515
2235371431970507892
7493742622036975151
2317159012017449432
-5669018593586173639
5784659814653014946
1717002650115383123
-5949721746564974525
-6006653993330744480
2135714470142307365
-5430486370518022161
85522877606608578
8459860323414235383
4846008552756596145
4947458659282728646
7648199693042637493
-5797802841790098467
3480654069902285759
4459332023944301476
-7982500734844001336
4902604932641257167
1744692062986673252
162034664416324916
-5547985330546659421
-2508467721293765898
-7234289048884375883
-7267724164254742553
7781643983475922342
-2337618841334441980
6354680726041144954
502308857629010622
3125793580951306650
-8467795939966672049
1215415680060470118
-4476285636800065952
-6359182867464900728
-880885267028913488
2328858335191224001
7438270357708845475
7828837281238885706
-2960064297601047430
-6952856049764797453
-2752737984443237082
2098148912049927097
-2527443793006980686
3916484753067251498
-7027303975388309372
-1670683987179402043
-1125762838238878113
-8816282387008067299
2427291821773532357
2381220209161497510
5698376933022689796
3315312825747725522
-5157210756960240410
2242026769893718089
6599144941020089914
-8964272110961874968
2188928939352887110
3832129063348466050
1000031281587880059
5997228785014185057
3549906116992598322
1096016569142399256
-3409146236152220
-7754905924514528566
8148498362474340122
5666205911128904304
2495503373759244468
1717779874508543942
2788469667017987414
-7874767010752092165
-6512893749830783127
2736929882311713829
8141368090010684923
-5025138453319849210
1043251214734405754
-8450456742806577689
-6727738452121676577
-7729905530025385018
-6457590636566737848
3395846001843765641
9156357167029252987
-4685239989831418304
-3154199755668310861
-8080486489065359156
-3158547387381896156
6787429013246182054
8838581029127390127
-3674785832220096886
7410532810645483101
-2005219000797239281
-8907072599948984139
7166314284079288860
1200964617180032689
3356255496354104094
445919315453188185
-6838051771147324478
-2539850005461904506
-8684451850975431833
-7963332288228210366
2106902539695151285
-6999164968029235890
1807450663335681983
-1216575612868787308
-6530892186192433279
-769817367856492365
-6357755948068477480
5353258848552764415
-1634143578930400156
-9175919000020499855
-2766239529694775238
-6263644661260705115
5444188931149883166
-6535252688256487848
8997296290136479254
8401707422448632586
-8520623447324015
5844810555267434392
6601902845016919557
618384476662876328
2748976972560992954
-3608720237159526839
5781738605240136580
-8907198699352614989
-3242622288002163391
-300511549227344286
7096025118907149603
-8199795109538410420
4031093035707537928
7757231842696735162
-8768331596627193137
1775265387488122558
8646947716083706777
-3164364060093459977
8984161747347123835
3014438404172874369
-271105052875708619
-5133871725114149107
5739212184733501964
-394756440396437027
7044982953295030287
4467997350502398748
4405048541412590078
-1541820627645760178
2663569457782715010
-4277193364993399783
-2826149332855256841
-6660871986781446075
5616169250061516258
3067778240007358687
5548572295990058681
-1086565720065870617
-7639230228170236089
-4266485278762591770
-8227798298395750213
-1256324770324218056
-3626945753025704036
6558714779619280071
-3056599480511469144
-394429671006769691
8313886037710810491
-557011228068601693
-8342110478564601471
4652011086924878045
2673999798788494746
8076569804624694246
-2394637534575356071
4832331991635797113
-7727693319620142948
-1583524184954349145
-2672600656782989714
-7183079436583543951
4150210973303387055
7553791928605991221
-6667826701910499532
460362034522400229
8532136201020469691
-2768585221126230802
-1189680053146002494
-5986766593347460632
7954481538443618762
-2643750287158391444
6873061057832517703
-6349798207739933919
7635795801477734453
7309402751186063414
-7111748915089992206
5918926981163505839
8419436940359039032
-173607544820002874
1070790246270323027
-960990804811225463
-4748771924659154186
-5664304102798480739
8806287950668795534
2013975998920564742
1614628915225013661
8855211326025778815
9001812382282522560
2208820736669132119
4185204248205127353
-8279418653258177563
217511181628268523
-1502147546419226887
-5142024771557560335
-8239022595064477970
-2007626433642408057
-2882675503875793673
3621613085195770159
-3184222954244155033
4615759874491728366
-1926970387057939851
-2441071794683452207
2010667833249384486
-5447612176164615547
7248401093446789647
-7260323106754851759
7915506547113586407
-1885869500012888458
-5226889663994624933
3192905334625369317
3336892404354627006
-868147353304198390
1456897150172102010
-5344078468528531595
4510915031151749857
-3568998499277065964
-9176038413077930534
-4184575434057397468
-6374894845462734730
-3311616964780844659
7948709404847911509
-7194533386620228808
-7422142623691975813
1726112583787497911
-4610883416451402624
4581763586782264384
-3792715921645174514
93942524501247512
-8745405679853973760
5367690671107954522
-4056637914965305768
5302332888436667706
-1739566926527762781
-3971192067164154741
925298771057058965
-779949807730202033
3896894837387905820
8329150563544552213
3810565807468914085
800422210613873773
3681984594041177050
6612271502977144524
-1372899098236301403
6320714009947575072
471334638246818641
-6667521970567077378
8650215586090913705
2879594142477242542
7060723030947865982
-1096927613855062865
-1466171874528526460
-5662153793982668504
-5979559113485790250
-2823318709065083649
4981741042908437617
4865730467835936644
6052816194281489325
-6930934820047889517
4138904822087024687
-3988329992298851277
359408255249356128
3963779240878626487
-989418873959655143
1473609591810505416
7907160568291480262
110212360182379340
-7123120171896979372
-4215511999391846492
7677004446229871650
-7108114111777279730
7792535825227594074
9083736993734115960
-3168222957649656012
3175487048654245389
2479761865704175818
7697976844175767218
-3646516344199648834
7954592799898838959
6215988031402306882
370903901694925681
-447288419850083690
1070255205518792043
-2486671109656653565
-4045375542916307331
2448746932189788108
-4577112246502580901
3636502516619126149
-5058902983545988872
-1509860326458148399
-6536828871357246634
-8961341993762601166
-6365333337597913705
-6622933418934062747
-4019409802824419747
8811917946829034733
1635150342292025961
1439337109882704812
7439474724829647433
-2578024020853011627
-8194475419442159757
7378829861937777239
-351992183723771658
7855723623708452321
6958324897590801192
-1691854442732914181
7217441902751559543
-9201904055496898764
-165985397071686626
-8253137272799243272
5855032790086467182
8198206990398584883
1325438951337273142
4476656100517968143
-6028202320128649073
-7332190580483747804
-4135673276721915383
4360684700675353045
403929816537287261
-6000050816527372652
-8651384404153509765
7253539742159648660
-6396093098966555962
-7370808047725547865
-4359742003701389705
2300472204106512403
5536061875231116413
-3803019214035482063
4047666848231372901
-5008772978233924548
-8817194829216749798
3403314998375545183
6257397813826571795
-6647866690576897123
6399711825438015996
1954466524598910377
-6490744447418480433
1380766363315474995
502486593361097240
-3514132660043655090
-1740143815032177010
-3982772194813669523
-6052603409630906672
-2977737129578323908
-3772424688826455787
4262941710192616228
-7317047038138319028
1450992544861076042
-245214050805227508
-6025408020600705554
-2781983449599304740
7953631114977360752
-1125520704408786563
-1730080370016229644
5434944895736125513
-7434975108050324722
-4512495849916678994
4632563788652195971
-5251358611898637558
-6656420768343150536
1993561078206723938
-7912152753942816162
8671584626405411398
149420421478535022
-6832118064717198117
8879828259052469308
6443656631402817168
-6168537143505149264
8187235565870671235
5424996312377124837
-1422977458886816418
5504513322176242752
5910951217659752965
1803601937455164442
-7997446663821248922
-4690368510219670214
5650421663140961169
3785147595488867067
-9200969491776663739
-1067266893171156183
-7472324592916226768
-8455107879209688199
-552068382231447590
4481053806253627744
-1698805600590821255
-462192544291877659
-1937512080445490873
4832075984377988356
8806747391127548486
-7410591312827308380
4210640175356760651
2547837360853175492
-7100111698347665738
8336619583573577561
744642654755684338
6899577622577526160
-1579025107547226546
-1098603016049093991
-2167205131179041656
9176727726252154416
9037501169652478941
2186755883395086538
6794078559287505018
2894937506193966127
-3569097706178774985
-4939819766622749988
-6584072541631858065
-6682672487315570461
-8245077657556301305
7565480745221743453
9065685689998103661
-3509304544009627983
-5318775005924410405
2129770562316373528
6252132659719525020
-7665194738754399406
5542059275875219290
-7852341096361540209
8747878938895314529
3934992787366151927
6267219649020104054
5010233746314816912
3821361708873515793
-4001036693084593395
-5984622462059315819
8592748827274791022
1523274199162953817
5831243983707971991
-5565881606118186593
-8499142492153105307
2240285671661702936
4957761764881886723
-8053040222177816003
-1097245256789790215
-8453131417705913428
-7810320924509941116
-6143007582484187239
3276390166980460500
1780540210241789036
-6366701650836183173
-1931285951506173200
-2991877248373660054
1088046983362006305
5366099923696612981
5348533236072490061
5353468726666393826
8206998018337197830
6836098189823055515
-6794404967020073925
7920320323105519806
3116562069099566251
6321033886568492034
7423367689636576392
-5548395203709784445
5127415795655292383
198614812498638573
1180195735923404949
7737729213786731398
4980696502920160401
-2396368700772217102
-9191637115408466737
-344645174500569069
-5592735817857531084
-4218898091336309577
-2533680040191947494
-8444070716898089945
8170427268523645
-6938901515638027288
-423317246565209362
-3373816188753097451
-5188243134907840054
-2352291507383284512
8492230358716092390
592430181707722224
2076570392887946368
322223855966676407
537829321959624141
-247321422772344576
-8720500974476207831
-3433350769193185933
6054773273596287612
1144431350866758581
-2244835433739350724
-3832995374722315066
-5697728433183646279
4610791290239517553
-8985222132324478866
1792973322543196750
-9146349433901204237
7507248887306519710
-5642448719584021157
-8923380047455388970
-2436352604308010492
2049850302436602276
-2564105074455869189
-4899477801138915719
7403015123871512922
8888852067282305024
-8346717387906411095
-5216216070478055404
6496642842179885100
7193145328755658842
-8792876306074320884
2918575105515167335
-3651923034822885677
-9088641557187658037
-655093694505219604
9110862963560342475
4956042616507754582
-5559155104551510549
-1890894274499730974
-2895109507202826106
-2994774296062648197
-2687658855841223731
3017317784697037594
3617631642386100809
4406094033844802420
6024325911520165241
-3561028721890480680
4164530384697684340
-3166795810621297028
4885037747365391811
-9184094101921604853
-7359757489879630517
-8103472225865159070
6944396068922381568
6664269351360545201
1129827789990716489
3208947995155379644
-2425801385708527894
3657118958380717236
-5400876153034024182
8005400919520802580
-7868565724857859160
-2771993697944250552
-3758638106362153613
-7203014538281198111
-1420934616010566107
8428844339364455649
2692579141803637419
-7166469247007543987
1717750235035640176
6312514840259053503
1264117159076540831
-3192633685111934393
-1590333397873275018
-8006646747889013292
-4538183179529790133
-5339959777240044512
-1498181755055790250
-1618471570640433311
-7430745221904809270
-1043523130230915852
-5376922275038934316
-5284333140672783921
1605612973127746942
-3585437703091768748
5071907064772747626
-6611763292796818216
2988286101322619940
-4878180633739736481
-2336140719368788129
-7999429503819060993
-4352888728856247284
-1051070798816065776
8221118002353751492
-6651854054445740222
-5598093016036684726
1276807101245841191
-6992691386148044605
-4910054297700759311
-8297433755025290623
8859978516563578912
1724852774263835394
-4285916796207652090
4270488846564712006
5852676023517554332
2271591168473804410
-4706715129260257446
-4046165923963566615
-4675625505865927096
8878593806985512970
-6721546339537330685
2397815978045874714
8107611312829246762
3899615605703749011
5324022522935632757
3013570497397689537
1087902099425684492
-1271644305759705457
4886642898736259485
5607437153878538052
988218662647864037
2437824862099923783
-2490222099968484442
853464809717225036
-4004734098373463742
631824146683824704
-1090906320232629786
6474116548639892487
-2216721872227520632
-3327656563457869701
-598117856782164504
-7152350262425317213
-7037822013033456708
-2179103586747402640
-3277004908590670998
-5205820956038003721
-4652442339068239400
-431032478198695619
-8551604925012420264
6449064262024238258
7006370957385313323
-270631321515599824
212417045307489667
-3832594100428724353
3993705053644648101
-786447359405202178
-8388238034162454892
-9087407096160821712
8398148665413302151
-4046271422271953915
-6947134038323870306
-4333331151498678349
-6920615376131854705
-7125564992010302588
4529334777136045407
386366869616119484
3670444639369625446
5264612584974055753
-7180586530639476842
-471932354828189144
-8860066304838756709
-7261981057410999328
7292714359198591154
1067705360833538459
6450285126129653407
2783806120778855673
-7367045580101181320
-2776044743977592442
1529837064021488713
8007998532275675767
-6268476649289129361
-5219841428111709914
-7553502183824889341
4351665308739431504
3437271714512812151
-2359747127559485021
-1867414945213134042
-1256924946514000443
7731784365356764862
-4365260664241937572
5589350210609073105
9120859889078174364
-1926009165047667529
8255085786374233062
440446624012045864
4057750367369111339
-7462268835137844674
6360628612019840431
-1902204312315827382
-9080276657222233124
-2867087872262576123
-1640622194485884632
5004274325722119852
3945054904510972116
-1061579010905937700
-5464755979960564635
-6622541713002382354
-1849672622307514655
4755270890638795609
-6600429084889226238
-6268332506777003604
692025478062678610
-1235655923869209633
8470073452320701365
945193642107018240
6375290243606499848
16522811779679580
2056600073125736965
-3900248754309541962
-4711237545753092333
7149247904448322967
2808160255111106116
5635447181617584983
1543292894517869873
-5594239164999961128
-972729240840927786
2486145533870088244
818796328865392615
2499232370158003101
1305878743013175087
-7358080258928205910
5858320781829396605
-3936773056512124959
-7099180579823665501
8792583104009493369
1543216075813955601
714070152381866977
-8759340693877337940
3404992368467200953
-5707468674005761782
-6877328372699975070
-5470702351810025325
3518801962966816775
-4106908611602654452
-5114681186933905060
-3071258094605352561
3594086817601743973
-692890417615653913
8154198531550311011
-8496733220287443908
-7157626006305039960
-7441040533728404906
9111091769212890091
5113736115117857316
-2758323235326150458
-8503384894191275255
-6774490985016760555
-4974453096269239204
6083151035365260061
-6558224760041062609
4124346545500725190
-4422762065819729781
-5993320077465264496
-7625474438042219911
361430260871332522
6266588520581363401
326085555736681319
-2703847640907968362
-366924961170564698
-8917308247563741956
5965568626510966041
6736846866965064632
3959662074465588751
-6963822593601909191
-1035918456301485490
-8291883225600552180
-3297146029061833012
4199063018057238183
-4190377834745512731
8028653385943285618
2289446491567021942
4766614032547088235
2762336869149060743
-8702729527124905962
-4157836544870047738
-4673829656112450573
1452429390771355714
-2480500999115757885
-9049395807805554410
-2182923461123170477
2924752181849423205
-4946221900837593217
615240486023109943
-1283598611053037378
-4530561519366359378
-4406227365100195996
890789118201101950
-7975220032564232638
-1949734606932843596
6808898750979693111
6776042779612076298
7207190211560675714
4084640187994536584
-413275120128900605
-497260391795402693
-7116242428040149199
-4676246786014784727
185341664661708653
-2433897695347310211
4308077014021128413
-40968984620442085
6506727745650322310
-7506294479829129209
-5755400183167520440
-8446587675721060829
-6115073361315971606
-405861363170383263
-2177378568079508118
-8197435092310553039
-2090030710066326554
-7625295677318387292
-2195352719836108553
6249843549029152508
-620969038117956069
-6277868837706700590
2268871114236120048
2219719735286601529
-4990333311414854086
-5856274614117754509
7834689818049188058
8797158920641840655
349735042005906796
-4527745391594169961
-3801531573403176865
-4738470669832353024
8628471290174959097
-7015867038705621798
6289545705252826978
3026831565550580363
-4350043543441093160
-7905936143018279761
-3418998478626818005
-6163697186906006361
962671243932246058
-5395942160805517704
4920094465192180995
9071028994159386733
856476156382348762
4592303361645007128
3954089108881275999
-7365585513040508750
-8915488870436230598
-52935731742377867
-5035912580309238398
-797241242308124119
-5000818494288961855
3486115347072643781
-125599027739337916
-4050179200225414920
-7350303242673728038
5015472269956727026
2162209624491407382
7036095160730169510
40048496045043821
-2951920526934116972
-4206642430310467818
4491520403230252804
-8473709179388760493
-3191703737945187011
-1992438688550963933
-5678270360499406701
9154687562201250271
-1438773640823213252
-3002077293267016411
2233612698628539676
7352762519962462828
-984806195327065013
-118587234009377921
8232485458298340920
-7222418807314533110
7514169078352262669
886839689589029731
7172287788318186519
6753559637279605334
5080618423926499892
6208374055535539368
5330964943845717131
-651335293396457538
-2603773728033807668
-352993152482782963
-8235974172017971563
-588707310407590893
4202170597996743934
-3966976102713137750
-6586658658816451702
-8208478053382440329
-4573697642853200293
-2419032290488282834
-2701470408388840934
-6938738691224083127
-1202812077193703898
6307661753748369844
1575819693515340331
-812358195257396522
3290629317024915406
-9115931535302932455
5095405786473844361
724539374948488669
2831262263084915850
-2134331579205062378
-5161445561335892525
4400297477786937721
-8752816632191033639
7261154250732269294
-3122624322681220860
-5058853456402892577
7495137809349039889
-8998573912137669383
1857316032870249344
4706919013066233631
4681479530223031478
3257652611526401964
-5672339367164909321
4733960867611713348
-1065581815840626609
-1473329654971616974
4964526934927359390
-155677722575317285
-8541014721839424630
1554270192880762748
8312296435394677884
8584874471452402101
-919351426327149196
6411073798178700066
-2191073103140883876
246744473461558947
7058735107172763259
-805604040633965418
-4941021300611070967
-6256491618914473099
-1767900681664237574
4812470031721184566
-8851851739953568525
-5948938700092103698
1174879146123659992
7515447680305952821
3544486287309172068
726785169725346662
-2107716785560684369
-7345349723421864303
1214817270819589221
5212314058800225905
4297731637546703955
-3597707413322439267
-4968804365108092309
-6002585440654195017
-3313358166068935222
3154517215683073021
4933026558811582311
-182528529620379431
-5998824838317908893
2494369282131028388
7345393725613286597
-776006099669371264
-9103430406639497294
-7490185017592926325
-7394420281993936550
7540756100484058134
-2612545249502486731
7660776114967188687
-2035546905083150784
-4835401656228176492
2436960735697270854
6084388416432414927
-9190264462412587795
6420781445545992831
-5274765937836059813
2722053277729182688
-5254539015148728445
1849726278516066429
-5285742871903012939
-8883645213218320635
1204542990543494095
-7867971687389351525
-5477914822311141324
1503492439015668588
5861131563020322901
5379578988762950717
5380990635549873310
-1365487279963099097
-2747086679534096774
4872213165853226037
7685215849392448570
1254396480815426474
-5782579700699081611
8580695305690699607
4468711242473327458
4359372938357488378
5787146766634129530
307881268602002035
-1668367724805880251
-8498354909863105658
5019965536803323093
-1923093707239975682
-8740197298056460474
4152416609538442975
3666977042523119014
-43694787776779505
4748936729907774148
-4463717634192760806
2369638606482088182
3384937044267992692
4339074079316524637
6288792413539500476
395395798075257656
-8370664759946873044
-5161525130208752261
7563299546026810994
-218859171880310865
-1205576760098201424
2784549869167372249
-4231068829354928596
-4414259156734907181
-3331001047929003060
2821102631337645698
-1150855398463162843
488980758307490856
-6469591910905953355
-6787192407136845399
-5862313994165375720
3764195846180626552
938355867471316677
654634459269388586
-4979835012170468050
-4705199121665639216
2997328033246359647
-1854071202466873757
-3937222484737573480
6825038701979778002
-7051164528933827838
5679556738278872082
-8954688350861625644
8878665624924687235
-7249470127925075479
-2009862715861906567
8824635675332336479
807179175786259795
-8692638382436039612
7559950447570843841
-7655341276974802655
5604109598802475037
-4270026697587503052
-3741258686879776431
-5853414975523422597
8083896724345382106
6249674376662269406
3592643627395571370
-305482685997384948
-1302499029010880364
-245476149930119351
-49456275749808606
-3169201426316319985
4754357811115420147
5896038637882706262
4230020033872787652
2559718113092857882
-4161824410331035896
-4472132119840810364
-6405185178464731945
-7070757875754120496
3822113036397880012
5135481222659062956
-4131283219280400134
-6197186441162353364
-1841924423992500238
-4829857243934346492
5846337593698001352
2740811742438799650
7831186620519193032
8930736277231664202
2482009102687888166
-7661400250570446842
7763904762229514128
3489877731399451073
-4679728646327142882
-6824812405497206547
-5732593003694228075
1580327831231451866
-4468110746053419857
-3928357210801228972
1842998757618040409
1806883088193108141
-841203336366424542
-8329646004524383153
-5235680692445345840
-5345051678072111083
-3448744323535385704
1471261111990441916
3241245600390215868
-5720563868889415640
-4940436767693065649
-222790720212678997
-4794240067814345983
3674454075639810520
-1361108360158744901
8745477832628929132
8382984010809875306
-9089793654430667476
-4325456971152687038
-5181880103573393784
-4772241980780090190
5441303622498970891
-6527113054727375073
-1715332828655278241
-7217839180524983331
7037863946300375639
8148918702467016212
4153846989515430409
1105591372051931540
4056013451524460730
4320183817745055149
6285911445992180908
989686971535269496
-3269436846618251536
-2211260895628810408
-3783286602934431617
-2368651854338203089
8708711594809533732
-1296172919514329635
3020917470622133966
4577818500943144640
-458192833737432639
-8127021012718066282
-6196844466260825053
-1743328397909313974
-7438536028277655253
-7356827754947073429
7144210692519913695
-7288734336475328406
-472339216764878292
-5329185754888748375
7933187119400140129
1734673017423770926
-9098340749064508226
4189491096573630421
-6662513824951159097
-162600787470816936
-4868083791446779491
3900056893720150549
-9215289580857908644
8240057492976173407
-1014466355653924972
-6708124447567317720
693304891050708173
7012500602918110877
-6623823698619227822
6519064782640454462
7575015651347376789
7994688174473035470
-6557139403300654948
7866013690242432752
-747863981751367967
3393521736470469415
-1661362246651122558
-4353743168274482593
4209999882153714142
7476045918977946230
1810831326223599128
1595598572055839117
-1588744291616497138
-6245559082951013386
-8814117545822213426
-2573918745833918251
-6358677494629083792
6187508030699430613
2366890084119758528
-7138650565085157066
-5671185306495041497
-1021175045136425250
6578311462062824670
4152850469539286957
-1984355794501163944
130637279842602216
-304016076538419657
-5503118267431113368
-9119776237028250240
-9011916693337423849
611227709443020125
-6911438716271585685
-1293427331520135877
3327676420424107157
-3613132226301389775
8377541044089983259
-7765883706136423067
6369274586079199908
-6672491120280268903
6363023999984031460
-1635476583446683174
-5818554613857685031
1461453332128119172
-1672214626697356620
1955365499448004839
-2099525771347175834
1647645453769685753
8399822880101666566
3368724267983507251
961322170542874530
6023015948966819699
-7330753759841242262
-7194717701399908676
1149070519053335810
-2838924201991204072
-6551006387896810965
-6910880641678004744
1585659769417863199
-3922725184644447557
-7326823580253709538
9018068115832274872
-4560818968774380711
-5800661568686150484
4644975427087110389
532146342162124028
-5393956366410474575
4293684164682874872
-5190882590482587999
3439892890294702345
-2087409958796617910
-2367618117622236342
5746018986470299687
6346407252940323767
6010189083170242546
-2261793066849209475
7387706936318103654
-6114577085297697157
4563464993843175770
1263913046310337195
7041578138387536353
-3252622869240483573
-3518324012225411005
-6562658339166778778
5704579188766374542
-6701837992336031624
5851822496357364461
9180916091399759450
-1617738782168896410
6016260842909077864
-5403552751010992413
6457035615062005744
-7238263159782374264
7697548605005584935
-5426667632292912874
-4169460229046190320
-5617102964957694403
2392712004760507945
3694839086386660141
-443538634348466521
-3796436638147589872
-1497770525188953176
9026174613370037496
5526804924988273728
-7274544900053616059
-8583500601884875747
4759258023364037494
6663037433109343750
990026934091481937
2702802214703152666
-58689017176216357
263746905001575043
7242916682554463008
2954230689830322876
8205320193007684800
-2667572095908321394
-9046227503302342320
-1456313905928800787
-9216375856408574180
-1964634006585131473
5284349766785114792
-4800643880551289995
-1748911079730318007
9217093435801768637
-5388674049338519960
-1045719939214240668
5304813799259319085
-720901647730774001
-7287056763982596367
4898030831935760264
-1015428565016395341
8926707813643134233
-2039861625577727936
-8879088823403786892
858398467741169132
-7608306958893542471
-6000049476438493456
-3146969258599514705
-765621627014334476
5561428246029045101
7008900208171154864
3824556082969407384
-6900003852440136555
-5153328389886133136
7188551843840311958
2271948678763345832
144528766678834084
4997866532324746403
-2415607865427254496
-4762641938809266042
4352566433019793746
-5717043945489553077
-5507572369389443056
7353079445525186914
-7210341999142661739
6975702542399581019
-6462085201801995127
-8688306883294352773
9115737870153710925
6913725532275867801
-4480159669120138118
2038198276360731156
-4140665843996521021
-5270006492260792109
3980592666956675564
1950738134631306025
-7560213804923234745
-7002149248035692807
-5643336612264789079
-1379411138664833401
-494043670437915494
-2841932770460070062
-4011898053251551698
7103711684084266919
878351576233027629
-3901016289948474108
-3993899670647434069
-7727014356047952572
3406744183997537888
3080347340996115992
-5912259795205667762
-8240460107734548936
-4645212556262872591
279327567411878752
1719653918918160550
-4505970543053563824
-6776153312808104159
-4356136333689949463
9207914349517937730
2398466380229299343
-2022864070385290021
-8648225841561815260
-8573868188712817201
6599206166046284235
8652926271369773110
-3109684426686413527
-4923541149110198448
-1967978542177807765
2097292346708912711
1033978987648801666
4023575768294402758
6377095338976403992
-6353662642151590354
6324849419148400167
-7843614180945459030
-228765108264618287
-6487145377906399311
-6730686051055467240
-1923711299990771445
-84065852919428848
-5440696755202958143
6386250494525192951
-1623003522767919847
5052176134947584954
-1771770704907127958
4415285169334376137
-7975116473974238111
-3174077510185182078
-8967336133157015313
-3397955251713334536
-5683278449158873876
-5504323016482880153
3340541070762539321
3716258382797748141
-346112153839489941
-9155051236671296388
8088046716426242590
766551233910193164
-6516021945170944863
1983034474619915867
-235671059803487122
-8713271075318671689
-7929949063277113225
-3240398459942961002
1913314847610000819
-6903385485786300719
-3898007073528082212
4094607764091781631
-2712916832889172695
-3655246082178937920
9036772478285443706
-7490747965906077655
-596338912669742548
-5568439381061284783
-5040068915860167811
1864561067852955064
-2894338266819223325
-6770877560883806635
-7421809880188996841
6880313663925115753
-2994587297109646255
289757278757139714
4899837173864096899
37529725950129987
-8293906298637254414
-6614533509756999187
-2294892851770945461
-383510167996193552
-8372346296166077359
-6324941704467125156
6235408892584959382
1976392452756369737
-1220711245149636393
3203069849337887834
-1174165200717821383
6073313040176131034
-6328940032810762700
8740668480450617229
-5326134708465818081
-1895341286152997154
-705290280992074044
8555473897214803200
-3805592209237922306
6698795665824848994
-9182826811472409350
-6791719649378624957
276552574879500001
6803840003467055478
-1442558721819230723
-1958150982866702738
4226873997734195872
-1600185741277075884
86627060633586473
-1500683109336611017
-816215082583024284
5971991485879177035
5038074914540369828
2302031253662199562
5953794784567383695
8981016853016754302
-117413810037750468
3755393830656289832
3870781516803450285
-5767517202831875159
1958702829632546784
-7697070432963799217
4050598224191308265
-7186962363147240982
8866007988458486550
2416542846679397132
-1102160919314791418
2760113262125242694
-2911534239735481781
-221153287055226732
-507128086023882780
-2217445784946982897
-2042789307262146493
6357985656690459511
4997023827493248473
-4918567668791217744
8775903386511300001
-7506949854806119535
8457510098097937435
-889917066214883853
2103627020950156617
-7040849350320705454
7118815203840178950
2665457246652347434
567831534407916835
8573567302313230246
3859537623295889666
-7314090009182514214
-2464296936985170162
-2673290350001299206
-591621322044805738
-424193142271049968
1869270395948016918
8385636912385540717
1766018304070675324
-2209179994720625151
-8203615112257414784
-1192961385714335327
8188363261994967025
3350099641661637405
2015768450604346933
-1476044780053818112
-1400002727967654416
4837323145027543982
-5094879830858554194
6583427976460340559
-8954623097799360320
-8386236255234312940
-3286216457688306791
6588705464188729647
8565200247200444258
-443511763767920467
-416044271880506964
-6489520131039581415
8032969942859654673
-2811620850344219962
-2095492307966196132
-1313529237837483414
4372673649102295687
-6318443857792326784
2239980563965397594
2599658278452407062
-7179363497458111403
1507327946636796590
-7511260454241200709
7852413317306437412
-4755800150107980548
8170487412476775492
1467981262667015310
-5778020277900444312
-7179647203868580379
-8005923902259844116
-2258292150672498347
3097370534850287307
-3248775639006905459
2748453073575491789
-2377396350668336017
-336945278481166526
6149534191304763009
4758585409086249763
-2448397126356792393
-532766969252394808
-3418482792278655486
-3534406080683514585
-7514709135723069202
2622076934865507814
-7833184305436805051
-3669390078272889154
2926426365273560251
7530847842142786438
-3807199013890011191
-9038318062349233235
3537332045788729564
-3869923652066347703
-7609884525278948785
-5010308115012895168
-1560707539379037903
-8372857601382296115
5720770732751646884
-3152889788625286336
8834271124680728748
1175824621851831241
-8908474939939389155
1333630275301170070
-9001545861292872050
-5292421210566014399
4462493380269762681
3618921629490112928
3753448280859370391
7517126031309499484
2909699040468179915
5187809346151386714
2385253552088452492
3431466037552042333
-503717048183574786
2879170014153682658
1857077165431702880
-4176899912262843300
-2827848209916202285
5343537570461487459
4356957642166929116
8534319737270263177
3425248856495583831
-2390662149808881015
3774584114352067842
-8404827450545082882
-8607534258545418044
-1785811107053041434
-6602769373911886569
-5695614524167877344
3652591383025590614
-2904429691857496313
-6142852597467005848
4555770064602185446
-4496899898808354532
-3155670392952578627
5530792978718913411
6644954390547673942
6811872664467849972
-4871265844983302299
8633068173418654396
-7092193243324797213
-5016994998049491724
-1788091044924460879
1009720649043808128
4817520409614018009
4720115600102274795
-2459140574147068422
-6599544667745959751
7035857812917469855
-3054176971762378873
4057449971373839741
6758494438167426099
4881301819338344000
3285409644804549369
913628048464451224
5478776018616053120
4556539612190116852
7360378849817865480
6123506431486636284
3740319397842691978
4485599116845774747
3557546528528666645
-414911581841403188
4122926952628500634
-3923948824450342971
7223704086171200394
-7062771765879797731
1355926423143956734
2501299798201432139
-4223441868561263772
-652701500871816496
8149662389268367781
-2723096389430594677
8920823720543272064
-6417234500179293466
6750699427354933637
6479993539935200740
-7706015630831689989
1345482259013507069
-466935432659951669
3721514438027057872
-1572140327103277353
4711674911881743512
-4750545962147412434
7246175756284058196
-907762131162336646
8428649401057915928
-6334794892230690711
-8772479373328447537
-4021584187877488104
-4760043161360540719
6495433508768612919
6464813000758384732
2012465382171638666
-5516351581518364276
2687652855059833154
-4903885849919896596
-5887547088079175992
-1652273529050726418
-5712697983750462897
2069886020120796914
-6493981526336655087
-1195598203101824635
-8027063417139369818
-2777619213990134997
1910195448119231246
8765333039583382787
-2672640671244474831
-6858937335623081448
938970885776681980
-8659408024434127834
1580241372036138933
-2071555111259876609
5180915869787440705
-3797463682040262272
7093545496082298100
4671529730428984185
937196049212344348
8852774896871703770
6804266940140390943
3555949890230502128
1659503747952739428
7277713914680464592
6241451707427678832
6324415054801680269
8880533565126378735
-1360242066578607908
6717789499415013828
-2896005476575945921
-3405792794791114969
-781226460967783254
-2396346212567748217
6505572221428391892
8824301718458390661
3976218030438978183
1114801173459965873
-7458154363652496473
-1148888855284546952
-8895352022674298510
1072873530159383981
3078741901228473754
-1122384088259536229
-6435784294849659204
1334425756541825040
7046714882828071198
3083560765481457571
-391831835306381268
165877566571153919
6311400198551892898
7554001157940976460
-1851357840269094390
6446184713022692106
-5468359627828243234
5290596155140395579
-2335078676026220786
2544561840232726910
4272235974866053844
-7724402620297770855
-2478934255138380485
8046359499304844688
-1608320415241181162
911727323001756137
4462845294534086259
7652040121589085265
3214313271823864962
3917997429685427692
-6447776336473949237
-64422628593772973
-672404442015345782
-5125836586755908605
7410592702743733381
1323099209598821022
-1399270074101288736
-6922469527029162003
2182856916459540435
7502677905057314941
3702856969343947720
-5666122840683265996
9052757243022737259
-2902699385632327225
-7358638778904696425
7470560730943409843
-3933091187886607955
7518652954918757536
-8025211988529009877
5925768189414991746
2563881267144197002
9012147791151393414
2794774831781031096
5984470113929185829
7790518043081653223
482167285859279653
7147529003058794485
-4503673428603118731
4963027492430581256
2355458956858828294
-956626737445383693
7978563899371806131
-1097217262809250044
-1805734589010882186
6859169485129459708
1579374538592540747
831282011031232330
2582109268249673519
-7982864544225245562
8101741163509217002
8862226824480688530
-1963499474781741247
8791383708578982949
4252788293374913295
-8030075604333419780
2236333553063137353
-5097010107881907818
7521555971203393049
5336990942985292041
-403384415501306638
-1837123083325585639
-6458935285771945764
-4585924205018307144
2293845829116332773
4082058077068449673
5718273893514874462
-672611254783983745
4842279351220521456
1420074584928929607
1237115116013784477
7800130246408971060
1830746063046782313
-8162997501459364728
2983214878651502024
-7210002874945813920
-4547582054571579337
-6656506953760890610
-5812131864415343594
2708623769307408099
-4820051713801713319
-1420934680268571858
-1005178635719213615
-3931140480378397473
-226646432171921812
-7222572373776083121
7905483118640298349
4180493531825789220
1022905093173587053
959716856742680094
6014516410078857963
-2735770969433695104
5531087202224249489
195199917259537861
6571772245473513048
5899893651151906232
-5204648658932326380
-8587343560116367545
1446041608119869044
7991595532060758309
-1141928439032375720
-4379532450673077582
2697178950997279629
1787648266938331147
-7341460598397513705
-3249462946599734284
-3245899288055489359
4092627527355066852
-9115493394007503856
-6734148284867482376
-3021372182103163758
2028282051237449573
-985341744987960018
3363223812182802086
6168142902963713265
450434172297614221
6024266849767804940
7119539820103036513
38528140280417878
8848937050239947414
-2525635864729289253
7806580504337411904
-3839510425739773588
-6706313543965649247
-8476698009091035605
6868556016322148775
-4718876831270469502
-8136974364145265335
8994032998236417391
6831134223759715643
-8977983097526698339
-8237920255941951797
-5934966356262779066
8773470989139414144
4522483694184996406
-2098677674108406037
-3521126702456406722
1857069873840950422
-1840315725422281352
-4850171576358614922
4203652536029488361
3027638264221618922
2253778332296277440
-5814732165685867332
-4135997024069376704
-4532305954043206227
2448025266462417465
-7627755591225450941
-1611794869915146549
8104517998283613615
-5018674472196063814
-5756728564754985232
2113200506742883275
2872991807357633898
8981617967748333129
8167185378905555096
2812815051091810363
8733926297993931714
704904861244847906
-9047357092380738302
8740934950176839306
-4650392100220906587
1219299707269989403
-978195739551991518
-2652560020976669409
1896291695264008238
-5613709211187804485
1220468243379699312
-8383269587769259883
-443243795510160759
7009657492873480202
-9080652354691415782
7503837096818966313
-8663452416298903905
-5259421921549579243
7185246544178648560
-4235300943537513710
-6172894027194994618
-2366653361343363042
-3001630867388628128
-241972203906466732
2584843520917067472
8005101507385228185
5038418616463867686
5713997202724314596
-678248825751650404
-8161867686002207749
8597957288479130217
7463232191131045117
966584344246326808
3260489917387103257
-8510206987792546365
3504237174307817365
-8400821245565508350
5561880891869600365
655623573937587149
-6861918650130616702
83155469439998360
4652319507759874818
-168241645278469736
-8486424352970213218
-5756822580406774687
8132386946529195067
7041669325817263507
8037728307177686635
3273310329462858228
6802970755938803357
8547825021288172205
-113169193328646386
2304928986150923887
-7790513661359689075
-6251462582326697894
9061241827357847167
2717900110109298591
-1556180712494863838
7039198499900456468
-2846820113913914170
-8976956735666860124
-7341332122341600702
2148162578510746634
-3044961309397004497
-5460829818252516228
-4697142689722543421
5965265110562488728
8142691136553900598
9126954209609398227
-6291342718656045022
7839045698565470348
-1238813499077319433
9144764409808506247
1234608498460081759
-3733603364877885100
5847526964896337677
4826185577098484589
4068040179506692911
-5825494836358694174
9083324948918121624
5588760913591277418
-1457653921228542830
-4099835894011893459
3588947796560406177
848328446974601221
-978506116973153154
-6240150382337576397
2111345356875042378
-52848337217866904
5838706840650742840
3494128420341377615
-7889457027734246743
-533058067380071503
-6442523752728842564
-7739213477644631024
1633182329138125301
7550284856616087532
-6490993464038306220
-5880641677250886193
-8115671748480639039
-1887876473285226226
-4948529202646826447
-3443606145560481829
9187608080397498693
-5670760187933977111
-6218910734514407898
-7927826084219068970
7090036943090272857
-5547938540583540082
-1014577564287395418
-8981717345090186496
8410857716624375243
3992620751743639927
2989967822900548545
4419240446800821013
-2599311164133924765
102885847271160752
355036896576583197
-7954692505518713521
-5366665062855779636
5908938568464216162
6903838706908201566
751291436059733401
5728730252057148974
5173784486562437036
-880065895817518183
6906909845713948649
3114084831652884244
-3166896312894506756
7352054301361259680
-3943221183119894661
-8016883080165169964
-7243101507158875249
-7100358901086314553
-6614305537091227692
1721974114285152677
2896497343690754232
-5726363385274524053
-2297850119435894347
5316824587111173692
-46858696240123411
-8769074369823273338
-3460212445520342100
-1799188990127743967
2538811754784523449
1920777226527488850
2426924232597527355
-7569897197912156000
1783230473597116527
-4899917249202675712
-2348556411589376751
-2286410089772444651
8479725088391984959
4739567373437516099
6803453636017169036
7758319149499063508
-7887976723020931209
7023949752793246609
-3818395591017543041
2384350634410691852
3106973733990855709
-4875662527591346385
-2104321301458264266
-4075834772485089777
-2224784391471480204
-1191477145876524244
952784083020826651
-3919031892259327967
-2316349866554634692
-4249238533415888085
5874974871693013842
7070286998965068918
5009359831023458724
2535989270943512507
7292296374422672636
5737031668631782502
2902401157867379150
-8147388466277771545
7897920165724134521
-8348684581306471451
3895864587204033150
6570251894470483802
-6945355783999358185
6520987169877635501
2929218250062257441
3244967979101158950
4117753564402954503
-4482351090398087366
7394023215953497510
-7576514356887994061
-8969076360405094536
8088353830091461276
3257781700006992135
4393516706675638865
7013130128786505275
-3136144864077415941
-6916719362975342229
-4774982308623239484
-2192218937634418427
-1072294342003999926
-8119055277224448680
-9010769836483660546
-2785065967038641987
489668837022580360
-4648506918371625766
-8587400182491285572
3007593909504400333
-5452607293441564309
-8116611173557309686
4423889163633757603
-2810342093026957211
6386473312000918020
3693206180858633615
5241838673758636409
722183462846676457
-3458779827439846444
-892532325348158145
-6737125676731142261
2122079106062787408
4170014645670674443
-8800743299422922606
6329094946340163416
21778918428136435
-2133738142394298454
-6511641119536465925
4849302621771797168
-7440702148632001653
-2284710358975498332
4406962928051733686
8123417152895978816
9067918412678483304
7329863841360146560
5295228086135335462
1418078272218876494
2936709978392923910
-1656526226685921917
-4671518473652732611
5321550574433411188
-7456930386982843511
-8512114226035184767
-7305212323770681933
473118874689658376
8808478756978528472
6703042733746716073
8333557657717412703
1984089201278287298
8606186331335345359
6919504225515895469
-8196236075430657998
-8618400485656987441
5857589432167763004
-4330557898250251866
-8286498659596613196
-7694555220759661481
4892524479072908300
7804089743798772191
9219167170569473531
1806578033084119625
-1939007318447786276
-8277719312696242582
-1127183460524667937
6960429940212406879
2243187611552433254
5392712035983245763
-5857025221905371811
-945218904186849596
-3475658118309892480
7898074836071428614
280591955567973946
-1465140192320121316
-6678084067211610040
-6675923261370003559
-4780869076225371168
1201349663643972709
6355859425440175128
-2393952985760800483
6803281951861112553
797380561585637439
7747866152170952148
1764576806278320285
8804545188178227592
6246696376633843816
5318093003779587104
3712039890532608612
265400739576288699
-558469027289432599
2411623567878512531
-3554921755227054521
8435143646320528752
1747262605774673635
-3646418138654534478
7429345549071123843
-677995955217725196
-1501749278774682670
-7223621846409263353
9026573594835222964
3532083687034378505
-7528805546764734253
-1837118150498198265
-494447360429542161
-4753619648449190159
1292358042203204785
-625559382797397057
495129015974773441
9130838130181937277
-1164782611027491650
9070514803281478790
-4609369414560060858
379501494003829246
3879794679245493364
-3547041324577918852
-2133154015514880849
-7317007320659818238
6834774162533676598
-5781855056573389789
3935830467911000614
8058154359097165803
-8582350194117599953
7092907749469345178
-543385652269921638
8816717940781752296
-5103682778015588873
9063030496810364175
2909250265951998736
1561255686299431860
-1507603605317208869
-4069150266097951499
-5864121293639495783
-835827737352013336
31967746495133288
-407514541533062194
-1779062459839737263
-3115335024460698793
-6793880665003947087
-8420095303669308725
-727215374659230763
3027436585966431944
-2711747715918930907
-4790283680431834223
-7259800292899111186
-567857379134387739
-7751928915605023961
3286441578755962357
8806645230311902318
3096073437035320715
-1755030278411487003
6674414142334647030
-1145273679573016024
-4777346962326712388
8342809187632075739
Matrix_2 shares[1]:
-5354826615404187663
-8979178265312397280
4347100877391253872
3889118775021594940
1419302927863622734
4904148021564870572
-4639513188480351368
7566549745185003639
5428738722306902353
-8980120726354906209
-4787254121943066286
4798690433062701668
-1292092000193809352
-2207754645491997855
1770909961835269904
3011110001614951637
1300732332903069291
-2741211892578545534
2226227212203408075
-706564431973639862
3838064862315964090
-8577352819777583956
962540141282423117
-2661251091002459435
-4524336124903660653
7641970116710969653
-3867878331215427989
6616620657460414516
1753338465948362518
3656947414681832087
6069076447576802474
-8150588224258612279
1486760893824916281
-4234315469629410366
240520153963238321
1343689624129825332
-2175512950079637686
6994858196114706891
2705723264520050310
-7010084736294564164
113372318635478359
-5882544064986046974
5351779812161533971
6826038286444238331
5690896101860330165
6910696800891558757
-1933941690907337464
6043766280691837835
-6545860149146922334
-2100757673136920608
-7662996381783983661
5528942355308034536
-3016765696073411931
1972951708864276184
7579326730267432070
-5139032698682319653
-4074605526816379165
-9210315883002515602
4692785128035300068
-8999006053771616174
-2448702937102374646
-1276398566937431358
-4285573030826935372
5638977273436683050
7057187969136438587
253852129286124517
6303983068018676622
5903474580993157981
8860580259348913416
-7413294136330037776
-9097347875194034055
-5463418761889716641
4727667009295613435
-3299043282457574906
-6994850127541527696
370086197654243361
3056318777807344096
-6903908571805706858
5236577935690818588
3899880574692658224
1071720458432183463
-8736850571868304585
4902565168666092894
4555157074986351481
-938243197098790513
6460033427012905593
-2010630638869229446
-6517393163170028957
-4416239221239397364
6103974291154382216
261303910972533557
-2256788533966470812
-3841453238618392912
4979464912179625970
1388162698383277881
-1904966417087131105
-7915081289666920710
8422933232535836803
8487464650960939291
152302781199644907
-7792058005818929684
-7329115832547702120
4108934137935657531
-4091952934782587682
7885825210523758576
3287245816314045611
8209527600096020701
-7433517476340331073
6681627425548095916
-6485852609103006833
4745271253432720748
-8721425877478675124
-113850400435060694
-3424032265264460221
2240109110659268839
1869436520393632236
4256162719798873154
8188837653892138045
-2052239031648859829
3669204469946945295
2427449159805207210
6851579583249843116
-7775301979244182670
-7262444378087769984
4424771716341039410
-1691802130034808238
-1927930340124995230
819764637306561295
-4378946794110706451
3658355818355690891
-7983989305356638580
-315543975387662793
6273660978526522658
-3983432258672726890
4814604013770030852
9204286398517258291
942822663001916751
4953102413110829290
7604774358226787127
-7118348052436219619
-4804935375751520050
6858374167824697111
7265868435521519311
-1083263073022782519
2506743245665548706
5750013354386559086
1512868880595555002
-7763517992502183890
2690626993100085870
5025629849250183741
72130415424617351
6312038134241423972
4871476655722290199
-7730930657494902248
-4340540411868869401
2324880207524724044
7872483542919347616
6749609158160495254
3394935909052307808
3887703706543149180
584083442903489451
-1948449507801790715
-7499531599910236917
-218522385423293718
3996431208634916442
8381398239368028156
-5375343683478628436
-6877184079252122681
4787750474458952983
-3932209123159263613
-9039509306834767549
-2846484777861198808
-5428729218999181303
4380863454584879806
-1726557766671136883
2864828725682426303
4321401898134970679
-5698011626241476132
-3259179579673423018
-3744422636070380001
6953920613610199842
-6018302472641405594
-965808595613672088
-6128837236023657244
3477726075130888723
2498572454317992075
1023080096896644488
-5034047564978100118
-5234683995956426741
5637815253867842329
7868178412319295124
-3306670518140390671
1820926020929178671
-8160219304387841381
-2690183739746713264
-2664970674442543170
-9147138993125308453
-5529812784204948986
-4526875652167591110
1018671671309933720
7916607272745955024
2467623932696662246
-6245456399996411795
-9041755362292602816
4771377450743545633
-3407635982146555842
-506718088674440466
2559355363084884416
8207881196952369573
-643185711245191083
5666394452192557550
6567544232917088076
4835368325906839751
-2962057796323178834
-8829647038854052352
-46798342037109510
-4626727778398517970
-9063319477091017817
-172995465786814265
-7874454288566064889
-8255193282207954791
8804589237808261148
-4504554644095368398
-3877850478835954399
2936573237963257577
3889423635814406802
-5787515216998344192
6268224137680225110
3962160632772130008
45423048988802708
-7925015161039914986
5104598260378567365
-262506585746448024
4726157831385502166
-8850468157388753765
-182018381201394915
-917978704896767469
-5332270885929163658
3156205286110637497
-4772708149192303062
-1942087225134872647
-8174950173428727004
7787804016359988391
5895109356070269010
-987898642522929548
3462585801696072057
-8979741435821119254
-8021655967593305379
1532317968708420109
1760975123091513479
-5029552790788890380
6359438540225481813
730984663965388246
8940952860017138886
-5783391465293416357
-4639378610509210079
-4137109426899081981
-8039793981510723397
1999120096906005108
-8949456343694272575
4135792314974684993
522498771915348841
8178451379127268068
-2364917302057142529
-844040716695179723
8396152760881107064
6218101254203655834
4630531285614191606
-8476940580960186469
-3516468062238265605
-4973153284555146052
6481629556251568050
-5018272820586987269
2717705871072974855
-3429022351850960644
-4812319409063603194
-7401854108666124791
-899532118081632923
2723182688169604749
2935363078528031801
-2066695600564487097
5264775205628352795
7061372070350788294
-6046893954606582385
9198174064193538506
-7975706585183950461
171576730551413703
-8794633931650780328
-1048154622254685054
6732097253462105989
-6828933176986029409
-3665854266566124505
-7447293691789313803
-5899470383187443887
-7988310012038484599
3411007864860969484
1172269615878499288
-2335385111536969086
-5122954579030466935
6457697236315332929
8743017197546932856
-8451819101798913872
-5841163944511507145
-1537672847683032102
-3073972299964254276
648977738941143977
-2922913733888901740
620724749777834316
-4603848238122794695
9126785925553330539
-7304355375212640318
3103488817970771951
-4643143159948470764
-2007499846856477935
-870168794134880543
-1506244656436693335
4425932246825624356
-8497751105689914864
-2329985620342196232
2750668801696782596
6204343262131628105
6361140959724969725
-370947613706467985
1218255187675402664
-8224422726446769747
-8223143483838488538
1389240663718291819
-664805574592537421
-3703950731831147178
-1390946546282264360
3921097645433906171
477577318349124923
-4849364781796769722
7360992074435700757
8303660141688075633
-9142448217671379455
-8142355700390792865
-7759753401592555037
8151216743079389699
-955343202363327952
-6930484467973063444
1183939350887850502
5827434116639010715
7770201447451701995
-7007189078747684249
-3437104467357232559
-1228561349413993995
-5262710555977576444
8058323311206109042
2652605471686276893
6835296675583707821
-245734359465950071
2482987110089941609
-7354392755071767964
-4778071241728478576
-7171162213008381089
-6516072019775174969
8253831172642420044
6720560684674866737
-611777086758209917
9117140593825647355
8935147674995113789
-2278947384637278103
-9000882260688542720
-5964006126022306018
-1630308135768299334
-1797913537720629919
-3834741001295853452
-6822823399809126912
-4336713529127054556
4519846174221619066
-1771073720135846828
688530677475423263
7663345343730572106
-7365943258221829564
-1609647430076253413
-7617873469810786475
-917113205259730585
986882162314028927
778276202297220842
227834577718767099
-7489958013172213395
-3246514000206009060
2569335208061437298
-1742710566590628101
7482298638113386627
7477991424551768764
-3240107220156716700
4547871048262661906
7912013569703772425
2880421825838442999
8417957120763937110
-2251722356714675410
7057517939734162946
550100465521937848
-1010415660285642998
4995658076872759879
73767087578808066
523158146261555095
2314644807906278739
3015700623134566197
-4214466334687092426
8474312248856085651
-3729159246635220231
-6090068095194784439
8278211920070597153
-5978757645022384984
-1332744149764272188
4770863516626437862
7550727229336804085
-4615054352283626842
-7177347480483232881
8989743444997752240
4022478872719339822
-3831781176580422104
-5165907075043868445
-8960942888717517664
-4704920607742595725
-3190897873108278687
5866378872598956007
-2413600057256623535
-3948305414812039561
-1713134851787237919
-782702361058540903
8030033802932964389
-4120562940486297154
-966908122814595512
6789598509019621907
-7471679121394350147
-8928842838827102515
-7578872642536824635
360256298717108885
8654469204978498336
5857188102115988079
1360295413674248726
242961201389726769
4912146468135465103
-8727746397764170442
-8645544717017957689
-3726334529614716494
-6258458337766266494
6062184421672385118
-3223771154243771414
-4118023691730491261
-6582991577471436526
8521980183223243952
-281522910326349001
7706258513345555315
-5773494019607604521
-5964231898909968018
-2497083555894247976
4053149014961145733
-3398412195972391481
9144392107094345619
5065546595193173609
-998577793992629121
3747518987256607225
-4968257642302746414
-5677365871830534530
7449281291876927175
5765257332030434064
7237617384294095117
7255041479921195063
-6595855829393905772
-3507679017322204121
8807477379284839622
-2478093694516422004
685983015999622121
-3354212496548204556
-6118386476236081452
1914922373548292540
-3304829143220340286
-3502448873231616485
6971041060933655430
-4078185584633348454
-4337943099041418256
-1456749569868956159
761411835784528861
3891466880434390131
4933767310908096783
3027571807216422839
-8450531908244872786
6147873052142343250
-2821955098125718935
-8382151628578919983
127778861617600258
-1575675790079979150
-7233958735770147932
8088680666591009506
-7791756296661656149
-6291488175513781205
1850542826858560121
7636217647452290141
8231365623241055172
-1082495989656468593
-5199320082662213410
-3376819406402587836
-790553817922318020
-2022379123076466478
-6171579194999559053
5679059556395210698
8518509670304625163
-5110163287426111365
-6485010202620342297
-435373370888436268
7208933075741831204
-1046046665457597024
-3959086348389282627
-7651000830478376343
-5618974205297771457
2224462993148188189
-5216456330647731053
-8649768833684786063
1243850337342735280
-6557204531669361522
-1804236677766212235
1264069844246528213
9085901028496241028
1687598063453212605
-4148914344731051060
6466448914127012579
2892930811408174530
-4111813122101564145
-5793311307943405070
6298809659667116623
-685735248950542729
7936927025452420361
5189380317403024487
-8288098744336345081
-1732362923014175372
-2521382520373008693
9106410449860805908
4690098940866733583
-384797117376726584
-1334374760805346730
8527927449933358898
-399462202984238982
8071031324422951044
-733728851150915013
-6545530715854329474
2557422434802001879
8866082090341308479
-6591210454791425245
3200148782964018254
-7884618937466495072
7236205322441940758
4468069374536585940
-1842094641518430558
-4054782775191364884
1787180457448333889
7295162191394294906
6586467128543422449
-1095539159239266015
-1611820685004680874
-9013932196525827708
2955818965603051987
-7372384361630912370
-5018988952631111262
4112616661373317064
8542699426267767031
8394663805008357730
-6042456773307862455
-6554408948468055881
-7568940080783923215
-3201590740423478054
-4944310152043765047
-2515733262891983578
9056543896625686481
-132680932333003552
3607104868497861713
-5411197554561818631
-4457841593286928634
-2662420979904813770
-2159922313093760614
6433013774586888279
8493731193788384511
8121887758227005646
-3890474610855431319
8806691164981711070
5903346017399389564
2767428250157548872
-6696261209969822133
-342865919018940824
1021251493645420455
-5514710379472613465
-5379129279410454196
2476811695984314468
-1035146819582484237
-6850879500626058767
7702857747599038258
2164410541964353746
3699305078812310527
-4873533737176164685
5486099043789009901
-4399309114359064234
3963819183126192626
211329212231621901
-4031592333711616380
-6419516243348332156
-5219209364401828328
6500208862274998083
6637595205894731067
-7532592171934496130
1477778465039161963
-5769440702763931578
4172421150651709279
5590713695198847128
-8145927432631047791
8334365658868351315
2501803169965339344
-8674131951083785404
-6674248676279257011
1810088409592355643
8946818914766418196
8430233108156170467
-5335014688666385400
-6989546245210895710
-6524741750680139784
3442273877385773383
-1265639720018065467
-663396073909015567
-4047067828361535639
-8226487336002060214
-8474375600043002113
7019000756106909603
-5518626638277655778
-1481894492574208702
-956631051384220297
2306933046828835271
-5976929708163112434
-1809860046020384550
-4014632606350234492
5232101374599149705
-5148575565914101745
-3854836123957872479
3231824860333130482
-2105974857849686661
6910463737297335311
593755500720208044
8509275332549611915
-1975428861531097333
680358821212972422
1468437458933656210
2108244719460403201
-4564162410830315204
-8714151597983534685
3221407887273190971
-3409304720189171421
9106227677467403133
6655704652440225701
-7189345339523114157
-3285734037520941281
-1743064584173669610
1989466857462124764
-8217525509247134243
-5964778775255151448
-5282119904115652535
8868332329303174641
-2156518217677613729
4783837776060522975
-9009952230050322158
-7359356621173910193
6512466139216014945
-5500870209242744145
-6643945534818117407
604788014330683466
9193284090898023298
5657894353422353380
-6697905228780883404
-7565699189053405377
-1273657910191554866
729464952017106443
-153459188662259311
-3606942328357425606
-5854455122473043235
1095308977103160225
2381603828532914645
-6165222954759461799
-1198783378407402207
-4635490882599931059
8186145676896881451
9217993788161421249
276672408550609989
-5972326122255639380
3284327105338821956
8653104594583589959
-8138020951852063143
6073192485115534373
-2859948966293806506
8298408238088319261
8381397871038568246
5807523033519536717
8152716769935824700
-6521590909299128455
-4252656508607148366
6605550864676218621
-6270738811103726397
4702540836952976367
6312258154649637815
7700304190428986189
6637940219920411962
7701926427612402828
-3638749123862656795
7523723501579120415
-5141218198513657213
-4311305285970569680
-6518428204678470396
-8428543524652766654
7776357604881784421
3525849941084110958
-8470406483404019152
7180209483781648308
4247849168132570563
8449287461567675098
-314988131237457016
2201766281013566635
1313118009805912877
-5752009007914883109
-8275892543164041231
-6634970156643396444
-3680130927507738889
6998266506220108680
-7467344055227625897
5286304131009341238
872013508708017348
-5979312038753212281
541922621478356864
-8802314785614562750
-3401271574885380200
280203953543554033
1514316558738474888
-6936680068682089438
6381131166326626523
4733124740621522259
7431960283547420028
-6806835617970405269
-6453452924108087262
-2180061618909666632
3914695536958897582
-8924575002454421724
-7569657235173264168
-1094166198419572105
2791840189528181812
8658093199360300315
2548579645960924673
-5895896225271736699
2723331720420098435
3955087329006178160
6229776966773132854
-4393245187307406099
-2129488478175736597
72931381750571820
-6327433339317886413
9116617495165458673
2364287641998372152
-7093723779719356579
3264216410225706465
4752435860311341925
938273329687357273
-4791800305855891156
5568744770188706074
3834383661177674683
-8516097197154121878
-7571239255628817879
-7666087746588804229
8993500067827340581
-5126562970870733886
-4530152457217975505
-4413327174188916818
-2155318093543845119
-616797171276208005
643898186065973938
2631659055247295158
5445027792306144668
4734444751888741939
-7204540460517784385
4716147232518599225
2698804715600719480
5242484732506912163
-1548345224562670605
515211483239317432
5011845517492789187
6249980854569070581
-6226568100635504565
-5078362557525636618
6299689119357766940
6969725649146388296
8504370054078097651
-8484553590916115434
8386079363709267660
-6204771650993724029
5115961178555143062
1050520820063128720
-7784490526381681676
3430992968535725372
-74260231288598807
486675362390129472
-6820296215718151408
-6980607565733206089
-622249594516711223
-3070473568722745940
3693340168404138012
7563072564151145901
1810247923243007835
-629679348199155117
4735946840750342093
2355548787899299357
1611149624269496146
-7049003600202018772
8758458708393981187
7435563438693915653
-2588869166266661019
6242211908708025680
5464232769298784071
3240210832654585584
-2554844544663266825
5627811338452586749
-2844049644753204736
5378050086589096779
-5354330119833739101
8896309378065317463
2385793225403994300
4984252535481269561
-8950437094626277807
-5761217628888418097
6353127162997547088
7469295273472429185
731772948002934945
6998874560335277865
-2280496629670485303
6275616619795821511
-7901095038174976385
3330330127306181015
-7472915668408605723
-767059470962862204
-3009901026322831357
8651125153208579407
608245230425631883
-1257587834516262583
-7584542038102399783
5074862642580305889
6336392397096178083
1981720156241565701
2104182153562152048
3582692826056640374
1664282504258390781
-6148386405499153689
3179437096168099442
364318618489900684
-8284095980707664380
5306338916045879446
-968009506234313582
-5129711893881461992
-1177593264355273321
809033599409147771
1246682555672966409
795055920762226253
6929080835722659022
-39017563179480110
-6322352720220390965
6351053950212062702
1419245595123738129
259726871927118282
-92395476240761390
352174363239251565
-4892473081160865289
8706335326247075028
-1395802809981072259
3965674358866711168
3218994650240214879
-5736486971931803752
6181523393862007032
-5920595826970950351
-1561424770523927520
4992585930607863417
1470873831726244425
-5903904773068639681
6638221911195167196
-5109662008072523089
-2929488066340028480
6994740327782986022
627178469889143695
2797163666626226310
-1924077053687377692
3849032200050769937
-4754755932991449561
-8424764523373138787
-3429680350370694179
-3235653147365713634
4691255434835823366
1388942100382996026
-5534183359285759200
-2794966770440880826
8893264942088407357
-9157203916519211128
1794095321258112265
3544246752343574963
-6403077738376643448
4244215671734951092
4226239092896501143
4060924389248834802
-4707174164259279454
8395260483419681563
1250154810628528296
2079133047671727191
-2050444337227271912
2177701230602563205
4683269122269596394
8324671691823740516
-6333058007644565035
-7004634927049256360
8876080376673386817
8118296936305202893
-6312457937024448688
-4243585622857619833
2852159509187337902
-5638050151443198398
-4109486860255497871
-2006039878073531351
-5232610629272547719
5300284117225268691
2616933422604480629
-2346955288862868529
5840919179086443854
-6354100972727081525
6844156435742814395
5836682487934525360
-2641744903721849305
1334279208037718583
1547253169118091040
2119913915391686781
-9123487565433552170
1949924941596516649
-5776202615113517908
7170190151820177454
-3759841963562430132
8537064355687881445
3796262705750616741
-458099660595385086
784159247841536028
5431704531666532119
-4638714495693862901
7199052341430431982
-9178206117056413810
3239694480903452134
-687168765137999506
-2949936587323718085
5055547062443492788
-7259884248840501288
4727311799832784911
-3212416213617095499
-5271743944094759327
8239439392938575145
5665979520613998260
-8128713192696337585
3817879909491418050
4253025759828825560
-8469321625381423529
-7259651094852676350
-577132224551581524
-111058822198670328
3641836955862981616
-6426386656932552009
-7878567521300505468
-5645086545118368481
5644692525418642578
5215228082981271970
6855656936212198680
-8393515149242610135
-4471858402130039292
-2572996795887606628
-8301476576912210018
5605106586076884485
4401261218736751649
1710739211889363875
-4631317167633203338
5119150849947899221
3417624709468175168
-933629170658496629
-225152183750540177
8944077285318186599
-1705964243969525022
-4861297404460772740
-4426503012080127852
8274340153252482249
4817580407000058868
-6408524611513306791
3008023212516939509
-7413214589713178390
-1779390631279338902
-6608424516568677939
-3107597891589305841
5712870182289715798
-9218410847685210191
8322043975669186575
-6343431741683541664
7466618770850623807
5159940167442905981
6335601039454546775
-7140818495430941724
3890980377406327502
-4358849590070535912
-5248161056410546312
-3301395675599700510
2679677105840017701
2917855923548282572
-7044764225122780931
-4094511204854162004
-7836927545450257634
-7083592518889188682
7730742642795238545
-4805353414056584683
-4918249822426079873
-1788861899806161729
2141636259805230547
428167006383955167
5342763022710013304
-881981387972479068
3386439694471364444
-7843495881828410694
-4670755995955692973
2721276172097597200
-4756938939637613664
8075899227635468248
6750684330831338605
1732714637839703535
-4702347431647315402
4161373859403005921
-4420983452265212782
1731792089995583928
-1024505760835735012
3010026340309531189
-2869076602747393251
6232838173773032935
-1234657667281867837
8449657040846690010
-7869591257940499407
8715515188305061517
-3148852488742742844
-3041437119432832802
-180550713279996354
3933904990914403957
-5634028441659901499
-4773551897959675155
-5226124524698067301
-5862131951354543845
-6449636159593727287
-829370289239298194
2549583874639023255
1228265161805359957
-7512122903933776235
-9069000855797755535
5713872552397667255
7203287085787562031
-8555270713153191748
8128535900879737901
222935525646887425
4995406349846042187
4234599670399787887
5088161571701006772
378047266584186648
729950610518859762
3851642642786210460
-4769029583960841249
-697778898341069391
-1149293764653461669
875027747038566284
5581852890748330882
-667297345436631007
-2368727996900557262
7700971670022050393
-9222593892813019674
5172174041649679413
-6779192159062148942
-5060109456975833956
1970885238804903355
7135345645009561811
5631501928316102581
-4560126396486561813
-6486554663854195339
-5658465775837942765
-3403338561189996880
-6914821884303326890
-1472381639608806058
-7570543996098235728
6389921336146759501
-446065960237281042
5941337554214334601
-2227176191699840550
-6960281121022314999
744844361450514012
-7202251374949234399
-4253549016055006872
2261228622150169965
6783241277731799251
6522909888427832988
-5642540310813962926
4911715600628010594
8126480405553610998
3722804413546501795
-7016830487759744323
7722693072793090420
-1284433526237425300
8205915150215471806
-5650666590090242482
1991463429622935212
-2235836810840492643
-6906836658987567186
1568362457443372096
5540898468449583138
-5793463515062289479
1031979462639706545
-2169824365025428534
-8058051183062460180
820502104275218579
-5681874642234404914
-3733760558691699829
5094968452364802301
8195284516740316088
-7291779783453665272
6404731106779383753
6503649540480384553
-8863682931297940442
8235622827849574838
-8422816181591049007
-1842542868369058189
4006239676761735445
438018514242907650
-3273441317087981481
7902006680119695982
-8349283805021732445
-2032358027884237372
2194507124099954881
7551880297828039356
4363670239613851270
1878962215836887870
-1003919621124484647
-3002306178369653711
-7805771589002865256
-1964775339150615903
-6411293625377140529
599623139359028073
-6395065978119761960
3989210213472893034
3500621805247520409
3341249667500275681
1371122528258464087
3939960740586704043
-4380660927662744935
-1741468358108824282
8846550606360544984
-1395025488399469500
-1654053132716533976
5853165125339374017
7232075863513624090
-4190045955157221513
6268707322395793343
-2859340713377925412
-1850638982493343632
8592970996547248601
-465535968174328279
-8038553802423198979
-9110119238714590440
3830375455106207610
1140036356577300549
5333056368869859874
-8049055805558389849
-7346793436264047316
-1703734056536950446
5607336220713280806
3995229030108519982
-818759483087845988
6261774792798802896
-2824462392552164459
-4323790455542821900
-4693535955412434411
1812775466756805847
-7830503179062968137
-1739355442088570359
7898390851904524576
2700408064108978381
2098413952068488737
-1630602524667887323
6009821325834114328
9098001923686376727
3507764061759949433
-2407664859516033422
-5494664102113678510
3258445739285479981
7538833273368716413
-7395864813303844645
8043080963515315752
1319834023594316707
7584473653583026713
-3571342892551429901
4181164677378735443
-5191262793130783720
1830444854026279635
-3214376703858983869
-769028553483167150
675134537022084353
-1585429068758633967
-8092814143036426249
-5241711330060685333
-8579681325432148069
8575966276570656482
-2478257454769165415
1179857164853029016
6725935147544834373
4678708003105538073
-504658586722885436
1733373150318131652
-2507835124167468549
-5556113013844732154
-3844432926009470833
1685166781664771648
6102044100386291706
-2038863678069293683
7547996508124863139
-8126190557117538559
3355372871027330833
2070424842354178695
3337675359423240388
1366553280091055354
1884221880490171426
8087457138195400738
8665147521696017209
-8320538437474578765
-6606195845642548632
6113697101025804609
-8055692268256143721
2021292556536586668
250603401657146886
2528948312399904206
4010511621365019281
8843032429838369658
-199898881972997943
5477712084076239456
-4969592944870748048
2518765659278830980
-2638385729532866661
6262387799996585809
-7426886832462624293
6031478240360056176
-142910282830388301
1170707472456453297
-1479688029005521586
-2198732253615583215
-6682927135846928212
-2132548387186962318
322464947464721281
7501037952000207135
5687363682407612164
6861665253197116628
3380730643039245429
-1284061074874278150
7552391536888030272
212268246274360772
523517571913995320
2515493932332086140
-2212808210122316523
6481095089891564765
8174485091551047309
-6073288832758589047
2201312075667355784
8252285531804158504
2140339513212889297
-3014797533224081197
6603737009262611305
-959204705836749647
5631451962279700923
-8834112537079356122
5248779089893863242
284785790610533258
3358977668175898568
-6524879620705199207
1456210675657338857
5508056296502552575
5471801618522045694
-5621323572390711315
-6180042728895158174
-4507402530155742770
-683905168897971701
-8274469837947691055
-2406881083133034575
2633748101145838517
6578011353908481060
5457476845958919072
-7840396634979409410
5792285397178448610
7966897842417734341
5809990067288738888
4168207450964947953
4791059829818555128
-8047365293695896292
6267957936715717303
-3163121836707034291
2409101405906447125
-996055496528148397
-6626185332998227810
1847731358488122053
-5327282171248837021
-6956294877629492984
2489636437607487246
5924690209310718640
303591452160806620
5498207094131853576
-6321740923155081811
-5143275198310015790
4044187603546245149
-3829244753948515247
1512262294244044611
7401328794768193331
-5866125658009458167
-7849774448342342316
-4805647217959830647
-3938786530925390381
-3251266949563475442
-1888094541874207331
-2962339819802837803
-5779753383497895069
-8710889576679635489
-6503855289017461026
-7190145799790370649
-1920281624731095036
-1474916896135769651
5804190098793804640
-2369014494871181061
-5855676153317050255
-6288891779593763541
9066956898031444945
5806270425207663180
4163055316847043636
-7931005378350591674
-2258565996754849714
8540359479023696591
-914938270143314140
-277224563303412023
371641770004295374
-8030685483123598385
6619781861627303180
-8017363266566205447
7161577325360880599
7335415481046670771
3054249825856610131
6009360802234025853
-5921119728440861562
525352130224394154
-4180240747213354761
-6057183467063788782
-193321448276760246
606507662852085829
8586027344815571939
-643205062949133986
-3002494331415834151
8176938140320738530
7423686473418856904
-5525338215640427581
3746395709438619457
1635568192515106373
-7554044832222742551
6188820257600051686
-4299103283057179287
3324318347970666474
7276991412864424533
-5761862365695163752
-4162575238399199272
8006341358500747405
8159311433644274860
119308595149650796
4511188368788771430
6549326375254893065
-7943182093189441131
-4884229520431210965
3155436967682581301
-8432678876233395940
-7281237529858214644
-1000879862959179718
6599805568564092404
-6517664489718497144
8044487637780697130
-6128457588282060239
-6248399505887362654
-8599690456915116517
-2559310286437223718
8341973468062631330
-970433283935495652
8653485739526604510
-8004686826366681511
-6482638453484002660
2279225209494768395
-8136279761526780993
4915869177561089258
3672700675456163427
-8968058022824410866
2820564393127386978
-3328619779982207342
3493853026952302573
-4579401781120177179
-3078908170972588458
4740333494689265045
7500401194879669113
-6966096795976852348
-2268473325502162833
-2972871947873523840
-5574379331002166638
-5663000936084263640
4728177152293367608
-8599527494984141149
1677490225592660321
5428390628870656640
7370642549797746519
-6852566567180592069
7999363629168352582
2803984656715074499
-5401730473425030252
452155979730182942
1064163769851857684
8743690159629109706
6002768007267077360
-5173893172827847329
-8768511275343008755
3214843640466071245
4445988485400310927
-4255428666107402945
-4255938806523686625
-8470068259630739181
8951145414471957303
-4475560648255797933
921725853784232475
5350198182129307711
-4936048893529509877
-8582557491575617479
-909517101193648781
6366283796189942474
163630872843891990
-1031634052759125298
6285962807202910492
-9165139475505520593
-6907794777000997907
-4820822720422503777
-8801430138550322870
-1728945884929952581
3456611126837345423
-5223405689978993666
7762049600412133271
-2462326020900783094
8462801780559460524
8412470308493835416
-6616762565443927241
-9117859354624548718
-5804043993724494316
5234548537359932157
-7018477630693230778
1491174912277967900
4469670457035652911
9146916542646214890
-9020622654060562948
3374955754936256235
-1822473030413858872
-6496101450560408708
8334998231577283536
-4795091618887003544
-3588213894674842478
-6216185834722189311
-2872179899196886746
8099400911760829659
-4537869541199541761
-7151737313160737491
6980009701036426890
-4150211443896991020
-2569590753433469928
-9098186703095411655
-9182627728284132629
-4527238770954448298
-3927426698052578238
-3102234683540773656
-5290494671350143061
-5457723645446057922
-4224073790874944519
8563685805624231872
-4370337149623004344
-8520830266721012182
5474890899300848383
1323335963932264321
-3800418340086080446
-173336011598332597
-6801561697451245606
1337108425620062234
1222989262179000310
-7393100559235495820
824455692128336561
-4101601380860387894
1603980627159507550
1678625617366649604
-3670917904361986847
4756430008145484589
-1158977200031626840
7691288151277791507
5549081340824267261
-2590666189058004080
-4416863747348815323
1738413508567944576
-6066393676807411167
7648009408024710769
7505467997504184476
-2511328285361964008
-4854958520783242820
-2137451482711358127
-5762932449731829948
-5277743917449393979
3799768460050046122
3313655238391879895
-3557783511346109185
2036013771969222386
-2197455383060115793
3828035559263650247
-5199884581664994085
2375295261895385131
5470844774879427062
7120717072508783240
-5584573185205845189
-1358609160170514390
809090274826112746
-2242783992943150895
3087798756233745738
-3667938911078768110
-6425575418362375871
821813284741146937
-2422489661854054970
-1522342792757033206
-556081560798954835
4027833305246184105
512037552961196588
-4970211268803131681
-5960909690343857375
-7719342722990796333
9064775951171301410
-5270599801990034527
-7493702319595481681
7388958012554449448
6593190658742327557
6980806795490267090
7049184038828067985
333305513843869079
-7264662454498875955
-129461128518513260
6208125034469166212
6725445266946228646
2309935328275592314
3049277022417406952
-7584652571340128036
5924149530535821838
8663711985815484638
-3482263593075191141
-2625588419445649393
-76005987352500288
-7516357089037687157
-705758354101647167
-4822045993712075926
4658484609821188907
-6000878698513246746
4242696749778363161
-6788822673456614012
3366621051287206755
-3739129457735552172
1795224505063587699
-3601300443676099738
-2760612407459872528
321622498980393801
6676796515725701271
-5008979811742366669
-620769224947025274
-8437084698754875230
-3638101909041792119
566122485494191513
-5660052619023397733
5355944415837708602
-3376675118958204431
-3301296168398747580
-9199168779059543988
-4457125929661405805
-2204968219989806918
7935450317379302967
-64708264232468133
7031646005570105619
-634111554410045004
-2015288039838865465
585518298267871026
6152269058087748202
-1912485831465164628
2302882283010084261
4856491216724579446
-6567021465761635642
-9061097613694167295
2044648001216774798
2470965886065843616
4201028007649266018
7014625930495514094
-1744805431776484988
-7013600978117864644
-1666851593971111937
-2532235455405485579
-8595175701597843385
3312624993017452153
-788411825367666177
-8861879558828695457
8842135592848109358
4617400652257271939
5501972922451079898
4521576963229682563
-5933543863848167256
-8058187283317765951
-1602366593788921288
-5712029648383424894
3491083559363478183
2369522778649984935
-420168993516875661
8413620222351597349
-1387003989681533663
-6730308752612749891
-6912917086793145898
8299890788798944551
4801729745641115886
-4493242839368125299
5555839691857101004
7796694411928567308
6458297795413605499
6655628116891906314
-381893008340317187
-4831483348777268475
5629667705413773711
-1902956656127195034
1573410941859174083
365309937728535207
9064847884619213675
-1052916384240672807
-5060515131280410825
7293816435065897817
6423733381304207747
5361746680917096522
-4648866203050556564
-766033326659797489
-3937311590422353919
1155367633700463938
7277873120180159741
7196882310661244637
-8221012041587472743
-7993101018522772493
4087024274261319688
-559345869093234193
-404716442363315384
5035031683942896659
5249171063471043705
-4151397379746195723
8393671880869131940
1074757404113395561
-4287115765508912635
-2345045177106750032
-8383557705409567695
-2098114549438962085
-6251197009224189148
-5749329583066851784
-5603564974020068525
1076022333784118197
6665936121820258186
-7050361418042487906
-7493065107019219504
-6672522898330432881
4107389463029802475
-1087596202475013255
-5034764620991085102
2826558708442765707
262367576054884667
1091297526913657819
-8501101189244186982
2428274449577725728
4675716835575854122
-4210978926291376604
-2214066674005994207
-518544167462891354
-43850138455473143
-4050109585216007582
5532720323185345980
-8673265568462653380
-3291742604004894724
-3652883509932446978
-4325605939973823328
-2046630493588124606
1887675081716975799
-966629763858663232
-5010801163058026272
-2946906426477101049
840708315073700083
-5226496234885139385
-7662411668466554789
-3952659582415288406
-3373725911210993563
-1184244282216446919
-5230482336983882317
8747833758268143375
-3235052102348295598
-1048615011760922940
6181747794185125562
8009003339095672287
6605914141389659611
7438177937848675966
7614262875722001546
-4577248209016007038
-1887761870923269307
301121596732152991
6662972272948929433
-406619402087954160
207766456383412216
-535338655983529068
6368531252238673490
-3190030917997980132
6562997282427076941
8234168032422022982
-1070033102245596059
6684930744288761021
6494847934039133946
7459129065976354908
-453988558654041030
-197859749919728042
-6546058908412852209
85009283726974867
4568031007144945388
4275999766063011065
4458480581651602684
-7522900431701002625
-2085758250882132713
-4715081820157759224
-3053112185963938455
-7376200152496107102
2719943144857392739
6729559400097626778
7794915267151555942
-114625373372365450
-8324603415195880448
4383299309851695619
-6775523721206331738
-8800096800983825943
-6951031436271970243
3304178329819896989
7947262020915952337
7394261527711702466
-2538632727244320095
-6258526190125390680
-6652985079778839341
-6348986062298827150
4775648998708698789
1378718761224745173
-1223058049245838274
8217791861385783582
-4968772505111440116
736343349390515994
4798718899388523694
2672668743840678113
-7212280962621046505
5610037294625707261
-5113445676520845636
7528473332603502077
-2044678734308644740
3715383502107220866
2215513294630446379
5600045497093078971
-6723930726728477538
-6259095606771889140
-3781660126492958246
-4711739385586742393
-1463772632007183916
4831383889699591173
-4687461677475376536
1628965921777113384
4521098697348266206
-1470896230076007862
8051566020113502427
2853665869803578912
6958415484235672878
-9202141050450863569
3608990655690364232
1014601533240335726
-9217329828512903285
-8023718779181984301
6924519188732326538
7118495664345628724
-7502310233778842639
1567185848612569517
-8041531534424179054
8461213671358140735
8185986171483859002
9041877752064543231
32562420405937829
2161423711980898064
-5064375796217248287
-5120230490932864082
-5485726814159877270
-4801976698050067391
-1006274508589720213
1637669539058691929
-6273350121126739975
5437817112481334032
-3188451169672993028
4690297693069872247
-267902048673086901
7153060699083853037
330506206114358613
-7569699629549793826
-3226905020136201906
-2806463963096634079
6638503267167401242
-6088350612663443998
-3661381107351259382
6749824690003259377
2242464711764385683
1920051602030096219
4077384596104882048
-191943985134180593
7553286670684423687
4168606904446197662
-2463790913238891544
-5855115831560771158
4788642571013244942
-2473671135875668932
1952827409759530967
7282067554009962665
7415192839695456127
-3166211014135181552
3502240937150740326
-117034426427060467
4462560165411734562
-109512524339201975
-9163344319617269664
6700742724747406499
8811886262966417715
-1990054062803105471
5302738931689291157
2270165974114428297
-3561879539331001969
-2903700635969618234
-4372747613140393273
-5036401651520467241
2441940129677977588
-3176728498785563530
3852743189190463100
-4390473284337033026
8078071362104871789
1604671348533135041
-2243245369426214733
4488296981530027939
-1285284611471894281
1345080612321736688
-8619378680230075878
-8493649567051727327
-2923845382543258519
-3846867996078439576
-299209402606915675
3115541161966455551
-331196495657414936
633435100836218214
-1881974926243874348
-2400955236640368111
6817463505107693141
-3306457949790411816
6250082068295835822
4924587829064235561
-3085368553504508824
3009556844717235477
2399820599365299173
-359995510293222160
6661525108138082438
-2909852042406323332
4643673241515709698
5053940204286320217
-2141629931714435130
-5869225357768040141
5275158954424114302
-7708233062158816064
5008200608818145339
598768544662658236
-479734577651236450
-2117356622466206126
-3323102276887352326
-8515145599598103222
4329964334126775407
7517622038377233101
1910424814397717206
-2373745953976782176
811687602980580607
-7674603115381797332
7751340355640672421
5476005763691146777
6917789770492123208
-600138020993318630
4696012776704919020
-7472584975283467550
5770782195010579505
6824546091521443967
2516504518052694922
7757436867085571340
-4632074153311820522
-603900735280809624
8667533970195131794
553690018859423897
1396132256190141337
7646689427275530036
3359993985244791071
4060549751417699188
2330889427135884182
-8881467198457043787
880347228398793813
6671245909565453274
-2253791257453699756
-6596315710688189941
2707042401287384362
3210927512902204880
1690507044746193887
-28411070423467841
-7903408857439072656
-4411864785535193604
-7257485502902621649
5742133697728720115
5101648033131534649
6765235437240495286
-78340584655967377
-8774968903304823696
-4314939239647642040
3239902891060459247
7670177346524929204
5645340798112097265
8780570912207750187
-5686461336299355139
5359636960015256198
-8369131395184565550
3368731326677991359
-8541478398315611249
-7704675334609160852
5875469728337492166
-5677667235545966047
5417436133982908174
6628421858993540158
-2278023834285546948
-6797676330418387527
6869460865653172012
-4998005109959171165
-6031240227602106237
5779929065888074515
2073300781123463649
-874756744915268851
-6247950564212249512
-5965462629503689614
2029131579714818898
1673543139189395004
2797299583681397400
6292477017620790400
7356236704278677355
-1818358175248016457
-6361763180377444463
5249793246968633849
-8328126619916703064
-1960442496722409351
-7782923495803986817
-320233311363984260
2420967395002174018
1110995164032269961
4730189222621644758
-4074396172585858999
1255387478635453286
5683421844649606762
3272566998108543359
-4065545582158380332
-1464741705240708186
-5524745584348365973
5667655726715687504
-8582655231310466629
-3146375752083734952
-6675764322470021930
811882033264053578
-8449402098642789333
1302804629377192565
4544107803866177795
7913278157583659565
6795238504393786313
3333523846334557609
-4091561962043361028
1541277856690494522
-2859480802940545125
-5644761684585402478
-3833753046335362636
-6054352370503823724
5678742756998879096
-8264896085792441176
9041170819173823936
7285606537372078354
4458503210382123069
9160963338654391143
1567869968502891355
1625897843888234474
-4974945858651792044
-8365549439796376423
-8956125124118305887
-4505140883406403008
-8614705890055392167
-6878575539346310365
-1915048781356011064
6970880765444028377
8634366802094738508
-5439127609261482768
-6449701037681073945
-4566375139593516072
5765894579484957266
9146464480353248358
1583722869984515839
3770595825371850936
278635107841350556
-5979805142825798643
-3500096087098982188
-8395157524271952089
-6978146909310699363
7658114989240217766
-6178025802518990971
-626213219012867578
-6134096839440242233
6163758356836129158
-785688104797768147
-1981333719102820693
8550221708823854949
4705931248687958289
-2137275092489200731
-5668259661393824884
1222892993688925456
-2032072900286784226
-3200780157267080489
1723713195652992151
-8172910041606302981
293840258537306434
-7913484395487129027
-1301851723461636196
3588598495209462836
9168205791581293430
-337197141661388860
-832505159099665085
2819968320366643336
-2164879690185077109
3407142842426856217
-5649025578678449136
3396928862826108692
8586275223996282947
-5428086329499216117
390204749341891726
-2141904181966262249
-433757288179197004
1401672792728592593
763193742222473688
-8690777338189423263
-8529701734344135007
2223879764218933235
-2733801011009000466
-676854462550818654
5340191166698365380
-3970074461344725413
-9033332186147333102
-4027833217482548811
6582989237272866922
-942262146763811335
3819707050397877658
-961217365641028343
-4966795814759263979
2548655532614313093
-7958354554669216125
-1445462506333386926
-4537706851089242160
5979069918348538044
3977702102938230607
1487572666378649015
-4760915604385658537
-4235977499939974715
8568214240469370081
-6375264093974888715
-8588181101273585457
4867159057538881036
-4982308810680599111
-3220883233811091541
-4294295493371375662
-6898232383676302400
2454153484553870223
117473181242924183
8447383212469345108
-840429027293305701
-2953025300882714975
442139921230702365
-3711014563881942282
9048040414186741406
3023689589732552783
-5787981677149793133
4679413587310437143
9050568304138530261
-3292743885749078420
-4736359067438744763
5948963163201408853
-1512459548562517025
7365051187967519791
2529249454026895594
7803397301318668299
6457841369799733588
-6744226320710197775
5088033110472280128
-8452795306378574690
8302506480467712744
-2020971923128122024
-4705934870926669184
2771539221208714180
1543563922047904954
4280292419642240799
1848851324702710007
5251481237814562677
8518188482980764566
6322820491709683802
1855375621485708999
5143495018922899005
3367688834814458946
-7048837125542472683
1201664227616156094
553666961675820680
7254637951121010978
2050467987431125170
3638738609700932284
-9043236530298626462
5769653151949091300
-3034429698467492527
-2261191459185090100
-7058865946007759886
6902588936871251779
7339572307641568039
1742791187956311482
2096938662804103778
-1896712999902427033
6846267724239473316
1089310089431153328
6333871855787407977
-7871315661367363864
-7917677973666908087
4214591624534941434
3674299611809301097
-5152727701444170152
-6974200352451418442
2468146268591505259
7803458046612949828
-1092536962434584838
1399792003213995425
5511108770742673811
-3601792626499372959
-4667115358601886404
-4812946398490981730
124448768950931960
-8453990038672936070
-2020178333390057892
-1634160091460503626
-34457658914739927
7036554812477541875
4706757193263852626
1368356277130688099
-8289103500227939930
7493291808067676864
-8100101223894184262
1198490478233627437
4143909306899953925
-3728839674495409321
-8444241996560825102
-611135241681582862
-4018847137050244420
-3578007654004855113
6782513854505123144
3621380609735780172
-5259416614061128612
-6349224288597657724
590348355539750705
3061054940099810264
7771257497724476383
-3713191076657010838
8499462206093776048
-4417790822326281425
4909893025982550045
-687069172183671302
119869470958608383
61646931379020464
-7038743658153328819
-8015916770718792652
-7459005957292569519
4483815854507078346
-8544038043389920733
2848397316100532882
-6113779788873763225
5337406745963961109
8671800647097407732
-3743738891916675224
1785738960266010010
1959574460088944030
-5807400634135560681
2907857041843288437
-3666175656629784183
8987352148490533239
2593978629220986870
-2354216606977627559
6288472700765581806
-6763708965795129335
-5509556502512303008
-3171539931719022264
-2258195924131872741
1658529935556063260
-9053287386916608846
5571444282220113885
-6332178617636530947
838062324958806199
4492331395258188239
3864468147336542058
439972796831752476
3739670821624117232
-4911627041882908863
-955825373688047346
-693466575399624730
1627415161047592389
4896380732663665678
-2815310783892060942
-8467959029888808550
-485157614701377543
-3773328932927667828
1955167175392126333
3269800738047548249
7082377042857481033
4358383710296830527
-2182239323106824893
1264659809295073222
-7857895157131378184
1033997741790753205
-879581783613685245
8294376076412646687
-8679933770098369151
-1120211290697309601
-1666989750064703732
4132985756654640121
-5818365752529745417
7175448121165730864
2647420213902077990
1942515289352062673
5358562986259973493
-4208313480277452626
-8815754355947854566
1325863471001030714
-5501982416424284285
-228901967775358003
1541649921173195622
5373202662129776229
-3979195718377444756
8434422174409058254
-2375090434333982532
-2945154961987701506
67927612052052712
938957750936631047
7393361113872688303
276351217381772115
5872222477014425691
9205620020107353922
-2872410035221067230
1163311333678481453
8537641931388560725
92245177760475860
-150698752587071451
-1993185610016088393
1986246188143323385
-4067442272860279255
-1306123391659210698
-6247662180438229065
-6089408733650834487
5276301757047599635
-8205968466245516292
190731485203793457
1671589869819138196
3509652928279996191
2892769121899907976
5962053071728109878
3057526998272622064
3771136901478256146
477474749557378385
-4412128755373008395
5700918326210250356
-5576802164512535369
2293988654728641324
2781494594829306099
1696213792901292441
7517228200990737452
4477114345946809228
8909647695720884508
-8495951917010276797
7692725994425102831
-8564687352714012181
2807008628922572008
-386671290717952173
-6021895210919025299
1032490768821634283
6480363356068080648
1593621665777011992
8117655550069842691
5939362881255051585
-7477565561265152320
-3655395042050928866
-6754454691705627110
-8777210986305960579
4966350996203336911
8139973193862027174
9155998583161622668
-6542247693883417828
-2609767909497430720
3483279350267640965
5921614672561449271
4192374593801191845
-420563308663194753
-2268929571354114884
-3196137023188562372
2527638474429100551
1844018282300062291
1076990545408123575
-8350984490767745635
3248930374063277955
6313109296689300355
8782931001975866080
2903520216645857113
-7697798632135737845
-1740841110053520353
7060212937939121900
2791406798885968464
4165264909971205029
-940412062487054045
-4723789756062138610
-2962465949945096946
8834481413358506398
-4701211379083910487
-7876245028579223979
-8914232474603597225
-9105349883453562655
-6902613970850258886
-7470033825382559412
6797914098345326683
-3696823823872924928
7221031025068105090
-7607685718565893506
9035181278463110877
-751619393889480150
-6419540951805305958
6129631660654128989
1443068722995008339
-2733207936027212185
-2234540136487364663
-4669372224244061151
9099262820249352103
-8204394406769081090
5158668061708172660
8212341151897333919
-8723813601919084757
-8044283699993880168
5772323839463537722
-778869391022950559
120506455042769665
2275094980348346638
-7632532696282649966
6459988251000846304
2221872824246231782
-3297462290316946008
-4793913178909483861
-6061345898720170120
-8643358099595632930
6747743323303015805
-1679075756364433727
-79725884145102526
2852581918398633780
4136968057532958751
6793023647672099915
9083878523102883210
8972972498326010164
3031009086903502515
-5528592707107281646
2817485169566329149
-8262140920034557602
7888916305012731943
-1441706972099151027
4311822776804964257
-8131022542119915969
867395606487421601
6681233169535664759
-3259035741035196827
-5607383364015703128
5578177323072457686
6589916401098961227
-4750355494618781720
-8296562808761989703
-7322792947692932166
-5945919300645711214
-300755259685823827
-922186743459245776
1164581890617864695
5696009860139960318
3097559005255179309
4864425218814815049
-6172199088555119754
-2294240627952737336
-7044676459423615983
7762643605975575279
8332309617819660717
2019966855179972892
7867321767109452093
5752006761970316407
3316124591944782843
-9138494900691378550
-966058686385047145
942189880275598080
-6819867585152909290
3694854149899031619
5625398406428700089
3524019279509571490
-4675500673167311553
200961601825896542
-6589715580545761949
-4934796407761669012
-3670720113296702223
-7141181881795829482
-3404140820970186292
7844567299296857741
1323806866294460779
8915954940594054319
1373150932485871374
-1451851160856699474
-3667355355163807384
-7366328161502010054
-7064962395395852068
-6097880298939510185
3686463726272777056
1457986808366338356
-7899260637451409879
2570050269653140026
-3624837733172289292
-6516126380167597477
-228598438130803014
-7354487506380263570
-7087461733686271742
-1098428609692600388
-7611628114848426319
2350620735248593572
3737684188399995090
-7582559597929434780
1672693945584365653
8058146260318877673
2586051703073177054
8109844694629036030
-1973486986795582963
6206238796500924732
5343825966935429437
4084702285842888986
-8368284999830601724
-6464016154022566782
4992425336695724592
-5616487457157704505
-8195318130210722423
4924849573358847767
-2994246934597458525
8559241727886893726
-7794073700661418008
377415129481420598
3968949468483586813
1346675259545140595
-5272653249942836992
1258280519427848499
-2051323507146557656
6268914891134092320
-4643346179177542778
8592103123809854386
5170426235469758428
-6274824724559035130
6956757652207248168
-2592285776727204534
4646835203752170982
-552983558956645746
-8287904366314774055
-1807699184207758757
-3519636640932850870
5642323711005303299
-3720264193470593106
-4451890111195646988
-3889398752960303382
2873640628377532883
-379731442419509814
345237816513591452
7160623592821084320
-4441555138782786456
-5404913556031892559
3726997641723926498
-260161298490675870
-3527619530052826347
7525249612739974762
-982482235682830775
2070882942069839595
4170490627084689365
-4668218954255374733
4872304933006126251
-792183609032896657
6212510575044726093
8881472845023380281
-6785627682481551657
-5743038853280680620
-3890782070069145101
709550484397465254
-1863926940404211435
8612034891575611793
5657471051741275694
8836253815526751128
7106095389058958526
-8970430135452897040
-9053184454045720288
8554496243282597673
7995349434404492189
2732482393309269938
-8571491032729365747
-2972082026817321398
1779374939996647600
-8871735125539899843
994715739203400716
-3535569362630047005
-2838967843172431707
3579755656134986941
7400709626653684754
-9105528611442965839
5711194818937189058
-4413577529674580064
7315156223601977695
8725463109721730227
9080802576828668798
6656491675218268526
-4101764904538515179
2095321064420564178
-6348606713484642694
6609425090421925661
1327226999118199792
-8954566219330905684
7346546081247675225
-7120454439431465827
5000149048784087186
-9071825988847024898
7515603233921918627
-2265544876358250771
237018466702424640
4059968865343582230
1274661760786680032
6549559891827713211
-2737068414224931594
-6714408927149895643
-219241727501896284
4565642605779294768
3914165120622313553
-7594263130314287319
3204630319097224694
-5962599528859148887
-612456316459472805
951905905220327378
-5284888088778431927
7590473563345592538
-3665184404400250734
-576351277563790941
-1191260176227123228
-8192108825733368588
3601703939223827278
542463270722833462
8529212058069303850
8057045229797925657
6927635530170290578
-4107829496295495819
1648759945106595917
5692869669564282361
1043537261183351269
-6166218539852728015
4901015236629822883
7651213909834768549
4697209863567058080
4361580026732666394
-6706324053369880512
-393424574481030413
4430242911278280216
-7928364684165760589
2239795858266441477
890453969545446127
-7170416730888221444
78273322136055051
5334806012758556769
-640459777636879379
987822685630626156
499970998627596101
8015131502497763428
2062626020355563782
162066862956618706
1144992919828642061
-5095499802312507405
1141020155542515581
-707555872546496665
3635587433925771226
8537992906626681215
616717223816692304
2588331051741021315
7476305363366962653
5914680577530257572
-3804553990694397301
-1675164274832188259
4954157467482669778
1802363786651673986
-762593705553647112
-5053569227708031560
-3475175901126708774
1540770105681248813
3374786504025110904
4341544263556883802
2690197683469408893
-2070203272185049068
-1362348564122055745
-7706079214296759469
1111799131185389599
-4102795469881641137
4181863092114862225
1594492180406992500
1807702583140441566
-6437900419568745302
5974922235952629702
2907490352435160645
183429500669792682
-2804039241159279504
8639558036282204899
712079532632287265
4259751473255208664
-4844978882533076091
-27255709444191505
-4242355484645200023
3186126877901682240
-2050857090654211211
-2018897894578796064
4581074515949458107
-205872446149788020
6902688036070891211
7502338526318826848
892242376639692017
-1141078802648924
5985964563679426518
4394698561116062276
9163293943717365023
-5067660363275823325
-4645584212118073106
-766022710864623543
-4313220398037177015
5552396248626616209
-4789321704980886869
-595517192651611647
6977135236779321512
1662237997537739571
1718216819497296052
1876264243585082391
8095891384602410959
-5339547990921918840
8312854955451026435
5579176299779579559
-5545889358116549443
-6305617356467364138
-6743773092541374737
419099067255233535
-3121611476289464781
8799524934626475912
8977806144453736630
7959289359815782674
-1516716814308939437
3205889973444151183
8043181024296803555
-5674911204489332752
5133919278908703884
-1767153650875949066
-3791479625251391848
-7407268234954525230
513696471394973809
4212233653326075641
-57184978127906234
1855528585541512228
3163777478339539814
-1838944880132309769
1417137278000446358
4431708698180042493
3264750782981282643
8152257633110254596
-8383533174557868339
8786063857207345881
-8361415466316947907
-188067069725649939
8669933768028916523
-2121517815237639361
-8890893248064730393
-7989655647803824330
7081735761378253315
-3448242227907954870
-9199233521756489841
1012108563442361523
4774921050559561159
-2951902213690593373
1949432384396619138
-166637096125053025
1667908873501073711
-5699251831099462521
-1341088824783218133
-7850850845546648577
-4026577726168107784
-8926431589734473419
7272683780292765900
6019653774024522125
-9154029023206040088
-2318155745583257559
-4308249781106142215
4172828754517638430
-4507866897430127772
-2697873460938253261
-101290196185146158
-8104736199368062800
2836119299579007412
-6533785003226079266
-5943574498745817087
-5758293397998592967
4762934138689254662
2164797802231921605
6099952565841933
-5545022857113564651
-8727473915620767986
7268350822923701834
-1751521602365669613
-5418176641429022654
159425773942551624
968151020966965503
3494221231584640296
-7021187432555396506
-7629985628236802111
1040697589867573382
3617831255822532301
2927986121828143085
4540686060452318636
-2686534825892965611
-2447419020187479077
-5461822096303336223
-5215535407149277063
7603921145385709372
7637093895593961257
5774418134169180952
-5365994633661381011
-8762977740394231943
-3330028234137878795
-7164476280509593300
-8470245136558983199
-1398827806546685153
-1943294073642746532
1128323499664416996
886075697616705078
3070619679981024241
-6550902672706701842
6713101356064561739
8933964663304863975
8589493643428083453
6629739921756700479
-4183253114738160479
6327210208280362355
-1109359056696225759
9062030465281821205
-7805421440219924857
-62142244096008519
-3129503274902948398
7430552724473459636
2703181754161171511
1315754745606388715
5663590832871734278
981244386234723507
-2891066584415247962
763259145766626058
9046694681265007400
764528668530345932
5257252082630090471
-8615386650368502561
-4482018180847573433
7250361927834315184
3353005998737586777
-7565216817948308735
8946277186664816446
-6159769134798693811
4647740861693749525
-5218746923333628362
-9192165759718880400
-1670768177195724405
4515433978102693337
4793284928545362876
-5675534442298689877
6700367712364262633
6986800638631205714
-2948199750306467258
-2995295410163252263
4248451308829161576
-4231668485546079091
4034378680210364842
3761667176077143159
-2014069304170048020
-6228000283195286865
455740385124017717
-6780703193365456299
7728522704300360517
7118868801214391591
-1138475722891516570
-7342304173320802318
-4214965561246148491
7502722319210003357
7754532958106308431
532707229550978687
-5937403924337017461
5131341547073123267
-6513347909101774647
8572115628083493930
1730659335655376179
-2940513699552176179
6265622028234367534
836265047784376640
-9066508270139799577
2577330468211969527
-7016060839800340630
4282225118798728987
-7109784549406106485
-2689910063846743415
-8915623767227079203
4105377318050358197
9074439797619408828
2777146052068702645
5388443272178283207
6051741304061128378
-1677678082339194276
1652144762175285064
5715258650022864505
-4032459638270762953
-3596915451381772723
4624413054378557173
-9196510590072299311
4131966944248828671
-1991434509696877951
2609277922288652736
-8073026106256544502
-7804570643533722099
787774689596125405
-2004592262877213760
-2902084047999681075
-8341298371701963941
-7268366553480298107
86204085696901563
-1370471828830856266
-8150792230119551507
9135910343686253193
5779770278583303336
-2787185396917159815
-3194875007959742123
-2703607850168636948
-5589156202642419679
7938792207775244444
-1587011063034622240
7011892634357581483
-240131864250829334
-6415230170715394719
8932158468146948549
-3354102010533443135
-3424056622867476597
-3613203088832248579
-4026460071489158414
-8922363239923283186
-7456603014668742253
2063277649487886984
8168327938862965000
-5351297019997524619
3836918555997258430
8952424075490930852
-2573378233505443093
7033856010271757424
4887163641295630227
-6860703699283022648
-2010590112734588008
4008038735197356053
4623229657476090237
-3620701203278371599
-7169859287858896948
-2658489306974291120
1381398599819313925
9079368039921812598
-72740998751009347
6255900269367624169
199458381884317571
-5679994185066364872
2441694321995990788
-5313323851046560047
-6681121336186437783
2667086868160400282
4617890521510554415
3055906775138555575
5942346320370198583
6367223681057323241
1501015024545818694
4468755251148777700
8041189782507699629
5784100685482841095
-3454102180169406870
-281616481729352518
-8503674680911908634
8922037673653841754
6812998053893320544
8616560018556715368
275482097244879617
-4561498501066758917
2294326809941260624
-1532861252121803902
-6503220551105725035
3844464860387614142
-8989145064685938625
4868170649793532538
7719152366492793927
1072268950912982215
-4709042975486513919
6923155375193916349
8301842777958264262
3636751732504602557
9205700774619724771
-5660244696939151571
-3691451072141782987
-4744107549300608528
5286311992053104082
4896815589274946834
-8670566309643345407
-3957482518446854132
-6143676492096076753
-9034413182933205064
3540574986268773052
-8623529163687650975
-6078150357413074714
-8233284036646700710
-4463202149185365810
8982618083201874229
7434736216635658122
-190749106462999658
-3722849935601308537
-8096903621126309918
2071192180403967105
1491598008704608013
-8422383429609964190
6274914904874710767
-1811775615132570797
-3616094601959892275
480914994558579768
-5291177324180918290
8285668027064374841
4825365670541014021
-9219970176315153368
-8619592133553086205
6940764640369767804
1163740872155190702
6994748686357641270
4261876991784996444
-3519727134807876245
-3488638978607268032
-2931576380472080981
-6888569584554782372
-4199358713946310294
1285389064016638480
8933203297306458906
5017037645148166871
2034116981270554568
7372764179753591918
-945131610865541985
-1675474364326142721
-4907431445563197349
8040531099455595207
6212089187133929722
-5477175043632294323
-2296161188546937010
-1682090052721824762
6670931430014642291
-1625507071424501946
-6895647529511436947
-5812104726120783572
1617788477082149789
6077466823650090491
2728026911800276048
2146245390847414302
2602294833327407363
-1809662097786942206
4305179686991858044
-542861576837417555
4915495089615241610
6637228714027475145
-2211906723289534593
7882472292051962248
1589529275410223183
-3561815026800690102
-3223795541488945746
-6248611501070561413
1971816879215364616
-3213482398677414862
-1532282245446526136
5528271037548067293
-2231153785637056113
-8129148346581268329
7519582064279102139
2641175654117283505
-6183239099749912461
-7487793708684343124
-3935552043479860391
3837086068857406796
-1381883843531305103
-3165877747939022182
8962055418067531373
-6112867785015992946
-6458106984325359589
4253859931647309536
-8131752995140308532
2769873203263105348
3633411777888205237
-8899985433074930685
-6490318475817775949
-3500847733232249590
-8801960488307216734
-1567850301107805838
7851641152598872973
-5275669926919199624
170654646264492900
-4478528147572113999
-886583698087418707
837469908348813433
4010871945342408895
-4440235708490819915
-2346721771781331052
-5748741813784748351
-6933040479783757430
-6071473666875003218
-6043365923381301728
-1223762045037731175
-6494203691118571098
-6781321352811025446
880916088852104780
-4198114445510266084
8836484210472794382
7159614502841293073
-7547060023682201011
-6300036113419593266
-2082839705630299275
1925712678379449657
4328114679522865222
-1752302677589061181
-4219163756376816186
-8172401216973910355
-5439965105389550135
8752631853802287319
-3667961762221553646
7605597534410004510
3673005765559027023
-1435865114833461210
8309168487959097922
-4192128202997963260
-2212458084663671776
-2339564142940658030
-3060426319027440164
9075529644151802221
-8258220482486408228
9142968417561049638
-1216841891487503086
-535518408591424072
-4242635297496673987
-5979169178704742824
8973195017288016347
-7715695498747575860
-19091310351336397
-2962910559553446286
-373270574679799201
-705079169003328979
-4990371965913678966
2800101346173673097
-3834645805562077036
-4151639716700510580
-161896032898145923
-5184329258899735815
-8248016616721315477
7668466074194985121
-7258502248713024423
-1545005276768476652
-5499324011065004362
8954135598486020596
-6623170378212490911
-6144194099576157513
4977711115863119024
3823028792280328768
-5383153983888554484
9023653115315779982
-5726458189837639944
3671851609875010335
-338608803602509529
-6565069911166951167
-6713559124370341357
2732776441699370871
-4102414274242079611
2803858177198090624
4327598127339365512
-1590515362972454800
-5673776715821616464
-4929795904853670761
-1150191403382942531
-2627139645943292989
6158346433395832020
-3313410630148116303
1912127185850148044
-2851634886619140172
7062218624357020558
-3210122362011192202
-3302423541044638445
1499653377855151613
-7789513731692237509
-5829614083432315513
4400817398641390147
5304849092660520886
5652333910608282549
2381164177509332849
5611027037124568117
-2514183159994736851
8166650706556818076
3633791695772312318
-5633155210138351254
2563184725532556674
-847662452449086617
-5707593528328421290
595739916597421197
5741496145713698742
-8530672789384840344
-4475333775929135124
7069964626435973532
938038415793217349
3330802168452487346
1853336712929895372
-7560648124866296242
-8540199013997084855
2453690199372091522
-152755307507485471
-5427058835569773650
3033040948622902482
2008189194260780029
-7695318528355807566
2829601444721228982
5867988310253124751
-6946502929834944179
-2340441385793135627
320241918029030682
-3108646208749874818
-1150323688157349267
-1439353724588481209
-8714745608363642499
7946083067517654149
-141863730548800177
-2076638916213000352
-1906080338399818687
-7190972065805033226
803173481931402619
-6221065003387856218
-5368556434680411474
4676729147185674813
-1041725518103812815
3254324079362739256
-7296733401611175873
-7104559801133209938
-2284055685083115264
5289480921802880234
-8207140727331581084
535953512008108869
6351216750900485265
8537619675740034342
-5811733088455255452
-1178175232143166788
3213245950554370918
-7139283905492852971
8937139126619447000
5580667021215640063
3423282995350143128
-610784312244141025
2743618657846780578
-5054865431392868379
8657320219965965530
-7174591994978066220
1381680765700400383
8399899697417459340
5680180774205561021
-5665563124234801809
-7577884682771717780
-1353030334920923331
-2812823711942749520
-2209318801797653411
860346787517644113
4878507523015945126
8756966889954852298
6384274252495539394
-1760847707371028892
9068255545157836123
206495404221535721
7108484886250534075
8871019865812519791
1997663421718699384
-6532326243157931411
-2880316759677178120
1313860961297681640
887999360416009132
-7170201028582627027
-5178473970364972100
1455706678859905414
-8834873411955590910
-2098229168691712707
-7128013342836166181
2106868096866916914
2714391707947571277
-3992964173721698764
175250266515656501
4981156265519135037
-5598162755199459632
-7758007253489032745
8179909951758357646
-7773669012710197026
720174994659478272
-2525206937824620746
-2808487173184993946
1206402128872513799
-4481963192685348961
-8347301218986243165
4448650303256835727
-2105741767873662085
-4101813860553140926
1797524953733404447
-2346242217033763299
-760995954116255
2444718936344799020
-3554979319561051032
-6856808237707526809
-1594628446350628262
6860675373162421590
-4817802732956179323
-8241284184151641788
-1591473676364714322
-882104404363617236
8015439248603289097
1207148805527573564
6665710712642236689
7301400340602953944
4935866763485233373
4362444118458186944
-1958592468550656821
-784268789106349674
-8142937202000796341
2012334930845794858
-5209822513528364997
-6286980688469000151
-5030856455562891058
-379625136823138972
243683260396309729
587709607533470949
-6508141300825472050
1919723060698933775
-7735617097399064562
-3914960610238580476
1790426906132408436
6460933668815753596
8377630356230408248
-8902338599552592676
-7902366615633565821
-8291663912736213611
-7524447733899742969
8580760230471623753
-2617526237233432278
533101819174966076
2777457264994671057
5845886495806056911
1181929658633638829
5970633042370670670
4483607497040056891
3035434073319775637
5365281980872047920
-5189988332372714523
452751966926900943
-6572927471852275473
-3379176899753299092
4419265389744356108
3534616107056663116
-3375750502807764512
-4725879468779075141
-9022954994216215188
-4316585911188507582
-4979906761142765457
7974370106888900605
-1959321505400480754
-182466499269297950
5378690359766934989
-893167238429153475
4455251986970579785
-5312048893217026858
8548889142830083440
-612379272464370094
-4290176517826549914
-8185775784417736350
-5371438972900009577
-647476314970332520
4207728607323647849
-3684684671128227662
-4377875731285011027
-5693338153284021794
7837561241632598516
5068888259649067237
3166584114474052957
4443606197270737099
-2575609463637242182
-167992720819805637
8782893833780767477
5276136371384603351
-306922574505406296
-7869167221973831535
5308838654480763192
-1175038868075112125
8471864928058006854
-4791934470315073457
-4505356421523894193
-7768567474992830139
-8955683681132335172
-4522347886198209579
5646806374406557132
7985441598709979603
-5726816220209943888
7988193334339129653
3182255603750745171
-849363829977196055
-1401759932573149224
371633942775945271
9160771183180876011
-137020553066416262
-8588706285752661922
5296557799359427386
373829982660430055
-5612368947731595160
-1443400264598947036
3383502259218622346
6218140333178767640
4317066006382382535
6196809888858803805
-781796978687718345
-3773937283755855466
-9045165880015434970
2978342512165424551
-5064269851818864628
2286970716531041792
8736036495490560952
-3825348509334323757
5371939754771000351
1273661173845594815
-6021940877191516455
-5874729891803426866
411578340060600532
7640060673731002292
8266351124926135241
-3031648222528015462
-6500426476925089976
-3049070127753863417
-4481748899107140635
802968501953109611
4684146333299096693
8830073623092978587
-4442983412126088909
5994170617455160662
-1967307992579730835
-1314219198068297115
1968870199829814231
-3177818623610239332
-6239568804303492797
951063600939832234
-2580301863524985094
346769224403939265
6033689721574905539
269422776767190603
-8244627715874733270
7813901002968503125
-1201183781894565121
4080666555627746992
3931977290360373023
-1746998755359994869
-459711134824811040
1822014974777771453
-5588361939387871744
-6445887699972543231
1898302242954567290
1444242723546227739
7666770341409705295
-2263106772056049110
-4224118392216401649
-4322306635388227078
-2217821610766830686
-3364728951730241344
2652099253999466628
-5023686818981114439
-2545367048448102899
-2483970661925556942
-4859600669629950824
6012410610168114851
-349023105685361053
6080764861835971686
-325894392248486957
8049840293144687546
-872885870847250841
-10361620082394436
6014787226191087376
-9019109387007236816
-7098003025884536394
-7941485294285315967
6189043556826320112
-9028908484788769245
2858696224173379775
-1421141915723114815
-3390193681785447687
-3394011552334921164
-7312370332472185809
-1807445166042367991
4365171905130989513
2131749771664039010
5861333593369481518
-7539648914201508291
7756645638724614220
4620663275627474471
-2844899004391074511
3650821873733756723
-6941878402614024104
-2980344406373299747
-2151012733572657099
-2501337466731221777
-5129379146844118106
-2269202235838697825
-1126653244221434495
-6884472335754329109
-3460855248198233149
6743182240265646326
-7802255221135914694
-8605023372710622738
1779753027076909158
-5087108695842343347
-5965861626009712819
-6190157414867877853
-4745376973856733612
9067296701696312978
-3328243330697329488
7078675700799200144
3938775187238590345
-4655383907532976313
-2071321192507758944
5026686006776867484
-1203061290559389253
-392364308244652368
-6868910837934281616
2842910978870471804
8683904799598557742
-4647002310395407787
2281786550165475776
-7015564775867239993
-8914993311888701406
-7502614684223033924
2147254473715222553
-6151309141322698039
1832768367607579869
-4579721428032578786
-8592164604960691758
-6931938762008839129
4667671796139022601
-5758461025234719337
5754176264790758331
3796603661382030258
-4784078566649570390
-7060228307984014663
1918036006511943408
-206707416827147959
874794955383098647
830695430106178756
-6414700324197298833
7035276052076121702
-5240516900993355011
-5256629103579300866
849591661842961152
-6820351000117338620
-1354793049903348490
-1473362728142731592
3765973794109953606
-5980098601743446358
-7647725820916721956
7826172482005968936
3690366274776834490
-3967277541989685693
5390030918792253776
5652701783478557902
7109281636454475894
2666058605099232303
6242016602421937024
-2618424138672582012
-4311061597772812069
-2557418792220254270
-9064071858168872246
-23210695342967561
-5147518581129006558
-5401366103676054147
245684837103196164
-3233844562179219488
-5503477032186814821
4636605525930012019
-2055377157258913250
-4006447234866624368
-2518033184026566913
-3205269089798589039
-169239708194162723
-6277366764481164182
-4847958399975143067
5490947124301698326
6608183291786694129
-9120977411427163731
-1043378880726263982
1686059683743894651
8809400884152239519
-2641890074519148590
817222536028175637
-283053877387577684
4798562668828591647
-2730894015352428663
-1832092386275061437
-223621718223651192
5221809839647196788
-1341138090247877211
-2597154385339785413
8126349849920413854
-7807205291541943466
610690482686132941
8211479166410619348
-4118506129372175137
7430003710327661361
8599754192685081718
4466431407988418949
-7791610184898068843
4720473825199879482
-3401037590881588010
2014943592937769587
5663599833758116411
-5975559229477562931
-4565082447557976281
7498697073746155525
6731042127548584244
7680559493267243538
3204144755891147994
5090379011692065363
-4273888634084077373
7996231935619769148
-790005460210595247
5588200497210282106
-8402250328342182386
8792860888421093838
-9053382940313807634
604609495609319773
9146584325906983025
5257612436595737408
-6243387234871738000
3104834439113603686
7738956383818646614
555446428447181662
7857591437092852842
-6660486505099135080
-7844017288774992019
-6365390612528446021
-4943156256455667184
-5432437805751679944
-6586400737207773712
7885834179685959639
5537925395731914829
8334136424482880505
-3908030999934342295
4280824645975885657
7086009316816281542
-6432135434561250856
-7073710053387422764
7035151515184442413
-5212132437672780151
9186313295299630759
3581194883890075945
-4087072705293951046
-1802047349119971736
-4323554333239100287
-3796936679061959886
-897307851608445828
7262327076957774484
-8893564987626136608
-1760479534347077511
-5391553080323063315
8385075732417564688
3466401088737324714
-9017725200880772319
2491039545257897854
-941949688225405262
8367860730423443100
7001162411093306095
2888880360089950860
3154438783129122894
5634365822641636272
833716073425926906
-6838702466267428241
-4698485333455784405
-503972995839756026
-3488809588447188588
-8894390684783203368
-6088656301918489592
-8933560192916447309
-5823890295573509149
4107630625268024627
-3268685559217623931
-2648279154133623258
-3219486688567987081
-6478709789177243124
4383924737473348393
1025172111101537104
8313887816288287380
1239903302040707030
-4918412834138086912
7328596057975670690
7471926382747383936
269206203007685686
7037049644915080821
3437578278780202999
-207465338953468488
2055455912667557750
61433261520071965
990375470268636759
-3886986521767827729
-9221225582208879959
2853412527615777020
-7580904544431162084
-6281177384936135916
8557804759679546257
-3180345262889760989
-3119433657848414026
-2065329187150546557
4135958935775199876
-1427369163019747363
2442374520472875221
-4386223226001133155
8308581098945681727
-4434311134186619714
8703727975584212588
4478959703873681060
7252565309505363988
8254040063715420404
-8617131106352649738
6106644705026429363
-6394129712034586239
-2035567538747845826
-4135587605744054665
8414869731451717423
8629851529878674956
-3443922748173879837
-2443871752956906293
4507777850427377303
-7403703048697308554
6503938133505044515
968755659513800802
8434057933773320875
7125061305840987999
-4438175309366104073
-3446618202228683775
-8208726122107549457
4411113894921706935
-6382213829459775253
3148524482176997545
8622527377127150914
1581171574902360003
7116345111873058505
2146789318187875669
3589869464099266861
-5558652759685419572
6673414402782922894
-6288638837256584798
6295790762949581892
7175845292413458137
-848386238668085742
7679130622155981026
6830385832610665873
-5224718939504885555
3935597318072273506
-3825298656327462191
2470180652379259745
-8012482863127604973
-7156317488087050930
-8446566104051394445
-6403909558870144319
-2152236688917275270
-3745247495701356453
-9138131695180300927
-1543914034461180270
3230687781659006584
-3875450401947593649
-6598162720131958109
-7455659317198528169
-4648886283813011025
-1789815507423862964
5890326160748475565
-7447667476294513309
-7981994537744385043
7809890217452774777
1261684239340678371
3691048146607517052
2120057221171543278
352468526384944672
359569320227499327
4951523889724759475
-4043197511835256088
-2559224659664592012
-2996864148457609621
-5146323385088206503
8000062986538532733
-2987497406031618976
-8738890484309390141
-4485221157803545859
6063041123140215500
2479744090115586403
6360584151930752110
-6759552544730086837
7362316891021427339
7394838701248269163
2387489027079103376
-462633509009255560
-6764922378923979994
-6239587737626251284
-5121755690980433400
-898137810699108141
-652407926694892258
1139361119632404655
4627845005350144172
2493451336189546250
-3368791340518812738
5476774791932339294
2016173111278459123
-5430231872068885281
1467225785600340097
8898030260511630231
1026508216873117150
-3662385427075204798
6478004315434451819
3026328927966361384
-3456638240067425555
-1253844276808469284
-7603224324953018706
5253377033368938745
-4563115254866992764
47821143928541112
5491851715043552692
-2046270842293528320
8178916377878419242
-1678330624571055546
-5320835009211017632
-3476707262233579302
601482305700531268
357792653603771983
-7031733665954586944
-2722574543652621142
-1756681390404837948
3033919664508752784
3927558141523060143
-2273473077490407544
5652105233121992089
8521267918229423033
5735154475725812136
-4118536410123790926
1069257467069147922
3705444639589734772
4599468828890976326
1219911962288823148
2255934255035174888
-196378691331538439
-2540751142254605399
-3276988923125326759
738340832862452988
1433514501889432474
-2294663631221154606
-7814378498082104184
-7282969298715848509
8637869963638673756
3622841739868965035
-8468433763459406721
2686637040574953112
-9128110964387854131
201531809350657791
-8282398376414687397
-8329632460121413567
-6436671620264509331
-1889607233041044732
5081625873417546615
-7031801453943206975
5744778053239258460
3172551111657538341
7317078156424522907
7122049283016818813
1847932186768712117
2555203340430734285
426354028815122809
5352923678243855097
4080868410510908438
9049204371706743775
-5102189512175858059
715797214042872778
-6861860039950252023
1875924398834266384
-2590076940625932472
5057336037371864468
6596165572297143799
-1284420475337065467
6913404350810498151
-3196087149234139458
-9073166179040024367
-5303713817166422775
6869207633026397700
1461509127646699542
6070414920159999833
-8829741495689224777
5341714699699767947
7617552331680816130
-239938760631453829
-1268611695133662991
7669331547646330888
-5823847498816891948
-939809804869029705
-7801634415870962011
4067409815053841075
5292768650579567801
-8997812937950407474
-628184682861234621
3192423064049698098
-6274955583854095641
1056752976669273696
-5596600577262074275
663764771474044077
5532106095731199879
-8455561868775392067
-1426151684459322000
-6559315453609600083
2601074861101774457
-2043907734660739525
5347479126589528686
818920465009345462
-4965657410547307355
-8881263847758022883
-6129100863559385024
6180038127529495547
2620283817256629437
7671540362800588830
5778962155113701993
2915045474799155308
6640787440874195423
4276011267292786921
177648527664938699
-4017612666593145241
-5373521488967443189
-2941374703634340647
8158879736414184817
-6622065214306138208
-4288910445499836257
-6271187548053938445
7429574724698936271
3271262503684120640
-7473916772370168768
6607152035414563900
-5255946900126458832
-6353252224164346690
-8835955649108662510
-3510699968659676260
5440162688198114090
-4165060851443229871
7985809555285033474
2709099525381762609
-5342298696966790286
2303127868183822275
8674343748345548697
3921379954972747809
9208453577374980474
1069868201828940695
-1950633074122105583
4433619453636541033
3306832671003979454
7863066953408246813
-2057456213881811793
-2687170616168620280
589211210229288905
5475185351450501358
1791626907528382719
8282114636790080983
-5467891815352972182
5213096376103379877
-1581746858886663933
5536207014943102953
-5895647281461045327
-5006117060667978344
567315163757575957
2068441467715900225
2826025310278706454
4235603702575889338
-6316145238973932856
6565135750059082800
2735775081631619594
176021562947696963
-5329622211587724093
6458080610817444963
4338050149255726585
-918731814371950440
1657824534209804350
-1613078124336531151
7880313226443406943
4140972845656049533
-4620508452104083244
-2706078486423896395
-3158226172882774113
3876899986076695449
-6614435374783767922
1526063099137083991
3936695566747401935
-6536309919267292714
-1505644132101186963
211875690039352962
-5317195310032552629
2385261698731098756
-5653212538223885717
9096680077885912442
3930736290828637538
-4904120509670922486
5976003426632471263
-5964718290925291623
-8607147657670756495
8420119614607817280
-4314525049382095038
-3657334644698169185
-7909529306734443821
-6167535527752679529
-4138733177173032105
-350509856239627520
-8712105085087581184
7651871521345086743
-4466792779613451995
-7175958657797842281
-1582169887350866678
-4880393704976854915
-8474280296652514773
-8326939364607589661
4956771985621936131
-651175797327232238
647944096742802627
-7641063745341991071
-1684599745677714894
-4988717776970140595
-4361862719397701893
8294027734313873338
642268443367129812
1668552639603793896
-3035480133788055208
-746056477627400424
1322053552194028486
8888119143124354281
7596516616531626583
-8011936431647427066
1352267800791598492
-8565040423595269976
-2814463997718927132
-611742962356896539
8119618104823694071
-7912309359442250156
-5124327806023936880
2105661173564853360
8040810930738893032
-2089659685995625034
8658645043852357907
4146868205085704108
-7071656654118812643
3363969305476200510
8420148028724143892
-6392546127047874757
8571870663302195910
6754649821505556518
-1169593622192640311
-3656973125942700165
417285959610259117
-7600714100928582021
-7953470624849609711
2080240137239935925
-3273744479743295683
-3285727001020811714
-1084021514891089801
3324441376120682198
1679293134154558432
4698372335607316128
4575721327271973016
6566515643601208665
453355982026948063
-3833282126643443138
2424693408733206323
4286715116273115328
3789984737939528575
5509261012453867086
-6524653126123047117
4622882300274947337
8089804654058286024
-3448199362452611430
-2275228654793462337
-2596373984805181004
7427776487841601865
-5974622936992672403
1403144940595084633
-6398363839359721861
3586177031011356839
3164098993120563653
-2718641047243553208
-7962512761125482805
7023271600047293384
-7566946976182983576
-2020878978216610039
5993430973570380111
-3654396389514349215
-5607420276546828179
-7057445378990745054
-6169637798232820118
-7702346356392229357
-6908666407116572059
-3408039581298260208
3418249997595321821
-8938730143119083321
-8808635736265988212
-91155050010132456
-7694445489909925144
-7631491511330239959
-4128085047693128971
-4204953074900894685
8285684886995248485
8592876584423518270
2631077935262429207
5384512611748608710
-3971193299083775772
1788043064147230335
-1360829498978704776
4247894819422250713
-7587030754416218078
-8816564230946877901
8104998985514598673
6869814197380450921
-3853167146715882003
6221468836010216637
-4503738282764249221
-4898401711010850563
-8887938892595672309
6335914385869599674
-3654614562041021665
-6066492863097071331
-7405446596982764849
4624228411958606681
-2303130700737726844
651788383406226495
8899971697179170109
-4728947200772939898
8247366415458566570
4991801572341133264
-7282188191262790509
8977353990015453919
-2246596151309368417
5721753238655946939
-4279500894885678154
-3882555771084290680
-1584344741156344398
-2325735676255728805
3628531991715842298
3698917732046368095
-6832321948947042653
136344994517350121
-2214635208809509261
5672894820197025649
8318713354160512449
3541752269179591062
6366557045406977394
-3986551793288034396
-1231706911270607285
1169651955905729468
-1042198464659244759
1331255448766239766
2785055160889559825
-7362257671671733913
3468542987513505087
2891946277980354745
1511675880936526952
-8392867843570069936
1280895277813847248
6972480645819437824
6207735362601524059
5106920904058011199
7168131081363408917
-3798774929978075299
-3970935040204393766
6122431573145421250
-5393647349356896476
-535138786317154342
5214087729639539986
3838739915145287357
-7466507975891149831
-6521934545883285000
1442389014398295057
8840614630058570423
-8459869754153646842
-6029780681495624071
7897916704290049332
-6261340378171548296
-3495154333634275657
8613782054810384947
-7684043372518074752
4277164215456826877
8310250668675533512
7420174938973283019
-4620359243738734450
7800095952342715949
-744311456614347505
-390462240846617642
-690839567604470607
-4615573837242117956
-5606793613097008961
4571628181539713485
-5078261117414871381
-2507785137202829484
3051048900670193036
8548644476372471613
-5056622024553793996
4882352410499384581
-3206187797100459441
-2578605285389103000
-6119819108870432233
-8957602930753830532
-8127961753207167259
5995627656358899185
-945446157323821765
-863549150606247068
-5644139391937055551
3439486555845757102
-3980007793943335423
-6669272422226204913
-4018502756782085830
5368431601837188590
8377803865984519108
-2098674756477406943
6045749657999064824
-5854994329988962984
8229448081660661398
-4216904526245117281
-8796348992768892148
-2438018743604679169
-2985735673787080444
-827232402971549845
-5549257588108069217
-1843221452765812190
-8781867692994486888
-3347635807997137470
4733948865955839905
6174109833754250978
1114873237734781591
945445970939770907
-5436455071681992759
-6523779478021863229
-8482544064101786207
9157370691138361333
-4532158452546024591
-3276926418858530841
-6625652743383014337
3293649868700073428
2527785953794543970
7329352299775672084
6820185009538290122
5643812556385428810
4615617894551035963
-8874667594779988498
-8408697101658330707
8138228187997741315
6713844436397574963
-6918674433037711630
1485094976651113404
-1329837085022932436
5382207672420183427
585164987377047677
-8075494016308665863
3137591687439912949
-7411287617479649586
-7819394097808799511
-4672957877461222065
-6752423035797726003
-4802288852666683834
6462375973794818654
-7136113867886862718
8213608625134920083
8731049705234325386
-2157454855598531293
-2401138727953709510
2238547769579721830
8376940745267751220
-2231279261346825914
-5605062604602392244
-5356126719458135991
-6440739168377455244
8046151100542048246
-3346583163540869090
-4793185196168141727
7807622044890002716
-6861100269635371224
-5606149299594108233
-6447042003848585699
-7818576952333767152
1105736616922497985
5435795775561985487
-2900654586313368551
-3626921642923306984
-5803246217523148277
2603958414396597101
2152280445180409936
844409524025858199
4794542974753174042
6208339530072267829
-8199543501212947197
-2907811549943770466
5687833719934469286
4009209483020040410
4899960828704236919
-9006257158459060614
7036533875360628045
-2157787632758553128
1298927095590232149
107988238195113835
9214814282102832213
1801184640782853908
2769486989549696769
-7570353959557786680
6484012696503801750
-7906942348311265646
-3774720232590993734
6479020075767725125
-2078897997885069955
193545557722319009
-1621101197657727787
2965550570778190895
9762882725021029
2361456594158827712
5337599500088240919
-5456922041891478641
5225816563756861999
3469964306087072986
4736262782904416150
1710278798522026225
799189812957278355
8501131371500241662
845373526517553500
-1038385280197902749
2643556932523864394
7639309584243895941
9193836075177943429
-6564048682124737321
3459606854590483364
484259644316826771
-6306922227179446164
-9193692640761304592
7856895355033430903
7194956313772422824
-2931744089980886907
-4693027386607668291
7572713620319094699
-6718563388835745069
-8070083072610948841
-5810021646277711883
4780496759656575238
-117585471774905900
-8172754390856815979
4087944501598073236
-7171429240846349007
3153822517539170968
-4671851942948670839
8768733028398445336
6744793878803356277
3607533097608293838
4728968321139345013
-5444409981384515744
-1959142454126430220
1977353467492423381
7179759327841579650
-7160396330248379293
478272004338922724
2453787433939038498
-5201782501385537696
-6778190099999557324
123134173912660760
-6081942827445947730
7099439707635915224
-3270677945919803900
6287267766858666924
1227468554849102229
-3512225199419332357
2213801133024671847
-8592444459567726419
7557570435903796834
525165041340660177
4270592848097467527
-5504564637655219157
4966335492219331511
-3324203246344116495
-6720864372989802679
-6778890099778796953
6190568587144481679
-2882283118571229183
-6939611689834596692
4575540399524415693
-6072418782110998654
-6008492893953677256
8433618470394422844
-5797123033015484688
7879026253142287863
455113376986773362
5594559052160013699
-4128559770443627416
-4614066479985888530
5111862427329804714
-2997381872951091771
-9035432285268318617
2818196043210223475
1428126946153022321
-1857938405613608650
5720713790790082723
-745998654532639920
3333909839609347147
4205168255863440860
-5733651460711334370
1187498985486954218
407938052774540295
5161212054497949107
2142226607171011366
-8241027567963015408
-5351264166619830963
-3927805931263516691
-1100936314423721239
6870313403341109037
-7462781564624140365
-4425331460949677489
-8129266276873310440
2208028597247258489
290508472279831182
-5973130639250382070
-3241241203522321170
-6173717312075337460
-5383708652224316356
2752883772259397623
-4575368127029346883
4423106887766969316
-1645664395036208125
-8499954562639922887
4081401215593611331
-310095531804369796
-5856191162207147288
-1495987744724448403
3531098815429929201
5184900568053251898
2647105159655203211
504887781170039949
3700034113667546738
-7561889438589880475
6957078067919820248
-1087883163606644371
-7092070395108726988
-6512185978489386122
-4571177689737291174
-6593852057277631948
-1924713960349682363
3572876479567925318
-7454014878469043003
-4561289306384607844
4613922322220976442
7357356828736483003
-3064388990355356804
3089585339511400996
7082846284410360610
-9133370637857210927
-1969726099622155330
8405959211151333681
-372781229503370803
6659748518690114284
7905577651221415880
2700251844331810074
3446256535638171149
4335976945132457858
-7928729837016252296
-690558566933602539
-6049827805723679795
-1397405970510995220
6956405049209966398
2332885317674215547
-2039024441501872129
5572777414224292277
-1061765856596406586
-7672761659323529725
-889461296018620108
8936337141734421581
-5167446063350120355
-2497918703274687425
2990263548653542454
898571614234000470
3453806722098867783
-6433888500783952103
7286421293567604719
-6968048814048482002
-4912713676224188355
-8168554396558472774
8911075973070843510
-5828402373902903063
5594791077112713498
2624639450204677714
-3349592180917667738
2267961824973308965
-8882186603811542263
-5644990962504772221
8721351263852934927
3252866076916537334
-8451498677251799811
5684841461477791077
4238839675320450244
-4208014210408275464
4118096580440066963
6597114642788640302
-2822345179738220140
6374937880430702450
5385907560883432152
-5453950709417401081
-1741308612579032002
-5694221906240907760
-1314342156571315624
6097965052863940638
-2487784446612883672
7356559464642276899
7571813637015111773
-5839755354662442932
-4989474689526738150
-8114502083328987747
7460416149212414812
-4457162153423364333
-4396581936034617620
-2463117336675270209
2779904821991683656
-5398999870956480098
7430161766103448747
-6819072703207382748
4161885159227031346
6990746967530775646
-4058539020753881887
3999136829751944559
8567438972794653351
4399802328350107908
-4990906512314788957
3971600377359325415
-4816592352545296342
7898581623945712794
-7853995092138686341
4591982141205186135
998437409787624940
-1266764850646758859
6834223446656762146
4639784957629614796
-8434349283233941244
-1871273985177655627
-4654148460365602529
7132644320863523811
-2639743083722594595
8470315663661160838
4589626978223250083
2122696782373476173
2688674136012677837
-4476745151381946313
-3852402198765985250
3259114450143712491
-5258744802664997648
-1218255978191779869
-5099242287429869798
9220949248579378239
9217900017936520375
-3052693486835683133
-3838652707551071108
-2388142571495090151
5894301493979708736
2554140460538075951
627269089031026370
6781058009665940659
-1437850403511367148
-6094470149348895140
-2921302400032875286
-6969024662268155271
-9150458692870654965
5069036484202290922
4910572364846054998
-8572535879803367808
-7624318629657252576
7492193461279933363
-4160269285923046404
5327781721509195007
7317909639821468391
-8244035353360450259
-6221978462293030813
4825558168473389284
-3018638392623617932
4555540539128819461
3722006858639140350
-7382145198599867014
3847166552261554953
-6271000056954035079
-4047448172744284396
-35756526637820032
3797339972743001508
-7832867471853366055
-9056760207243220425
-7491578609600605439
-438181628916498080
1619923759495187715
6946375749084918018
6653184947892839616
-1463419707113160670
-6803546696848592767
-5583330799686960441
-1712570484194898841
-8069622461970721433
3562819186668676808
8659230742755531658
6542588875060303180
-317932705016176567
-2233762099799991929
-4855407039959707983
-6209288375962416982
8245636961448810280
4972803804271096526
3646835278433468031
-4275380859120493457
8029497202364615178
174622853057302601
-3347005860313243419
-7166982138884776359
5881084566523516773
-7521072758190308133
7684461464379252498
-6721210124494009884
-1359932590058442522
-4789600673102290565
-2623811115350160962
4415921309607399939
-8560531213562059331
8057773526833837760
-34185970241749332
2819330310850305977
8922805189464565589
-4828566123423945582
2782923159796447224
-8961575073329231214
-7502440114098483361
8676932793882928236
7413477021284348932
1663537815655837368
2531117100358314394
1262314266848746127
6467163337721080234
4179445656034559699
3459751361080173474
7470700614227043754
3366896136403779631
3554420609316399869
5139189512152364414
9200234541437525069
-4526563126162536531
-8609166213904341190
7118615787101255796
3601178911592435430
2932387717185559040
-3468350665459856714
154399542871034782
756155502578100016
5253601416546117479
-3296193976290632506
2619659415062399805
1515168502271752168
-2911676421060399734
-6452893785473580214
-732906308415659246
749337480815541393
5837845108449041339
-1586499831575541830
8494686491666729539
1719304592000149524
-2298945444317915380
8978020251749670244
8686452347038448332
-3786805617136261609
-8572753683965051831
-3314120877113330651
5423322859326438630
5895960408348528584
8870842506045551232
-3741801305619684187
4456000811046923551
8558864381394542037
-4118283934472201230
-5983787576021927081
-4470283963603717399
7887044120045269169
-2581468189629479272
-5023047452335882658
8626919942832341834
6239066972897046536
-6817002909837527773
-7742646684261860687
8964042045873534855
-1765792998830824951
7429890246160729561
576315819288882972
5003621475923476455
-8862572854804700967
-2644770509711482000
1319323178606709208
-1827096501012217558
6343246703685320766
8222346996172665693
97599908015723820
-5052367806852343235
9062106390534591525
9112491129296892177
-9004489551747690638
3347627675887802402
721645793438521512
6947472839315659044
2519012553632996334
7075163655000800325
973967149333436103
4350820785704045947
6946744806588152303
9174470639825493759
6435705093418894117
3160357727031683030
-3683539699462733444
1183686437810487418
-1878240815741812161
-5083261604622734169
-1497094696349953912
-6885641422257856346
5119929515448414182
-8373556395539087550
-1807235250159900197
-4653331563539138123
-5879875254233521888
6795367955779970017
-7991177239078503962
3078292356363616257
-7706171268948496064
6676621865436231612
-3953218582001776097
6857500867063798204
3750082859275542301
812858121177608757
69909533874022411
3462117548381952503
-591402135124395588
-8687895401657725764
-2985945812764319927
6573266345449221092
6257305839139115228
-7236800128364043689
-8023034025275647246
3306118429837408874
7350915460135019052
-6386606665604521182
-4600835144587526879
-2562131974372487394
5089395035457425580
-5606196618064541280
848169178106871165
-7615705163837183731
7724711160633860067
5645392690585035312
-5928454228962325319
2645236054440446214
7390343241221182412
-5368623659537848279
-5740604643715783298
-4761041619944215483
-9123416466499807295
-654193803644529470
2016409258279596917
1595929998613415866
-2809692327155965813
6551963246388439954
-8903213322700754437
-1891140900234084714
-6760920048889854330
-8249270560453226950
-8269381184908607880
-7905195567743160971
2383979984450487596
6126773587366905842
47824907551989752
7408942033411693940
-9150452834243235829
-7499549268233961780
-3558753626858906181
-1640365138280826924
6290501788449886599
1792636621758495102
6423579429777561936
6707840456152578214
-5851816615349768538
-6453438430110144589
8876615022742115545
