Matrix cols: 2
Matrix rows: 8192
Matrix_0 shares[0]:
-2025694604534879886
8684353354357618835
259166880528165280
5509741503420143216
-5936096411355792081
424019442857391915
-8898851891634930844
875518431531739710
1350328226340886709
2159954442508433304
8326516728864137794
5933663938085233082
4528139004960640534
-3787704680436284300
5401587214020018913
3990853013026118103
-2704873141560198369
-2238422907269192456
-2427264625333853923
-3899881768498575823
-1361281537336609867
-9069682341627104071
3070537314639948845
-1493569456685413286
8991144084466480306
34412678651725268
-3431974461043786875
4360979650116818319
-764879968911353843
1805786804574757177
-3366190439930591613
4894879714924150583
-2818231512468885106
-5265850271340320678
-9146025770518409990
-8039487493140141008
8591795403632580104
5682904157323024755
979352696558944059
206754528309500174
4043115372144162200
601298161979176811
-5888887203119881644
-1900489314555805574
-8967721562841914522
-6571404122172926102
3605359178739205412
8704595959974653762
-7128180664800794644
6168079215902931434
-4406970681951356055
-9057657592038148627
-9072489787936698698
6325488303389245404
5058672497131041740
205029999776565291
79081917588262922
2691772027504498313
-6653406739805715598
-7145771864635045328
1204890794966583967
-2850044692428216846
2566477385328230121
3548471371388446601
2573714977238672765
3008502923171553012
5222674142399437272
4691133630720218966
1741882415224570179
3106777162150364667
-3308958905341343807
-5616071926127558874
-1048869854151533080
-655800772326051560
7149917367962012939
-8292181777853360775
3091304519625435226
-1548089816685810164
5972902189469981748
-4061573872385569278
-8252906494096713296
422815484024365087
-7843132412576552432
6045015730678982733
-6378058869522364247
-889149258531064507
6610218508150687389
2142711026381719288
4991303473316771606
309586638869096920
-7656461187785466846
4399162429678788642
-7089355642298181150
3031356410164820481
5166220805358507874
-6479310227947394010
5624933860505013482
928528291139735685
1301550552909254690
782321791336806940
2570709638848280959
405825012140774684
103996848561567922
3639415324907522944
-5803594759987668791
-341778301930217555
4277603024275512200
3566303169251353919
-5122749833524282376
-507990710483080244
767655138825942474
-7286216851222385768
8628697579864755008
4921667686793014992
3642005833536860136
-3936790298612186437
1052799557670558626
7374497568715112587
-1453676393324104816
7010409701990014129
6768917025311895405
6176791531933552561
2687493709078319108
1909389556561126572
-5031404337632332884
-7595425643041299804
3196559732225125761
3496737605009208194
5531461474776467899
-2154497381887394410
-5769384002978671832
7539136211968752249
8315531662434600393
6895812738231644704
-6002841143000339022
-6231246992142871187
-2722792561586897759
-432019227548608408
8776792636237886297
4266131333667910137
-4486849621723209823
7039496542113540784
4276136757412305081
-7626303403590252633
8823754069759214175
6026561651801902279
-8624119710082661803
-2502870661391553447
719140478672452088
-4736956689334507353
6410298817884542805
4114338606830274401
6486895815179077663
-1831580977410830272
-8910756395819911642
749745009545981680
3943869671538896962
-1488595439129868446
1441711854460800473
-6404934818783615562
3131335247013385751
8210855539868838632
3843521905535159526
2438041353844171352
-7403964378523080127
-4172719469686134354
1824271975794967285
5561511222547112763
7114929889771995096
-1254593160621506562
319528068316350317
7507409823562455797
151200895881382190
-2300700142360139752
8110156238655560014
-4875888538873723653
-6315970982962735389
-4847393219906449372
6483187673320139796
2012961318229319209
-5278630505581318885
5553056971415390326
-6976861706150286201
966985676531144252
-5551259477162739773
-8507466027741819147
-7500258093578039934
3870430903023536017
-68644511826894128
-6496784932349038645
-3118807733345992597
8547568221732466725
-2009120316833846621
-2697728603620107576
876416811364163217
881818034603617824
4020786382170263841
-7252980725386386873
-4760634998012392414
6086258106498357859
-3935855994162101828
-6967790720863669741
7999209985016739452
2172337187060897816
5176742161087178996
-3672287637461189907
3626602672663967369
-837692506822798895
-8277009349112536239
-3065859530340553406
6012746065141606720
8737320164392947161
167555357498610579
807442103294669534
1748274065775002947
-3114942386610837434
-7907607781352613512
6546278214396247250
461079562854877150
7728876083273283368
6298451544844186217
5473449316759460248
-5667628944575522447
-7516800168312077436
-7036227718451498389
-2363069168679888518
-6496473851676769368
-8419947166083110813
-6842364663748977380
-4506528307037780372
-1557898333096075774
1886874320874525685
-4077167525377907852
-6458757734523260810
1012866693315167780
-6246968215609588916
8982810520143531952
287758615202862947
7271825971207871680
5340070793415054162
7027100794839401518
8728335576697216120
3080985433304014394
8876159936702949400
-2934318681370216813
-4720724591530728486
954934729288524582
3828475222138502132
6642471259986428230
-1515687363663935025
-1885453688467205983
232969941158887279
-673928613566044173
2996842369329662007
5679479002466687959
3230955244269657593
-3106520456861348415
-4894024896927939548
-6886138631187954388
-7017712793040223086
1948707751658532291
719084028624202923
2070650597761768569
-8411902618905208496
7807322559688318048
3504621451319973517
1951045535439498139
1213009362685151840
5332753692281641096
6252465030746340378
6167421666422745940
-3764451957462818970
2318966724578802959
3315894026233516485
-3135329934468611663
-2682864676719057876
-9037818769413157054
-4327983057096386164
-5923370128467931353
8315682109404469215
6315486775999915986
-7339107481591238727
1381390546999723615
-4832655751984427053
3271909554290784045
-5518995791826795412
-3170414823732423229
-9124542742804068729
3305671514379381045
-6084111823842841298
3054922716333210790
8099884007416025814
6793776512402596795
-1550470925109373062
-8060671772360434473
6212605968636663496
-601237792066903219
5630834735189360105
-4675165102711594394
7638946051424471607
-7869129232985271791
8007545513430932239
7469572960991142648
5569459533777489738
-6012554903678597679
3408813101393559611
-37042553513838001
1712484009843238215
-6382633677321513719
3339089817281239699
-3927821324177720641
2424925395547518972
1965967452186333231
8921529619600064061
-5620888304275718278
-8937791997968517498
898288157593447053
-5117563488239382488
972099361139840466
2733929610616029329
-869376313164627822
575883902377447376
8895162064596819653
-8895332034510904389
7626981525723655034
-5546195548780819143
766155686288536092
-4998013714934051704
-1024111275411349558
-6092307657703560822
4850821815199976316
-6268385333705035612
-7499468867861954060
3151255196552891238
-115355621387283192
7883208719893888623
-8428559737742006776
3923243857915531668
3649219559588279133
7366187145703742765
2405272529902526969
-4604507749694764709
8184089559177092580
-4606416578545778224
-6218262437980308619
-6931537027324177621
2593033399555868539
-6000362378677336009
1407749231775680722
-523086404809245902
-3496538598270702695
-3793182478537884277
7950851213834842298
-5269364833854367278
-3532848992478059109
2663497323310306341
-884655045905681723
4699588350115596218
5084185821740612977
6307285970708118250
-7821114622604407467
5165834307640379738
-4310345309556520772
1562896951096526368
1694660346531183692
-2540315361270438687
-6536636203786734751
-3511474596738072916
3631580194418153750
5464692302879230102
-6482052997934060751
8078036071864283580
6891101367309008824
-8190450396797557782
-8356287632095624737
-2220023636352253677
-308450118171718727
-8832462153797201692
-2405742606704945111
5444843332213062441
5122629894447485644
-7513215612562075401
-9217361234355047417
-7783740408296256458
-3904300478616727608
-622583534300343832
2380458231094419535
-978234649278520170
-3780781396147119321
8255011023284842396
-4635032385369842233
530650081138877388
2425436547854347931
4804914792428735366
-5979469406156677024
4437623197145458511
2591292308383350451
-5527016165944659252
1336700285579337131
5069325640019249860
-4770446573492662954
-3175893458405419264
-8209618775854023328
1911500454677313561
7552664673869647487
3412229202171477154
-2862453050917058445
-4646579390699905185
412633578386145480
-4207731468822933754
-6075279226763467119
7610812954652102497
8037591394659311064
-945041083590677398
1961775856747748334
-6923031652028354152
-3044500124453343891
3746599309504734823
-6543198418460254604
-5082004663213755560
-6825434415907647457
-5684957989457899133
-7691112305250371728
4193048007813697049
-7470986306503330612
8405206307008157113
2164187981573151906
3913017786817521745
7733679633696680123
4686404349004274367
7790119306397605750
3149056066213210759
-7518280080279059611
-8186799722749204443
9143768677051653964
-4965807759860539798
-211247243766054353
4476508731307342674
1882600289068276857
5944514556894907234
-8050876997670984266
6539703426214094732
4345230669108425852
7884915357486381990
-2113225706342643122
7585239600433147768
4566102077699692561
-3385194109616489823
7300271697130475206
-5166882724652423800
-543133629278259603
-5811812130287757806
4630434681187101509
-91783974312124127
5695137766966333962
1882092833851399781
7073286974711944456
6673208086166369385
5217304847564064609
-3191111018860654000
6526206908223196100
6493734990516696661
-2158055004718607094
6963940513131821307
-6183001935725936886
3258209124606707887
4650747980506492802
-3922734298336532292
-8496427652097014527
-9120316820744538149
2992928800033978594
-4897028245620719848
6479783731420588596
1498591013506808948
5342868520166968292
-1636849470266670891
-6029516193188199692
3584870029326916052
4550831146603156011
6458525048893874550
3562443462316598059
1314183348675590626
2208732267472464711
-4989970160286311387
6268788764865165637
2741012265715149091
1407720541073614295
7393962075030750860
3151140689417381484
-4093417739595151596
2400565569123977837
1337397441397175106
2200115336271310947
-7748306277090100313
-6620026945083717199
-8095746778152338824
8951284267218685603
-4163930053630404287
8939315059632278269
-3884818029332131892
-7621132702429067554
-2080006178077159953
3941195300279840740
2384254704359659582
-914934900952384605
-1939379998819700287
4819899865947654745
4867590677900760625
1321217719335242855
-3490957165150552717
-6241793273377534588
-9124309422084306315
9132230414113506240
4288383847966616653
-6178591238444297996
7311945361237474606
-1767005871330431524
-9005869177080314246
-9033144435564147683
-4533327876870179289
-7954359645641024167
-4594383690962513932
8202734944403121050
8168016463679593268
-8647656894875910562
-2818191168618247854
-7244183403301365250
9057534723719937759
3950902921502445424
-104189692878234250
-887612721983672585
929532744973789758
-8727899752745733601
9211506177405985048
-8719359846649390826
-2617892905202777881
6090906569419021407
-4016033228198692006
7027986279112165589
-7526082022239306328
5474058609477167870
6574856632673197340
3805444708109785873
4979313490977308955
940303673609380981
7172279353053792971
5166302116671472527
6727588876075407590
6866303994078284022
-5011915746625879287
-2720411079884709687
-7248745699896864422
2118015591366149421
8850169568416015500
772498283228954063
2051999280482628562
-432548779611152285
-2733268635331224753
-3343802327707914240
2508858055530840810
7799117155535798801
8209349932929819262
2372800618892374257
-630914753065616326
-6135142756785143671
-3017641223028712113
3210900651233596784
-3396022786005704019
-3442833021770135850
7146664848690510664
4766394826034934387
-7051897165041491802
2090238850277629348
-7535980222234582926
5099148905427211459
2077342035594700988
3276039851859795182
1304884014687245535
-3836600875930417359
4067835968540955094
-4109525979585041264
6873918694557722201
5949213345634253760
4976688889621379240
1201836111150191095
-919436840419592469
51634829257583445
5745116933147929288
-218940153194301248
2591672434694056843
6677359505334235039
-3903898416370541551
5387537130297550631
7635559095545311205
-46960608372949906
-6390064117981195942
-720936765483342649
5871105160193467290
-7113876070245134540
746761112655315669
-4557234584041117623
6357595402995662345
5155128057271289616
6732165285808584282
-989908390299781448
2071407805060834760
-2791439970720909813
-4754297676449374973
3090363247777775311
-2433761068342260316
-8965321206843281904
-7110221596985676446
328996657624104728
5428371296132446261
4311525267112039962
-70041712233138428
2590295950613103355
7947292165395924439
-5329617909394262796
-4025519577127681920
2645261136329036551
3853295041971378636
9137180229841810478
-1684070158662302106
3022442734121466386
1235782311628855514
-2062279277548833840
-2419309169826717568
-9095197596009232911
2629045302143750320
2894072546674442368
-2767554760432178546
8855380007830090134
1398088135631409789
5975663594548468543
9097711188265483169
-2172501768241299235
8495840486839475577
9214478377641985157
6012617463610528274
-4097297086630578014
393952925261922200
-7094675858623772556
416772319403657100
-4996649161929651779
1865444307912530646
-7279312075132189947
-3550063728142260148
1801221983615885311
-6911091323640141466
6234101947470092261
2708493329800819555
-2848307434662403982
-9144898627751571668
-5586563095669938744
672750438052188879
-1190164439069425160
-1839672056323391222
5580875703814327171
-4462892208114592843
3382064538403449081
-8871917388519968367
-8345403168638081613
2628501929022221512
-6612317223121908605
6484807331923945426
-8175276356109526776
-5889483968912514516
3579310950927941254
370821706974014298
-6001893073767400245
-1009942036935517520
872112758174990381
-6455962960268257541
6151594401254654057
-7703021509040163037
-6323084848529589696
103094087621500903
190763580380352329
-4016604222522284140
-4594419456750659481
8529333130955663618
1644530085417114266
-1846339177714480188
7910639832578785751
3610993785921751839
-7726605323353636465
4490772790317758366
-5580103943853875915
-2237965692352365609
-2299657001219230135
-2170204318285446223
-1786681436280270795
-7776147730384294122
67889957949940891
-7341524268656768142
-4116570864821050389
6418840698284369375
-290035917474549060
-6751586961911241578
9182815898628623555
5078068421419262920
8786537921852691494
-4072665645527094871
-2013357268431472532
-8715087453292345868
7265200192444545675
2931985925589134691
2182637209910886582
5616859788337830154
-6714022097736784452
-1083619208314646545
-4099164531068714673
-6250735473213729165
2969229901039346150
-5141732165432886397
811197091065210489
391392671063695872
-1298057711401982629
-22729739141657146
-1103015916878415892
-1294327587463990947
-3636454688955468433
4374229342470408618
-5975349976377738327
8029884239364231628
-6946560678676881282
-2627497332084044109
193821152596950625
2635412524293881146
-566919074491874536
-2218740137439597555
5165742556280807898
-1616921130907918492
7813107029900407562
5854025710458995030
1418654526657388083
1164849790975266183
7743341728072322789
3131397089036985513
-7878872037924218217
7884396203921642436
709178303504811945
4636395693620071053
-3974337263481581587
23049757766981212
8854518973266992460
1638425812739715053
753115035331752536
-7111651744158756870
3726976507282499945
3663892304277662178
8502358445053464843
-1193957693386043687
-1944782026840382612
2552628615466686331
2874224501736786723
-1616049323465884969
4654106756907542048
8960353882694601211
-1173394532118843621
2887761957329910840
549341189282302465
-7770577923124426482
-938299815442111255
-9148947647970606613
5749344191222714614
1625506892597799676
-6097104377409030021
5346772114050159928
2455167400034488037
-1396881831617312669
2281335739800173712
796375916488187943
-8215647598690169185
-661509903027458623
-4890951997882442696
5133012952568972306
-7345667915953717137
-7817645523393178501
6439715828101262064
-4544542332186897910
-6997770850431660875
3597976207048317473
7235614984477001941
8039506864689067327
7397135750929476155
-1183384221469695248
5075020829326638628
-5807194072677057588
4836895417277693953
-8990580669181096896
7346493711832937757
7759752321951266591
-8542191423827734476
5461602309432055500
3612258492686428205
8545865390177007699
1890307029303019802
-4648501456018061461
5412757094868797171
-5863909285339959399
-4959440403389059342
-8863083295685707725
1537489492579719278
-7484523144212544689
1620342162813722263
7683362733549202730
-2738046112604115886
3460527211392666530
-1582576325009829961
-799903053541748339
1624496261969733012
8830181125188284339
7208039767240949410
1205371847501828064
-1829565748919338614
1433102783980857654
9044671506059422163
-2038355733199973181
540725231329607981
4299818728635668332
2608606116940667772
-3786221671236080810
-1022265601859206961
4727848952459204368
3996983810822150975
9047457439116470698
-6635591620043353329
-8361059286499222704
7340193095772512879
-5199642306852103698
7512172951515790969
7758310340413324146
-4239035943168783650
8207982255395998156
1995096181808488607
348309328415674686
-1616779168375512553
-2526692487573609023
-2417947617644066332
3358273218893961476
3689411323146131224
4421818300709012134
7701320297188324336
-2134769098459823362
-1855298819716431745
-1396447495563358406
-7178893502129406136
4329821589878290238
-3933008636844910803
-6716527511908798887
-150604972808440868
7372512519325168100
3227263722331437430
-374965502971964880
-1910795262278461766
-2893670923213800435
-2057120281463261833
5749374846240653606
6452652375820780364
2301690167514378216
-1313931874825989760
-3158892966013031019
2668666681282142073
-5506296754709725743
163520584488776795
1418649820704156472
-6683772272979284382
6840515488020477871
-2241121321231933501
4773874319145373520
-2261474362653522900
1678111923101581446
-8866322263593274820
8930140858985304254
-5637329162297306366
6717507668634867090
265461963343389315
3307342059775031679
1391170407321616664
-790288493503736106
3072140925195085215
-3246731489655819805
-3832750474636245205
-6781608694951910642
5940023321685032013
414858656316488266
-2804145033284958337
-184776548420163429
-4191212665247652166
-534271162156034753
-644263398824356100
2599837869087187235
1006942041808437936
7401132653254211562
3740464158654032424
-949377947344420253
4143842924685897365
3867882348049889461
-8789880960899202626
8396987837440960741
-2479303471147979203
-8107703415432942248
1750854360063100836
-7780690694475115560
-3981073952037882493
6061479436195639021
5373576385266044889
-426235372336629490
3881581106674441340
-1348521621100750245
-6223815399975799037
-3211004298920400911
-7295288985566442061
-2432885663862340143
-5942246134488133437
8501829235888355643
-917135656190932248
-626179684130505485
4997006231184076722
742924802527483971
882449371277044360
8247902526155917163
-8430294137727237872
6278792044880703641
-1846465548345816270
6839254276349510849
-8083147728522481944
4044709885466250148
2255531437037997306
-7756477624793605603
8604869630283276038
5346746748997730314
8852067331062557958
-1252710141708155420
-6174270072177410513
8088250185847760197
6966714524925877934
2245250823829883728
8497597876097116242
5316781883472599084
-9075381704631226829
-1851197674908563532
-2330979236666512616
-5451694033803526599
-6572626432955484323
-2141908314619123981
-6698454976312797416
2834336845529767222
-2220873611995698828
732119323638693039
6983078987046882488
3591864557699648253
-5002485355102966493
7355128115926508026
-7686501506898876082
4163278047760011069
8838835569944083253
7562055648527653626
-5015477155233118594
981619959099086551
2755817826919474382
3653559601079034576
8685152546851892049
-3765532338706313740
7677854943230003511
-5609055380127031745
-8111804120623763587
-1048936309752811653
2780501382019021366
6061107397063944873
-6404523567271102731
2626071665364974067
674322735347338059
-4051110431753437935
-9159723857820683440
6299278297904289683
8582582760181941719
-644725902721164783
-6734879097649700417
6392788105713589851
-8753297040984847267
-6154809549781051340
-6622717193354081055
7995743633144294515
330896372927567198
5518376195741952343
5307840812975327811
-2946479241832683392
2461082240479703479
244437616557919822
-7530989645883832806
910051787480961503
-2978958695582634740
-4124224665747808653
-8917276519361020392
-5581481264313240116
2336489981604189459
3894789660820195738
7601609341103126325
5961414366551103903
-2275623924660124118
4785533632493631097
-3178566722408046931
-6224491568633232426
-3386466316238098702
5444604955941071360
-8132640898363562681
319883271768042749
-9024903818582803329
-8111970288976345940
-967225877614805016
-4692912396176657824
-6075732812312083720
3343508076109068848
-7146202555037446154
2517291328098721918
8424579764359198785
-3184105563135938939
5503451328275327668
6250668150496269985
-8750954666470688988
8858176219810779883
2631200292364189948
-4338030251314304114
-6626775947893978237
-6684461535552939442
-7598011283480290386
-8681199963217454229
-3100425801090930326
5944838957408406284
7934544795320593638
6394645223086169334
884894925430050371
-7427470814396212869
-4457246367650915231
3103365675809483204
-3273278456456726863
8947315477002888762
994850866304937844
-2728521936252870664
-6846437900617693857
-8219247757214931203
4127751670793918311
-3417130673848018881
5061045265204917144
-4195821557171790896
4608523918631509638
8935591585674609756
7953140946374014173
-4780388514166784700
-5396903810157996306
-1648077452935613290
-3558100817608012907
-6472208867531213676
-533785004747120982
8812415196622118906
7428501877946788139
-4919726143100187555
-8796948966898632493
-2025931903305233543
-3237782433559538713
-9154135143231641932
-6623812468841884556
-5932365191170545367
3479298115853653170
8875082650898100686
3940066600761478227
92726927032956835
2602261935537428551
-849402327093331797
-427040642228003235
-5453022069365770068
-5620909569846417470
-1027897232912209875
7504325365379618827
-280025887703247170
-1266327165195053820
-6202131403412131546
-3371437976101892192
3503168011816186995
5308854420668127856
1607768078733564298
-8757053454808768135
777283477581540018
-656933466763030127
-6948536736008402969
5562137201673779270
-4022061273008267710
2387308970109878349
1467033756787036819
4509379632614113989
3909040788100250619
-7036686975733897112
4906117502413520631
-2220869062406665493
6619767545514618439
1038858844997715719
-163939413564431753
1939589700434192364
6725348032320119489
-6311699519708948483
-524569555023587484
-1687211804353081173
-1095394784181212892
6194404253185848890
-3209022743798990887
-7194280160638437741
-7965900829744139507
1282095684221574910
-5551426210315516968
2682608654826377696
-8944109992373275856
-1321974079513765098
8806546709775093186
-1091807077252450516
-7663915106121326002
-5125419629764379811
6925307679531912581
-2774200868024980336
-2577431730739508123
-6177597980331381886
4387389327513759439
3431446287118055210
-3796738705885977357
144152038497125609
-2116435999711573691
-2802108930683736010
5169168031773516605
-8148959802802739889
7174423666322022321
-9150529510251898959
-5849841137764138141
-5436998643077393268
523709869871109823
4026183140895437186
8581256552673457225
4655989199430704594
-2645822860229382791
8712960956421533031
6489819782733764281
9043890004734676962
-8542692094603659506
-7374213885339415920
-6085412344157122298
1300865636880996353
-5829779285529506182
371306108440149064
2609365821376555094
6059075873695275819
3357603600520624115
-1938537590794674619
-4955086172790165927
3572420072985744284
2699470257300976557
-2215416159200333994
9054536354657948203
-3435027597681141689
5011275563765540793
-5443527529894762451
5193784651419759537
-906977082991395210
2645547142472530446
181058338217415896
-1073295900099387350
-2757799724713861548
-8076080741252028741
308237187878419700
-8625690303180279110
-6821858491442189925
-2883483777260767680
-970573951161531997
8288486894636042374
-8820852855065319273
6007823238431730416
-9002712230733530564
6572486499386791959
-4668126661692470112
-7294926600617743815
1128283840592859706
4924406902374846531
3695942126122814962
592892701676159556
-2234586700231420756
4695563835239187453
8310969056885175890
-4395822571401143482
-8533191841857911983
2402325219512986613
5348468971675782170
4829656112760068507
7065901115595825586
4660978037347412367
2837830709526901778
-1579610004044461768
2123215774078180138
-7083949064646658845
-3516197138378367727
-898116574724228437
-7327177981920350248
2239721705243491489
6729580504767918419
7331487569359679167
7997745881221846020
-7225591168684786468
-147354194817962501
6286650486819766834
-8362904636693745304
-2131645696322041324
-589064936349098720
-5974367971347229221
-4827626791290319463
-1077561369768537600
-7748925078665435193
7171589946912580600
-3238473078752983289
5711625498071276952
7708334150674213919
887312795149132039
-1744122631022582687
-7678036336095553671
852897442640812832
5601524026376643716
3179654612486806172
2671867884642747964
-4453284910598420759
7403307828723478224
-3959535453826850522
-8811900285940015780
-3956527193811809893
299432361166601212
5498908651852517656
-3302046051219236640
7345932659293623917
-4262049795747181073
5539893505793697341
5273421065968596748
7180892026341827476
-6616950468555548532
-3450680929071453764
-4082613011381301800
2769800839100579932
-8787518615406004535
5863849075291792447
89218815016254010
-251687816718792464
-2052401800619004190
2180808276786486533
1750727887833579267
8692224879952958974
-4591527891690392510
3889780595462528359
-4493472647362757027
5955632474441851931
2911358489361523888
6440986669574099135
6274198634125155118
6833749076028355387
-4170402748969423214
-5120575157875086233
6651674832519541775
-4948539908122335212
-5299206526969642254
-8036318167423373495
-8215144191111503471
7733006809102298059
-1353533773735960117
-8827547045218661267
2427583183247250545
-2814125970163030218
-5791199334254203912
-1120617552083259752
-7567449561794266943
3283946200722142095
-1109089381163441848
3510902959530678598
4613251026648389256
-5308009739500713025
2953060885924375004
922452213494448903
7041323484889327391
6293816798239921307
5748061510115093771
-4149773907807435098
-4169254719806881659
5901886120930985197
-6874488491693279699
4311864495690655744
2045444481299822242
3468893115396434338
-6158842534280093043
-2409891498969150736
8440666872386318206
-104741294039182905
3280448717071915125
8801317714540908175
-5073920541072979875
-8822781477233441762
2320095836738393043
-7382259827804994473
6862609503845892535
-1020392259525295397
2259149899469375075
-8904051494211022953
-4112155189411807553
-1304676998355796659
7820874671559947483
7205292775815508631
4225678322464893921
-4450483071805936375
-4929930788446133569
2833480608201440481
-7816325043454219750
6274883785823292718
3134941960218587633
6611634098637361167
3309748338978596531
4393732082781739629
5435592967618630399
2502345708281379066
7093348726955413342
-4810252098637593100
-8246426489399522661
494320683927876708
8758367782165419366
8342362475724788540
-933048602115271534
-8777138195735646386
-800125165974619003
4794664679529884265
-8819123205802329145
-5018376694358995127
3542303159929955848
-6363556588323108904
509036745379856239
8124811812108674410
8494976124690827228
-8074683418452726647
-7874394534020145066
5358345253444252415
-5671138009517957503
-8076605412498190800
-4876144067386658423
3309126903884113431
-1072788753280347511
-8029742889789117575
4303583786189444727
-2153469746546111610
4840300693612422977
-6500663873403086415
-5884308356848576521
8091187609200855962
6282926466482410394
-2966526216931174098
5756625666927639912
-2436509273615722644
-3517714094665883586
2852584558330125580
-9182278992475696982
6257437666442420157
508665020578062934
5363097803050904051
-3591367011366969133
4482827376519231555
9063702028209990579
2585092097548199355
-3768099426410621038
1181017927734491519
-5856543789247084404
496386565893789029
6327168544800870532
-5122939140890518784
-4181217224342745151
5765158519521975371
5151938605189968749
-2038155312087851746
-1866017016863377682
5242030593053718969
-6753715321061052110
8395787436840091233
-3386981139601002656
903159576133847933
-6427351885961330635
5900317576444676965
2515881415962316059
621920367204435293
-3465056780109185795
-8807274584452041133
-7329036931972480365
-7695208322030877053
-3471472586833452722
-6564333816128842736
-5583213504295591387
-1485151014674113914
-4017232152492703385
488158339175287682
-3477376182549101565
-1904673568567489608
-5503461485060212051
-8171683971872124582
385127539667591951
7041110097108804175
3279330765195037443
2453896762294390087
-2678445685200943402
-5576080935151810171
2416817700803486936
-2382153434333884329
-795189741623583251
993689072571941216
7628843492264319230
3862830467427698853
7563394570649042611
5724679423602213471
1602594629699258217
7684263471563924785
8514244799246311224
-3669293237289293026
-1905245392551412168
3007686289254802407
4839916156895417116
3576776072908235966
-2365763699685967064
584583658639304286
-5534561605409204467
-1662674979717909463
5703959316146389358
-994713107125548603
5929280880471647912
-8347308050464863399
-8176441599806867703
-8054568141605212612
-7009018054989721464
-4441295495175074703
4716194368512005492
6095824537578945253
-1396059316989488847
5793027067560570804
5981181342863592211
8619186811167684950
8892642375630600898
-9194848317216316627
3263340964678885538
8682157196382595369
-2357826744127166807
7946236353508256378
4454219865288756601
-5052720952800069541
-3016540671096301434
-3255592282776671960
6049714128675748668
-6797838097372435564
-5726328774140066538
4383427707464075880
5515263678399108255
-2982147061661528237
-4627747426765352089
-4995752702950079996
5733529282917042954
-5935019844747119892
1102212629526567686
6700497465044523698
-6422098797793664304
8602721871955583655
-5544214106576339059
4925122756753797746
4530475878668113281
-5222602764701115311
-288429256889207683
-2657930930930311916
7479650320940500073
-7830531346197944543
-2998330753546445851
3203545694617065549
4237532900344675748
-8182474957377466320
9033588248743618686
1383723355381922088
-8760195329322629746
8345725780832304255
-4121751772649153796
5877685440268495770
-7857543660288806146
-3403945969549044808
5576018476211784020
-8284532568746744590
-3246712635439003308
-8498036808745446386
-1634253632383421387
7484582786969442160
969113316472874105
2265855410511965958
-3526092475513966424
-7137533043985704175
-1804629629850785320
6241057144691683288
-7693472476237166419
-1067127593186624580
9081201103897264347
8728177405410390808
437509508427574694
-8847689617845999220
6576877522004331976
-747005877610420486
6725997894508662570
-3544054713352277288
-7827510000402151820
4986237938454304981
-6575911327225978047
-7160596261052710187
-7085231563598820152
3638538696256467461
5970070370964230126
-4220361190859895838
-3215285745643637106
4760436379405354270
9027418896973079309
-5499426489813190600
-6556986048517386028
-2148452896831158392
6510394691966906003
4270115708448991756
-5138834367040312694
1236809606874847659
1224149819094393645
-4391296993794148825
-500605787916215338
-233608297087461619
7884583968300671908
1523844869080874011
5428273740747514551
2752184733127611716
7363538789539148695
1457892657183728376
-7053549656112148863
3982789561486374996
6989048186068008201
-3595957787222885659
-1446058844519954850
383539262902110882
-3152235513665021860
8467196270534223204
6845260664404088348
-3954850413293935487
-2709475337916833634
-5280015501690031585
4618065076454857470
6710377534087886210
-8375298596959896846
1653970398975130697
2197258697167811521
-5456851460377609346
-6452353784658317189
5260314886546018485
6840386114304711870
-5581759941781142061
4260122226773804458
8244774994168281991
8611579063752713427
-2914338504055488379
-1696363278449373623
-7144407339559707075
2043602241513238717
-174614745382456166
-9213898174788297907
-4805985877729411762
4178566819208720202
7089375657858384129
-4455482847337687873
-5211771971919909742
8288961375960046639
-6699428197637009854
127116033830289918
7175117278829294774
9111292942502828150
-6916563730816089416
7264721683473901152
3446816874230401828
6779956547677469157
4086294223862257277
2007232490130814412
1053219478961604813
8659821988489626701
3118277225148260138
7134588946706546127
7854585921732312634
1394265476679714191
8921160231965009255
-3423535904847154000
4677881317855593458
-9205756638272011670
-2248703621741028815
5064293241911084034
6484346516395921818
-8405743523604163776
3456930378308400190
-1040839252360001740
-8593383263942409717
4868385354969194076
4622477311608214637
-6356608580332714214
-7752549332163954096
3242792205078156113
-5559726010302435886
6376886535605490699
-8229832490855790153
7397701965368772876
-8701996381335573177
8257090483103418095
-5300756422639689472
1004088330259637007
3863434310881005145
5657978128433586310
8745683980411979666
5367980872983189815
-210817692094752589
-651234122942682161
5412273465787979356
41248136843582543
-4767095285358516300
-1350904799947645578
6195477583835011568
-6437775156880503005
1345353217370250754
5128862769328623263
-7581675394807294687
2789669687388715269
166635117190231533
-6989713994066464563
-4205194991014999643
4612483941239740462
3558189826256609939
4881590266601536181
2850149215266896608
-4778264332978287926
5834915927508917035
9091306332078327758
-7267332869397564544
1910049691996190188
-4301855901693108422
2250427867226802785
6715682799188027553
-1528880699699445228
-5252933686431091202
3705058190393962541
5963035883327096870
-3885614089754203188
-1227599528969754183
7622975397733092441
-7927339245750141379
-9182529626480132297
1219762650411693736
4608241095446674059
7480397783879964698
2145603957245935328
-5615692515868924043
2886550527470945078
-158090853300598811
-2874915386448223345
-2786200332500484656
4008769805723227234
2603844056957451235
-4189302243384045580
3975460002603984565
-4091953234168921799
-991561488459012056
3687686423821958828
-4903972310512102459
-643904478256688527
4183573071263893496
1209734275434354459
7530024421710244832
5459284996574833857
-1330948195085722661
8510322832642435190
-6075868330087584283
2986934406962476640
-7109522890283834226
-1702761495391867063
-6130355321731720666
8727276386078784640
8765824059588783716
4727965962108256596
-4922156766433099702
4236518830091431789
-7697063817859454033
-5238745855905653431
-3512098633179425800
-4045310180676597833
1514833178801037000
451345279136784288
2813050071945425024
1560522676594204987
805720712097121166
8471601923672296785
-3194497505530121946
-5190866131962070445
822973548417722507
-4086705807761325863
-1225897983398431134
8342656262684928155
-3323680695499022389
634392249969733506
-4485896467275810094
1051266224717497634
-3087337488892774366
8065324244727236217
-7107369962447613765
-460425928531043751
-833477506787569613
-5027054448833494822
4475846947308498451
4562820259588547797
-4440448446322879307
4687858369608053643
-6345288162191516102
-2372629188634185597
-2278222080532820285
8400708196012103204
-3057135984318040062
4458690118827383417
2006086940765790730
7147086004019222836
8920083010070287821
5284290612581129444
3053836846555109993
739502367401114777
-7978340877994265064
8963508977937288299
-1415443694931843642
-1945837963037125813
-7441773588935435173
-7610219896209486084
-1078701382276580229
8286379790125581506
-4941013351809091475
3853895704370246542
7115984756883926526
4146647751127039753
282415042969486789
-1537852833851038659
5861767905640475339
3479799778557890120
-5262533683194329905
7353993882080435489
-8383458107884137446
6323829718784228518
4982799426854746463
-41942177367116210
3934256699758500874
7988281282909790678
89317308019414095
-1656724783518003567
2978124299165490764
2752775301073423141
6464413230935449807
-7687570725895639538
-1304081334016456250
-980606647325768459
-5520454683378724175
-4171002641022543128
723268415275380521
-3022045875487283694
2942953068016484507
-5008016195297118022
2600217367747583575
-4706249186093348558
-1706293623933215258
-3505288704962892367
-4845738266814107331
-8614838217711721770
5799346981843557462
4090695239638706874
-209705038340720420
-2080067935444180392
-868507489189494067
-8553126226958939125
6161184339166259293
-905377205511977973
3066640540561403570
6889683075912046655
-326855375887326067
3998683124815009993
4822915007370294463
8609746064393889812
-6516236813288918546
-5720733966793271686
7472830255094495177
2535841402321659139
-880485077546604335
4072921445289057614
-4493368010251021433
-1170171225134388717
1138074938583760348
2944779822854518898
-3830409511258968534
-6396809246269205718
5643484376685625549
-1160986976729365484
-8277286747691332288
-6801237036801116228
-1722021863108148316
-3541528954841679389
-7472141105249014748
514295645592235823
7922198465308737092
-3462525165578417255
-3143758571684072122
5082573205158044555
1179632439251758072
1597023912479542248
-6164397766725543202
2964927701212997621
-1325150627866230030
-6216717387876584235
-3855761639897153921
3321281461437326207
-749092773328473697
-8105870674928325600
5810665872831456639
-2859337213803554810
-5206994811898444754
8059766004174405619
4062285072575675896
-1391247047701512817
4256882884634134959
4681295818603607908
1229183944647350985
3963804634744452266
-1684275192621229081
8079800389508758530
5271869927334983770
8865254452921807672
-6251648240012823647
2889419185186083749
5126199375906766866
-2095591912888292859
-8437736521970787698
-7631422379573260379
-8895422467475452710
-938130226831861651
-5278193468178596275
9165450471132689344
2665524002124821729
2409248397053225972
-760288349296721204
4553414077240062592
-7859039129048121254
-7131438413719116950
-7045364864521763974
6747341694946116516
-7967455794794321050
-6304622031337032326
937901678891008791
-3788259152794240294
4077515017267375356
701068226081381795
-2870020255962665981
6101680783644454914
-784228630708195588
1556980983850276107
-3650505190780775930
-5687942488490061470
-4859819090509422070
6734572955998413603
-5975593098721659084
-4639397621541879020
355848163734229882
-2684619787500369905
8719344308317430169
-2634121222003467675
2788900670885656826
9104348771136698926
7451574582936548092
7420343196859357422
6760769307148880992
3025562353610430486
-2203971493908266993
-5753304639872777343
-3784104301140644407
3454731418902296017
6568071391748431576
9114261096487185998
-8927255484408655879
6728840050434794727
7658636507813212498
6912955643604778306
5822293072555262874
-336737881354654219
-1312045303224817878
-4058545734537245754
-8742272107333560290
-5649914819574681597
6067739717446648697
-7039305491510472838
-1666079538683416900
-576679311905106961
-198453109870750955
-9222869202277963329
-7436841513872144152
-7612456692710867781
-118760459678800570
30352347510009261
852844457870342969
5815113465332196786
1015037234482573977
-4587731125159597663
-6597412666927820592
2688956737083411462
-7126360244480755672
6964971007187335744
-8014797988089356823
7633371295398423181
-8826556391705814319
1966720113145381308
-5704718435679036342
7595448571570924322
-4282269858594663161
-8605468321358935524
-4507313842558885385
-4340745648340879344
-23106687383804324
6502456085605113741
-5904568964369563234
-7054422169333204913
-3595685775393406437
5551590332325158197
-2074232747879246873
-3838332172465220
-5524416338535601448
-8765138091762636975
5157385567540687319
-7108626690624372757
2255429285803871177
-249228908449748636
-7417392637617730915
-409959790039408362
-2304441950677590593
3056162414966956879
8416342294614699760
-3241150144599138367
-678855746224446152
-6058742083546495687
-8823019841098320994
5243074650853241590
-7601917133661281424
-970052838002362905
6384076700242405638
-5014939330507824772
-7764586643472324599
3012403559520924753
-3719795219143828252
7715600320206924800
1252796318834920267
-3244536963588233104
-7108126989786110368
525708857390315742
4390319849834719534
9051040852740201169
6254969467610797118
633565083412497974
3316906936073453835
7123144646488335904
-9158618582426143559
4618997509258064345
4687637464210828354
-6597182749132963182
-1308211335630239797
9057455802841880562
-1869981330681041950
2606877971463807319
-8025284763621119322
7234786095979892467
2864916186461977862
5760996484179054104
-4700754660717792288
-7978757152949316587
4514692504536378824
-881321194571544525
1116372871468678966
2258952746439263875
-8614919918868147092
-7884069579600864974
6563194371445833884
6839972591876561816
-1988583904337355946
5179190062475429705
8552292686404128854
7439522359139533514
-3812763602843094562
-7503180665108061651
3931416730168340344
-5830360072596062902
-6909369821682235181
-4900122408684662961
8120217819203906428
3246416869522661694
8609606144794194831
-359995537431666450
-7092390375344130881
2248177892161112673
-7972297397466122608
1810904428755358466
2248333469418141473
-3385561257207604727
-1030796319826907863
9078579429994006690
-1285159330025542533
-595334247678887333
-2651963277491207846
-2971496379370709124
4344973079084298966
356589043272121138
2033463458994054175
8622456940263834203
8357628748350103292
365636693637433734
-3584633984406974734
1184832113622261413
-2648460338493252231
-8279276272073337008
-7291059150738487418
-9208252571733908108
-2548176057589170898
-8177528709006698621
-4374768591329045483
-1077512060880005753
-7730567835426826002
4139310016998164119
7631863122826518802
6607687213639268077
-1621139936078388752
-7569968389698166389
-4242207078756154573
3021475278563236691
5673928972650408290
2560225186210495228
-1922354589211832299
-607476751711341367
2794530145508828755
9015391377738006058
6928735091408612032
-2120694316620978498
-4035359829221850083
-3369401505220901480
2675065856910550794
-5049978388048547101
-2040213454881185440
4109941335442262368
-1857059121144951582
7989779157561223555
-760207603663336869
2022811556749418548
-2919120110389687080
-2826719830332601838
-3983626822790204538
5693865894706557628
-1927886397330218393
2631248524750157152
-515759942662158351
941785649759227465
1700503299037608499
7065168261727560787
469906112133933404
-8451895704773033253
-2435063522338438314
-2692482489445772630
-3650983867368121597
-82927276666236506
-3564732855586168694
225785585403632775
-2051939824120641875
-9146493242139367320
981046218882862321
213369398306036358
8077012024581043719
-2525508617925422234
2183686335605605243
1802452167128600852
-6390218737810450242
2948646879352600180
-8504340320509698019
-8944989311740345679
4172264493199720226
8509575335491642305
-1441831583387080255
-8299800030016008479
2245023561460819110
2278375499709389316
2706691510133979534
-4470293531748112849
-5761404767144036323
-4781298686073203705
-8265236086462908777
523724000670644137
1068511645150196485
2070125302395873610
-263867298799058456
-40477966407085672
193472177003477045
6872762203899536765
5615683167523712364
-8728845067408520837
-7495701679882622504
-3413938701040636236
6142019321632759130
-249071705993700699
5205984083968263721
4707199064083516379
8534867230998917819
-5197290571858981070
-7732090906652003722
3898802030288202746
-6637753137249557502
7699658929301958387
8899362805595591815
-5645515106274769688
5711514972467755514
6468331929995282176
9182371684965544406
-581541812603139785
-5956596071556407592
5230994212277846019
-7117771647713671769
7543592942649476580
-6377547614349104222
1224302945656924515
-3554418771470601142
-2676889873211549132
8990071778478142301
-232995788424482074
8430564716385575648
6449766635552663519
-3944482621306946941
-2682635677294684755
914172750973039261
1303135654042579497
-6608689034767784335
-5808880085495117632
4606541058081134334
-7475083475129252953
7511585314086289406
-5310102989379719140
-7762327426776441142
4198286965097415489
-3627169729556906800
-365972761878132690
-8160589820077619251
-17431620714960300
8584233632336347748
-2005321680093238658
7993325894208756576
-5208805808398071634
-4639322305003925237
1506864391706500772
5975110804861968656
-4837419604021813247
2939249073760475652
8097551775429039725
8283257251252063383
-7397928616672833164
-247566258774427018
-8983556900865381767
-7216790071927486462
6520728018978256330
8751383220776667687
-8890256336889620801
8795917718712632701
-7964151480251788794
7430799729207524973
-2064603718434315479
-5353555349093053130
-6358867067454205102
8148517677879797488
-755647606951721465
5772538393292571697
-4162735574497650446
-6383683202108462816
-3913623384115665353
6480514181142920302
-2330460545311365681
569580448104474120
2518595442508107254
-1427816259503355585
1603984682163605796
3593359592007864499
-3357180793800562115
1422484059038381600
-1880804024016237285
2016872768363840939
-6999663089030111923
-7373589558282821485
-9011948003601167342
8804730327244030272
-37299435935038176
4173035156190998538
-7772794459336500965
8004291962827409466
5448436023623644531
-5843191192541431385
-370467480236043725
3657153095888803388
8482346096603065934
1750639248772985198
-3389188541973820608
4313259856122702993
-759026155494167019
-5589152093602059390
3453384745245895089
4737041332709546950
3031934144657402930
3612819430523518150
4052132231248521182
-8964134259524044595
5948480821304624807
-9182665913860943481
7362982085064435126
-5856294043247647295
85474844178747315
-6807958487909026142
-1630157645504335967
-3836694440847554123
6304066738302084718
-8190623975117774118
-9071370024393288755
-6510863051868609341
3782782738384105013
-946681297950135389
-7347163886236671937
1643113575541088022
-8571937698364459629
-501372240269103205
8831138643449471281
-3044619658427322087
-444381547569623897
9194821598256986790
2953830724110440326
-1723301648693572325
-3386480194321132534
436889675814875458
-7044282636018004006
6665413224904404339
8754918162598494989
-5872826312856763741
2419906494776835844
1198549624992557185
3740089764389128020
-622663605230653613
-3981221314196819422
7272383743780855339
-1670114740459230696
-8799443366987996179
2155374159162518759
-993564079420697262
1520506547640206010
4127596284680893775
6707768563198720084
-8890755020115498547
-5342504130580196099
-6219402745779235457
6678204218982575445
769263269194325652
-8478542719860463773
-6881446841595704434
-8368505424115915377
2886623562102234080
8589971437601828263
7365092365646861082
-166742370187192225
-5820524786908353273
3081284565963075822
5179259477321339677
-2042769887504699976
2942953743560438450
-1676666535507135758
4666626489576084407
1966304894315847665
655727045148552293
-7498461072814828030
370933145913121329
6763685026143463245
-7626459931339604219
4296520297147027561
-3793659437486440782
7893234496642425255
3338374045419198027
-8714727678940420830
-1149326281105852764
-2828860673531004220
6949140108436558862
6160184916950717684
8772642844502283280
7239219546818607835
-5356042630778121550
-5976376276979335406
67387377497776604
1841706263763491237
8253839922298213126
7719130815356293506
-3858662204910348345
8985840686058336174
-4530620737026449784
-4572446776459855811
4563300583971227945
5151827757137839335
-4793425170536329422
-317955816957005301
-6816742911049608514
-8821586991469299454
-3094738586959472098
-1290997480441096716
8939279640650508587
-7635148454250600907
-8380333427083495397
7217739515630692625
8909494780245965596
239120327810489497
1621536742339232611
5264904082928686432
-6018149337693904176
-8833301202490991877
-4010126513993575458
-6448234495643218550
-8196703042462810767
-1461144924324608573
-6981776861584334853
-6382757677528634686
-6262079528748236800
-1356813683967310337
-2866601841292817800
2814979297899424273
-6578964044193160940
-887696644387456360
-8941477506680096668
-4262410290378630369
313159776260225848
5000105598690818395
-1931147896560288910
-7364072907555690765
1307130270469769465
5590852652713444531
-4145674324896555751
662172482593427874
473133211631782885
8766881155460194128
5355562339305101885
-1449547369198782296
-4471080558455811940
2218750589438372321
363562927066807302
2378070460860568903
-358384285451503928
-1457805617111371010
-3851768479290795780
4321325465289275441
-5927959136855680236
2354772643722498188
-5031905886226287740
-2470593665881556724
7705124787936049182
1972873043961239653
7069166330656445613
-4427313906947586718
8703706343690123642
1290049694963419558
730994925096420151
-6449315799749255503
-5538704838649901879
-2420796552985088083
2052058291483542417
7432740548304169666
-16756496602582810
6873295015579091742
-4520712424705970426
-5520854317834005870
-1180204784321122741
5459362676461627239
-3029579548661526638
7995372910033671822
1178497957296425898
-5485063033618649746
-1914846181901165626
715961200536756909
-4264460737180660164
-9115432409638479562
2842410646336390612
-202387362202019015
5495869923334079361
143113912493113859
-8004686343412917876
-8943200672277684220
9199736261721806028
4432440072373839703
6184362012296306184
-8088229603547729988
-8270236178180934015
-6493873777994528877
-6882357843575904740
8758053290531253010
8875594130668063939
7345069379386195766
748853089541568091
-5734369685978784911
-6070273617642597979
-4644297148136075967
-4450461972520249935
-1138752691737111150
6448925064765988845
3507475867943976823
-1854372343598356330
-6317108387990535756
220815317044703458
422225961502852058
-6759324500691467027
-1918357686034646900
3661910308500600428
4093765705201055658
-3251349089513679615
-4691945447081621306
-1488542060067478170
-5865937626402954499
6070604810058545220
5423313952841042788
9034363795493074946
-3877021732273103188
-8579260420153746669
-6711552517184235278
2648619262595492814
1052240247996721660
7933232314414704259
-1841295732149613712
2238743197122647820
-7404431676368696004
1008296907727316329
-6803649758649316770
-7923586313249870658
35463891738934567
8873151024380819459
7507187759310259274
1033807025232107283
-1808638436427754289
-4882949603595257013
-8973051764025970098
-2244135473560054573
5104708663891834613
-7766058610580763925
2885340869988881837
6687870587568242847
-3714069839875536463
-9199464404737319287
5406381576713555849
2953169131377646679
8839466165072288280
5355749618019549291
-2515127529036233881
5480113470790073982
996390526034758665
-2982735755295459503
-6426136709422265533
-1164365722606319509
5999105298730512306
926585721968307082
3631646672882238405
-6771529408616758253
6575859914774548889
5858992259758927223
7257149071960345639
-5748763660672672430
-4362603829045928417
-8220038455570881733
-2680192599709829292
-6179726898475095426
-9097154396330304856
-5902309246767818536
-8776038835206997743
1054551756261885598
8893223332641581569
-3756324990779739294
8296547765959763105
6020676762496865895
-4476648595260295065
419113648516614013
8749092510861628615
-894986934657164440
-6146685154244496067
-7128798238141079803
-5279949533356786527
3063788659125030770
-1467607130922857970
6670151186237800567
-5534966189048505166
-3220809070498811566
6662962658085751432
7661322080711623351
5221308465055752151
-2631916170868076565
407091694949805797
3955366775243955132
8887836831404439914
5174736507154043338
-3724212608441904537
-8717613212125225336
4360550969131593095
2165551737973335626
-7618967773761798753
4984063626616129032
-6559454306485418021
1243990121701180002
8475785770899607988
-7891825223799309577
1533006452583059443
-1966167385273448785
-5051896659935289201
-5318140613970367858
8003853895654800538
-665594401422581843
-8399786397443464952
-3320705908611645855
3637028420082080406
1808403428564424500
-5295425626655192781
-7778877781214410197
2393448678840819996
7403416519211328025
-2048200631680249924
2575867607021192285
6424178567393157792
819931375366039240
6325991700608576002
-1379790111807750941
-5724005134384605545
-983562718968524117
3957363357756209994
-1800943711727405381
-3558410445081833684
3989807922657786648
-1184811644380340119
2805731712012129822
2929685173968720178
-9177257102061275819
394972928094999806
571678602161238560
4115666574806310530
1807496507964462237
5952097448100974837
-9085880040746188459
3114081955284296236
-1028313025648384355
-2280252408259956019
-4713537690268267294
6726777558205399789
5403215995962403055
1269527010169815906
-6316596002264767014
-9112855344216380022
-9077295920601818487
2595425630236001307
3384483273689708262
-8733821741564566902
-4241351975450660927
1830134901899576396
4064126407229164242
2809581323591373538
7340402471717881606
-5694527961919997302
8348996505568827946
4232183428572130129
-6855498823051633636
-372073225127568629
-6535044318424497878
-1442135777401571559
2853077642307927771
-1095786806357866213
-6414145724915597508
884402823142938920
-271276606606201932
-2467227979392451064
399939289967160102
-4038760122775114099
1259736752740013535
7848207038779073732
-1179819519928730365
145183360758265696
-8714169461593260353
2329164538692494798
-1430766383726121062
8564571781527492289
3860542165864692690
-39839144679609351
-6066482107239433332
1727405678092054937
-8985068531002227032
59340850407313683
5846789588870916759
-1137560493640706485
1493706623753776461
-312023412101273705
-4626693839441282597
-435317011131792522
-2121757632112884150
-3843027574812941607
-299879089913610983
2886992376618997380
-6869375292168414021
2221346309157097056
-3065253144378807332
-9071929385446680378
-7503209580360331163
-5042252254343203126
6787990234067394024
-8840977313477432677
9194743137147393825
-7522759852229173086
-4214567045479334786
-8505965789390725065
8391426700615561105
5541720602472358544
8480008220208519735
3133859014137614953
8918786564451418756
-1913132577159173115
-2194238192143216768
-7222019931732469839
-380077995310686539
-1376316219126724786
7921373544747591687
-6712575810118149332
-1545521232965977278
3680052090256711793
-4816103268484259850
5110591259698885169
5814873811641380868
-1245687900641852709
-2752237128570098951
6426873716789228784
-263723963471369068
8507431075442174198
-6997023567757918573
6592444401464346364
-924951258959721462
2369770456644504580
5843455416108345977
-3697936862748435978
694568152900591039
-3833859426990419309
3089813371810292315
-4790862092134267102
8049440743800373962
-8658270895292655899
2946921060482106950
4330662960056408148
-3179446785218546846
-3601006888331782400
-8998389167423194916
-7209942297981491297
-8160226939997213465
2235111749347289073
-4085497580433255645
3851336167506883876
-7713727657829244945
2733487580262901746
8516613092545184126
-8203094691227457649
6530625891664532642
4333020671330097677
-163168478751073475
-5683314703321745977
4500141063677600253
-6015335167667721592
879031927078558572
-2821460072339500577
7718780074063094507
-8516294201822989234
4589534669224701632
-3843680879921390057
-5045271923242843007
9186204218343430047
5135194034546698889
-3556967108263486262
1552443252877319439
5389650700290101398
-8693528549652580439
-5672384382965544827
-2518073236528361316
4655395247829677289
5158909531016870464
6660025631138976376
2730308852821344276
-5184778667082772608
5317146103319908384
7931880541662385076
6449861557466263387
6585556836062822044
-4384056718064888561
5092335215136036863
4832859345350750516
-6326968149484504342
-3105250838761983257
9196923776667717430
415186610291735609
-8294545628637686470
-717177343495757244
8818175338623079905
8722260172394601971
-3177569101261132095
-3882854039992542779
-1064716218872517664
-1065760231461469276
3715956873787761534
2460710842187496519
3568675150048450109
4259955185375224350
7663437440475174354
4215685079447455062
1634721179299869276
8381480887773130348
8257215043561904332
8430327695215185690
6309989776179229789
535227217742899318
7929273440833041843
-1300518449537865720
1508680016679697979
-3755869759044759106
3815188388468251485
-2900515898378753228
-37264973250840929
2169135213418960465
5509178796577511908
-3572561965973519405
8460200374565442048
-9165048095983105193
-505703985198223301
-1920068679485840804
5400524861731671439
7328033695774044011
7202421096946272952
1054505120054577947
3538915186938755338
-6051751452900107552
-383207975010340843
-5878888372248139004
-3530151872588524781
7651618481795608051
4437675849075023902
-7767190739855130916
4677238626814072812
-2030265404345534729
-3258517614926432852
6888218659951952089
9179058507920340663
4963051267582000927
-5487071253713463685
-3186615275370921359
-4129337382551558110
-1232020225823037225
1309830572377004520
-4315502780329845122
-5830980876183059063
-3353400410638687438
-2585273981824053351
-7744576581795695549
-7660738205822860353
-5556943007241227970
6445305136628596251
866459513765083663
-8632012815984098385
-8191215017322902485
-4177897318767557708
-4455460369502114247
-2174319547244665261
995220107096815383
-6111232766694327891
2747934264119728818
1129545743122088519
-193967813292609696
2089152590369898222
4708649697696082432
7961232822477039386
3533494057695017273
-7057151307830884684
-89498453571046316
-8815426214121308245
-5216396058008225053
1087869003852871284
-1805354684684726605
-5692786848515806522
8255628431242796704
-7078811465771068880
2924096072659914536
1689111984156048116
-6030509470588506651
-4489105494625424096
8002589710631991826
8473208311989574178
5629745843888641386
1585342543119243980
-7608862504095011866
-3045016709208667995
-293927075182521630
-7149341662104986041
-431358066258139757
5980059938947701127
-8418789463532843450
-8794788856710831774
-6830892907274926463
2692884756298463664
7541694315322045595
-2397432026249760760
8709747483055282543
9126538757798178790
8237188656240758815
982965211731459937
-2793096539744102016
510340064420389049
5785491192063594315
7918089890614418990
5112046597429276281
-4106254143499576848
471343283949676336
9206476314849308806
1786941248451879642
-7853223829857034694
-1799686941546675227
4435832545466565500
-8910183750179897626
-7756836876193443791
-9075103973134126156
-3628981271820437363
-4859589181000893563
-4235148706615818824
5349184682492963173
930465065503821004
1858931327866783423
1015432724415565157
-2677130890881522550
289565738950278259
-2941563873772363366
379319066769622278
-2865821780507570053
-1494799159972772237
1784353788532291933
1049987370047299896
7159295392222324801
5240657363374462961
-6127650732628896905
-2564858935777598353
-7558438831357354237
-6134955456861948
5433277097451942467
8347323986876563047
5249498279357403333
5799387396328155722
-2984876234494314623
8349225457691304085
221244492690137750
5641062115218546323
-2215704183903789832
-4484606076648974949
1690455662716164133
6915802732760080301
-4037544912224679220
1877085857499427324
-8408516750802581826
9210790251379517130
-3019266852053937390
-2918827986038964154
-5642899473871340132
-2092354784308280622
4606266073541606483
-3546766404333470957
-3983782219442687779
4676959264941069584
-5066963457371910471
-3076586702714587682
-6938144037350695267
4332370457028157939
401140932216000445
-5353693308957272980
5216279633636765307
-3212781262571711757
1905133538097124348
6508251456272053637
6104647598775215756
-5867989966391171073
6649828954422215770
-7807585257930417220
936031619273039930
5542932333492656312
-7041671355935217421
3522271039516809737
8301179727149173477
-2754527352697156704
-6967140924961765680
8943024821023862138
-1096248053603833864
3975630306725174397
-2306648713022670660
7601091679089268381
-2704013921320398521
275896728394327090
-1462372215953014450
-1637090027299189046
1537483009445367195
3974268736930135876
-95709278506513956
-6318181358009517331
-4773367957414943342
-7236679303461261964
1142728187556942387
-509104345640045221
-8709994595291681730
-8953297982788192622
6449925207184763993
-2540566121328118883
-7567585665887632031
-5477953294840227694
-366342476703794135
-8732907420647256810
-4716694931858538070
6930383143623723878
3187177877107076754
-5653069666588416619
-5539379567104304397
-6575983149567304254
5347472473484831706
8114389837255180893
-3276716087862827031
8006834263232568922
-6799336913892654239
8426876064711325359
7184065083715365421
-1323567642535432564
6576703792797927105
7825825772778745673
-766065129077683090
-6196605487529916915
-199343558243211175
8522724093785516596
-3105589376268669365
7922702825300133165
-5481807141550437727
7259294582887882291
8165664301487024511
3489298851055893636
-8231057975354836299
-4716600352772150753
-3989653850900141752
9210169170085632461
7094752086441998624
-5702137145250110296
186782765686064706
-3882977741176627711
772755770069965385
-8231183896891819195
9108998395688626731
-5669342168224207232
-526218187462653306
940718458883492348
181986765339394707
-8637535661626718770
8378395569897189331
1411752247706502815
-2541931535751208458
-3707731979386489631
-3377281657773963654
3613918062653261765
-62106502287761572
-8153164765282787074
-5959264366749347420
-132151096131228001
2376401260151744841
-1846564216568372296
-3343066312326576827
-4130583314822726434
-6038784320956625684
1495843035845005716
-1459119893208930388
-3044659602210193077
6932844682766729183
-4938738401398162708
-354332907364713044
-7593548616154350159
1337425365613027400
2057274913801155048
8814475852534793661
-455487983958612373
-2084565045220057814
240402670552748698
-6367084925953953263
4373050619902429422
-185017127228092504
1915695003472549996
-7317857986982306249
8139193418683481177
-3245921817109419949
-3369860071667873461
-6255622317299250541
6316965475366416349
3437366768056420896
-4529741280725994630
-6153050173686167017
-4906394390558010882
7791132177691350798
-3873741011785391067
-7237364211510489808
6071950751756171153
-7022387827773146535
-2542327325901674347
-3139327954668542455
8831386712589826142
261657250221792944
-2083850271395079897
5863722495162961567
7653567431665946425
5488076595055558406
-94888357443046156
6011776442714420925
-5128609233100255109
8410719390168105614
2258608567159094984
7213103214859894358
8852308834048185872
1094878672546704868
-4645544341311232327
-1472621459848274577
1031667125319456177
5363977233623510873
-7295787079960275745
1211102109073880653
6442122711787914571
-7421574371826635852
-5570706019962605050
2670764155346221108
7458309191743564962
-6049777934363896164
5298705681296535622
1524824079700570319
-9174010125270408457
4985507157551303698
-6158957287534842145
-4751396597136300571
3106969744953238626
6156307081786679959
2924857798147081373
-8887425470493856397
3272567753772627768
8316874658739705099
6022070785450838754
7940360520385371704
1702877263993101331
5340996138562760835
2405675270361081307
-3502486769534141898
1197266541231553305
-8018205694642925518
-5472622449842894595
-1674047127776719315
-4106724408848154318
8351246956109159949
-581637836903234196
-6120977392989862133
-4922589252143280040
-2446378437478775713
4006023251548950453
516813877692159230
1129567323875851603
-2897571928352353837
-4345940648845086857
-4507442849830205508
392093116622393642
3356183675947539465
-765904675072372720
-5942286561160199768
4313800261215516757
9194176822066281760
2326039385898001008
5078234562487401985
8989948223478140880
-4969476404688588897
-4287918992311050349
1850842782448682135
7502937694941040581
-8466952697294710728
4102819472944478344
-4958308462147228963
-4771477240504086378
-1010012742082337195
-6939069767564631204
3641709618370986991
4655055968422863516
3582412875192704383
-7779153816711664272
657914336019820737
1350199797951067469
-2550670062447700620
-5003069343525542302
-9077728160997104891
-9092560326245866215
5587495409192688701
-609338577361320141
5034262169911180628
-4453461903595662876
-6613330018692596518
8865767279879265010
-6992774309496560604
-8871840553809941923
-5100380520340343457
6138169597697407609
7126678509607279570
2655273866640896576
-1031732962598300694
1045338389677020013
3430002762430585125
405418331897134088
7026976011485223199
-2414043844716394824
-1750703984887018721
6242458744998573610
7307451984225093657
2107188449336617165
5268068702587574262
6461752640604417347
-585538172735922275
3671303635538166605
-5533234302484201394
6256206923258334118
6042704378680503858
650139854007462977
1324818235738168309
2209601746870467300
-905882942368140883
-837690713829185974
-7766614307315847754
2106332690795613173
1765568850053911250
-9025537331059097098
-8116972200612448057
-3019385154173614717
-1914946890973578905
-325355908994323038
-2255000252805286521
5857963939788783190
1503939514797617607
-3524903935226996025
2218409587715524503
6385923966630105963
-464812761611368548
-6501490583377676396
5527000738210471581
-4970105291152836217
7804094864605683539
-1999045020354591013
-5547691844940826586
-7734531100377071837
3954951970768780183
8606010601009126806
-150689451793721279
-5505846995498555687
-4844773637066387936
4998992923400757891
262559501269794130
4078101761371325445
-4481617503581826512
-8760950333284281440
-760867871798678633
-3112320426437990115
3317952001697534634
-5073134257591259723
-4358640967170772946
7126360607752522574
820367098553348624
1136109009192522856
1672686572941137682
2603816937102072089
669369061119219323
-1264646738417032067
4062350128898013492
7230516692337412034
5903409942690914004
7344425939528963369
-4107136918359787570
-7091159260603934211
-5088011848474513217
-8147833457043531206
-5717996142015022292
5164054564967599539
-4392080628859682771
4412482491251873557
-6584850680696410843
-5979987214244597046
8013909644603901456
-5797460141324324345
-4802703491850518517
-7937516666427266769
-4054619094828389370
-3511397160538723781
4104613319855892672
2027969448779377114
4520805085105070524
5806957100167122426
-5908996696280735739
6874122906713629784
3198037125302037514
4636936090564141420
9215081371294876415
8008521631747210661
-3422755115501852819
-3833105600537266004
-458095483477291170
7284490250003399374
3343027613307200026
-5565334484872303840
5951012182593970202
3895486360298585708
-1968789407139083902
4769211964739712711
4012333021464515024
-2102631647818429065
7842146001896040607
-5358768151097256220
4911644535278821065
5371986815043724586
587405205161807928
6025432432982943756
-1526932717082929377
467977609987675911
5624222977189146174
-8779296527532620284
4624140971578066565
-5380853356904913732
7905955343620282049
-5737207595475083899
-7447292014274735364
359205802096556599
-7439307673926693138
-2275141221960633646
5476351239906431721
4103442672739569751
-2787000696457965108
8009887270449780271
-4489654146940268583
-3269354923190317313
-8998946208419545791
-6892606738005232715
-106754948747601473
-6668420620248641410
7241656123207966600
5431247483245269327
1868211564911131469
2162154204166884004
3539282747658607733
-3028461829672504463
7994983379157498417
5431808369603053142
1760549924161742736
3215116709895160325
8048167218651230049
-6280866916632685701
8494378534274100325
939776350981768352
-2510536861257525282
3241413401333934495
-5068343909159819494
-2192110893271967129
6465307768133481030
424719061214975490
375497284540708556
-4876226576878042134
-8003299817894290981
5867354758900992926
-8151598809580597210
4869275505392856132
-2235121391682144485
6844467832970305414
-3633914891382238595
216168039459638003
6082199795931589988
2994813893054272879
-6935917433560724697
-2780571825504561779
-6263868544686343010
-4138593728391906222
-1463393618700283349
8260616598542183291
-4058093468057045893
-6130738270386433141
-2822565621209723133
16739149372989923
-743612134340796877
-1521579432762020691
513713594664055095
6396232365879655394
-7455229196385424621
-5567742646514642019
-4764321992795494614
-8290690549789685904
7888954248181650592
-7766865916962818760
880245502009848665
4037521976529633980
-3938070121034547670
-3574104806248773700
-3359914221146652589
-5072205840604818075
-4045619346222781217
-5051229658594954502
7212953747498644081
1557936584925972985
7941999147761917688
-9192292100313635728
695772710217091427
-1716013699030080666
-3609016259227186414
-8494527097523625783
5396651392762836792
-6481405891281084247
179647216028249896
-4286766503104854959
-8960587493436298112
-1188745078361551776
5821410399346817078
-5981743714818166392
1451729194847293566
-6945751348475158275
2356831922463092578
-1712860003829488613
-388233820958599865
5573587102543740350
-1542590412923223779
-7911243152107525655
-7784939626947962063
-5856838821828711130
-4981477757383132169
1695210209927163480
7174664749495430413
-8149541741468477427
3059687285554305362
-6619729298627581051
4802858554605475644
-4051128402217261856
814829029561242909
6322782081774553511
4482563146956011014
-396795076622347262
4644762498393495279
7467251078674753864
-8906259149021817449
-1971513064140105304
-9190700209015298459
-4788096285030560273
8176418813334807025
5751391734852233441
-7239251329982994255
-2742816830703687203
-1005327108078257915
-4996205188584173884
-3542060960481584940
1103406304740534485
8313203464470544393
3778693500009202635
-5991607324976681626
-5356663577558203346
-7498716832457489142
-4388785977634622849
5948105760529327907
3883316243203590757
-3035294190053846545
2373025808805162402
-3984471860146057314
-6891228859956517482
6858580216228341455
-2062676642634242400
3001141191917807640
4212753261784996150
1601437548716108801
-4759690919817475442
2002159657525765379
7724592391960403062
6292005960617388480
-245572937078697147
-3980889567568215318
-5654932823168716359
-5536385860878280740
-5652898534475651843
-4938826657315185885
796727023804415716
-2097174871679473756
-7969000195812954823
-2362946425603348995
-2866570555112728877
-9176339927710419394
6324995937989953237
4515557526500542030
-1462015280561138739
2739668217313268156
-1077252234958794592
-6534801257035074806
-70440334472981073
2785448049699634147
6009766618143750068
-1745879480833086892
-1941380223977101102
607924160309312733
1532870120893216527
-5222483370342743167
-840341211117184603
3662864745916643337
5205877438473363681
-3101678739696741390
-7326133824120052225
-3903289833411179419
4467863834592771837
-6488989537676218336
7799257537396254173
-4835262890960915632
3634335904203258007
-2006464482324530043
3900194224869795675
4456578912356584000
7980409065742211080
-4060032246188313185
8870818933509444852
2112978942966369880
-4478160281629422949
-4080748557265230544
470414696464923298
-6333798796004129034
-6471729652944919277
-5960405941980523248
3753578752551425656
-5814025567691947092
593742506208563748
-2567203719164655202
6446724191433932259
7795190733957322990
1379751928988205812
3308249410902044234
-4888980919330854279
-8131207661718469331
-4843675942613462900
3299417687897736932
8771123052980205084
278249845817616856
-1877215181550848203
2704187883845544841
3678517045449568533
-3104729606293126619
3635511698311578226
-3765625678431822796
2557091140069024742
-6260720000155080392
6857083587382153369
-3172081184592194521
-9220228718424656172
-5259338049216831846
7713301951059981995
350366848727143823
-8946160061210046103
-5442198512261336319
-8147836857471678914
3029451877120043179
1276966182418747657
-3487513341891548452
4657560307079672721
3495391125903490999
6982860049127468430
5142587576615050769
7113517411583019036
-5555210260246286917
5250808247803098712
3672024989750137226
-7283876588734293089
-140441337975671777
-4258646381194870179
-7946575024632957036
-7262908937549596885
7048086317616711076
-2281060647489402273
6879504263820402364
6194234484511419644
-3014176784833543178
1578977910843988565
4283017002958889151
-5452518600348849644
8542728315362183884
5892856172365785765
-7811169844583278159
-1073575588693599893
4347018744089123238
-3290688264167453970
9027105197844493720
188876923702395436
9180248125870093667
2983563550062262652
2731883731330089446
-3798768480382330261
-2347244156474062392
-401169510909042378
-2606862365610265825
-6132387296540139534
2790350360411276209
-5280588156813028605
-3989292262102690129
2701959219913249914
-134963758134164707
-2880617372872731860
-2769041638972881448
6366086556984523380
-8845767885160014454
-7672720643011466014
3982000147643220996
7396501442336625382
4304724424642689537
4571058814722107667
8269983847990811129
8053567190798514208
8515987621332261041
-4513888294362780926
-7339905565270018447
-771354713192033124
-7308297950318908599
-6543111188724188211
7530682042249906299
-7814709846935841733
524707063248394683
-8014022255050177381
5572555581131243496
-840704651649676459
-5861444723228723629
-3945196295757292194
-2482446899918775749
-5379818114648158782
1473808652104449988
-485207771528474309
2833334721659925353
2510992350937343684
796632644823402802
7029682373805494154
5195166866942322124
-9014200347053350870
5329400118624251171
108744193556693971
-2868699204460532688
8941255005948055848
8130319442493289413
6232606376545013458
-986662680776895324
779436909844870903
930134041010866614
1439760543181211488
-9213592375986516904
1700040440811424394
-2166609286855321742
-7476551275279752699
-9096670547602718321
-8850903035346385462
7022419521575321826
-7137355382048106204
-7460701119748407851
-615254474762793933
4821405836330770351
-9034617940077593522
4541590857724048900
-5238089928999501980
-3780695463670861733
5190540057056289782
2678535421939182850
-2095438316320813189
7126679103081078968
7623744788026404669
-804692543871666783
58702865780144003
-5113531495670634390
5841120714574122439
-3665646931084153487
2647464764147061492
5813453278492685077
2626629619456395440
2954824925768166365
8462882038901919916
-307165244907490077
5811347523656483042
556100021517846416
-4247198759801919092
7653720623611955587
-2967240172191476908
-3509179957672981493
8629719866870662958
3056914213598533256
-1086089219033255602
5157364631525199743
-8563316388145174713
-2969718523224433197
3839897667189299701
-4466855678094511983
3588857143922706183
-2950389455891738722
-561200300789735433
-9184377459884997057
-2489108108603418643
-8744603091733001261
-2039789042040149674
6247286857224342793
1720402773005298785
8040659964203950762
1890346921069910526
4304640952521902879
7593930443049498957
4805591708713116382
5906483736181381565
870214361910717279
7632168231662216787
3041476074049795090
4883972855971485442
3527830044741617383
-1457243211401133537
675361669704182462
-4879567309367042680
2189546327988538234
5967032380629877637
8948823510895146005
2484817535681435758
-2478187725101720048
6103507146634829175
2073859645871478674
-1835948796602873009
-524933745577026084
-1190485097112871356
1844595852151782253
-8134173073477660182
-5594968058998944904
5642912469302587746
5243588918444568865
-7378536948625038439
-6763269907096735230
3626453574643506831
1160704770388954305
3071337580954268762
-5265545830678718746
-4741967851168754812
6532286430711423216
532788422250186536
-2147022804604697560
1982889260778612046
-1358459559271206884
-1794764103670975392
-2438227043978311466
749971932597056453
1594965351405486486
-2852665524274018921
5132973576548230743
1751216562633880373
5892896680187408590
-8308546939110636697
2127992378478467111
8668527648787021312
-2001704850060931059
3664474058488666045
-2297902632143306179
5624549556980168666
-8144008666761641449
1627341529100017554
-3355082731960124536
-1221902045805428504
-6975675016049270991
5678447949575237598
8506364403489211766
1749056567296578538
-2539400090292085715
7047853018478852606
-3049026281915300369
5967345047596150409
-7659715997435519812
8308737456306448631
3066078865947722423
5528856502613613292
3026231972869379397
4779168916565804963
-5699972366225285677
1704157645418693837
-6600310641518430624
2401670361673938357
-8326589617564463690
-5486527063816195647
4390886345422347841
-8679818148789766209
-227367745520991732
-5585871420406896037
3330464378203886371
6223927824548854659
-3634010235552073484
8425181379761666437
873633729756801432
4867870507962579738
-5591118430118208667
218828070982201233
8231437780240130488
5862670007961879077
4536822251368439699
5375890040357862446
4802164919737029185
-1348301754089242938
-606734060738407068
-4267939799999710353
9022887521806370501
8753995735127359535
-3389160627485864713
1563256898314418272
9125283929926067400
6164109144394524648
-2734678476188250276
-7986021192102026761
-7091762587238649887
2236668740875402751
8614339019525825785
-640626611128439274
1539904516892090381
-1141641383333252407
-9051722770821244786
-2887870737765915876
8798468915390431159
2837136749790444618
-8024672690725924915
4925634336577777440
1688624699121823516
-5474398724309415402
2352029875308065381
-2256523636928116584
-4752742587314013934
5081714176586304038
-8637789102121418452
1124728317725286985
2570625271141961368
7386663046044209390
-8000905263470292849
7578647768553607455
1563897789127353663
-5919631527787129905
-8476356322289108760
-2202137409143268499
6262556942430017498
-3397582608881781775
1938495646694785445
2530795442817622373
-2034513439397891184
1530158030741566692
-3444697974248382239
6787066074488085741
5741317963176764250
1313676362409108857
-4987502030144248275
-958531441131589795
-4768286248072247908
2243263130531978462
2851294265960761493
1630529159864623787
4277319218318157583
1763031323906880614
2374215764089048025
9036880176689373063
-1389667888149867449
-6365152479242739886
622007234053149269
-3965252017161475650
-3812976923135824981
-8702936388767444946
-6624829678074262998
9204985168988357674
8772050238121154793
1875493972801714368
-163447457043296363
-1523076166537270986
-3560938835394252574
6017840419965585243
-8047980095465121059
-6701245226004492919
6406004655679344669
8862550457695212879
1131301021216425776
16551402857157338
-3928383246970000388
2593108331297765956
8370943452613043193
-5017082362007607519
-7585927090031961207
1667470798400862468
1211513755683427220
-8592064065496457670
2667854796470645163
-5980898499418655410
-2021448541453987878
-3499727809887548132
7633679051348771411
8698717671973707657
-1846291581694820994
-5561766776890054857
-239020464166037845
-7103839883645440018
-4537338183146820061
7486176558403673156
-5281026898307474549
-8103480239463367946
1203126357679693066
-7755933737628956762
5325759936279556687
7217061566173732914
-6353357427270031540
-3335581940583826676
-5251077966953600636
-1692145236609878346
-6302309084802127973
6260624741730785455
356770522676735154
-7413692347244285475
5805223132308530130
7713057110000804919
-8702349694414225783
5323225572589289608
7037799145084517309
7354025367517444566
5968470328386393092
-8716817293217396279
-8287763077660307575
-1872433625311252204
6545071952893498638
-553671553697302300
1776765006003032124
8384588135741677613
6368673513808163543
-5715654198383414618
6979644343637639425
-5816512959572332020
6014720706933082312
-9181919318570942808
2963458313469937209
-8790972245159171092
6366008659652698028
-1751970117494413743
4400448283260682145
-4320878405293573368
-5950468809503943021
-23419131327060396
6709370001973835841
-1155454264374036929
-1673642040319629758
3390595223219387790
1989487742303207625
2186354284059221543
-5884956379160062224
-5499803169107857818
6679176981909327851
1005729182345642750
5611918878169749614
-946654453989778150
4386764324501089179
-8343067842563893026
-4476948353582884690
1252215345811043161
-4622045461408705961
-5118407357013642533
-5444309456757004884
5854817161436303054
-6227952457163815217
5374372577742347025
6873524205120323041
6634122252503810984
2738960075976348057
4675651355148299539
-2202428932098869741
8286267838062721221
-5196908767219259636
-1118707657613880882
2110504450386805101
6595579776124481737
-3176302076732440610
5395086269996451635
4284035939495750955
-7105572572433357292
2006332420165080378
2492991428577046613
4180582286362901733
512735734027843817
-6846190058594943252
-2962022149514210665
-3243509036667726079
7054741489934683266
-6846355329769976424
4107738857045026305
5352259207071911415
3957812528450445530
-625980161154374795
2684090096457463290
-6750388736890879230
-8176622035367357880
8627844701220411468
-5439475136686707182
8797308548771075936
-2518275698311274374
-6427850842624697080
-665681988575098562
-1931240381991362293
9201375081493102522
6671684342947028006
-8641010251523397025
3985706432160761317
5949105793735920502
1950910669233732433
6519025427679102704
8637592742933611827
3454195113345324194
5693811529056069757
5875864253530635170
-2704743414037279351
1927753035521453419
5025380709604294060
8331451581021635235
-3982391279204478924
9044900194126182459
-1583904277359851341
-9222946958334827886
3957412315298476914
1340949995386559361
-226658195397624559
1632502017319308344
22123299591665239
3857558869159579278
-4309267050312604622
-8800628744626963402
444019055426701733
1494978595586824381
-2389963326084147004
8129692443547553070
3164151965206257949
-2052053805814734317
-8790785064703053789
5013301949246572996
5144648506967942632
7463879342738226446
2875962719026932279
748655152055099195
-8117232017064424145
-5791427258473723297
8942526061569569355
-1965035047976759399
-7974647909377073434
7900624047084221408
-4249108815009547298
-1240294299322506517
5074866228164269386
-9122582758865280688
7099705266448511031
2149048424347905381
4626715479276635071
-5848240780161231785
-8464450790585203481
-2195704220026575287
2642850466071529714
8277104703124015522
3629582192356453237
6768548821932578672
-2725854037331812202
-6840636397175996411
9149605946262504759
-6724976779887311693
976119251244545077
722875984356433933
-4041715111116025307
-5445586018294813887
5762005816490446952
2928939867401135193
-5329941218479104617
-8669415587532019205
7434863299080279904
8066135138309769942
-575180304881612978
-5085383017317612096
7871406289971193305
9003089068058427759
-5261982364029870113
1674975618186887529
-526352923352598744
-3147259122551685965
-2057056140914327979
3644427291166005506
-8636513486006937422
-429761272866234947
-3262188188106696381
-5769419968418215012
5716947283438365236
7825845544699622542
3744777818950404382
7771144257844307039
8035904375726534138
-5422772089921957277
-5427712051343364995
158565063481315390
2658740700581736197
7123033738223839046
-313047140304130507
2618604719775931296
3532548343076279023
-9060331394541078053
7286929733096567145
7077882671689032667
-3966028222333715639
-3567284703558256211
2523394398443776898
-8916746455082642069
-5297056713830688144
3319344323465534283
2558384299740334469
5478532879138141712
20933653382493485
5805244943176047179
6814416149821567381
5292862304352274085
-8713749931406797748
7661178325900689385
3237767639122213274
3940543701833421804
-5059493250400625052
6713874926457858062
7647485966040855392
-9195677272869383068
4637855263701893739
-5783778500162457053
1955419555099369963
-5869250448432170389
-210458303398622447
6840392503798115216
-510051198275499332
6910843276419384150
6385273430529160684
4376726986450000759
2793921738152093661
6744893017712646230
7025084677829221683
1045970366386723045
2388131092102887835
-4470382042058287260
-8489436500373399495
-8622532944204610472
-7645944225032067098
3504017790521175097
4905969775339993619
-4011065045468901329
96215813050641189
-6497272327265657421
-3497304184787691636
2736611906031953266
272199110682533601
-917774001606010775
-285651867812562166
8071211296009290375
6038084346442570739
-450545740258391904
-2022256278183078399
-7503861024690590933
5466867826742240507
6829980535522673258
-3078949519551771723
-6012898262619390573
7405422777589375516
-1975483218677212192
-6478998191502976855
-8481948437590640525
-6903264061911467330
8217615560154697360
2347234496411404053
6999572848993991849
-5065941266295568560
339675476829738638
2383507661051512108
-7380324383518644373
761199854635663930
4759930960201270325
-4536347678406274071
-6751211410094071514
8450620483449233709
-1665846514029741606
1466119747694015835
2829222031801593802
-6357095077431344867
-3143285409179171822
-4703292526897431815
-3862475211117990539
2150557341085408641
4312752253565769661
1771029483150505479
5740287937061697274
5085042478643716002
-2083906397821730044
3187268367693350661
3350566952986173581
-7561032574909883814
4311056251705736944
4760785236974453414
-8447463945263666199
-5784844024400119802
-8940257021446932525
7706445857852329379
7628503936001509627
8424693500711438779
-9059172541988905900
-2429290207516706149
6183322585454382340
6087750352998716383
-648414162683142419
1892811484919443922
2511597770371328794
8394448927117179301
-1509364253627587396
-3211704725633910679
2825200855481895518
-1948280909350399636
-3550189422795940356
2083823797642539430
-4483707444929346588
6575752092865988541
-2840988660750063606
-7348369489213892389
4921106169404184146
-5820224821023383100
5800770826407018847
-2431565810961836184
6218154491257901151
8402058487992885777
8053788827903265208
2072407242988762111
-473886651812535932
-5243042985635692700
7292991468523850563
-5298775052545276805
-3522014153339354049
-323941258089251430
-3507396598006109850
7599637456140981263
-516261765423321001
-2621373261700392737
-4333849893711021933
1624942874560127105
-3791982440503994284
-3305882500765975834
-4491776429381194331
-2595936167063910847
236103173406534425
4253403082770363072
6554318486382554901
6393218485209893069
5188861708221100517
-3659498302276321361
-8227495717277425108
-4407628452030200161
6057116091269082410
7468506131359845128
-7757444380214125818
-1110558410266151009
-7138243924199268224
4764228548838482196
-784674403412711536
4271645154284669371
-2335320955106956473
4328468518074167941
-5405055785080117922
565087832675737042
4667444424876947980
-8754772954287377289
3577831872836810028
6267910542592732858
8017776623395147157
-7548167497687513613
5600397645959865369
8638435545038062387
-5573711946819861527
-3549219232092037630
6311499818988661221
7908901238655962299
8218760817441975547
-2689895248365199371
1491687913917831236
7037604968949278584
9114177139038737622
-1828156017291728940
753973283764570214
-6892648658495882671
-20773948262360937
7128466955173703840
181617044812479050
4064112318999572224
-8271534417496943634
2099945463159445934
8242970379694291490
-3419012275980363278
-2558450099889990723
-3602892533165963894
-2370317715239752030
8373650567570667319
-4453296366700312977
1391363825716573638
-8107327858805251490
-8598970261117916512
-320177211830249893
-5037634675451675014
-7508341507510907198
644975066501846426
520138218374032088
-1607285735538634816
-6463405892527623273
5248894635194798875
27548049159894959
6445310616345648109
-7436144078256730831
-4534512714365718971
8045040917620222273
8331406352232655935
-5173112096872034955
-800883386609918382
-5424330864680719006
-2428709995019258260
3098042892178569238
-1954288354007283696
1303145284424789084
7169078146900908039
2102023625742375040
5014782163653591517
-6692198569682324671
6135600914899765200
-5595179532660515169
8858159469213851318
2676901552574638054
9189473041318259782
1257956239319143456
-1824336851052820152
3508093641574975741
-1681670271122155553
2360046041363254188
7475038439139110294
7775364174259284608
284788552200088193
3855304898909552718
2713959088561693962
8392002996587720259
-8506970876914437448
6568785279264113174
-7004418494792679156
-6689142604109354091
-4739339679222369509
5808299064301260626
5082972155983358730
9214356669971498690
-4040389996154859370
-1634406022619994318
-3664675331728801908
3218793256525290198
3031059109417134140
-310836588689390086
8819062573354728828
-6292557296808306222
-6004256431751012462
1124470120897712658
-8937541062064035559
7537036875593547732
-5318936731168914840
-4410168464521167993
-7537285236225188018
6362828085196075961
-2990937514938382612
-3112321641127649483
-3147347317142052309
7140210816695461335
-3124688122385062914
7507217869118849558
-4701479388649913493
2411318887244576902
6283864763593901646
-1666768583530372978
-469500971571688237
4773527498154211965
7622146824080310571
3448590785096947679
-7342612298187869265
8109763843694846717
3599660607180447217
-7942035047234461156
3101280785435093680
-5698569791405083389
7811049692041085885
-7699529033044248968
-8599891133413525837
432992243029902480
-706297467171968295
6129676667034898240
-7379015028144646527
-2676062838252232477
-3533141042855392068
6731245020009559312
5588682809572493298
-6434567806833544096
-1427009700713667802
3146823376049163370
-4370978101078743039
4305646771940499093
-4828808000860341734
-8910019095970515167
-5047454704834067583
3415169269987954173
5378791663440449879
8657779027959727535
-3091711114974311580
5932073040385773109
-3695119682329887417
1192823148856218077
-5092147601575541011
-4820142373669909874
-7015160981927168892
429477112404936041
6913766667277769061
-2897439838495140481
6933250905591929130
3349831478528384082
1001416255136051442
-8459406485920234824
8146937932915876256
-3535275586584765230
-8547819633728890354
7598332601778876273
2929301314007560023
1135331454095257382
-5481718761191382309
-578169417623177076
8561123844204779711
-1644409162452480490
8589623920453425038
5668767961974312130
7150054797022720669
-7618694306548829902
-8655000586503312261
68367408750035137
-7194351903716275573
-8678689080063882328
-8626764460788254760
2853460194755398889
-7994028723721639881
-7143384073848115062
-6321651665571290782
-972214327342429378
-5326847144688902081
8648581658716731771
-2900748917831282803
-4644445362838409687
6919467300883055112
2320861949481536373
-8423764008018702458
-8080161820113412135
3077083780211588239
3039375341846745721
5989634675987435629
-6208022561013178708
-6360278970795986116
-742025250018199270
9005101035584130358
-2347571921613927881
8118612731066088319
8308797085021798255
-4981861724164585787
-4973183318302869413
-1277038260886362888
-8169140319584731401
7082205879488419091
1595597971839072906
-2314765293975398669
-2152140197121444276
-4330401056581534206
-3530846637557637844
4446890441454986803
-2893133905303158640
8061494729827709604
3483772185552850243
-2525390707817961770
8157560981573570084
4577665465689110938
-1901284260236240906
5232740299829503971
7841410113072465993
-773876455583303925
7273072780562857295
-2276560053254046736
4823403053028118181
1767048386275574553
-532365654008550711
8310193769431210317
-2622896862835411487
-1208656754951679701
-6810406889077328904
6648571084317013129
-6912169471391582939
-1667987062866739767
-7400860297962272337
699041141543396411
-3633218117224672595
-8201207167931273472
-2457009333031619249
4875761056766540041
4319888909490287393
6194873600526615996
2614673175304355724
8470496093347008572
-3892906110293646506
-1169316584552480949
-3590957713238142272
2724715571652374832
-6257607210497954277
-8849697123970783232
-1720720158311412862
-3772190626821649569
-6548151151491130355
8773490852593277735
-5794949341026434440
-6078597148129728927
6881432436503422410
824009675520587823
-2929045434536981084
7028618750545046150
-5784142369055631398
-473400480173301140
-4944256062951884933
7830232226324929733
1405925794087217997
4484433662718239445
872218103510057945
6698441073449603591
-5571442968775478524
8555612869828720372
5487180221663401535
5796123904791597392
1963998672180889227
1440589909009197723
486484386539798418
-3407704301300774479
4645491745972789554
-4295437146298610460
-3105473379832860621
-4923290938539643065
4559192745034441985
-5451467897979839749
376794422068710158
-7401017823031692656
3521355835410906208
8264630151999885491
-2703565667325467090
6589210966559612219
-7699030556659579720
-2046093696756079798
6703810385755626124
1529466955016701249
-1566260359358149912
-7356202089489768361
3968166892415201045
8638889468990429121
4020544702488127627
-4527050137337876807
6761352583082528545
5417859433499094239
5217825792794696131
-1325678155762684956
6151634843556816852
4831681885161260956
742245138245810766
5048274318739505274
8333526938405617500
-8498838341620818937
846383222795793938
5360776092553268384
3943795505715338681
-5828589429337615133
1362766199363772935
7745068631000837276
1617388749777073672
-5471160430825513248
-398478196814752216
308872559816431684
6315750489022327393
285773710979650198
-5441395736095952397
-7125389675961134458
-573041783453760883
2829386250014764622
8209544858122637357
6363286354732366365
-5676851093244057017
-2866008317331613299
8984438139348331338
-5300073638618641168
-9124068742198636325
-4663347387821132504
-7006248051580254294
5882514202413192374
6887103551230041349
807809470322699858
985378240557747721
-8742664733178169451
-2089729895600233763
6659324949875597363
-113565370020597416
7420931547190241643
5721485180278881165
1500601184480468045
2368481122955093815
-4624365212307249032
7661400350472076830
-8829244916634455989
5704963634366106681
7929304846750059527
-874163348433780442
-4938145456955142806
4793338915015935542
5810110995759963333
-7355911690870806776
1609449576339805952
3119846025437722606
-7808600839270407118
-7978076439343265706
2803132674591501988
4928974224427111555
6294535410658472729
8007615215273557157
-5353938328011842745
-4131399700084605631
-4582428711294681709
-1420146375468520422
-3092085361604877355
2637750998347267706
449437381223586094
-6849439635188150318
-2904132215241796806
-5818106678260941187
6535911669287055265
1260591538522170525
5367856317336958901
3826574532276852034
-974601443786472263
-388217777918741217
5406442286456876366
5954783438310713070
6183448819681801253
-4416863198873313426
4795024542028991860
8473022430074336650
2680341168672254570
7510456398609856745
-6461648571069555359
1311993978072530992
-788117913181973110
4065522313912558469
-6040379923873722474
-8685549663630836556
-5145343136252958861
-1587673410569496422
7696188804446551943
-5632173738034443520
4679530202967072600
-2875011439569244116
5768745350099255936
6806910303655651699
-6931364085929501227
8774251259938254261
4330005920731168463
-5869511283967258153
-1231849974112904112
-7563282028710914597
-8747193538745497551
7745872243531143506
-1353518292941730988
3001828831105940906
650899550438885322
-4279535195553126621
-6244966039065174926
1433920444444566135
3599237060549206529
-5678179923998599931
7991991736472024589
4490714872563259259
-6549647789443945946
-6231122024475812166
-4716298538546305540
9220914610386144236
48812024748346479
-7422464963850898109
-1245264630780731444
-5743792123113351642
8899530418564562038
-253861997513289367
-2892887180056367442
-7285337987634693353
1608857755166365870
-2085544589966030306
8942543236863297686
182206497451249418
-3106737422886876368
-8224944197541216026
-8584108742258628393
4481826026202620765
-6039108498778776093
-2951148160516208307
565353465362590627
-958167721958306316
3196147088700267985
4156497584429572883
-663052603097544513
7895721113523311875
3464505146110717082
990897110288171213
-6397884248418489369
-2148792525324651195
-586202218124152414
2240491218016431717
493945000365454570
5400912508019942461
-9061323796247716964
4002165308169632002
6526032408973497097
-5014451965269056596
2848966035901568581
-8093747039601903416
-4116348501802231906
8860894843850647251
-5779656066166133108
-8848731382120592882
7777716595855858692
3906267439188069024
-4075813402418818055
-7097996590726330604
-4193799086769772517
9036637334419220353
-3008306526145243484
6189612496042031089
-4432516805975597458
-907789573904396327
-7142303407698778535
6101570464364545622
282701011377842672
4987396134823268348
-7775958395555268652
6670515261319398610
-6960814075169793864
-6089988436802368133
-8982330128677134018
-4300497201484295681
-3174366728083245086
7749295692500445554
-1646836661490036834
1182051087455966267
-5829761430500738576
1781629105629179712
-6275031768510990878
-6372941942261935615
-2157427999082309573
-3986949703004429105
-3336021191545783932
2898922873160580396
8456478051565996501
9158802607389811123
698337882893538275
6607125967524181848
5992446738079396705
-2286493109239214110
-7640253187019469017
2809494488604569647
2623338256195517941
-9172759618462408055
1724136446955926634
-4548865878341788362
8309820993011274301
1955451483011168678
-4224920549523463668
-763489915335787473
-5750212370730935155
-6386207559908735156
-652635950519394037
-3359842143624762589
8308981652904034891
8527523146545907124
-9158241866822198250
-2959513633790997471
8822301482644492330
-3201759953247189360
-8903642684659660394
-3669919339421756916
-3621199869505425749
-1742679297120439626
1604093373373124211
3329034107510065871
3806530807867396970
2159008550218835333
3864210454536538554
6168704431989942192
-8658540499840150137
7123140232667476355
8568895249211225211
8903904848893386687
7091682949247416526
-7169671546516170492
-4032977801533076911
-506184828064903520
-2901593623102571341
-8712234428035290025
3768284019935243931
-343997440881392525
-5693445461897560149
-8897488687875327612
-2806105073910209800
-3222969597551973604
-700923396754185937
-1244881490761207214
-1056661977282052015
-7154662420678984643
-1934497974784229132
-605436639419405361
3979160171614236648
-3660478518722461584
9133644992659296665
-4813331567591717348
7791911813912335590
-7387507564539626699
-8305633989084432250
-3054851592188244167
-2487823309885323718
-4026407185508756876
7836332334222578673
3627129995646442976
6912044843942820145
6077862508798862937
1212240459072239250
1287475942708369694
4522805579950680210
3075990252542125084
-5596854231955807904
-5125750698849238005
6837061305375546278
-6328656755720788747
-2636459512243548634
-364607671291362361
-8343315079562311998
6668183812159256307
3410300014699353402
-3424022669002220715
-7798406319088375442
8164866752011500883
-9085800912522803456
-8132742223131397883
-8114901292571605240
-3247992956391136897
374482918306259419
-3817604896667516651
6652238680302521125
-7020564744692061196
-8581046509244405193
-2106350369602289903
-8333417722261403798
92221749220240655
-2423273126917154893
2848557675915062608
7807487123876770940
-5056611275865632467
1842929690248982516
-3356738484980585911
-1375380947406214554
3407614033515705899
1369704810755873138
-4908293588024415560
-3248773952291320548
-7865970532583561939
-7308257152904500180
584536924440864951
-4067163092850784438
8713850836794600003
3523248001441905445
5292651538595855893
3618514030768880615
-3783103981938229336
7791854799203935173
3557314929582922539
-4594846773137884995
-8445129060684739026
-5479450115978185944
-294408365878668829
2707412995338846192
746690808911642448
-1126197651057970565
1181560957132284679
-6300152593702636829
-8553015792213857090
4684786286454519783
-2916401355763509329
-930650612255394257
2869021932675734518
-663960995885602971
-6342336623714767751
-2942517091381122679
8957351718361830532
3004358916873521328
3377756958255766992
2963214745419524914
4180613398278361509
8773990113145615796
-1891612034153114827
1388413007289003453
-8786625289320125834
-3078127792361970091
-3812618349374163013
7590100658261114149
1823051387944693974
6319258035145634325
-3055023147954727874
-2746321895799674305
-6129327663452258849
-5821793484092037945
517165865043585426
8248493040472082794
4625416785471052127
-3699306897678759200
634528822739288413
-7548763173910362864
145685512896670738
7401853818756235978
-6554822155840619605
1578861010872214449
2787976914116877365
434571299603475451
7046836509498900566
8680310830296047667
4598613728945447390
7161564342298024917
-558322249273325603
-729957243834011264
-554284775129503253
4502412598711206429
1046537733342932769
-5928636864123321119
8856354979216567353
947201517638823362
-3481392132200999514
8397483200945168896
-5464435758624615929
-8894158099738664761
-1455929841091408751
-2485930759393065526
6014006281408805463
-7221885766813274939
8140327837024698524
-3503936152825353805
-8405296977589482437
-1237160827797880542
-1204538078334174462
634499593381220652
8366603116344871609
6395607282290356901
7485745747643894967
-1787464651114991978
-5192392214133370373
4426457454565265924
-8944303556835239350
-6894224781979651497
-6648059574618007988
-8244281520472912749
-4377503133993825752
5463965805719810918
-782764413364866944
-7510658444402291819
4126425777116736256
-455348005693462315
-6284961896597407488
2844754971351105500
-6892112953554692625
-9001093652000576264
-6346433230742909777
3450635449442252619
-5337415088532050003
7514976124981986948
-4225695113344697291
7908297752611211298
-6357865649964901229
4840822813613869021
5768889437164681676
791770767557367469
-8076816888717426129
-6385555617416291532
-5247832789740435305
-704177120324586040
4445067491210448703
-379761171301427232
-6040422034296259630
4733906833027380514
-6391671418798374498
9130531019383038863
-9095229351208919026
4865175264952051186
103885887297367716
-8454051820037674396
8101559019325648913
-496166419781541274
-753367728734556826
6779272948939778343
4906254207802099913
-3149078487608252095
-598443089348909172
4814960720659507015
8651345562492422040
4684400613849416513
-3127177140560305176
7208869038270847309
686470178103760278
-7499787126027889984
-7966616585501637256
-3228610820420470980
5333566149503490001
2859126399317560092
6401683518677688706
-5470370823920086172
-3313351201003192435
3858345777114707537
-3920073099251428023
-2861294169632855368
2300411058758802503
5570011717082766694
146105773935881579
7930046254476814833
1137204825263415850
-7720963480434162884
4715175133245268444
-8432691127799393034
-5971876459950234908
1464666654436956948
1328438810463911694
-1837891527108189924
-1253974342876673597
7043675589085077445
-5300628004603413490
-8244288861572253831
8600154338115542877
-6817074953197017800
1052919912512334057
-738321473817842573
3102606161600634438
-2961657912444369259
9001921293607606069
-8301313760428108859
-8582245566561475632
-5688857850865898329
8197888491127248695
-5568523402322747417
6411764299625826608
-8188328803851348777
6694474606251148700
4670632105218362683
-1071125664359846598
625637726508682130
-6482674963020610189
-9172849187850542230
-5470583265606653392
3679184546321865073
-1238623468604096808
-9106167579835728958
2336203553321068784
-4306943679025740230
6761540965589185705
5839207266737270044
3291824450946054099
-5127066696956761561
-2045072126610154124
7125650108143374848
5703144425337300307
268355120810252520
1220971390433542337
8012272119656937475
-2779109987800403302
-4251128655446912893
-1138826925152721872
6371855582436737978
-7786938190655350621
-3813340267892840650
7021918783033935385
-8757689144976048293
2800762079701294808
4348602565501053793
3383045451444136424
-5703135230824307657
-4635090309116257968
-5510124772516212325
5112055791705097660
-5245796184107130805
-5300789643634655054
6846645723090067157
421815991897926772
-5383604087820700180
6949406279401516939
-4316485521681317608
2743075288835649695
-3947305695826537709
-4120807028988134144
-8646201037709040280
647216893435270067
7652081635012263224
4343384257864383266
-2926973034192564031
5823289629526979053
7349810354414930201
3846911720740123170
6235100789794587728
7395366392084275494
-3481083092470974453
1972512163001346991
-276610748488017568
-5031756602948475635
4722041378445623412
8450010510858237436
-3230129729624206501
8081059356289140574
-8852875264574785149
-5122798007371734212
-7588880997331242776
5505613366344790510
-3895334840258652121
1979260992909538899
-7366291215300968782
-7069441743389319361
4387970449321270790
-6863541837664661115
-3414288481815667822
6231399190614185115
-4844382122141140272
8602156593322058339
6509471611960297225
2818372849762753617
-422405998721269252
7313747234316654788
-7314738076005825541
2247974179122822582
8111043352053057898
2087456615273575288
2072184844316120865
2720961719380033109
5713393489317507924
-9119692802546130403
9095922468423824089
-4987592829580131334
5375343091439192751
7427718591054723742
-235010839485644242
5738566672602267968
-7621029253991075311
3644332436961997801
4431719838200955487
-446026418385593829
-4305660926545050719
2412472658937138290
-372020642578524514
4460805815992628962
4280064594938303559
5061790127959678691
-4894179571640394075
9053625428158158871
-3812360560680711126
-6837336347520297759
1192725892063637092
-697782214215188539
3474063877297964895
-7277819092333848948
41914991273056749
2276660688257204951
-3815536007905885103
3113828761237804538
4777584276409168061
-5105444927603062671
-6461905714616402389
4477516681737289361
-5809172447190517387
-7174409353845388750
9029983914091942303
-4964677218021823137
-46291727024966550
574592434556850695
3650784635349044393
-1259546647619991199
-46817919852275031
7395284010992903804
3598661254234601234
8062646813322375455
-3031250256597343253
-664493318517183229
3681173937997763124
-7735256420478896267
1631214817180629489
-6564559654340850970
-6524317465547944714
-2521561038407329914
-5637160120121958095
1062269070540949755
2565767828173503848
6906268093569771371
3669775864828352623
-1209096364010976563
-3038468963478764907
7151503685747124378
6828277115428992801
3276418372989207290
9175664620576329577
-2400960876617551540
6689069504259607974
-2205471350617678089
-789358142789783399
-8452491701561217255
-976153932336782046
-6754621105438970002
-4230182606436675340
8737934088779227592
4270553035805684542
-1516616345392739788
-6214247859808851936
135206910701287777
-8271855710795178695
-7480442108291819009
-2374343772401026463
1684991636060448380
-918777714477135798
-1207993004170751307
5296081630475444915
-5047246335575922697
1878729454459312795
4294999076757758849
-4487317496745041950
-7484938800047328684
-1051142123574903377
-8671048149231016606
-8315271623462029307
2596450662929060990
-546757410951942229
6529603822786868517
-7488796105961775306
1368273749170755381
9204189435040652531
4386331050571511811
5189908684707024111
3809802222639129417
1069784713566268584
4317328116917940475
5274110675645685009
564063032282963967
1118406998018690219
-847503104624246260
-3305249238679941726
8086735028583941535
8399503149693687739
-8371662554064984063
5756124744767546248
-4639344042234468559
4098849264409455962
-971574880359054027
1814612196225539881
-6157640208711207300
-4342168912658081032
987739344316625138
1210584806418678553
196642628787094797
-1680250340825506994
8793333928723118709
-6804499067240105089
6608809664579091029
-8010312888011146432
-1586311440993993466
2494422861055659133
997324650283421349
-1981547597881475201
8175251229676742062
5034426219670887663
-3309197843627874865
-6845251825605435535
-7695516550051468422
9085901930551078720
-3052255799749959424
-3358829568197850888
-5783852435780290308
-5579046471015557261
-1216614064344429152
2147086014114832251
-4429864012689813738
-3639050356598130544
8371380437891006729
9007547261933996262
1382728934808274413
3375098565584005166
-8274660857816615916
-2550414870652352055
-5063266293086414863
2891489560062879156
5416059707554755987
4235743436863453417
7766752233013922825
8953421452648494909
5827330162622760502
2750651642268905395
-8031761397526505325
1735204029559558183
-6327944108295905222
-5916988156681580324
-51744839465142575
-398266481520373821
-5282028162020407253
-5773220553222288826
-5220853783081472875
2370935569767977663
-7165679281854798798
8534503378013531272
-4437028635860842932
1795688968042379005
-6960069974628145500
115645506818643407
-3144867826456234818
1792389997858132372
-2390984837383324926
-309252396157589406
-2411449930395727129
8074337801812965832
-2082972744808435741
3271433248253278347
-7105049494466327885
8356544285629541219
1878759310033049168
-1519245766986097369
4616590819841683351
-7047856621058388372
-3536472141695075277
2516002750520017937
-215470021203746099
8021762172440623493
7906993108601452190
1697780623648444568
1795566671192570637
-7637752293103383074
10773098265434458
-4039057748722479167
-3443929552641041719
504869004071135341
5325977650255198539
8315738533015279971
7767405330588583976
-1245024732463705104
-3533788958158134220
6368612023520451813
-6022995675857197346
4925447168378748243
-3541889040294339750
6056507368788236630
-2889131428120411682
-8287533666293817858
-8428616235539849649
7020288606625127643
-7874262235068387138
6121183908137532480
5678909138341321760
-1235489303869627347
-4516369370648896260
7259332558328418606
6814209943060911318
-3568521248004880641
2232636887406410239
879779380085972310
2271201189736452263
-9003378471305378097
-1694507318680851892
-756188949484587359
5643974758666964702
4786033791885322834
932302846132507209
8354097398903171180
-8584001190166640076
4923572744443769003
-8125003710375194523
-7559222179513407771
-1292915548412400686
7195133813574340883
2071189428150344448
4058560348623246354
-2555949329844624588
-8728425331636219113
-7143196650670426287
-4902792630158104141
8988083049443809143
-2216124819314259107
5521335983890986481
-6736233829004948099
-5516931804107438928
-3259456054240038187
-7559011334269321706
-949377221277745104
7512432227527526981
6253152422763483809
-4520462457661055948
4595813510940909180
-3369301930796367645
-6067605669877059687
-4904336752898894670
-6673787188156484985
2621450205435665088
8174019980267631533
3617728648285331769
6573522939491505957
1932330145191848298
7642092086756421149
-8197800722133685422
-6507903158753431964
3961198896315793143
-6418682499067769884
-7212368873772901595
2001642604358324589
7340698815314644119
6221837236023343564
-9153489169719420357
-5810961594117436184
-7538997863197945631
-3325708820877575973
-7925564082340282246
6866755515639990783
7837958781308134912
-8352002179243861926
3062564156804965331
-97967956809133566
840288029512627768
-633934367252188905
-8763056194050150189
-6966995973307707300
5966144051650317603
2231913005988378949
8854870142907837635
-729577657005669949
-7017622133959045701
-6921526183835621203
5961705054951206098
78427605678766959
92332310366846474
8145384483556462606
-1238461396462902274
-8084076255944022995
7964040705849759605
-8969820825354913658
-7563479887488018681
6103804131673289099
-9080219908107566650
3331551880601046787
-1459385481592300377
506031517534218179
-6838063746483057299
-5298626909220979852
6665504072309282986
-4796492421440811024
-1110466112472204137
-8857844490491376366
-5573686275101050405
6441664028664573345
4442002967999898396
-6306075532037676017
4803824253436518795
-7022967515268950446
-5060301615872172774
4245936393955176538
-956315012992166278
-2945195868694529684
3191125718011897256
9153768024497145029
-138159820308477709
-8504667425037580174
3490621764335214684
7102629183023229523
8124218491692044597
5588871609860014022
-2267724477895906283
-6268809794179449508
-5428350759831495483
8049372761247682207
3987646942151470315
4513096832735705434
-1664019338413094871
-8468060116213487950
-2586210042777334668
-2246661110424700989
-8566467947364747534
8578984213513787200
-6651185707868110296
-1403183308381055246
5374423398312804406
-1001133961937749823
-8842181001946192295
4183493937148476919
3682305786887097970
-854352519915070783
7801179473672070495
-7395367948307360346
-1448087391814199867
-71378463224906005
-26448892815349500
3275224443298778470
-5781954044457157853
8572637475393092532
7971927380788784856
-6638728157396100364
-3281347341682813601
-7559334380394339566
3127494894394038710
7531541313313381003
-6914205748801763393
8955077773738248255
-7563297791641724515
6973859897744981333
-8009119796641034969
-103040893526126250
6631721142381365239
-8924158520309137829
-7113319256576428106
-668968864528694583
2052950190605865152
-5163501949924861879
7581918966135635073
4581936508950826628
5357616057138021448
2174196035160278478
-3575471920379778196
1817930092946297523
-7470925922769355926
1057825136674345073
8546055257512680654
6901014743609548240
-8260428487970650878
-7070088586968742727
7280619366853058363
-5701408822298500535
-8475750094390688546
-4858609949137902126
7023228716888148687
-1987705946240464235
4975148729271718139
5493908592515653733
-8332458122149349308
-8666217454614785787
3609798849973931334
7723085464007983902
8362858602695183641
-224518972402617929
2257429888399682710
5230298360527017801
-3146921987585239401
4680217738697771279
4900794215182547671
6065538979049468155
6592509269451920601
-5168126128547944202
3396095849575776073
-1290294761011965097
1810389012427040177
7216763928869888034
-8434716534025424562
8092636771488506822
-5835312716783585541
5748537616536307030
915748566575795733
-3363091046134227922
5225405088567016459
8486278614027797858
-1468964419887335385
-6988482681275083529
-2418559213787344292
-8897673715906877865
6510002878969599765
6703994763625223870
6445333193676009026
-1733529707533042189
1910070750816323366
-1636143877939348537
-4903849519442475471
6680996637249882270
-2489143986198494988
-428984382078752992
-3224344046779368337
6674921569127339202
-7616602343661260805
1069637414601334216
8721664402600882155
-4643101185021344161
-4925777891092024622
-98583579762147945
-5677055351902004732
2850177555650467922
-3776032685123059862
-5144961008834868004
-8539690297094763527
6104390639182439784
-3846871243716890891
6160664559877972736
7135651441048679630
-4657853104841539886
-5694581286475940722
-8788214480565353936
-8116021942745184911
-3596462135689445671
-8032547406853936877
1001674831392550945
-2171065743978215402
-7137895259175810935
-8115565341847813663
-828796983551959455
-5304175255439808515
-3663066128279023023
-1811906456203815458
3340025093832511401
-4741576968988300989
5983219099078318083
2423177879642176509
-4177589878234785196
-275421605884487886
-7534652335473975524
-6972255258463756238
-2139572777000825792
-2281113718297925316
-9203380993585386826
437778258660100875
-4129566726030947372
-4652049095732338564
3778693233650506324
143818897598878252
1224633736204476465
-5963368740708790322
-1670472871727217143
7273959900757775293
598923188156857744
6297452667254594027
-5989316758817385525
-687003493973556812
-3149431521061505824
-5203449409600074609
-1143509497667661747
-7079145279113652839
457035379399365654
-7257144786534094017
5434264491322884559
1067000793339374732
-9034936630835781980
-6406915935056324739
-260320310245616787
7879842021464266570
-7407385622320696646
-3497620423950919549
8245638395165956213
-3562882365462447843
-3031286192702587620
2216204648788048934
9214052852671243318
-4772713024482154885
-3294883529729431775
8872517028146781633
3598901068078759104
-880604205357763612
-8310634475844418756
-7593860274350563230
7618261390633109276
1391463344490621100
645338494551129958
-3694817134126726875
5045009221285408853
-5271492154104151371
6726205019403700315
-148487267448785007
493945133303587323
6897364687750282634
-6990659762482114193
7996574122779248778
8032343979180531410
1260223275675312471
-8966872221560394025
-8135148907704792527
-1958986768608366627
4980413956534495865
286728801677012866
698441355099767508
-4071369551583899718
31625157471806748
7496018019618988022
3478343679828922847
8951462113844200621
1625526020091913643
8887205320819833715
-7871855373759612419
-2622677214767109799
3525702933524970478
-5670278309727773910
-7106627267794347111
7916167816248115864
-4064330024895861686
763009689436710428
-3666782546023409781
-8648606995967930231
-9127232866610784128
-2464010069025341833
7862409393825044937
-7513702966323455919
8506004412256242648
-7698226983975267848
268076370149406113
2788046167234142914
-679998219794817668
1187425326508733961
3327758827654178148
7419605634776187014
4626202363662623288
6459786113396946379
-2181311980990648958
-4582994757121182272
-4882412868804359757
-3983022511169860801
-2923813465796489272
-3779948476523646519
1821842084314863153
-419242686012622058
4198234557906984209
-9025987271459151139
-2507774920419827600
-5079230510861476192
2108730137462912725
3079517641689258086
-3806943316427570721
7349355222938808252
2825076276647616028
-1152853611836824984
6257690607169410272
8174432911497739003
-7612867686801444234
830437254465104082
-4808766142554740221
-2834465921474169419
-1019268786162242007
-6784907026759521679
-2203614466271420598
2884440437089586315
-2469358908089500541
2131861058182392399
6211357288021947388
-6261607050178575650
5072163177540923890
7552156881905223508
9049463664304532443
-5306326153938659894
2240240155633593492
-3985802670738674873
-7476170426371933084
-1991816650347566192
6222504193172911123
8410211985016660867
-2661775975635233775
-4670450388116362096
-6415486929881369756
-5605689247213083973
7164630082588871593
8301156689808760369
6066376216520427628
-3083711760435729497
-7276633320161868077
2076168401986549370
-4279349947851833870
-2741394766034922686
8259459503217121407
2832431522871953529
1362552075396718768
2492382815903374309
9098509560509923
-8037425296484136429
1016899736801202176
1072706550695514884
-8718219804149455588
1588594704675662329
3069730494621022315
-7800662351594194128
-551962144332919412
6676324665997014314
-525946168699871557
8776952755330930485
-843027457670311942
8725595905838915281
7363702622861638725
-1587072025130739964
-4894870722999478874
7838223859731011885
-2985552893914604282
-859010701064821597
-8508355696804108478
5475177782518712667
-4446238145679830257
1117757163308729029
-1800818597419951999
4163133864381433704
-8844883143057690572
915859251726150055
-6755039997778569309
304261747130921848
-519511308832955798
-1609133808844728746
-4600492051107178383
-4542209830695133971
-5402788169109997103
8161071396424704967
-585239339744825561
-3185591511426256324
-1618972725757702672
6407522479403256800
-4687489684238595805
-203544523864401755
-2810337431635892524
-4136598612509708104
-3234280320033317606
5762838551358519101
-3738734203413216004
-516463671558400177
6746571765733542860
-5497621871823488189
-1229747935484928765
8240353966034152334
1894767880001836210
-1093336171761833371
2904589696198505349
-6948996801899402963
80915642168869351
6220904168375566412
768961847623374718
-8601496937425982961
7864142207941103623
2955779291842712962
-686620743546097414
-6684448241731154120
-2940721481771108136
-9068948247181859028
-4365234491261272338
-7780334149415275135
-8885166532543589873
1524946107032222668
-998501713159486377
947456764180743437
6392212791774553890
8676745232973025736
-8273188702818054341
5468941627355342067
-3002471009050883315
8113440714739560425
8290326678225005317
-7514428349426838231
6887011843877155492
-4186548752330893657
4504358236113547882
8225765224937996086
5309544224353404793
-2274269393560900342
4797170989352359732
2297316900421776207
7622044936086545884
-4604407719275473518
-1236471305263347142
-4666220059496136970
6212900163484224413
-1470100239472063983
931835957428920080
-8422467696053855246
-1396188989451465028
-2323179301978066311
7286537220037918259
8454109830082596792
9207151214791388930
7263960335111665561
-4504280759751591574
4048509356566221367
1303330539771447909
-218031061308294154
7414341036331782401
-4455417228760716199
5389003734471646663
-8996851394370249429
-7479359549114887743
850092056251182492
-2156193632029956740
-8250258306678685525
3059640132109173162
-8271825501396966676
6655160073432563197
-7774200697221262310
6129172136452098799
2821660611278645923
6790775546734431394
3935099355094294929
6708507551919994587
5002256462266130693
7790384229938874467
-6069873220003874189
7873719795785940302
5908744889943955296
5714929592482659189
-8546244764766523732
764927522339892163
-5951876075172019565
6342013850535791382
-5142453217791131896
5732087880301873926
-5221970320644122712
7117056084020514740
-1595595728828310583
4056331921417060990
2768992591693454472
7708824113811280428
-3187057800070336816
-8182371190040172404
697464204094829419
6669233557415457427
8939628007217243301
6410884075275823150
2977973614536219518
5315428984101157832
527765345152268984
-3141948974294013208
-3920441815793669399
2461363847024356827
2716139134569296654
-7707832618920303100
8389417437288965653
-420538892840642715
6262484391142475068
3212683418649001000
-6473156978513056735
-5386231433486969385
-5043625791571638132
-6347049153576878105
-8306819821426275220
-3264686461300428256
-2279581089525088516
1419137854765980654
6492250522314464336
579943428096867790
-6830693650099381738
-7272719075036446433
3073330679032395606
-1134611422750237181
5209042528030369811
-4206101580815771158
-1327267842731477916
-4233922811999368123
-2616909531584137169
-1152382900720778569
-1828614632019869616
2592687299803416757
-7069608329141890395
-5597517138828971490
-6557530281371668650
5388577574147001990
5286122216053945585
-5746395399212171738
4104896516404186759
7945831671656131480
-5775728421973702586
-1129123562279944426
7718376610444965641
8186228016440133660
6129356013824305613
1172507277710978075
3003900083090345842
-6457592228682906059
3677639119077471491
-3648368119765297900
-8872641542993255826
8475696733393770062
-8697234749996158878
8890158936814606896
-3292681648436986420
-6723195151567625928
-7466380359983718841
93892519322382594
2855003642298317175
-5840754849771029665
-4043272525413504305
-793732126397131073
5083064360351434855
-437626359917547750
-1115624336099542633
6717030694635571265
-2286405174480577423
2609139221290796773
-507625013455419078
-1138488828052986697
6438784331905086059
-8408339751926273748
-4419407965251379040
-1952227496551177493
-4188030394689268217
5820213540961309193
-28321658561793823
4547774037273889242
-8344034229773746581
8804945096118228071
4172748194455298555
-1213746289528243162
-7606493588999786339
-20102563015676278
-7615095224199380619
4930135763763569776
-1282925021084867312
2381267812882625931
9144367543627553489
-7237664659333839197
8149877937517295419
-6683252056119451690
-7315485248851476445
3385551841027303315
-1467532094027682075
4676016537429371546
-6330477342950436911
-4274996862896549424
7261113220505380876
-6099506523349741566
-883581775820862903
5084909507279979559
-4561968817600654802
4676901718565040702
-969698093230772135
-3849060109633473306
452334528034401181
1137103752866710649
-6840303012928942022
-2633804605993441144
-4355424048471002906
-8846155082629249501
1620209694325466189
2344892696004516171
-5462844567731207649
4533226606505175321
-8981831879596496520
6512333935931670482
2692876593057953180
-1388838148288612066
8001223316686716648
-8450914905617920836
-4586490748803287914
-2953192571344986261
7446330041318132579
-7565298270045168946
-1299755202228396779
-6711467394829327756
-5682784413357723857
-3661926931343428668
-5142116547057110389
3347694840771662588
-970023149207980931
7005433869701820452
3365313176410066567
-1323179724800600285
901384961639968876
195928139914727556
4527797556669489171
-6419568552750930337
3551268675545929599
2812733515870230750
8062952768945212994
-5409709640355505783
378818683962864646
4068691677972811327
7315167998181742298
-885541137496831448
-80187691432004898
6649449065433857245
5715706018989484909
-4586502122664833077
-953899626278941556
-499560895725828176
-6441782398062104988
-5348855773773488466
7091290766971394579
-5296268438040015573
5668949276273933780
4744333328775732149
5012595249159008805
2004693992223405183
-4734779020780165713
8384822106508769131
-5214207961068973634
4698383402918654889
-691132820805359589
5880224758589839750
-1134125000186326765
-6341190370038262208
-1209054881278735782
-5019048596016836249
-4446673016405527913
4040925474727369200
1266635329192636485
314224083920438154
5773599786283567421
-4404231758918344296
1074470655191678690
-8305445327785667903
-6145819199792400369
8145644002168858531
-4242218089552503821
5910619838107242964
-8403560902081301985
8211241141419896723
4565018134779102893
-2705378445369595802
-5213491528731588019
1098356674942034782
4353261331793270112
123693822326014522
7884125763093808202
5084924114278732045
-5110757662971196812
-2099882818537339776
5097904661564686029
-1676629263173428580
7185904534694874676
-1532092446168407224
2299732416262206813
-3743480832667053865
5672993661309049398
-4062753495558277302
-6368971778042218773
-7786022864289860193
1971938237995762137
-3939080905912649928
-9015186121329364989
-6708386289985192341
1823005287626691287
8237418508521389783
7253483020566541109
-9141763392775589623
-416021828347600715
1708564524444257380
7234078528825513054
-1253794695740783621
9199666639962013712
111782062039023434
-5244971990375889636
3161026971998243664
4196883101861079156
6375996505161106422
-3897005676502522123
-3358916192010171164
5631806804442275680
1191572311508652793
4474961318505758159
-2835663823935986955
4294682503119349688
3231162381283581506
-4510341988884521150
-4598993218553417608
3302876180750949700
4315778068881357426
-7931240126160910002
7189780915103618865
5094870733528541355
2399334552137286530
3476386282429496984
-1320553467152635828
6343654769115262266
7547982043273679138
-1685343064718023560
5141703038125750522
5799652214824347457
-2089309736269243807
-6277384382364546133
4557125186967355093
-4252919120929069976
4228770281860624923
5943417286506817903
-4511359928236924765
-8259603455615693705
-5830384596592115594
4257386266338213651
-2611270685684426660
7500268285358901896
3451788025644112382
-4528406330359425282
-5882849938479130998
1781732773128055400
-1285718718959189400
2821039312330791925
1430830584208408095
-3497801626313738553
5343917690267637605
-4475774555671749365
-5829590777543021247
-5516556342943930221
4741191892827671836
-8191346643588817265
5898557901798114734
2755558088691433638
-4453356609231738097
4485874302842400479
3611718332522079972
365943729566337094
-7721565157760339432
6852186446862678800
578228430298473056
-1679487947688514939
8350747090945475724
-9023540318555386796
-3925784964951608498
-8702634516579133160
1227306545462803595
7427025090101184698
3078069061701592007
1866951920073306243
1873438024468165107
-7869857494064073051
8085628583152980982
-7380021961791671793
-2407590907111081298
220894711057611717
5554417697395610749
-8096723196454946148
8509335108075238818
3112954448823498438
1564872665002102682
7550036018853986763
-3893663938499825019
-1925299879542340069
7087868012311738442
-2942322692933939627
4238781384404249612
-7646530609064010854
4904342599718037648
-7439749833839683078
-2272223585259807627
8012209865780525844
-7007883579091506044
-4054672454855301272
-4347702970894067866
-3415709280642019248
5065114086716317937
5206044114474025685
7488159697869687214
337537214537838083
-6475498178355150133
4382305573061813350
-4198987883023970277
1657449847188399192
-3594224213585933021
9135243701323705293
-6231644118973767403
3653620859164620902
2939454638247655119
4514606392803032446
356084665756067383
-4797340277142753350
4357689897751926318
-3779199549096929559
-8351555078514936521
1085105482506294488
1731767591955420178
6400724591065995667
7483891046667080673
6540215660300375104
3829092369986614665
-4646986030621053749
5814115374736090574
-771429682062054043
5820108638278558840
6409242100937357120
4433966567323934690
-5189207869690282613
635760059939387028
-6866723232460967021
385379415678558524
-8218364031052110925
-6374349614196810570
2766764956700075213
-5622052710478131579
2454590370278881763
-3761104150478500026
-5413529191401995095
1301055823581181662
-5173606469064075608
-5256060715909787759
-6215297341559004162
993062967815159722
-4710616726024589658
1725161981847818979
-2320110325554080647
8660459788679100120
-5033283822557097059
-5145076858431675624
-8752719899308136374
5088006713862973896
8184163371586599841
-6406053871014597498
-1509670357462945183
-6102409537275130305
-5121556591990920508
4409711963241834875
538958360124016982
-9083705353326912559
-5842793749129541279
4008087517843546522
1492433025474858937
390901228974486666
-8591412138244166481
7718998911753491892
8812066316247466394
-685543853697059133
-8892303907799325825
-114865195930381793
8473962418263929064
2417025789254022675
-4682762878473724348
-4462079772191438624
7676849348786303770
4226338182259877660
-5763771469472072640
-6924374652401061027
-1524974012212487253
8727758843413425740
-6107190321333290671
5156584724216920136
-7775731123898267783
-5941294112718058834
-5806065467089518737
1580107983774133405
4128496261009311729
-2160180345565650831
-4383279523429641404
9139810104465448741
-2259366509294823154
8831422644795839512
-5536981644795019018
-3607836444685402778
4508288656560911613
6737977741863164926
6495346865006832892
-4184232555343060650
-2055679626196187026
-5549893047023554331
1363206938521874518
7760270384349746494
-3610669318351730563
3610646235815244621
7065778988636289905
-3079205233130434338
-5519339252781530901
3796668974382572937
-442742879040730100
-2144143893421410097
55934738608686062
1470973771313219633
5745862213090627973
8620823713389866660
-9022797531196628000
-7096660538436666999
-8114295383863624084
1333127066563075325
6744650733339304444
-2972563688722707953
-3628719791372216115
6029705005524597486
8057980146454549680
-6782192143251155714
6163016729682935514
-5624428096830228012
-8494128087327058506
-1935785982833623723
-2361883069905945189
-3734742623683961386
9042587563907081373
6393041468813965319
1526714689415455112
6175159682305511207
-3783970250454650737
-7183973877660095560
-8052697950945286753
8905688600093845925
3146407593608706619
4919177306109486652
1935198834464063312
-2176143743931515818
-6588901255569401320
-8710420809256265722
-5564079860881711091
7269604477209027474
-6713466187923401483
-8867179008501101499
-682181973729757080
12072497856519486
-7969948501600198833
-122923538666595746
-7153465168904447280
1308766486115067040
-2710089640680479991
6593908644229590932
4896191019490484507
4968315775537507118
5147179168092632451
5604719741497702287
-3715305743583384469
-3821592875014426792
-4965502416886289310
5181344795484299148
-927174741340142734
-1200417264589663197
-6229592015460903236
-125971299927030549
-4272361975881013049
-693436332223852716
5042461051239672257
5116016583173458212
2399198842753039737
-9193525801446995903
3611582270963401395
3825788855221739367
7807943080336719323
119523791250405256
9091978667466760973
1627287201090952076
-140563202506341676
-2547716628871357028
-4703352412354344217
-1887029348285442601
5954193235249264306
8387528685765794811
4788888613920179029
8926718519433717873
-7252371233723277287
-4469346230011595365
4979579256725372834
-5672818455047567955
-4686236704580912601
-5858997178050711235
-2605565696434950240
6566141642240661682
-7330212636871985033
6466814998707864800
-4875937778133279052
6595283514643156762
-5926906289270933486
2625144888645636379
-7114838389968429339
6630151647870660709
9039878099662328623
-7853978517877093457
-4088142920580374081
-5124748281927485484
-6723930598776118168
-3212836424345759324
3089036751649208248
2766260626541730911
-1324109392879535250
-5250728987184428178
7922836696896046353
-7868355846442809169
-6931035767687174744
-2806991519671837804
4114819925008887910
-75832436225340940
6480767021611831467
-1842331577210317131
2361640115167354025
-14215576495307033
-4185312595596192089
-6305087669975518119
3084511205303011441
4637513029566383546
-4885611333580443898
-688825970821301321
5517659142433328793
2906110116070153296
8709880279430169498
4161665153919075465
1520509590959406365
4716959553495931288
-1031613452408337306
8410252641745303141
5418562358174083150
-3744621699623981326
-6208190133283574694
-2780896516639852947
-8036911431062369236
-4096274459866453632
-7131288078615597776
-8322882133934011637
1863100143726127851
-2822156748567945003
-7631560349757614590
6521471485368861310
2484565573222785146
-1048884671768104431
-7000877393288810995
-832992623318764177
6024357957725948635
-8852716760529653835
4222540688184363885
-134308744719869129
-2671957712966929039
4249127118606142796
-6023441821978853807
1298323461452179511
2927431705690019358
-9033908862786568837
-6794809737548738361
6706802950668831649
1104967945212972293
2933333125893382624
-6010335592165091834
913355735319848099
-8489123310254465821
4014410357767675800
2237474390403610949
1127107466604487916
-4550888442305000807
-8200609711980788126
3909898262691229838
2717800098499945105
-7446028515114146866
8847087403753714066
6064173820744145207
-3712221869506392485
-5087334467812631853
3337568119638814857
2672766629151117581
-9025173087771459080
5909927035455720771
-4611079769759679154
2491531093367533255
-349981743351504727
-2386497165240597456
66323781834656099
264563661911511313
8596383719242549729
-3285250390325144186
4728662979100426236
4617485402152624830
-1888021689647706102
-1566781021497375770
-1358779306884269156
2357596046572668694
8465670181231882279
7051113549159549154
812746196586975683
7874853890810313206
1388569041226578412
-8589980041739411488
-7899936651179178459
-280548062890522649
-6379185234943141521
5719762917431463785
-5440760402734776233
-2026097510526500409
-372428842142842889
-2389342415721092489
-8794827920432175983
2753831707210434747
8164077893731455746
781341437886613070
6373501045013030685
4587469350644829578
-8244100776519312511
8159142347765199078
6485647430959136076
1770101914366665843
-4789498619271207051
1096419332781545479
-8571704136755348601
9023750199636031666
5226163251274698090
2173618291536632646
-4636461512752322613
6281884043845843051
7411415222299481071
5176551365804938293
877252836731365640
1027532471034607779
2503145443429370752
-314503337029234538
-4228110903806285133
-4118045509013672030
5740022021428821425
-5021575868372734178
-6407553704396242354
452597914969595056
-6462959197673357338
4990881033790280693
4898224399930365689
-862531181157720028
-1498892405690319765
-6382272406367060662
5531997370498680437
5225213751618834224
-6744181257660499072
3054434059876953006
-3693546181681899046
-5938575963196895299
5107628177750959129
-7307317746390788375
-8273769981455388543
1234995298691469741
-1706868209387329862
-6664902134830511368
-6890677379322685124
-2314713729976391973
1438849071419831562
-5553002517645583580
-6814333552907592181
-2452706748462799564
3397296034259405479
6553530960901618875
-2731161920735605442
7731351566467940838
5995997469363646546
-7152593241816814437
2815210834005070865
4189062426670378845
-8231881870925514755
-6504077414039913301
3465733179446261866
-7720372144374689982
115471610786315016
-859492759177506039
5012059596350816916
8846145171276900060
-7813668214202360479
6268770555686028147
3929182148139967405
759747914477445665
5786586676960592274
-2942553320374737950
-7458268317216740371
569493643533054819
1493317500453195720
6071264478482788395
251974203786556966
1390637426057326380
7227291627385541017
-289550047883497465
5104104171153669499
524622121535558964
1679672637670974541
-7778588573283726485
1736833067104174558
-1207723203310882945
-1054545972764142384
-4787729183474578930
-4226291239217983429
748010388542233127
-8519373682424050830
2950868408661703838
2075617724313717340
-8716454698130217560
4510052022602131771
856583129189715341
4857573589936095741
35820123575959313
1639950650046155307
3743592668589415770
8248288476290100495
1392816445085167926
4441615482819870122
-6562782071609003957
6216603027852665736
-1057979305908729820
-2780513291136760291
-5649325442275337335
-903563515572098297
5124285513889653630
-5178205329340510901
-6066258966282764761
-3619718567343623366
5710351294312100983
-769487535375407938
2340278897875939311
-4894598467842669755
5612126454876348083
-2960725483869212545
-8855913705331849536
7292903380439804802
-646832616428274107
8296121934180544184
-6700883653844285731
-5418637309256077766
2304376736994711728
9185448775104787836
6439030094337312687
3811832770359106493
2863656743736003112
5754511876403301971
3592334678725272776
-7945671397099916256
730252767226500374
5469085909885399851
3687646138577529452
3024845505563133459
-9156725645130902371
3137123959126764900
3701526627658935444
3557224113974945511
-1697520686530736614
-6346295108050322998
-1835766769099666417
881565651948300842
5220547167959956990
-679381201845774292
-155634108038715572
-3790723221261485914
1767699329285680559
9202834830508367950
6106847502156288039
-3231663366392642783
-1995881154784856744
2338681635118538750
-983139813587630653
-7990140919812689978
7471402970588476426
-85511489697785107
-4689917268050563718
-8871607713330254910
7932447347330652422
3816618451635682957
-8662717578107195027
-592565508847009238
-391974236776373964
-2837557450561149258
-8014600966028496575
128286420772748667
322892324255411102
4089702908862509835
-7645691442811947713
-136914915808596055
4999773648093048614
7327344235278507925
-7399165371777086233
-1481104312189328260
-1496224358701409914
-5397087905100719327
6620820366904726612
2299593137449232586
-6733232123829521836
-3085731985467654611
-8691389756416621153
-8947366166957017989
5100796468427850522
-1923759116183912590
1095961058768746465
7770221691754352887
5652991133175692204
-1485168877459240965
6393664679255940552
-7541334931693131220
1827168149464832871
3747686271337064403
-620210967793477867
5415172179740761814
1449290527568095767
-4062119033966302279
2389424229250051193
3672413236549075489
6042934482258943781
6239653166880635234
1445959329150823451
-8394468341723603025
4529566068101195855
-3482330978429664175
-3807858141288250058
4417407675226015665
6009550582073743407
5337575558798631875
2257832118777335610
397679921892106936
-629448782576060096
995220427226134262
8567079016828325600
4430177985036398446
-3114222276702484799
-6553797944991697393
6114514791991968401
5041737850109680594
7542837185571157653
3486016626528483625
3957839212945257289
-6480206023709951559
7555083491917945003
-5452527195138891373
-7688480730181194098
-4165741337875017181
-1669831439517908882
4018925964419232543
2550422231478223274
-2824409568444963625
6597323875791747560
5035138598120633093
1774274001218735815
-9204165617283640784
5471897603943330655
-2785648460318797320
5353952935151306722
3984227807386928403
5760270867516912850
-1014565274967944245
-6134509549042501774
3463570664920830842
-6768343085640096283
3169631970893362915
2207899782403744663
-878372663593966078
1836114621888049915
-3714174267674194210
-8592455757187195814
-5422512567408351905
469421804454084865
-7741476913242944367
-5092481009689698302
4672873188444503787
-3947016422582336653
-3672148393524708551
-6118901740635312243
-3257503474941539201
1785933156153197809
6615919827373556279
8161266064211456265
-8244623646228353146
6093638143744781883
6797800586171991314
9147866060749924285
2861104615229216042
-3849169443974257778
-8195925033593843190
4710086431566089477
263389395601023660
-5406931858667403275
2491266282695659904
4535430667490708327
6105119165139438775
8562629695941789545
-7258087645380167701
-4610121782936706284
4911740991859569652
-493327654001716898
-6027529473949935783
-2964864830367216239
-7958911155142441114
2286435984865100958
-7296617781946243298
-3223139852514313091
-4648770197410577874
-2666306670643137347
2310005978480052917
-2056819291112618374
2200517460477970090
-7531911143189585672
5728737444219202953
-7079701641274749002
863071276501695438
7297747776416631555
-8162582135509996669
-2049074787899553931
3461050512193106974
-1702307022846022711
-6204581571507309215
-1843606002222324310
4732567920261484973
8628084047659686224
3850699605417220352
-8658115837430348671
1431296481315401017
-7110724641132424874
-1700615972741885627
-3268448686288772652
5680999743104110642
-1258595386556763349
4794575904422748610
7776280962413706308
-426398126368231247
-8654390725454047695
-7631412302396711888
-4328237071700956345
-4264087232974404521
-5343833426738778281
-6046048677093846441
-6529360630809903049
6986538170311522773
-6491559805459496262
-4579002222036767600
3249782172351409780
-8499616338421193136
-3781040154597404244
1871896874456039573
1767892958283481154
7925206553375376292
-5834886346543378445
6845987396252881081
-1337099803647341949
219358480485543567
-8160557464270815679
-5248513834236872825
6634881754266228089
408730795583353730
6729636585069953632
-9220306380466778064
2112106763306595098
-3730748700138960040
-4139639730632313030
8434841554344736794
-738854061077429133
7526129270756848001
4272752997489364494
5067567710686898605
676766696418087151
3505746068216255100
-5993105269340908089
-1749676186896632427
4489499463432592568
-1624895921072073521
-4762264880064006554
-8543978437534820838
-8418088788855159135
-4028817588382405757
-7837958850000585620
2758331778317051166
949973740301373792
6151597417434439263
-1936199067189117364
1743197704564967398
-4587599804393362372
-6092759762106758295
-1948959603637501067
3194965040198471405
5210409983028133395
-3838294904567839144
499254259049011177
4795147541084775112
-7714007318303096951
6160308787944401996
1594071068317622160
2347798091431063668
-4140077272759204577
8702725667249875683
-7652574856233270810
-1639226042820903272
-8882683090076530453
1782579636288920310
-5150978452405118906
8660933390729316033
2758973956521641690
-6633838569124703415
8670640411373528597
-6560760946703063318
3916663889275365765
2907096364471348809
-1894979964462457916
-7291486371279974356
-3148718792533607656
6393886234149335294
-6927012403819406494
-4950984255956019371
-7397656267281305619
5237855978989275021
6544785786754660
-1143127789558489100
2789597952661390764
-6815643188580929311
7824084448451817922
-1695159758587072981
-1502939748555963151
-4070424605025326774
-198538947130237922
8373341379177991288
-3712314425808695979
1198249763207407343
-5825014219174684154
-5732161550919185427
6387676837255867310
2736125376747823250
-3749048090542888582
-6101342990271629772
3934000493395116892
8404756756867530669
-5889741829860727038
8656131676854176295
-6804955847329259035
-386593419704091458
2044812467139083833
8793288780110544764
8090133169568295207
7476356120631095913
8830865444339198449
6441068445584323041
5318633984779483969
-8537423598580435074
-6352067671960054790
-7696670597186355663
8462894574598223339
-4392049461674562946
5911143872798061246
-7826103342985718890
5492431016872692609
1145249192784910621
-4315014123920072602
4566286672533914366
8792725301001228439
-3078095821181578971
7825184349907848844
-6245750524059476923
1026602641198066339
7352218498543433392
3763117028915266018
-8706655641418176283
6890887712931175509
-7171726791557352040
-8194582466000801361
-5275872602226621449
-4188820125273552498
6719378835297124061
869602930099896143
-1947863517261014370
8132121286088133576
3163616031298469141
2523505735394968593
-6297657610453767052
-2310267204367980983
-2943007319930008097
-7359183842902219215
107119619803863482
544022191098546678
1040786882280168493
1479282877459393075
-906981029090863333
4516090913992689967
-1129456140134389956
5167802051031101206
829401580574813925
-2655931266419457393
703848540059866222
6612064479284094860
-3343911993600147687
-3291646027065148909
422670788008497907
5427012542025500103
6948020255072487975
-8975781783488952110
7678896058447539198
5802873358602376209
3496246387591016308
5615095365290333513
-2660476851420347029
5688403270095881981
-8492762362586109488
1382644270518621758
8888060450536659486
8799282445912193042
-2519181467741003724
-6164780877562289369
704236505689502767
4750591919160757742
9204579624355433853
6765112638161712578
-1046322080502721969
2183186757458091807
-7947855513578132777
7828949477699510349
-5062291725992286103
-291413038127818474
31563535389503748
8657969418836315373
6798564945043229207
-3969876036379644217
-8901132310225769015
2993358340762014744
9043779800671394458
-8403518182506986162
3902676402740482731
1190707835226722443
-7063318896808775893
2210970351905218507
3978819354793658976
-473263614290482538
-7711559398997340963
-3354691318370952239
-8879725452344451437
7148367353457287461
5907397127335943423
-4171671658673218750
4580841082461763312
3264475655918548243
783744820143971276
-1704798320414994636
-8813299671758540800
-1798547386880189813
8370527749575465645
-4200442717247652482
-334592374539062968
5772687117944713638
626105519046274082
8996609609518212602
-8628754559031883691
-4901031799587520490
3942640651608318057
576768566545107068
5153266828221272566
2254880617049112931
8933161594390132321
-6957092719906848692
4713621452878980653
-780477156964633991
-5704665929498085941
8767350843106709922
-3123330997018089128
-8665511239116906634
-4723618160597974324
3158074807303767492
8854765664569813704
638451575954018249
-129866641141303871
-6119441327706413487
9141305008265322972
-8070572119768027645
-8121148276498454682
-6909030555954959295
6141156955344620347
3982488355836353484
257602771596524369
-192580360106043472
-2692107931630883964
954002738177305789
4259397026262455540
-1247075230391915413
-4871324676336230647
3283955456204502966
9043323915131383565
1068024237029643502
-9129046887952876919
-7934953721897157038
-6215059253989294505
-652364246597547416
1146325088446493965
9036368983379974549
-8083170538858134350
6349456512781710053
-1313154380935767122
4911132808101096141
-2191190804338827128
8468148801097606448
-7969033024837341703
-8055256440363230901
-1280369380728737540
5516089286265214158
7235385850390189893
-7271789936802845273
-6223383606012049529
1474416657415208247
3541318080502472929
-3119681215367505276
4850873475271643836
9200909753486150848
-2287921842731437856
-9105714784065498104
6109900121169985690
339548830944126884
7903999574425870458
-8352041731260265427
-2287113126751605592
5947668765346550428
-8964984136057344426
6196754346893397178
-5586388851091176013
-2765639179389868533
8726872790074477400
-932189129117367728
-616826234641465022
-647329162967029474
-3033624293161054202
-402425690035909055
-3620684898411029461
-8130772795642592137
7018275425727648973
-6990604406238945545
433170744452246304
6831662321173875137
-4243239046606952368
1437574304033986874
4494036403341256290
8940469983099554430
7948812510264057252
4316430616939586928
5618746654292574336
9035717768426174094
-8154026374222734257
-7399815664670401039
-4228418486049270225
-3304128828437306496
6245674390751979781
-3164156173781226971
-2755158496504737677
1958537920829984851
2985957625690558822
-8183618963165228434
-86395906216007454
-4002732231881135620
-1979026227846843480
784393864226068421
6988587661487461444
6945745059689881929
6031025219510677944
956947711468663976
-1767609170243514084
8982210373582702496
5454021603038972811
1309857526968443472
660464060745993343
4040225333568565130
-3554788481629584691
-7259324671865440912
4950373302439466383
-6587718538959203076
-7902747410262524079
1088912257066672725
-7623020119747046188
-214925283926120764
5236991414476496159
-421241573446932509
-7361136944201959912
-8065213770832512106
-1371446403808203562
-6897641303174595132
-3947012272763376310
2367309756838402432
8491942233770198974
-2430404629571069051
2933909944443432808
2155423414496772545
-7610941238693802845
5980017705815422452
5045706935873533465
-7424785138391071562
-2026676388728699761
3642289572197890122
7922395437043203700
-8164687542615592821
5469030757860147420
3542060736160964624
1353046240560626042
-8466190684111694464
5151088410345355520
-1341890658526189142
3488314249975522542
6154894399311099848
-815322120731476208
-5679905806877446831
9042318267807135743
-8521829368779341068
-2758869863476731563
-5282443818263156293
-1417041055429430056
3332012423126929126
1135085222178346305
-4490123301827960969
4580602844226597050
4475994549528906654
5161079610544236103
-5946400722905723666
-2142985833589474651
2291240558724585564
6065944180005882751
9031255192027855348
-8694078137097135290
-3025235185585204411
1013795956431180477
2911234632008699238
3124094354123601146
4441276835800285652
-4260178089722841107
6276486489909303795
-2635824049482204069
7185359403344282244
-3965629613526037913
-5574616120404097816
8668567381504833689
5527923671312709085
-4684448131139101303
8576744511440067893
4093418745150505711
-284567026682646071
9109291001406551242
5007951208137515767
5424825236482366035
-7461823386633578569
400233802745537255
-835310149297100598
6432204855208292367
5947478744489110986
-8980792383846673966
1082197194035115817
3484591881501776490
-424069886221963479
2781481350260287047
6962179643525133206
-4953339206373326829
7694273662198783712
-9089121331401654213
-3501685124274896797
-1803846616307223451
-3252624100365765302
-9165522382238849613
1371886626895244654
-6013801281006728934
3109435979216684535
4721030884239129590
8935572873777039714
-7085897790551859996
1648933073172141699
-1708048442811225688
4914970634802507359
-2971139524758185103
1993167438494904482
-3086310069094721217
1209059286880046477
-5436838151583383045
-536578970287945545
-5086744377841350789
-9016063424803579847
-3135569662506139530
1679816459010967210
4041254503834216090
-1490690510429375838
6351053508435980249
-7199468400328712576
-7622782564721726095
-3331555561134307096
4615213779555136942
-3687929908634963026
-4417889586134596104
-8792043692955119286
-3231256393154765045
7576718745521486642
562342915802814944
4284685209552702380
1802158213829708954
-3739403366119575721
1584322711988595616
7673739787999801812
3967117565080561106
1902917090682034619
-8549445578415381742
7880660283366488872
5516932559277930477
3888839717068304588
5938399958899912944
4073074695665787247
3013404995062481920
941416133337772317
8590161114060892032
-9062315123064968706
-4689137486427458768
5615568677527834206
-6903995874597554102
7359760753247843415
-3794287970143504636
-2091128436235001194
-3325226176585883424
-3300395237791722978
213810184749448696
2119163012748001353
-1811650083998041468
-6747915883188978986
-8599740129435959512
-976985877200524133
8374371176869144059
3147396881471543130
7971425811552828388
2914395462093648736
-3122374354150086160
7128845170640220398
-3148824876554265588
3289496054720610563
-7450998652692969249
-6783591877426694012
1310535828908218838
6050423558604524478
6106742109384516484
7895881123514722082
-4834955931924029958
-7264764799428940485
-5052527357297124373
-5142188038429432626
2042676555796125872
-8306195135356985738
2872058359238119302
7324604869628575486
5594262311860329859
-7833710468022187761
-5746986059146938096
8617562278842411957
-4300224922585680542
2223164171453439273
-4849437325165063454
-6944325564512888616
643667599011317801
3241338501443703004
3456065283490273189
5437929196314283145
1521781118796610068
7688632170787964467
-1011441278986196561
1111720269874558812
-1402142152955909642
-9025788834244989371
2469401345323832689
6577520476210390165
433407579430886955
4857444869955106430
699434119346245794
-1762960100329406352
7462195688442550653
-5596637034216756071
3007040171717321482
-4918839708655752144
5506584112639831178
-2238003587738754350
-6708384311254662228
2424496816032815586
-2843893007671129989
507378174458531753
6667339703887464832
-3773255126789167019
-8874885869604217996
-1117863325004851995
3269932103121415961
-2573384307616667784
3865870690581348281
-8867622143942357358
1803640840105775664
3144226309392647562
3746255688358701839
-2574023844404477763
-5138897608893700899
388540464393553550
2907984319297674744
-1603325188669893663
6618968683011101750
6760763206924867853
7828058977858292085
6524522440228272912
2549031010183193211
387489367227465028
-4364280123566921692
6469174988860282889
7747098920471348994
5020795430341024483
-6290778078901126858
8073787798488813515
883602222281930709
-4015549214094065295
-3830700149590829986
2838476053277544043
2422973439661023749
-1578780723234353797
6313553695819153840
1695878914178612682
-3930782462514669269
-3753351733210613482
-6094801274186777771
-1453693600098220945
8574879332918526179
2213760153375246087
-2693283620048135995
-7117699197345306218
6597303473281982861
-4285819596434070830
7609869373065897815
6933439497421726415
7052925903777880854
7338042027170705985
4244184187878228046
6209649734621078227
-4169913114529125593
-875236528865536024
3354926923528443226
-7767507265725772792
7294641189150457083
4261792494351460136
-5858578555657385381
7517028312569394950
148571089950130374
3322898699500751897
-2243119449014841496
-1654989592993992102
-1326575508659168353
5082058078664949649
-3833429500283496333
-4507719476576641962
-6846368930605515622
5000455694323221922
-742432293151706181
-876224366806317219
-2216056686413640499
5777935213563411389
-6781476114156960484
-2439129844071456137
-2463099860447254009
6235368266108390929
-7906128289544017351
-2577190674718843761
-5289758413018263248
280609357738614685
-4607241994954567974
-5362898859906440376
4501081964312390640
7114446580754429567
-5598873074241663586
5238126636144406325
-7110992578281843136
3392883410848891471
-5639947793638098854
8796510603114830950
6478971555204301507
-250271630447253558
-5509847260991593995
-2758749011548895424
6045010906878606534
5134322845446332505
7449975720462575570
9153208574882043731
5589541924383546995
-5259579487406664123
-4561607226315687223
-2685980264716542018
-3573836918815857712
-2131256445921718412
8696798268296354811
-7974262023131305960
-7990985396691728990
-2070314857508560346
-4713532577180096745
8664935561615256916
-4747510571782657502
7059594427094536239
-1305486228362003804
3993618291984265313
-3343198094716433488
-4903084623157293903
5615265259669345311
22784775467815132
8760472159876098869
-2144991550604191623
-5047313778868738646
3074900506364990409
-5764614254828847699
-5256862107040441077
-3478025985661866623
742002151995108428
-2416826511555116140
7073146586712550618
2408667755335842420
-4568369511824571772
2281037927259188085
1298478698822847573
-1818049153897516459
9180515593369633255
9137263842460717679
-7518535550049652892
293087014043729010
-3497673922248241917
-6914039670444206654
-5569846402920940065
-3583730800015571487
-1100529245505818993
1464179773830307340
8943532062717047936
2498973054293165631
-2460386211877231524
3523737923638865053
3194732334280891188
-7489863113121588371
669044648539712878
-135980991333889671
5115965164059369989
-2241793873964605154
2824211294845373529
2899243978794630910
5645976273006832981
-5870933497989329349
-4516299011452079773
-9005636387917786792
-895888456960047589
4284925199584589172
-4838400994179404071
6414804886160160951
-7734235546557192461
1261797183110794713
-1787693905387087381
8287174045662752053
186256483616748811
-7922746548283615916
-6748771597115049415
-5381832563149621111
-5935251555477678992
-6609509669045985967
-6890873756752034990
-970133988514123188
-6167476304953420996
812082143417008364
6641315015480347145
-6882147572007632752
-7126310187530797835
-8822844056331803948
1766799059270571092
-5623193828482625462
3075774847230901028
-184410872274090767
3363912926829181559
2313243279990273510
2419052729789509172
5835425850649836590
7977199297081079157
3599979115832577685
-1304663059928388219
-6326102420041186586
-994850052981646372
1918048310198452589
-8341392145371964938
-2247502744983319568
-2931818277700065064
8837012766339961559
-1901123195616299972
3085059033153961780
-7556243047095208334
-389342514709959255
6921519839204845808
4069871663445001187
-4787658231931414865
8757178382200394347
-775747612497581939
-6988023218203205098
-2687988031420519209
8408287347995770855
4068365599886478501
-552117729892001300
5572445282202950550
-8759539757137555146
3575956842958890678
-939777019195201218
3844744375922971217
-408846699527422470
6197421305369230623
2866086189930235670
7292795173365531508
1981843677511569072
-2225902117981714021
3744100284011204390
-3510222892262027279
-5713667137860315148
4587485931429355379
4035479366265820403
-3095781629677081643
-5290468291507841108
4459251415337716712
-7905594835526502051
813281463620534753
-7759456621225305495
8928493454818489637
-6884009992583563097
-587526940753138015
7479338308912267212
5485111066330399663
-4772345289644925608
7069689392043141691
7990336113284834089
-6837906380029145802
-900904988035153981
-1031395139255643719
-7608746100323827299
-5759438502141389403
-5201930463964241745
7311782199335899405
1345900074419057301
5294383595094166219
-5666546016406787249
8299565363267370224
-4516528548632059806
-7876530898455059537
-5898352479383183820
-5347521821272009136
-3024593957360708152
5743973467636652230
-5326678494042283063
-3664427333580063329
4551861302999793175
3084336131241208891
-8765193791157985218
-241383525156419802
-5281167377451301410
1230540078919925556
-450696905582727328
7029358738887077780
3876344996562578175
4960752052096842250
2347468517705014627
2426493496875975854
2469156242240798854
-8211951470408644333
7686002015876354980
8459403770706125950
-5191968074430780246
4076276075870957139
2277845333322754702
4649640602103373383
-1747013581398640640
4324513902578370186
8997671072972915481
-6152553734939578158
7372551882990704457
-8196724177113822847
3497785184525535948
-538089253515155993
4221920969323331826
7951479509884834818
9056212161467156193
5077640894537134118
-3724839910736140691
-9050295047207395979
-5277272575640555830
6202067557349041701
4698274894983410344
-8748633443899082696
-1855762442867666472
4006317894545545942
2122820589974527882
5237501522764016205
-1964005741354288895
-627542107897844415
-7381484310254922298
2802353426669604329
7975476730821971568
7786330054251778942
-1229540183874001413
7152482203553130109
771160577674759523
-5998165568648685711
-4448184795672729291
-5284006410884505376
-5071859184504618320
839110195280987445
-435176265341812213
-7104281461960146119
4509005155413583277
1640176760972217021
5991419890805804711
-7110914895606808939
-3746631000678003890
-8471758144339673125
6855297367858623878
6631874123715979797
-4422163471213968708
4082682958197955331
-7550316432381177834
370936996847413243
-8134098590460437554
1069269089047582987
-2757547839160274982
-8758620697561801871
3382925031064629322
2814374957678969656
2143751192813615882
8665067488175681516
-855347051993244282
3817887942286820684
-6377125957339089661
-5676100600484843809
4072371408186428162
-8085238467304135753
-6845490720488282011
4515985733682043998
-2415395983815087651
-6993304250501693610
-2709721052822676693
780928919572424743
-7663069584521373021
-4525092123471853153
1490301866264290964
7559484377851833621
3376729228714048758
-233999682825230861
5670563164148095870
4799311639132661887
-5073568549994640292
7639159453494122782
-3519864640548668404
4392899927871121541
7809627738891412596
7801120506520761226
796604570934240364
8928471575347314724
5019288501276090146
-1096513140642484911
2091386079847928216
-3610465959785472159
4879607440638790709
5527249026898140873
3267905533423446517
4229885217667213800
8028627543946936283
-1843645223642929741
-194138980709131407
-530497793886190512
5562148996331813079
-5440549103108941041
5647550099097186594
2805739752303927459
7608201449266199936
7247904544454145388
-3399094859235383729
-6191180787975411347
-1749643616402502116
-5204395701883246029
-8576696333412805746
-5213013055164162220
-5023667620659019129
-4473178246068861191
-3112133797236671464
-6988243278669242599
-6342067124000280518
-599259722034938290
-1022514069121095023
-4693409416593829619
1590754032167169366
-6082804867226102550
510675613292109818
729687628737297985
4879625342771170707
7217219139508061024
3693565936999412722
8650248186719541541
-298992887634292678
-3812269465847657125
-6243646519791563159
-749891849958605409
6227029763917581176
2292205881282818669
-4568425202907150682
-6881085266116893924
292250294747034232
5269890758088428753
578117605180703915
23544676377013955
4506010363863895649
6806791572824301339
6192024475943577909
-8601781644188323073
185405919375695529
-1334086764073879647
3534736409524086529
1218727134054406113
5649479757859634521
7214208687474661916
5511039414120424290
-8768908574598208274
-4661098235266093235
7001090080529698021
3674414230424182317
5942216061892997337
-5625956525684684253
-552178186355487337
1968796296217040755
468307920130329931
5297096502491790354
-5268430758744259350
-4894861704583961448
5267168505600328835
-5174067333396392579
5210465674427719328
-1665628374444406931
2852334255440642381
6620934079542583726
-5729962895365503654
8386729620275186031
-5224082230411934138
1722608960962727093
-1274687293919598645
-25418324320234706
-8597771260121120168
4699383513163759417
6664115316466203120
6466894845552998187
5921253800157144157
8104699606816228938
-8702814573521881820
-2236539552684912954
-620054319705024286
694373129522513403
1518175395686406806
6613367734437427097
7840832721174938283
4172268653650225005
1754600174672695238
-3198347025546584248
-7773664899891890200
1380849363855418002
-7087767777748444983
-1543300000246592379
1451946456012994668
4696641352373990835
2086490079762364251
-7158465021449958719
-8667125553697062191
1198199656134369327
-8077301376908036634
-6495206128963370809
1397662047995910909
8313736437524180259
1972860360709052700
6125912751206847298
-7989362926316719082
-1532003656832063082
8197568632700994440
-27740009872265561
-2552921930267631022
-3093009413714022275
229802266208388364
-8783706555797424696
-6051662486009935565
7639770625790783445
1762816476115392829
-7257830499512310421
-4648351869412378352
-138932984051590206
8641071859140288216
-7301663270629792347
-2104678723178826052
-735453293177659472
-4520673528410384072
4079864396480329329
3185457990178619756
-1154313506189104363
688453330420813738
-6746153878088203822
-4531364771675440044
-1352986690055355558
-1840549619277632789
-1128128835403460337
-9153332366583418261
-3670677771275260186
5150834970715548846
5595065711604652620
454167687693265190
-3800327532091738021
-777702160980233759
-494608646930697390
-1413022195177647585
-3992017762536258997
-1587865850073150182
7506715933246505762
-1106590820037721193
7739418466604635525
-4707594261063498178
-2263891769295621891
829870987037889250
-1054950209140355769
-3438610541143770299
54486577141149493
6203877506849611343
8068019090379576373
3074802996008878256
-2870950919606748125
-2826262364257554260
-6728929985502946452
4508334174092370391
4002188416249328068
1925212752048705317
-5439811987626912332
2183011156957765620
772392791619593097
406567666341864153
-6940443644817686611
-5226266252802597732
7602452184139175919
2347333690362459419
8598249392290875182
5412408928989084371
-2622910339975177426
-7781008365076497603
-5259767016417284321
6112460609575795851
1886325646505307201
-4718536423413303114
3827723701027256636
8180126209682321398
-2349931880113081008
818526474697285508
1688004792185363652
-8027512152016599694
4295339430382735270
-1228062305497234189
4924242705108595588
90245644629158668
4819890423327320941
5257011355769429422
6230910102577487820
5917758096008584707
1511199063240360273
8932417028855265615
2742250817616739617
-8161369188708587387
9140331502570125353
-3598357546525093184
1393983157241264180
-4959912987149507621
-7869120755294640716
8067329476468023765
1914158796726699632
-8086913218234165223
-7351973797256617698
6278371491154334788
-6028733524442235367
1803522283568123452
3954420539892827116
-3858323058862575817
275582821967567044
8399941175359323605
-6285809713114088907
-6635523276684292890
-4726648042007222185
2913734413558865581
-6353467659765563132
-4045430050683506437
-1877524383746969801
-4395876207228870259
3311386086894907290
828060202757666084
-7167547355636409558
7449432607955613775
6715075773944890182
5476716581835349750
-1449595769082313744
6111126311672370329
1477888828213757358
-8939017730555366007
6258077570503814876
1964849897087894674
-7205836958662017924
2743497319987406755
4961914328948178161
5992432529880813131
9130172320601525624
-2301397785237945558
3865497211913492999
3955139454425176844
-7662183614669422567
-6502041690043515675
-8165560716999152848
4782223045647573667
-1562117992800099613
3148943882936167091
-4121806399951202640
-4961010337224004784
-4752383361798335792
-8414699558239325247
-4796263588524141440
-1143683291429672033
6194470709965277452
7280261791972324636
-5060833179884284983
-3546234445148274454
2301725939556097541
-6094751731425671539
8779966909602826037
-469932016071678458
7154315111901529489
-1673621143356908224
5458179241328929322
-3611595725268789442
-3970208805421583123
-4997401054181709453
-2335722113606154036
-6645221718408503395
-6543956051102490557
8884631427881010846
2276942945779566710
8947456818130183050
2810264904327517394
3398314941667863132
1729008438427581459
5787885741334488105
2393977661942348953
-855852782655669310
-2759900075499572147
3716455022458575413
-8741150170572537551
8456308015579433835
5571718154866192352
4456987989758234889
4074676045097091427
6791540327825124222
-5504286264704306511
5365102216486098655
1498207090257016184
-1227234381561837939
-3204127179755022108
2045294208966965157
-8679617587376967451
-3249542976505612229
-8561013001100130063
8890703182939799061
2190705431134568777
3787682159870049160
8038597089579160382
-2562779360211817962
-6180687050884871808
-2001778475711390817
-2618855497749657220
7400468016194076489
-3548269647804985565
6742335201792164605
-1481672269989594690
4301006949732136051
5514686832470291127
2874707747324544349
-1999341464278421949
649086734220910682
-3339522602137159044
-4098701688769476276
-8777411258020271395
-4698462690501235177
7122801255653975620
-3541377730897974703
-2614310744863783573
-4933046520687646253
7558354077172923436
-2425844227645256062
4258138929954846233
2987052504371331147
5462848924165648665
-8560452743843205735
-3655780935626165952
8662307338725147840
4730720940935491963
1164353407038168429
7898169157905778940
4501682097073650438
8731060391058553975
-3442117601195454700
5801087267025264689
6494386431706591247
-6362504994817359080
6935915713302705249
1938107081978920001
-3854068352860240393
5500338450149663313
-7308640459473041048
-5621684135038247043
-8281683333271673243
-4196929734474459687
-4781086604083776086
5255864402578324081
2710069246851341760
1761215949917318488
4296137897612390364
3117045707491833325
-7777303696897042172
2917424570710282722
-5858604542188315338
5307514122840843098
6861118254449584451
-1410451189096293276
8294917254028034928
7587050109558117911
2624269607901337773
-4405747358170812492
-1160463536622999751
-7596911085586165930
-4620805533310407735
-1510184029644956839
-427914638743161888
-7317397419515445869
6082205771952321762
406161113102031606
5330309831455132908
2957547217784279118
1893526811908525479
-3070703156478589800
7104038377688135335
-2966874560896366742
-1033387263001824745
-8180769827319901877
8901222976402087084
-4805228659444139970
-3279348705195590128
-8638144886498741697
-8000155322383026600
9032173919453737835
-4850786089326846210
6465300456154209386
-419262345319937985
-8659151989394321821
-5296880046438008581
4796406297851463900
-7058930841977109141
-8999733886249201130
-5672795263385864469
3568830019108986914
9000343608106056431
8674573072563198454
-7674746686371223014
4843886453655057400
-5322636097836350420
1534101191301641137
-1944518328777027664
-749363442065403198
159746827508456581
-545055431474580080
6909166788468011386
-269506449517513657
-1624560249989069736
9003621669512872025
-8682774582443677816
-3295453538332962231
-5412946192837890005
-4922350771900957137
-2576980654474496129
-8721812561994338618
-9068820568875533643
-5330831493437011033
-5131850887764625042
8581089471818975668
1230217857134001363
-4317202183514923917
553247079502825514
5582671470207476378
-3706565214393308634
-1067826211732350869
5257442891335983751
6631306619345306218
2295914766612604552
1174493115837846265
6333483927487250250
-736819712708296467
-3168328883022344239
2603857768698824966
1174108213899200462
3454368973462522622
-4309771232229623217
-4574058973428867820
-3291811365017240760
-621859466199150358
-4199508961916211056
-3498130184020943041
-3601927094464474765
-3412260913047982531
-6694649768414330135
-6039810283029694626
-7149747202936742768
-2540120492166798528
-1197434663639424423
1994466643495269274
-3743219439694762529
-7959975441679629118
2737583429301088777
-728165043286462819
-2245086392127340694
1612918657383560407
6625019818715195815
6093683716599849028
3884337437629346536
-6686702785010575920
-2860610924409912640
-8440457419665288960
-3003549871425287483
8989472134880404490
-2009242852289979191
3058145139361617685
1064331981626935205
1405211565687470541
-5658830572866316086
7599076360895313943
-3023525871378641623
-5696462977516542767
5779891377822755245
8508930186355809440
-3954243684236294051
2131084229846354053
-4579884380332521879
-2575181361352955337
2199542180429264383
-6076970863793159406
961731593970835893
-2878520355123138881
-2028252370758287093
791475482891826543
Matrix_0 shares[1]:
2090770917293456431
1931664310900958260
2574773731411149764
-4708454361733033249
977855062209686959
-1608949201807819713
-8377435719097064443
1594583645466426183
-6147069775542516536
-1960795397677476928
4189944388811493998
4863534635042346255
2916089325522794723
-8990114050777044996
-8828165970177423645
4077358475797379950
7124058211832855941
-7698222444953683184
-3165091038912322228
7334710326754385067
7009691255188229122
-9115508086511170153
7773428314565640968
7905030150780224917
5843023470605681575
-7223236315059881426
3208326919909882081
4081075747297009914
-5620079158419771316
8518537822358865308
2772020210041739176
5699083172511600449
4125267889758406560
-4738756815223821957
-6387196243605590987
3269818998787190395
-2412965738274182513
-2093071853628374136
-3084186795864663612
5818977652707476172
57430651339790300
2732720830103038831
-8910690873568281189
4331202050687979417
-5537290839251252015
-713903272850408746
8400284098465312390
-1517147567240745307
6394122973404826105
-682589987225018391
4259267919566121307
5007878462060901724
-6131941965926073992
360781571551470127
-5872322669329598230
-7611459483063038239
-7525841236010693239
5367933400161378811
-8614753559901706923
5380499257498135309
-365719593701499839
3148515083928462128
4055146573012560774
-4854294867546452906
6709231984795587239
-4978568449935817864
-297860528004955600
-8129395960726827273
-4983656770219720174
3285765665608207957
6246494411593270484
4935616957605648508
-927934688974485268
-4879903114904357300
2609047264957665920
1301735505502111095
107757699579956504
-4513113295464913261
-2527492030110780197
2365124680291080414
5802059029602797277
7174655055096107956
-4648271018276302618
6233733267956417
3840974182265223090
9191406178144405180
8189479325503331538
-524096930792364162
-7173894165846644365
1051640692174233120
4355418449691933486
-3161748739815525299
8262503575754310311
6877445208975440770
1481414506296552572
-7468054772003869834
-7993735671000663545
-1935873120283127830
8764899286474445396
-5765843211186214972
208100430594989375
8166854392920439815
-1572957465726310963
-8725844842856654751
-4814326590992467661
5321373155585485172
8250405531466729442
3967095285615347045
3447878451025293435
-1596060431072951300
2225346448113296200
4246717624458443024
-5980407420132063718
-5733471012857018839
-290095638486971723
4629778541309518228
7104790596721673133
5088272150230065239
-4879821473916140620
-5570147063622481768
-6567332643951959879
5551653609369450432
-510901722433255215
-6876502445745690662
3401715490556921840
7076359024607139614
2074954022447916963
-7209605892987116881
7911440505513142257
1734836380083997419
-8277261762613659143
1644472004207824728
-3398743265090838759
58388953467181070
-2651088527516758824
7784663230264303882
6420614737388430783
3653086107585718366
8298366011483127802
-5747601649277440515
399792965806864445
8492191743864602974
2403553162084221643
3704956315914368153
1672914548346711908
7312760523262731783
6527764499381320277
-7223393770185582474
-2672951798275007155
-954540773117749162
-7363230259237843412
-5893642724283106163
-7557535749677652777
6398497161262497391
-3937959621733286491
1844557720547297974
2486626150577533826
667442810745066009
2651745367880649303
-825150592035032079
-7745494182575330398
-6123651265893489156
1846306451182883821
8295815771660619098
-245425663431902256
-1546444104437979241
-3871670704365825256
-2959769315729190959
-2350105507018822573
-6466403138640392751
1761450280722343525
-6848696607250240466
4281186165546056538
-3876912807652457257
5732400540728826684
-3306357741526378003
-4380591654484875221
577399730178316909
8146449676549246040
-1919994118539704606
-555660840094270507
-8592024920272694561
2835234157726119171
-425387087486772603
5981643671094162611
7815213878514025040
3929675356556394657
-5679230032925787757
-9053683469299624833
-8395321161336800046
9075003693625761309
-4693810354875106035
-867805542142364178
514028743754541177
7769931029141402300
-768282195195167199
1663697137475618855
-6949802245187655260
-2368203744409592537
1669508145281829339
2515851865190883172
-7455265899274779740
2571189611958786370
-1128304768705923965
-464891056050302868
-160086441626195747
466095025792389504
6599052602198370766
5374768490041643556
6809415514536155160
9074534659575565111
2555498805528629385
-1912775828071247264
-4683228973984394561
6434654869791838286
4646419811521070070
-8814169002047678669
3699052551316851475
-3800396284472164187
1478323957844495189
-8305066614269331082
-1793733150988246822
7597610927281062738
-7669669380721816757
-6299597760209822063
-5365462017533276522
8783334325276329330
5224307124032843286
7285545573330103807
955291398937601359
5079656433779505156
8928413890582588285
8859313972746981669
7255120141237590468
-5310147170787543317
-1010250914244913365
-8833427444998607056
-4047968994644449580
-3214663149919358692
7241874940212492382
2331464497901534391
-3538514947596801127
-3593340872405602192
-2094404942297023871
868176325243662778
3018862966666635436
-1004464014991072065
3117714886484939715
6025510683324082876
-8643775032959674202
2182842250681807084
3387533941740691303
-7819391310425425608
8523204976856435935
4381343589543960602
6660956698530666367
3827906488706994151
-209293016693724475
6724130373326720900
-5108212515777652717
4137605985551689296
-6582087705287652388
5574226910656395031
-7669475327159832042
-1602063545849118215
-2874400907150416523
3385727509322240490
6022073974182270418
-3158034011195250268
-1433026599690564535
4395226779432774201
2262352358942943725
172789551947237222
-879322209232086318
7834307691377720530
3571807823821327372
-5911211929457601111
-3211760248199242084
400329497161557952
5734075099868731920
4180791101771820335
4507031613268832502
1718214562741556971
8910649880951793067
-1029312753240701830
5804364087065073812
6643551686973343958
4639640244109909846
-7966338180828902297
2617610233789681770
5039731301735979712
2464004598754250063
7441086935850182670
-8256350073740549794
5693098717703623533
-4766072154640602547
-4539092769871650404
5511674879889817655
-4496587217113004768
1770397507221331091
-529121223985177938
-1891941939601390892
6571708465604929169
-8692721790764071607
-3581542527311221932
-7484957502247691554
8583746373972374198
-67855816381981957
2911749964868499882
48415293829086605
-7458318907095926975
3071277187984718937
-2858031306360434014
-1613159663779173166
-7534818506009199876
4838716595528131160
4351888935495667064
775029042351264525
6328591783285327751
-13457824333537425
-1572350275327104941
-4081748657085190753
1275123082216878774
-1268793936468922322
-8367376763907764448
1386012421388948714
-2968236714918219968
1213987389409915073
5084659202112268553
9131375965622825823
4116102617691632331
-4118969411719756465
215659718240362902
-7919492262971858188
3565744824185845573
-8272416677395924915
-8746637712163248087
3302106357209828904
6303381846983479421
648775826607586312
6377185101607586780
-1246890874531125785
355448545860128521
-1736439312932709577
2705216166894009056
-6043398186828804259
3460436315304668397
-1747572014297140893
-8353908816762230530
-3941104648258228688
1397899928314907485
-2367846345648409514
4685677740184122847
3023084392989599618
-9218602207162245571
-8413919983248516988
3783960917116581649
2017599663292724098
-5537755813159609622
3543186091628837811
-4147871467445313230
-3136367763567093828
-4383458225346124475
-1330246269679991934
-1084549724084542427
8303585124644294000
-801434211413136312
-4785840229285160222
-5084049130577752864
-6657252702568676157
5206983590200007312
-7960848014310590602
-8307065613506903526
-1655218185883796949
6788636004756624535
5297422401855665900
5675315426594059444
3202525303641869050
2082714652941200948
-5094811425616824618
-2086761271142124928
6745990045755601424
3055524056309818637
-2632055265794033853
2775558019365351160
4671046037260941967
6569460276923511505
-6265610493213032895
7557167488300208798
5983020952587318698
3511908389250139169
-4921718556826754620
8848963459885746847
-1630275074054853862
-7356805522537633573
3842952326181549934
-4417591200262146901
-6429590032142674904
-881524435885886070
-5429160538661894681
7330546502075713664
-3581508629594577675
7635647069150677882
-5680736435209135584
-7578712689898838893
9139110544041834392
-8958032318154619802
2584241820575468997
6583334834657187768
-3289681664809261740
9026744129645337600
-413846539046964945
-5730765723266331275
-69393655293550133
3664066261193004456
-8972515738726247549
2804460861708530713
960542456399148323
5565713083265966047
-7408754024562033435
7165441240037195160
4592280112419979811
2105769871994506647
8176323343707899479
5411652926030725004
-2982506184266336368
4498823961011928893
-511300530821674008
-5762375681163444061
-4041427205958619588
-497751533812189491
-956413489846514873
-1040241953046263137
-2477314037432158228
9052620364407788454
-6002671735924011041
3658332482818762324
-1293968963440086627
612626008187508716
-8676594687145851606
-5135111168393470721
-6423338848617722883
-5435249366300651613
-5419932783582869025
2655512525159968813
9020811123505454348
-5910683535939244353
3743733272752414040
-911628239493418025
-6381521049194356234
8627019839664964677
-7102963095868167928
-6899473810620590292
7133171707101058810
5202329122413200693
8914775990139311430
6111360732228824382
6817554070457416027
8106327096308850860
-4854561605238202236
2245620763129231778
6402343719418526379
3312751277202035967
-6799892738103809461
6304636535652638353
-6931828933773117419
497036073880898051
8632324866997418199
8611414298465020045
5457702287071594393
-7899831963672871436
-1727462817653169570
7772562459195194935
-6718763117705868436
-1389558517015077158
2633209414908148100
3039341534130116483
-8569091641480086828
6735319114970009573
4011593169320521591
235917925212816062
-2970922485160323302
-4636111068928044692
-3646857123186685716
7637730343275738322
1856737042659308655
738574505459332477
-4556124461138249088
1838145261332504035
-9386168550752599
3832634176425209552
-1733198433464424765
2634421983342520684
-3373662528597080802
-5671318872875800938
-6849190323233375227
-733770827471944551
3713201681091184371
-5156072896139034753
1293424742100907718
343843444453788122
-3046849647511649014
4863621694533224002
3356964322939283429
-3804914450250575275
7583638257270263967
1896825884633049114
-2555957685689244299
1145173505309141394
7306151193563165467
-579666049958937682
-3068354680974639908
4672813208593093229
1222250812399032799
2221001964910263925
-4498810742408018880
-1673422558105302046
-7386095248581917787
2609241569550689304
-2040448279088873641
8633248706100576707
4427703560302847982
3292889003274607635
-5981286887333751639
-2941337843969608777
-4234598777216076721
-613761077964386235
-6196593593078756024
-2187808111217918725
7872606196132973746
4020420199817609389
3298408557143743314
-6465736298966203816
1765608507299594833
5483806818663178623
-7730960422171431009
1472216413945395258
-4037076962280741107
5708089744110804074
7041135842234921079
-3228721785778974179
6294861195788322814
-1388375878499030384
-5641928281172484398
-3924873258006298001
7618448502981314994
8061689164098162202
-6700932963024517132
9126547765873586162
7061181582745185764
-1200237846953108814
4184952937309634651
5109191359024806328
-3787602180875219254
3769369952518148454
-6496220405479737539
6895456436561505828
-8791799518091274532
1629339097787464628
4657774454628136970
-8382400120811144212
7183014323933396668
6082374366330572127
-5243712226558638511
-1133427848394162792
852605959261464503
-705356527067495338
1812572499064756752
-1390678847356053106
9986754443874414
-1433945012887733008
6266889958162230983
-2051318549512854380
7860118077015330969
-496148446354847339
5436380146137419914
2861655335041357089
1437262140615070398
-2255894396444295183
5191158782732826414
6226932322250478694
2373185906429662468
-5226641547152779496
-1567859962407003909
-1210836953054862934
-5607967167239570952
-2614651834418170158
-1222866070726085970
5868104448489237773
-3274204946113589996
-8567593508148857894
-1391909548414985563
-1823561114214946941
-8537636148051709118
3344593379976779470
7670986601305609670
-5359537984383864762
-2570800555774184627
4791609592869703943
989231358460792700
-7291543642006549948
1076721573046323647
292039477239935731
-8384331845514469786
6314343853914481465
-3457429909790725791
8476676376425487888
-328604670884761905
-824195830886851227
5487263767915307521
5514150358975293282
-898495237950780452
1604769064037139411
4802976631281840188
2406040267009515757
3075970825142809999
3599173626616590049
3412502087868248452
-8825343638815366761
-2399140559799418408
-2111894901414214664
-8998276831114661504
-3383713046194199836
-7479952744225566842
2229362119845809143
7876096383507427176
4343994242570251953
-5809310863767048214
-4677690256129205394
7594150285827563060
9151368369371772580
8666148286282687145
8498286740275142040
2412800295967426375
7739220318743058958
212173494895459042
-5947819769184774848
1973242497943628975
-2312372494648124352
-4228887955575882045
-2440623573017416603
-6542651837125318695
-7082602875061862100
6740191936669897112
916824091127404824
-6837468773960704885
3448295892385782204
8707904387044376248
-8610043363553727246
-4964888215279251429
-6611418348419908434
-1450744366931547964
-4307257927781452448
-4884158427083811179
-4639882325533768585
7268267470692818967
4135118934558049334
-3754578770185436255
2011237080698737638
3123866388808865380
-6461184604322094172
2186346934375697867
-1536459845027365875
-8512603827482678841
3315674316089664087
-6048470055170795763
-9146281372396105237
-507253832038186846
-194695264760819902
-5602513171183619527
-3004274678893578418
553120376764722042
-1967337397078637758
-7451826408708991615
-126435709864540246
8508537598262874640
6420681061901846339
-2048355937104536343
2288477590681167743
7571697813835984674
2734959829879224899
-4935975049068250454
5425380630075232435
-8404160807148952957
-1532579806037348067
-1058815414481486030
8121179834933545848
-5792878457603299396
-513628682132679350
-857229264134877497
-7228332228060673741
1874402114788364724
-3382010846786023419
-8895075538526705098
-1301603465876468040
7062892669296907245
1628882283135053988
2670611074435023185
-3308650321324996532
4903145354275152569
-5492529956258896407
8673216116550646897
-2073040912190781619
7640618865723532631
-6767910638456342947
1191352237507911753
6597718361412943802
5120094390205821675
-6767922083257223798
9164319287045133042
2590047778912988957
-6868844104256813300
-205090790932873766
-8605006403158458067
-6561419693573484621
7479755244247412139
6710627903372572796
1928714372158938298
-6953995507670650524
7236392625130394886
-1432691166574937592
-1475909823312434431
-5802007484469442171
5489112335127523361
-4042697359884091471
5600204997382431634
-4771894532906591720
-2819943860646703987
-2428302301378611378
-6818025635785615974
-6733356368274312152
4399882099215905190
3768205458339323808
7658098883285338832
7990281106143874868
370159657482437005
4332267409904714379
-615076242335422444
8510989817050178199
-1642935858796737391
5269693687663571512
7653296290534563373
7557114364698526017
8698817211726994114
2129819634619160757
3407141511458638157
-3610783095146627724
8973487899713059556
-9128940735896124643
3848862152449798387
1849236117177226375
-279129859014895170
9108153429789990932
3594251037785824707
-7148482605725757039
-3642454022289213368
-8865206303992741740
-4867384972509823764
7299168338985169005
-101810663521606118
7834651472689903943
-2404340969925360726
1397889575424285660
-499113795248534238
1313508199112149965
-6742109770797183763
-8344984550036806861
1541946864614356332
-9071184775476002844
-6922884002794054293
894199129048093968
8174840266904405531
-1556889669066375967
5000139058289566484
3440874220072752523
-7435659745787656345
5507683287777208716
-6173387496921787035
-1775908065229097568
6488696337072706879
1023251902308667210
-8273124683042413605
1935065100760382101
-8619164916477583695
-3299850721597936843
4527855876316872919
-8478867487405902265
758294975913791811
-5767323726653303111
3368801824640820659
-182375455863558629
-5398177889941711538
-759432215968481415
4935716026434286079
-3621205217917599367
1710051844368284884
3752177075906977175
6870737586930201936
8822687968764361395
264809055729119957
-6350478939473372072
3554223405308077336
7606299727485186191
-8881690377766611944
-3816630894865951653
7283225197466943694
55584444877674783
6421295042787755089
-6969641689850187932
1652230960319378962
4266763910952617286
-3528809048221446684
575152745898347420
-8501976774647852459
-1865768909644288068
2139604265688235284
-9144620328977499109
8191092334613415705
2021120283490779611
-1273345906948830696
1416204421374888523
-7812349435383355962
234227984397087353
-6412778032323513254
-4469242861572964119
-6993356484700951281
4047943173184277578
-1748688277072817038
2698154905537242230
-4046563793020055703
-7613302593263340130
-8704523366290694404
6759653946496509516
7790813453864860791
-2095508435799237322
8956205629042492974
5427520750645341211
-4117420866703897430
-8112347211922752407
-3856484192543535009
7493100902814000149
-5169322682299011620
6195429669870785086
-7816354289216692146
6173272299422011272
-3048413198483000210
6520440162163899762
-3174911338904130999
-7204567993666365324
2760548146570538799
4840233286564128785
-8892904795482895629
-8623962668306964599
6506538650235113268
-5002559461653052980
3983139769431083760
867516892454380464
-8328223004037992583
-2179949428531284054
842730501712382011
6366983405745691220
-5503626528040016680
-1450703367552220629
-4019474073736325156
4580100997729273608
-1589524561406562085
-784567370630797729
-2395419188575083311
-792024545994071121
-8114395877981270753
7449956532582003
7297155256271167986
1853242885850359124
429647372431067016
5155065115448795003
-5266267460413467219
1361277591691537926
3239759386707708524
167522494238770931
-2009611301778902364
-717400519870122071
-6920129688867175694
-9031985182003072697
92573282855306281
-7376100936955709341
2146720667444270915
9049532422055421311
4061769885527144698
-7265314663506787683
-23010780003102487
-797543008545704517
3030888512681832632
-2445679525999430863
-280261932365794228
-7901876626131647779
122173636175821675
4444787157432521423
-6384931580447511764
8718489779765465386
1738292161484871006
-7165871798861735552
-3586111132076146320
4979943339602974752
-5266996384327221652
4510677320969363011
-1147056574743010326
-4818121268673287386
-1508819502151085229
-7233813012513198342
3230442674438549591
-8765113653122441100
-4806626723687124140
-6320654171125056261
4972215326639364837
-6861753836690179119
3113561504934568456
-9020337124972186721
-7287505781840492539
-5632566001482734867
4347901857933912604
-8201549846756592694
7342353344478154025
-1170530282811023608
-8764648078367617667
-3899752100122881377
-8970772016804698180
1343822851751260656
7386632910792628612
2292313581461171654
4652446393088087820
5640652487887030671
-8753159029591002245
9219885766023045129
-4863882514530682328
5401774804922393657
-8381929449000715701
-8271225064300122153
1273539649590887428
-1206036802209653970
801671945085983676
8806729809187042509
6298554308030562779
4127349178683472722
-7778784971198722660
-520059655781826877
7660981012168728446
2696431173564237468
-3184602105554587627
151001175263644250
1340881429365663074
598377526565169508
-5315186773680245330
-1661580238278425481
4219549334600689301
-2224771070583086815
-5975297861087475176
-1409116250507648569
669784922764671924
3579784611161689012
6838995944832355330
-913626180261114723
-8355256954975388414
-8512014310575736634
8455394018037219700
6440046376004851789
4615719378884853622
-304341076009390084
-1137426910282955098
3566937185177866317
1985632834530697495
3184123089310640144
2136540399683510956
-6299348041462096915
3284210550098841666
-6726695560435013587
5468092916214160536
-8422772612838978380
-5138145690491220140
-7507494271549170126
1906810006986324565
9063340312141939455
8844038589201914783
4063005506543941656
8407784407037604447
-5922830986031543712
-9011419349760427310
-4407818505089673870
-4874874381674723033
7872160771225361500
7592405437286351587
3883938809947418737
-3285567202187080407
-8533736459149988346
4991957967092086305
-8885487382492897178
5873624423565325526
1079605869360985203
8939578186168270443
-4882273384166445976
-8451401699304241638
8517622416017234601
5581646161179394511
2895417541868370455
-7207467825409803157
2382609175814757047
-4713840393079092981
-7199407464580877204
-3277888915135312537
-7205096664026297
5201432288871203849
-2419061248846044805
7303985936338708809
-4139612229504494598
-4377442154884950832
7338159344509741442
-3616166408784434414
-5921695305778467144
-5581541507245208708
-4949565550778206836
-8847221200583222453
-4056448181947028754
3564932962949953581
-2071540049720188307
-1260203216918239033
116959590197339943
4910444618268650516
1476720466074983401
-7313248868189162011
8087264374490263869
2221969831842347743
7002611857132615292
-4282354601500767648
4623023792930745470
8454222710704119478
6462850537289159363
-1041623902707698322
-2537587913493004525
7686201447844945327
-8462870171835844300
3539109292013159425
-8637161958098056100
-435284389512300857
-6919913446148274973
4677192145887335734
7027368572313427152
6549108917648474372
-352661848796882012
7850072281587920255
-6559218992684702538
-3398102210249892839
-3069466751306038221
-2688482396086853689
2764826981385220736
-2755163090182747174
5044299901683932675
1098621643994043199
6795437079650200805
-6191628946745116290
5782808486497520471
5011037671971515005
-8345512503244540574
7371289372375815665
3177854384508713967
5240463881830677217
-4229770209231473506
7150643918689440768
-4722169725762409839
3278937592514675130
9126736913619462497
7461871658074751249
-3184246875949996833
-6467468855710687901
-5990416843187743394
7135014347891376947
-6170244315949604882
2316651247748126325
-7779901847844612312
7841235942361998600
7767976047056845839
899659110277121229
4864279979617154917
2193657227358110633
-8105479617473456035
4968702836975520913
7744149035812352462
6120925128893613442
-2621505303069357494
294895658427698128
6325545103384169226
2773287686801972230
-2213479251573458148
6052516438955453573
-2039351278181067091
-821417612455323038
-5053616590205230379
-109459536693284079
-7176785492706909639
-9057563907902647543
7619445275424539761
-142718968889098697
3813972235918217216
-6489148608555868422
2861585415777544966
-7849215010324803778
866637332988340810
-1084899568579080927
-2517156678048045584
1119550718924909761
-6967772027620215560
-2448887872671047571
8143592777082744167
8840480755391148864
736088426291985871
-8680845246556983009
8972715618528661510
1562033380529931627
1342287570886397771
-2118695132231519594
9091183267486913166
-5785513755420473992
-3933129699721230565
-376851089520802702
9198758996685341126
-2751879697997864323
-4988026405938653601
-1476116060328741843
3884296035412924065
-3284675047549410533
5291948027300204150
1990203914172199742
-6846653558751625793
-599278705344389719
6614379165414126485
-8080541972809834605
6647947806914060263
1046428553194658694
-4504800793331044004
-2711218715709865105
-1701172232651939908
1564451534144697450
-3344944811862134007
-5380350045942020848
8066844613778658296
-5633122675582269824
-6540817575846359709
-6314109321437117776
-1453081137678223547
-8580695215031720832
8262012877889823097
-5213226822151110737
1597954627512566619
4794795254077477310
7526306045254586877
984424715898221001
-9013168942061739061
1420060358493688973
-107049787823367194
3331225478698470773
3060209175752443384
6509221739790127930
-8265242105945366357
-4256747388665137721
-9130426809884327175
-7878250408129183143
-8679599106468645760
-8433320744791985796
-742939727768916464
-4045169041897746375
4226464690784285141
2268352843544889910
-366628294559560424
-2804413743898107449
-2083209035965448489
2350732834604615119
-158392603437152880
-2865537081644519454
2584674536183887673
6317074182706770871
-3660416913912246081
32612122205537067
-5020388001700242684
-3556326636559087752
8880316298626374527
-2843102304734284405
8043497798278061332
-3510643834838042610
-7955314556371873244
-3493549482485786907
6572404000395821483
-6546894055975975810
-1573954666152441040
3702786602928808312
1183571940016966818
-3012263355015534502
4608125909466064999
-6248277036543711410
5072361514240572201
1373221373990446861
-6742710289667500179
-6814991015691292477
-6444213937904752351
-8017766487319905448
3347468813722947459
664187355334066194
4759963787413031511
-4851343688550188223
-8835187445825184686
8589894645720571348
5043515132131538205
7021411800903091738
-5656623989141073464
4263998111683771118
3631328364051442072
-904793129180684242
7612669500016024301
-1104474447076685336
-1185667725594716932
1368750695077379645
-4051354590285080841
-8785245769505416533
5144110513134316587
-5017841173164131807
-8465254725618051009
5772394528820536886
-7533148715475293313
5195445604443562178
-222670036900311401
-779382266185098977
-8971717922176396202
-9168166362941186280
3948006506519265645
-6243616906224061899
-6224344816755917157
-7614719307470116329
-9190035982162269113
-8007510315865535666
-5336228082551948178
7678195218267373317
4123668784558895700
-7964081636830960249
5312090144925686822
2323902255509337087
-2305687034830553791
3141296669169792861
6709024866753408940
9143294938253807765
576356132212772827
2500312674516635825
2000710591883998224
-4581963517141095658
-4757023862057301191
3658381909376644936
5302484620391120693
6595581953679003913
-1823768281063166150
-6088563840885256198
6908086127830642986
1238397518160106368
9649535353218312
-3675531854253825325
7606054060514719440
7758097794586262629
6627550649860976248
2941139501060004832
-980362453773685902
-6471321927081150827
3818315785244616922
7871813299799123046
-8074219902317681641
-8067409063086490202
7316485689873665546
3845088147116891267
-7501551286317554804
5802037776026270510
5424524432808199483
-5695823280325893284
-4995181902359668141
-861225867828020224
-4148858360029658149
8323578426048137081
1027289275754685538
-770802685535865497
5221880776522339197
-8046460364084235657
-9116065227421470225
8842476322009136281
-2184526164688847101
-4666833750185376785
-8362443291779353511
1017621690442722971
2207614402866330080
-5059349029634403349
-7267240386066947317
8999374194069576553
-7434286071968778570
7493491772568584623
7881255480997945693
-2781101738704285185
7442130634661985846
5127112444439780356
6466757491143664526
-5263437541806128144
6649705128593931848
-1034632732039922567
-1954338098966529079
1454667754760596052
177549461612834622
-1798238624737889429
3026516161893423468
1677219044799297951
7218483301341813337
-5082218278645648008
2497413516444576004
-8722481636130089138
-2957173845493979676
8549342144025385866
4278156268687982543
1176405506718754654
-301431722856709402
2698134632986084567
251551659809721001
5290483869633883545
-1383671144463242206
4815149956094774823
4574342256012848975
-425297970709346091
8739878960753474661
-3262846215168481834
-789144211610900696
-8149957629101744918
7101609887554151521
-5341625329360159651
-7307217889511756413
-7324988509013999555
5185260975769626782
25216642775365227
-5757216385074721587
-4608929057773481722
-2687145020778414783
1031219602687714678
-1238015634292651286
6192967198403993883
-1440256510597161284
-7231805555733256450
-2396240827450121492
-6389642631604847722
-2180670380508134373
-6518679811905150862
2557213481171981046
1708386072073826196
-7208518916936605844
5712852700303656509
8929593698184019314
-4510431544144527007
5734102649077542463
-8861522078055524657
-5274782069870796275
-3406318790560395903
-4919163449451737640
-5583476448910574054
175339425315614016
7143272017047278508
2868858990494023383
-1106848059651716126
-3132173622099964002
-4159243034186385219
1897077666564586519
-2536702589452830297
7927359629625472759
644221899923694572
9168009163264505331
-695232376993258339
1225401932406486662
-3451065849170576741
184223528676146089
-1044666216687076190
-7336050732130135793
-879939071253862295
7649065363597514518
-7019427080741066732
3428076063855738954
8057136933011132175
-4581641488846596676
-8846467114116119231
326435911797287397
7124235516074877905
-7500295865714345334
2596115520534265741
7633445156745559507
814744251555667669
3742757028997277823
-7015602272154278076
6539679745357200632
-326130181177314982
-8148096738737580343
-6923854772459525558
587561413426607260
930241257085271122
4689051323547462797
-4646340194341729267
-5646810533389660181
-3246847856658751186
2010090504710688728
-3975592023243343337
-8769851542126116036
-3844012686672209144
-7148891785196146670
-8533202022270846986
-2586617648198609057
3757025967195314407
5639789104823350300
8968804303236387357
3396688623617433151
7094922706724544765
-2433593457840388611
-44659122359255218
-5582748943262976578
-7923591446913191009
-3746138938317678540
-2219311572753319255
731218978053174475
-3505030613437144536
-911255889929092528
9089743389515696145
7832889607907987406
3442278094134823343
7322593082795153463
-7766496382184462931
-2626673601118543628
-5887750566813144730
-7806774033055461654
2853579625856033979
-3104893311892855068
-1730127181244966805
-139996758148651455
671773230639045233
-2670877648408492949
-5649629224904761880
4906324451199854840
-3847606461849675452
-6203745993386344450
-3278552385820287554
-3452408885233951971
-2343546808330938167
3735684770655348459
-5752201676861428420
4598460401950371021
7243630925674651096
-8248784707761057755
-4719991800940178593
-7793047963446613537
3196875003195177995
642121768494024894
9039959398400308276
390903246158649751
-9188745516656790455
-4175897509652325210
4011071530164498484
-761899800874057162
-5444941926870565112
-2639982144697372443
1812151722303414978
-7271562118232185449
3683922582134199615
-8346211508923872372
-1938325977619509190
-6819530189507468876
3210211548813543271
3870935640054255940
-5549976369027830689
3906175622908929626
6987711597777142175
105426509909625789
1714426415343495851
6555933592695888045
-5522184069137154333
224891387514785307
-2646516889500922279
-6641142928786238652
-4782087938376368126
-8155211926042201161
1383336379976257922
4966233399395147876
-3543169538628868619
-6456689040271374070
6059046929327581036
4139189813455895775
-6442880855028024671
-7437564654298312613
-7351770705479977791
5464769387454001743
-2154611329526802759
1279010807611360176
3197830931433044639
-6801765065672545940
-2663733027303858851
-7645878805743126097
-9117618544412911644
-7653834722878086043
2132284333754561810
-3994245390201679429
4956809517570929502
-9071252778188429664
-4162316408555964459
-7914721758222248942
-3281181132561749952
6834230443949036972
3091755876127228822
-3619706842275265076
-4997223720195349735
-288832844399759206
1492110108703664679
5493708520724032641
1251876654898125894
3336093948089055848
4742043631636222210
1597978534916212026
3425068316245585568
4707764259066887843
-7256344401954060750
27105367412830335
-6610629863028047068
6768677713346920801
-6819521911643270146
2764447712460001478
1221590861089621131
-1333188170038171839
6854079002361012394
-3782314298231213942
-1253695477357240340
-8228193347831485883
8796788429316136432
5884201623817051841
-8861099889569460623
1600788105667266914
163509199450665747
2190991027580240982
-5536844777447636481
-7824750959430611879
-7296890226260111813
-874858770848780312
-3218027541386222778
6016804582227246843
-4331038612564199887
5402962510095393496
7002271746728468492
-2765501646097118148
-2904256024748029586
9074426177365529530
-3100467703728127173
2941979946920359387
-8853308999211050360
6420677213783675237
-2606380210475656504
-705318610209829932
7788590216184917243
-555184214990277022
-8743955382029502936
-3786389889428557479
1220240515036161024
2119000647584679623
3513239112356014346
-7115132513033201944
4258056543305668064
-2244499530796039557
2798989843727386232
955983895762851156
7433918225579486846
-3520443708974407051
405949414760559273
6494848618764425498
442720095509991538
-6407965537934911133
9171827900605591336
495734732724489954
496621359723856389
-4059952842417298936
-6186545419285620806
5264046298860022234
6971599640063962097
8070206332836368923
-2094232975651089293
4754656825844890811
5147186899678654088
1001558709783523486
3656457447458727007
-2263844900577694442
-6037319819700715960
-5619113670444990194
8426175295031845102
-1296375865128951496
-7758335705455753768
-6430985069179190780
-7674882739431926066
-776602463466851141
6337854911938396821
327860360405565946
-1837515199644414857
-6410369593603146940
5993778908364676397
2112695311508170466
5373254923131897549
1151566722880530174
-3330198334195105992
4658075171106241810
1179695874679275178
8433159693271066007
-4066822226451635796
-6945411773056088131
501671339918224466
-6566086762761688796
2453748801372806688
9169704951366714301
982750863340857867
-6933952251194823957
-7884655321671710979
4512559096190058275
8318099666882297061
-107735249276905277
5468954181005780190
1004463983946743569
3426140901750089597
-5821820174282163768
2067028788830622009
-5966661690994913426
3037498848066200036
4791633251003097013
8229042783054316240
-779153796824176978
-7353557628860289273
-1747180207844803690
7943708732904986213
-3853287463643010619
-71818076635922185
-4291557783211325111
8910988714272929177
1376773754751080803
-3686199660828176058
641183172280544999
8198550741931333274
-2409985442729600190
-813140517017141783
-4210259338576713323
1055410593018270922
8793412958249315282
-2029600254848732285
8124354557107972216
7423385057063502234
6732101191268868088
3199255157880045238
549711008642955311
-5598284866603359279
1748530290625437644
651511392575879349
5575007304844030776
-638148662815849368
-5732377976807471548
3956399324353945047
7309602458760778814
-1402794626218965036
-3314188310999718411
3449344607773113270
-5798269073852406234
4446115586969244086
-2810489592470027159
6035548697776540293
-5460307146684172942
-4011242177734831636
22116523296181718
-477942305393632188
-8045789533596178342
-2844155549040129536
9136195772740427794
5024870047469303378
2847141638231523965
-5632090427621902212
8142091196416360503
4548450878378127790
5638141262873698805
1702185709716662919
3294288220532339027
-2136047697411685173
6417600031496729539
-4473228188097691438
-8772681733399703445
8057442357195125327
-457443009378371181
-1753367458993103468
-8924023515683170731
-2802796856659522412
-5127590257230923449
9013688483037622477
-4342610147098121210
-7821078085806429670
3095901583437035144
6603131761382901629
1638479926492582163
-5505989297230829538
-1997181628081844798
7140386161048633302
4869521202863579561
1490774523829987328
5199018597148894040
-2067101581646252003
-2659278062829512726
6864414839288184209
-723174259682962008
-4743733019477854238
-7080086961247561653
3449135646551958044
-2336102817825264267
4912634915237514577
-3275240246909552289
186950382246689277
-5467722753988381124
-958280892263350978
105672921921689727
-4195785914578625894
-9204927155198170394
6293198621910564809
7760047032897520369
-115376535026749168
4782810449259486507
4819007051078719764
-4963491941692277857
-7906753118984747603
-1580465024219635850
1049770719888424929
-4494278178834195399
-7901421415782229637
6210773620332447057
-9116315548215442712
1939594540035318089
-1236692530612775851
-8695166976529339737
1174258323879119481
-1349077457113777580
2490116224572577929
769719969517702276
6332994407915555746
3501284322925106389
-6516473256499979998
7595854460615989514
-3458012388709448078
-7173932271759737209
6239356299688017807
1646105236120474644
395788014459237294
-3674366447306629795
-9100159269113031
-406013809481682596
-650097890828403845
4536191916816586541
4315694086859680151
990092503365482096
-4350595551375178487
-4278451712231694781
-3604371278059509212
8682694810318545777
-6387790957272724664
-6113066605986373749
8760374553925931908
477298008857604641
6262722690975305000
-6423387396628875362
-1993197621006912051
-6232688685598270936
-8491174548961350480
3529324593294665256
6973519934418607735
8545792190677682668
-9170104887123195232
2235960702371885539
-6020423955068798288
5057996916914296944
3409016729723588831
-5708111484338615092
1395207495080278753
345293116572004983
4095985742092367848
-2964530924687242081
3333472293182058264
-5780166372684694626
1068889478751211215
8506449066374265036
-5693357404066855053
1871331414302144727
5988563923195081625
4325836290893828315
5062116147377376963
-2277159701697057486
4491845695480336244
-7634055127092852697
5778876678240754730
-7566345288052575474
1448004235597469401
-2852183426903565141
6695934407905805968
5651416453169758457
-1600699639262290824
-1476696217096775014
632301033493668859
3051373550587303263
3076360439993372269
6871861348784103120
654752714227470343
2611911743630757623
7867911121875808814
-652830494854226873
9083652211649079131
1543679670902038573
-1579751433911631717
-1826324230618918386
7685187109889108356
-5947975529941417763
4877325958979070978
-4567630503038518531
-2595468294559313026
8022725048628710703
5093457175762815814
-8033516362884524776
8302452574318209277
-4507504738891211864
8891342605758764869
-4379464199605176870
-1059547857484148050
-3540374284825383889
9218357892393086771
-2250760324055140870
6751500114234698059
4494520599809652384
-2656159210833459608
-2533447470248771778
5635391638372660216
-121014456691394102
-2022229773196838821
4247827822153387305
5336772913619284065
-5825241074419140551
-4690186431253045892
-2777487447985295604
-5154231297109413822
5659902545889711163
-7922318570913242439
4267269951479906530
4887175438006931411
-7713865567236043538
8357144201407073672
-5019770510715787089
-6199179689305555830
8498059109250765159
-1309906552113249412
6160800939515548695
-810751086253323249
3108617720644087459
3500095725224656102
3497138063495330897
-8030938278542302297
6375436320353847544
5433313937932454826
3826208151152360961
4114100457779952087
-459111645755721064
2194159248723359288
-9071969157426606592
-7492909096629010648
7290710558554503603
8019420863661777285
69364212416423102
8374622301748495234
-4852074014474513290
5424420814623973363
5435691637120503007
-394442525874431634
-5547074891078715307
-287753665251879096
-1965112518579819270
312519185941117827
8474378331618565806
-8949171390832360523
-6972400249812166505
2075065478400344270
4587243197052271734
8621349416817130113
676561556608518037
-1768077205688273406
-8924140766496595757
-8246096736746875927
610046423663130904
861121133047953476
4202643689389601304
7185200625530834168
9199248118796749935
-5430472329716541510
-2799251223255895725
1612935300331523746
-326370100198029956
6008235055363432144
6769556253760695566
-7222777258851399885
-7733627615840432177
-4970455755135475719
-3684646106362174038
4257760470259862793
-8088614159713855770
2861436584684254267
4802092829374249169
1934838639950632303
7593302658547712813
-560994131199094725
-5963800572177464026
-1901733606366531361
-7888461796975058327
6358929513241024256
-8448954054539343506
5459530645592119774
7086939099341974382
-6794541046125467327
8891806445069400217
6717209679677340605
1238099322528142843
7861384257959705966
-3963304984464511880
6668914211006672954
-2567979199900816128
3461153771392453409
-7561201852212606489
2667911587436662226
-4398924438437688060
2914200571451067314
183374679447612517
-9117179677595778473
6195841637585306083
-1671223829378652581
-5122137195288397967
7929902752109756837
7529533694812723053
1724237771464860506
8127791840447551990
7781653983557145601
3266019399516572611
-1846886213377297304
4903327176160782495
-7137386012886178044
-7101639566427493616
8207777691796397990
9136440395367043761
4601643333478511694
-7946130785448351274
3031401536444986992
4043744622545098632
-1789566775036748246
-1469187706033195150
-1199190967032153036
-2962332457606248997
1057723015316480708
-5632814726481188900
5268572382010992081
1909874460126683000
7602184075899012218
-3290510140484882139
-398868006973990845
-8439594996154502989
-1279271781222750067
7144533534829050793
8075192674072611258
-2340923030638439853
4959658839232250455
-3943670029065725961
-4358171218193208846
-4803893711361559319
-1292328128288650164
8023500676238047009
7449748756884711031
550162697827644815
4966591599564691299
359636550173765906
5291918971034492826
-411034986175420130
3188545189073517025
3654089123540691866
-7406862095782762731
5800405495415351219
-7703787974891452568
-997233132395956540
-1101477184549744211
8408215258150523512
6115114981958302458
-2857405713317922799
-5195040679742170748
-8278127165436342450
7496398850779470857
8048879756717136983
342744522328264544
-5394171759493942941
7004797479415466499
-8266085168274036348
2206386262384107850
-6534039148308743554
6105778844602604815
531250578226110289
6819277610020430192
116251369738748006
2773562117204298898
-8952706835049719661
-7497425979139083444
8319374521812158363
-2049684793797944323
6237966093959789141
-7610131921172224083
7071936857300372710
-3367211368356791178
5874572905209086543
-8209299971961865886
4026893197459238850
3639085193409305629
7493568243070012089
7294587704642915426
-4263074431620734897
1815811133575221493
2102995527429951081
-2236367406633061786
4984666544920318139
-2299783397587329114
-7256010357853610845
-6126065796242790833
-5806636543865732055
4584405560334644536
1547157784008010919
-1209090639552113722
3072015655808331105
-6830751834785625385
3507294300423760459
-2223524401694291614
2217236233826767988
5910500756981173296
-7368876395563757092
-6232415785427152068
7023154631105934832
-8411757888669981149
-6016165132581593589
-2564107650074166497
362385518032691214
7169406552470441875
3676625258830550839
-3735267830267861311
-994140379416498354
4264290947088401197
-4737856024336452169
-1933912693800423234
-1430623113199879864
7593941685420896774
101090370609605680
5371946769469050327
-1929262434574103503
5252662552288522233
8001700277540691849
6007004027147702634
2626324348264175352
8349819790829629209
200972330367678743
-9197168662211039379
-4726349256314360191
7213608890217099641
-536603933228051744
3644452832393008903
-6048875630482862478
-6549617143178059474
363335547769996635
4090408825051878516
-567620360024019409
-3869088498280696462
-7623246454432607783
5443370036287525999
-1770359129611531679
-6492206030442195082
1353218803146632274
-9216898731196493453
4627359697172760706
-4094183736221540304
-2530376664806537927
-388378252927084026
5882376957846119461
-9082334036433906355
2115956959382938295
6630644184745630256
-6809477918821661830
9003584021052656034
-8691582859293871126
4622214010047704578
-2260664608949419788
-8177080181486613596
898181730316921858
-773328970930220721
4012760861066837793
5724211188932361735
-5963024228747633297
198997477136886193
-7241663099405112260
-1867659604293645167
-5207475017348635334
-1876786429278399542
6935783649443294346
-3072453671041431409
4351038969297728115
-8012907210377797326
6144189417719609151
-3875414934834115369
6441446379826933818
1121622494605658964
1784842037045202135
-3957152208146165028
656981782691375333
7808302911868041210
-3883765624510789933
-7465886209415227274
8904925831855304636
2898977651449296447
985565711483329791
-2722220332198437608
7527187806430489488
5211716431575040706
2227752148528688402
-8946524241674982295
-7898757683134686074
-7876715594660884849
-4783227669623432096
2548943207210244484
-4723928926883015873
-3853045941504169130
-8425293833230023224
-4290634864310410131
-7278911991918841734
6521847659962737588
-7175028887832678294
-4841190096724726212
-8656486070231709159
-7918511142728668898
1690983265957524580
-1238934451696494650
1718116228088552974
7686106371021980505
-9025622619374793814
-7386542085493000790
-8189621320546124384
1957674827398574291
751629451864960269
7675995600922722777
-607138542071006786
6542060877730224632
1779383053299261310
-3881238314313531789
-3253233900096673361
4753151079600325876
875825038572820409
9040161488981353952
5408097398611654497
-5678507284424019681
7295308175692283064
5311570434050788197
-4413348876689332987
6726579816528145582
-3691084920751333473
7184030001548080126
-1410600240748869246
4874157344420757391
-2110407121731290867
6207775312932169452
-4086931628711103901
159342615868125873
-3852840343263074925
9058532241248675937
6149427081716463117
7244697314759636651
1308349053620118189
-9125957151455714421
-5214865897328859148
-6418791949939497461
6017790125956204019
-6944344334300060352
-4659314368197259478
-645509427640930057
-6744140282655120472
-5303789893793728046
6470131956209547804
7942841214585132590
3517148025000920507
1007827115068730722
-218780152351638766
9038825244963136367
-3628411369330199535
-242051545326665019
2075753037382458061
4205840740130432980
1605598298166114265
4828462983132676689
-4420898673752165301
-3452600602102446388
4841792063097323504
-1081977712171449497
5697120936676577412
602218840157978393
-205890736615398418
-997367155617744786
-5053733116223702798
-103185062328925337
3985948064591235774
-300230812229070349
-4171822073751467565
-3812222066647870526
122970911995931772
-1475159450178001310
4817409129298891105
3745143003821313286
-3326204954187134851
5792272681487936337
5994701299258668913
6582330252994241272
7068275625140763901
7105887685067008745
-24504400696976525
-6653064169124197088
-4460567547506369971
2753797851372753555
8544795836241804435
-1549142710080163520
7503922545478702967
-8136708194398638553
3324339483624211473
5537361653148347687
-8993708360817312815
3085120110876528360
-3296579105721044131
4084881175348585401
8007964692791047931
363649122297423253
-3643578187946810928
8978834315203603404
9013645429112783106
-75605239063335721
657380170112393641
8479297078657071622
-8820124057243935949
-3214462572359342559
1751126745757766931
-3511597391454976420
7397564562894959758
-8986831452384247571
1673322911039988471
-4101337357130568036
2524321204319664848
-2004454511639385548
-9196634836965598431
-6367478422306343277
-4637662932439851308
1736145573087795285
411672238679900218
1097212927801376463
3491272570100213460
-3697024023062476078
-3819915808245079201
-3832265975270658461
6469629262126660292
-5252619539940834011
8097029966440460022
-4442454836402083371
-5091015611617529667
-1710136353795571017
8501857953860327520
-4553172460799268529
-3188324185900273283
-2781844860901687237
-3586423560720723727
-4953636775040369035
2396076214714183531
-8047390456358159873
-72280441977893520
-2116709299426707922
-8023725633668471894
-157372704765216817
-4850306368746285249
2177029969257376852
1936539814866002672
7530390296811577026
6209756820542269362
5672650203286348964
5552335203458662858
4795452526048447033
-4235627484829126256
-2285577116870389127
-5735640807552354899
2229389334546424362
-3549453708230005231
3937440354658040571
-4041002963341402015
1643108426933792699
8454868888285474859
6945359509374231897
7148880466650587270
-4791017960402077623
-2754135325056740873
5438041299122088860
8911027938308752401
891307698779159280
-393672804820526773
-2746696882589032876
154626345439123077
-3978359822850580862
-3341292424871122789
-5687089233195211786
8386486956690806550
2609047090355664416
2326519320726814277
3729661347179575908
8600923597479326168
-220693106582511016
-2874242792410390737
8453955565526651537
-8479707325759232140
-2614061848674956616
6280163720916869739
-5151225483479682443
-5976101989625010685
-7949214742309419990
-1546968565726074014
3974128544724523139
5759615262193531679
-1627620783233935726
-965188559537804681
-1646799436748296475
5488080625211919356
7118201952874497102
4688045656552072480
-6794044894809842132
-6265338478632639722
-5753952028352094905
8493691659718096988
-8108365463180607189
-7635722137973500306
2430492892727889674
7567702386753863985
8888630568102850996
-8003665125234510990
-1312316744656314483
7601124005303722350
5926649914959058241
2686745738844197434
-1878360714855455558
1043782138651176972
4786976930040214004
-4114513631526677332
5222991415927705400
-631174913363261019
-5030008677113870069
-7973553719858276781
-9197357849219731915
-7671544204186981438
356447937686997975
5978006253443899072
2254699475478999701
-3210304382963303009
-4971701746311939130
-5023663178805974794
-64817593253105807
-7669465811388376031
-8411720502767560361
4136284781474819402
6365014298476137785
5777509882008864685
8482954430615286720
5964039201573846286
-5609015144299250128
2053502412410956778
-6873210657576868193
-4115653405805953363
4806821563257789607
5236418162969046036
-5645802069081569086
3330675238597539291
-610289893929479170
-671110712642582554
2919160339030985084
6527666166307807727
-796507599094214494
6238280173762597668
-9011184361923290690
-1996356819729565683
8342727976892950587
-8460586239806531810
-697502858517401009
-1074138077409202906
-766167409273531724
6088251292974522035
-2071007734425756647
7518512909745565155
-2221406542321178043
-5549766702229073991
-5886102599423549150
-5072882520623246982
7437963565821128093
-8768687628984631493
1410510898286064650
-2448059421754246793
-4380381981667737399
-2741545094876694815
-8863040253314027913
-5183130736773309665
-6714282513912938278
-6541644730673521709
-5859430926345826929
5662216516305698345
-3016604968977233091
-4528302271940374205
-3067967925594033890
-7980494043918652691
-6000469279456105365
791236966830310092
4092728840321196386
3962672487928212253
3738592639520556807
-88484880776585154
-4638396722747394607
7514021194288552129
241527358329385842
3842765794433069569
4229217270385609310
846118063362628453
-8546222709638620681
-6519477944128310333
6326900475072797713
7706358619398811830
-5761461269310463367
1955602288065115892
-2145617016223194663
3507762969742266731
2972674707875501746
-2935967692525813794
-6692384402036572352
-3207874074805638423
-1617418395833655926
4036934708315019149
8471694297889226667
-2927987335719319595
7686191038836068348
8682009269357525727
-7731635037655882635
7539931712833994925
2573639096937164873
-7361694649205519254
7355595098995212525
-7551414468948286793
7553830786064696776
6064344506764032340
512932986162198769
8582335380413016096
-7142878778777816073
1724658888247273061
3687418467461093031
54776623976788818
-363993668238418922
5632074035987742972
-7098978982505095129
-688667377128407221
-1233029000246518257
7990279442329188928
-5111588987038698103
9054573499093589632
-4182799029338271745
7022692788766160051
2696637415198176802
-1839185226414459055
-6576664787995401539
-7157475561840806940
-7494859991977410864
7109101547435677095
-1768120089484859890
-7219500332974359521
-3034357968838799126
3748236547596780051
3775421651206492609
-7256873180085442317
-3946556495850003808
7465708605287081410
3212401603967090758
236785753654919773
-6630643616306589380
-4323814778366251823
-1231091413197140393
6908767968374049164
5003721889107457484
-431894167026164319
6960989248649057111
7902632468188941011
8986437756085833399
-6478670639382036553
3852854524875625621
8008548045168241820
-4919897206511043881
1291735446480700030
3781795468813339559
933397941319751428
4807340740052643872
-6011377131569067045
-6246398744466651940
5419400113776208067
2001202008983069073
-8939213281150236235
8033673727196416224
5905262353982281651
5531488722023140098
281717429937498597
7194369942428143517
7303251078397673818
-873665012564628782
-6553909529900447310
-3166799712288259810
-2244592551536856871
-4548665434105138785
-8423315550493594852
5233020759932178688
5897617805252369009
-7864214414151535226
-3284460369932602844
-2932942942761295629
-4785965548901432609
-5800228753521986060
953016269687666947
6402105873272939701
-3326410158120929624
-5286802915694952322
-2298275395998590257
-5321676437886293568
-2237895440873406850
-7997619066117612579
-2198468129638286754
5540900510389251124
-2251228611206968749
-4031516228467382691
5696613292991406615
-572623281238835297
8079884540153592681
-7354209112205255485
-3445325265459730897
3396852998214948812
8307818553136526090
1482533815417341135
3658406085624164117
-6795248370006741927
-6337642446678080731
-4410629185443714946
350833311838019440
-2995484432318880861
7822119296793834010
-7763142411313136794
-8850794695318180572
-2631913900033939112
1886594168731904348
-1061226130408366980
-1025080074376062108
-563108684498698894
-3697269734337800409
-1246930345980583678
-9067604502942726111
-1705805006372390607
8694613208386739934
5005838640095277115
3529199562177445123
5323745580660047825
7915977042762158132
-7856125805390969051
-6611888108694992419
-1049753332562132654
4457256432666842637
-8480410565121220947
7945001772899658333
-8921496834316380313
9007312090551845848
-4352584791416082067
-2825412020718130795
-7409705111191511516
3018744012890821040
-1218236444078877831
1936177901561767055
4613546607959204591
-5636452919865508302
-5349972448272791699
1605776230848383934
1192537609943443247
3274879058424173338
9128334104809161018
4905414180496737403
-3292776323421399709
5976531210498571098
5142438288872203512
6685790324796567345
-4993611867929478139
620905532964996095
7075800925085453081
-2212185800655497090
4674008468129286848
5368300866328412006
-1937961025257353633
-7395861327540075838
782378954713724677
-6325214727428532450
3497230789549503924
396333622703689266
8044738635978524536
-6846455338202911531
-6957516583965548858
-116119762219675200
557377327039653783
8967531585779806500
1320259823101743806
-1106902947755406861
-7948398145893212108
2273282374732390166
-699628619300774439
-6881795894794067090
-8881747352559813631
7447034103559913145
8122096598262837394
8215692043863425560
-3188873438888237101
4036233211022879493
-7318599924053794719
5712510002649090140
-6410420014517026395
5631681548278772443
4582480413456531296
-6718742608812023197
-925416759891126034
5349262400923662346
-3473924520219778526
-3488434415977849735
-2612543192094699184
2631469205477115932
5987241240683058849
1474762926890016736
3676211397741937466
4370953985655472494
-7061165564994554818
7420237570231586639
-6223036251117447112
-4176611393061330940
-8402815383240625670
-6989959078180120727
-7995715658267109559
4490712893301364990
2769419564386808837
8761281786348788269
-5081072632316422334
-2263196076097347596
-8032584575462804673
1158822070865895956
8081557944234438073
5807334016505963111
-109993960227572900
7066643289287395648
-2487635739601810061
900255401978484666
7656209424317335174
6093696411897866211
-5610369844450570245
2273251033373692416
-6815785209314866987
2513321373562161453
-6628428073610109648
1334064556245201225
1154865455856328057
-641299099996881675
-7066085045590543152
-7498157755496222187
-5752048078439179284
-3739701879705986609
-5852638405806972835
-6987054357338657429
8147570384518682513
9184341494637936980
3866995596232323987
-5792141439542517708
9143797131198823177
-2913444159391587788
-3278883811929245453
964970267095998889
3888970593515282742
7304421075564439968
9180145028178662586
7356749132597035431
-8292953675441356283
-189728397449851463
-7271646602839296862
-4633171301603631504
3194828456892898868
2027990945563963693
3239744491096484535
-3782795585419684635
-3334550735858210235
-2785349356903696148
3291654420059861345
-4369862392473099842
2656938152909917652
3160658974837535753
-4690242476286790778
-2823320628073165589
6005401825933150621
-7587683349275041508
-5877901644642360637
2521264291978150293
2166818634176906800
549345918628858546
-3202056923541764027
3674340119544959279
-660856545040287156
-3677459275300949347
-4079691436344793949
-3587368808925784261
7544675014686453744
-8952190883069013635
-6339355375392606904
-2186293009987251899
962884750447731707
889120932662724662
4624904848124786667
7623977515100742615
2110742684245345268
8710889804607137008
-6866432041567962101
3796072803176041515
-7255307756051804642
-5291072435302218308
721736646834647194
-3063369726489937551
1309214969445459717
-7564851411387679057
-6933029538542173935
8244986693819187449
9072229697093113751
-2047020021885838899
6193052715191037787
-8499517459422798349
3407291728925373718
-8878943995566748152
-863580392317703584
-6946443016818699851
7679991503868045624
-765696740671214111
6458838615420446544
-6277829749921822335
-7919506331743789705
7559911980192997908
-5758168448921267294
3328367659181624888
-400066115662865710
-7339801987804720563
4026675594474179725
4810721780697566566
8889767271592550766
3705419835701815633
5262235288068425617
-4098558786854798378
4254479007738032782
-9206513596865838993
7063091279245179125
8805910788016133909
3089350680440353588
2632223906114075176
-1818236567172935257
-5432925195465259455
-9110050644958970439
-3732466999974630055
2909333805293582034
-7409773295164624355
-1789167432516878416
-311948984162969031
-4047535700012517592
-4675482993136678538
-5159127466496619341
1739255247958495584
976733330687023536
-6037922344595969542
-5977226683154583769
8989352994771326129
881312347946268431
6160196281945332770
-3835670852942414826
-6561224104707703548
4531554867432405963
4688661366572500365
2528759323820364357
-353544786677460829
-6101788016126370572
-7890794699400018706
1135458430135090457
5372358499346511338
-5448901846108914692
397153746146442589
5054734474153081343
8468277388319063124
6146296854443954315
3623742468685749401
-1767113613667973902
1285881507657016142
3798209342889728995
160410871121964812
-6479500842823271967
7924305048547403526
3471481538959116677
-7890065106756065901
-5863424783921105149
-88667386403170131
3613197712182372825
-7090510232337200662
7097022676810057480
-1634964902606897471
-5547459989883486458
-964138229603967442
-6906815012638847147
8694048824351296676
-6570846621332268250
-6633257869723483297
-7049478295528601023
2835215176025683302
4428010511669703142
-5244917750548786481
-6955075591835990748
7882391960223550912
384842139541183650
-7585109934625672828
9173681782212272634
-2276095854544734379
4872920087443775700
8281812323015434039
1822271357126041634
2552106642755998419
-2155833280921971340
-1211832154939943423
-7146808057041378258
-7292510266117124613
-1902086702019091228
4864350832628882080
-2472868260937035657
2468095971428196307
-8137330479956717318
1995912311974473227
-4954602152056332629
143981162933956883
389445633539660228
3587283338345104715
6844263364493176853
-3614901852618544426
5009602700318563188
2121879922550789199
-2496079966921868815
3678044818111894129
-165262577843791853
464996345359103302
-8216050853377360317
1220451601455075696
5664130226577048515
936801640154114812
-8647083241724158892
-1498803541422722268
4759324302773180241
-30310094345094717
5658448020790267214
-6427066316081297879
2802181509823476459
2388030375503998410
-1836882335410907432
5210868854855956215
-3458387178247770343
4811183545513383565
5599964711448508578
-5560921964134570001
7945314856356780616
-2164640305433377403
-6657533357356040457
-3751216520218100353
144292852052237671
-7117322481002660584
2130231122529656214
6400169527996568663
6583559942534400475
-6143321497481607737
-5356566742252389494
3838367245608312822
6393560372142607784
4950796893249173977
7121080042200409340
571811122714650689
-6005836666770148022
8882184190564950463
-4120219004044111047
4730187909786821510
-8277159567688759259
-9034718267819638821
-3471634124720963701
2960689122875094301
1882276409777073622
9133329278977844583
8090223884049475777
6288087319974791858
-4180750685870485427
-7598138177558277805
5159119614071163020
-8845446878835775914
-4428835698694235017
5255181008821507226
-6835596443686388421
-3719347431995881635
-2691438740885759540
617814945896216851
4210942656249900923
-2880484827919892202
-2626257687566176675
-614149298786426570
-6476579851302446033
-3301404386385497847
3028071456004698175
2352103339099339082
8922212842636724175
2833271651855137627
-7724302473023046867
2368423772807393757
-4543973863898120076
-7980648306770470882
3888001678963747937
-5833530228889925800
-4067898254047444842
-5204467092866252655
1317539931879307403
2308050301784089247
4271408962634918175
-177323077346165098
-7360636129971059159
-8918664473966667576
-2286987429350187391
4001703357776629018
-1089721698285373596
-4752159678465494256
7867695711559833117
6767004724791202372
1264193183191721960
-4852392096698739513
3460682864788822109
4393031951556204475
-2429755131545123634
-5575922925660093886
-4096832407464274242
6800600759727092546
-188179698936676390
4956024449712484691
-2574985928344308313
-5316397333871867630
-7790840494171796589
173254557680369733
1451347693283818791
-7681691774975883366
7340359901825055126
-1892094590329905126
1048049093977330700
8981474126718936367
-254240583037732048
-8275950566378909974
-1405980058437086978
8971920204883400741
1984664195965989074
1842970700272518473
2752099641633383986
-1216127095716610582
4448433382250338314
-831861551142368041
6692332785484998808
7153276138984931690
2896410215734303618
6289426666163503429
-46405449161792331
-6942964139682371632
203270288151116655
-6355449008526417896
-203651475911775734
5397848012455242577
9189284700108397376
-2715703034307543499
4084713915130296493
-1322125133010341128
809050751213718081
2469781125821808882
6270301396377635423
-5787876625670680572
612437562910858696
-8629246858279529727
-4861190218283621970
-1090105480066433950
-5217564963997254172
2144034250859047575
1244038434149266549
-7055300456607454597
-7998200901522711307
5251775793744445486
1536768670267303803
6963844817528604892
5553515437262728914
8741566109987691842
-6842827768387497305
-535023181263726950
3919869666325036544
-6159863623660861261
6972013967452717462
2907615146768778801
1051195739554829476
-6711566015118352531
7568468514090501568
-1955804145387507097
5591313923410606538
4722209258083334869
3041171907619357022
7688527607576682454
2570714074978073923
-3405540948690838656
-2066257482979220370
5174599093761160649
158026814056191686
517369015976359553
-1101417021103843027
5329116655216356494
-5712543815377524959
-477815419887407049
3166525534320591702
-6001272663842424197
-5228915064973616367
-3418371954677680989
-8055232392181379702
830483485997521492
1282180394424451021
1235909894860172052
3613829469382277146
3421914837283013417
1931482600883662285
91330561225252549
-1629525840624167746
-7484618487342480852
535679242701742981
1744978307037984316
-1533261913235963596
-2082440116994552096
6760885048509842944
7188774929653382842
-6161882598320478073
7411117394544894591
-6924368308778877590
-4998451402144193870
6980966429199126381
8713354129824247885
9099866935494381081
-2829616855721334611
826923318014951923
-3647658356079823189
2598097814792622781
2274196480345092951
-7528912173882970841
-5710158427709326224
6564265816380423980
6448684052691550555
-4538922918906134006
-8299744174758875256
-1319513654759486143
6662720963328781937
8850218364590587317
-82277331086020749
-169194288042795200
4821537759168390275
-8202160011674017415
-905250248722902591
-8078375986690190645
4905488357024423825
-6071836057979285607
-3355776753331320589
3601834538123946937
-4973937786210408331
-8925504750934432151
-499516240202783834
2721454321819906115
2457562628936710410
1327798255142285337
2455134444172597848
-7884893207298677683
-6355885169829731965
-4968145908986207050
6859664230497394886
-2523279457642842813
6942739295113584500
-8256287578705936120
-7481784886344158681
4814935232622052845
-8243135669073778859
-6327694152824197002
-1864529195347185228
6846508156083471216
-3276693016904650328
1245292439095611615
2309735353591369525
-5163135623452568717
-3595574680920163840
-4551157956403446199
-3472942343907104486
7277122387034124766
-2314362103264656136
2648165456201717805
-1833380000630639124
4206541135489922375
7831546066380957902
-6569456257019724593
-6873802289164689705
4173222251521988842
-8814868524743679073
1104398516491746096
4896593396363022620
-3469841873497268428
-2097539443090871453
873131311346208913
-6907602201352495352
5726919563991293843
-8707798930509557608
5445638845807772647
-5657747460212173962
-6934817612593871993
6698532467961035538
2033621092412094398
3948949714260740757
-5696132110577857314
8472484586934625180
-132902756818288252
132407039527418375
-4665015395583321985
3631825034600085074
-6355097356345521404
-4515027675333047606
8475441761269436351
-901939554635081845
1230960290003964050
-8846106180816536940
8599630492716974310
-3333530138695545839
271822588411521671
2015612373677954757
3436853403593339311
-159512699894869667
-4386832420722851383
5077538133749678582
4283018774886037274
-2443498808961706703
-2270862877482632168
-5514296255458811465
342500676073577325
8110984823129909891
982636404349194883
3412406969178202114
8436251566127636312
-1036063765159638598
-7012890964173717099
-4013291879021450803
7218441778138128248
-3980392029284516796
-4611345519163698217
-4813429235277814026
7492832810391292883
3523560389327162494
-7191888214728936050
3837038702290733016
-3663644620681057160
796387238292189166
7010956913412587614
-6332968628242513744
9181511270314088276
-3142897148427011330
781291779322822675
-6432731799813851766
-5236111570090732492
-76790907504293059
-13996562282942142
-6120408716523786652
-4490277412034375201
7154586202341445859
546671444398744158
5151349741180407829
1761509908917568684
758425210155940018
8488833474470039382
3485731898480352866
6477162126033046168
-7361435117084391144
-4181595513134524197
-8326879168089237902
8732155119313463028
6871956315687809054
-1992967538151146965
-467720169890725180
-6713569106495950893
1671748053832198573
-6534348388346496977
7627703369614275679
-553692162295757200
-1449301695850423180
7217103974665146250
3981025484341311303
-4041621439279213866
-5034097326479541252
2569557483364513444
1043593649545878489
-1631649057790952414
-5898308898400529172
-4979823608454083494
4430614513768970485
354546023353422493
2112283537518009098
2156797513163738275
8400255500672890540
-3827243022198719345
-3382568577004617623
-9045573964271961805
-289970443603661090
4796387167424520923
-2013527441655668886
-8134326747074989743
-4138406112522083092
5759221729815135268
-5858732130779480301
-2414810394995802144
-8832425012695079262
-4907361935695326655
-4833147803547612218
-5344746756126917459
4384147822961338834
-5739225722209151157
-8593192177249185942
5596485167171985275
9125416686324662869
1651851819414979507
6438834017165800820
-6424402487273702482
-1141652679794675140
7937994070379125770
1040564524692247340
6327308744862725063
4700233525517670601
8522562423010930582
381495047818298660
-3357346628116112767
6638885563070709971
5513398178227075342
-1066369683846371055
6276474482211714705
2815551575240645125
-115345440725068252
-4959923339356019377
-5098766399791439487
-9084502377204563248
-3573262922295855631
-4422408531976032548
1031825282551901261
-1732294185567261619
-4068956217767895360
4732242871817776922
9109416920916695251
8806304616451736029
-7367204381532638752
4220454080457111250
2796771561968987363
6846670008827313120
5150798838396157006
2460926704962372873
-7164215188250395728
-5463805028394241817
-3285163223872452720
8511933912198851856
-6381088329943129734
-1105721680289515247
3732531388975010816
3151500436033977085
5817556794448728810
-1992888173361546297
5613298450998149631
-8261978833293729574
-803453101624845893
-8195039989061843623
802815342120825623
-8061720648171927455
-2125857028681854429
-4258093872153891129
-3466954148893778410
-3267126271555621748
21338842505921916
-4658193558983680874
2358773737996465780
-3830104113343920957
7037382116496696156
-4087879603607019132
-6166631435619376515
2158568572908327057
-2847416506589607496
4761028861565452042
5536611883858649215
-2014810673302366472
-6011608960001133652
-4835489243941077646
-3762472130227947945
-5432850633188921661
-4809279836189305060
-6887192011680921817
6785110662711619085
6846213666392602623
4386766759483571258
2066697715612472843
-3581557763178069019
-5019777934912712070
5928155239184332600
3919233034458537616
4999294030929016757
2771646437057521333
7475481147120741563
760680377208601031
-762045073380848767
-1924613572690295980
2255273233076350081
5076927996507430026
4604803296798049213
8247906794136724636
-457169327306264293
6434100424257694805
8820507175075859291
6606517354920424418
-4170999952679257674
4006509614904535244
3109307860861899533
8997193354735580051
6129724833849929986
-5862121912900119199
-1831633296514975132
-6878457281233340660
-2019630788474586401
371931827289132010
-4011375949920611291
2276657518150773416
1145759508445777268
-4811247610966172353
2805469729106983862
-6172222082022280892
4693561181198541081
-8778141891344961073
-982861293456880760
3218190167867887826
-6499885788406960128
-245065904573764878
-7948843800843671414
-1871476792863829507
-4855108480814058023
-1077066717174657447
3212113168599073202
4910206210993735249
-4792385621499276859
8525603293864399563
5720854405793208329
8097359122170482342
-544752386017038892
-7433294411075894608
7501112258662307573
-8963508568965936614
-17356184481691270
-800819879427665652
-5951156436975353854
4859361632628693718
6144165590120881436
-6043140162871800193
-4675608494233567489
5446772505527465108
7832158613501198794
6249173043743251140
-3251477832069986691
-3517378115008400751
4725864274489874517
315231194446990959
8047748552588046329
-1061807435892368141
6886199307721967818
8831011676014493099
8668017916275125878
-4434331279514609287
5311190943521499262
-5799780070851920006
689195633018319545
8926912181033523336
-1265500685389171215
-6511149362827279953
6782808851346224526
-7305588941189531047
5695632921119228983
-4132373397270971245
-3684974036091000030
-4389735999028907256
6415262335200241114
5169992954091189740
-3787123791689564647
-4290699843371396048
5146248788078192634
-5960898708028725226
-2982779497485827643
-1690036128388723757
2145112137893191602
-2437221663266662490
-4235185714886136147
554385815544303081
8070412611918382990
3476884115814205805
-5033181285752985643
-135753215061453277
-7232981504568137014
-4577718754456811831
-5748182415800174744
-7260196034094268481
-9133534734638161300
8330745432828163457
4922472624034426274
1678885921307194877
-6402275298065725853
-680482964761811323
663559761150540004
-8867203336293591169
8387721929482445998
6054313151894401159
5779559174768992489
1038520629682136696
-1158998494609548663
-9025142175165459483
-1147507170445875770
-5928272302057140198
-6109465571216343246
5510139320215257714
7819885921645660118
8294071743170312122
1453786839086172553
1015017015824960598
-8719807007952922825
4789655129630566593
-2632849440198249206
3508337070446479295
2166269901448131481
-621415862003746719
-7293570376271928272
3675949440043272133
-7811204061064315165
5427390896870602294
-5376442757538521472
5588455549709932941
3924955539850927653
7490187585015087764
6801155145339210224
-6515894017640685005
-861634690978016453
167263173803802259
-320966114794223909
566498401320186676
-1259051672155380803
7324115921001583800
2442066204155726868
6685200239176573479
380155458514747208
2360301046950917521
-3269814193975947018
-1836251687688256740
-7628132826695227280
1903781475399830792
1312603984745509398
1880113693582531651
4056121820101830201
-359181228639725767
2023465535689341578
-2370070803755588194
-6731648754397465115
6873846741460424881
3354384855288979013
-1066925818964637924
-2681187029037986642
1005626417734421844
7881546071547085295
8668737478098960679
389816163872434378
-8333284898998363242
-2727003159517739704
-64997965513124394
2542273319286245952
-4205500754079261355
2876437788683504051
-2035711553183141616
-3177314656299803090
-76348323578678993
-1640364818762322560
7224241028989068628
-5796848143227036573
1855756805852012408
6314354783180701875
-2099219181897825315
-1370970426148431793
4810005037473263115
-5903677998478707011
-1777483419431473053
-3873614367409681260
-1460221411952323148
-4815758962665232459
-8428704156703399835
-294198429256884610
44227842680082782
-8653781232909021369
6933227307240087098
6691074410296456124
-6635561134885787208
-6884418951315609639
-8914725083530076643
-2097594008787584700
8294027994832971642
-4600270697910460255
-2251892430235314192
-3836036365364333647
-4774542661480586142
-7749161212575590281
3417936488119287858
-9054448196702351700
-5828799158591070780
3466857987565707963
8063524242097248416
6305480681360293333
-8011567223291723569
-7335701381852482623
-8226512785402945224
3400199913280512877
7112713472599430107
3231228144293316542
-1734511156070943662
1317515246727519619
-3866833850559445106
7353649020905139809
6859275017015995797
-338956804730497955
-5467271946941400600
-6848175915012753826
-3869755552697882433
645302645495183801
277932157305260250
-1957203958082133804
-8272721193870781230
6848570068954676237
-2932707729406286370
-4341113986201878702
5246318770590554506
-2919079436914816293
138114445226182901
-5980308112376377728
-1172273067825192288
8396406629714034521
-6955668693487185384
6765255638663375400
-5439062522040591680
-560436126939216133
1265225660248192837
685803466284648641
-6528568766029929794
-8375170266385919716
-6090557322407118683
-4440905936814472131
4839670586639234427
623231695273072526
4723289077675784782
2888836935095480353
-11439909585613173
2094238759175537881
-5500833989641824543
7075978068131672527
-7246345626688832274
-5587262724472191027
-194141209107509945
945054398655848069
-2291543626403902376
-8397495758820342193
-8869774640766828840
-8325875248434322223
1431188326050305952
7427229398777689235
4532883285256237821
-4253542924155476053
1011245488705695417
-3945677636620352625
3163593769061185619
480246948543753421
5751097685645217860
2430776741699370032
6948040882207520288
2542348019450618025
-7770724081360459752
-5444623648971338447
-7686756115052671989
-5651708963876896183
-9065182194526237543
5801270921294317289
-4963620068679324601
5936403879240326804
6189229102729381152
-790794283280390800
2445359763254278139
8766407400449035612
7474858554099313302
-7016763815758623373
-8981934490469989794
-1906201702253816055
2855821262464166254
7273858041422380097
-3502677509908280586
3619889983355834725
-5146096013275506592
1969099540877375523
-4021347661860555837
5157990187332812720
6787911210898912742
-4285117121823806503
1579426115801021870
2113253361307055340
1731783301902907161
-7796005101760748003
7965007588698931206
2443402770640504342
-4967748245622507826
7829690932270793155
-5739558362827200082
6031711305863501972
-3869469754441914779
-8752863121162955006
3604273150293147010
-4937812421481234515
-2935418319685254518
4899629363527028521
-6876454859348248811
1493568507103515524
-8886851901520794049
2632508112860169331
-6511870100366760832
-2677890605556329310
-5291082715536376156
-3347097313008431932
-6168387736434779643
1477366500944449326
3479910361085974189
1427546882376740700
5355089763630247601
926811829271824584
693289157644581837
-3103108707512601019
-2047670671267167214
636891164696035174
532606891595564923
2643979718774660601
7696403164324484422
-1658097056342586964
-864751514943734956
-3574688503440964036
7298948806613549220
8856817997677433207
84135717784575926
-1383061701834612561
3506721582426939124
8476572386933160791
1209741521327669202
-889583301279720496
1775400675054669250
-5656409086073449591
4108494335674992507
-4095233015409078869
6423934242529620355
-6524476728411145894
2283061520832961590
881529930452823719
-5247945876683541649
9013214989669393456
-284358583113890736
-2847369668636229894
-1940611741924717806
-3682576447864857877
-2402324069452234153
2417915981333726480
5940177498106522706
-2622344622211840159
4148898784718014294
8569018767082308100
4741069073651389809
-8360094710808328419
-1591535014106104573
-2975246726332365095
-8518792488783218288
-1000000864558658176
-9155845903127907197
-6602560817940942434
5621845078974860756
-7017470562101460962
4501613494829468639
-6149536934823070877
1523910869141248239
5441453839385869887
8073385846073327452
-4374784178277513306
7186117521359377487
6852226538723198748
-3769619557532077100
7643614511592639534
8576397579622305165
-1500519356929834345
7755505380653822175
-2587459960025907340
-7245511522882001131
3488206862936861441
-2823670438592462362
5621503685617539472
-7487028290238188546
179608354326564467
7612409686223802760
-8003866053280887331
-2321789178016136651
-5003071189097432540
-1891239834242911456
-6482086384761058482
-2175003211829774901
7247403700752774309
-103672810172108299
-729947874160682194
-6976437698394739977
7351665809372905323
-7367470669846983093
234886480963403010
-2952069271735377625
7047599684412125644
482437149608103015
-6198767047438823537
3921031687417609147
-7984387650307312259
-493145524043768885
-1306172147850473006
5661847821815548172
-7673042895778092295
-2015321396717100614
2321643643202313184
-3516223051173065572
-7345666683173858514
-1972668723023839320
572060132590514544
3064198032157760240
-9048060773308345227
8059878417725140234
3675299672822625719
-3028902647848921242
-3901628036040512765
-7695792391377887604
-4989964104162932534
-1123785424632962529
-5445096229456047465
5002331296715367433
-7606330416122291036
-7516028953193458535
4913251468683695123
2628906362613990965
6808369746307900524
-7859156166996818047
6434650445363784064
210118554449500847
3973539423408457598
-2080959751541342875
-6371480549777168128
2421385973546142486
-4598655132432909924
-6530338965540463905
-2630329406065980376
3435279476206711759
-5605263965001183005
-223739936166597984
5190607150929425896
-4438710330428982227
983257852186697841
1853232063605587269
2332481705616797642
-5939420541686225583
-4742747884756091845
5674211935182568020
-5267201141928737485
-6529725317312420407
-1228746442732526128
-1764145162467449223
-4742681103965864985
9119418375117791991
-151240774471260238
-6411092600502467577
8231950705599867522
8320634450874282655
-7424569501232946466
-7487718973759528522
5411894986792085716
-1296833481080838436
-5043437506376175962
-7584839881586780944
-4851490056444229268
-8003608089032414495
332835749114050704
-539439898075319685
5452756346431800273
7915659430293874289
2012973450566917384
-5906967310209950932
-8290773245623425763
-3282837101577510132
-1365587927811928928
4818431638245734869
-8521446085887522788
2770890770825656735
3478207416825881671
7811897595870643845
7325695325037319564
922018099315007410
-6430958445720802323
-3703548928793672179
-1871085124658857058
2364092776257432617
-4995688274689143091
-7982883695473183705
-7000398083188188881
2600054191372718346
6613384312008167423
1056793553271352932
7390861156625972835
-1040603492341711723
4919442369433508078
-9215984740782768325
-6839357311973218308
8990277983971551084
-3290301274586160560
-632344194177617731
28221509730255677
5380857029199968527
-4651932388241926740
-6226069299244831203
-6232110343601093577
3054641228728623806
5910261183040826101
4682563083089379114
2723375519574299694
2697422687352311958
6173233749110368992
-8834329140804547192
673426947955262882
3664547184338272896
2433244254549673513
7123749479286339737
1590944382074305534
9217137212368522647
-2151323720824019145
-9161872960786411528
-1848755006121058080
8509328684355231688
-5136085734205150030
-8690737097672235895
1503236725239163568
1565144822491974040
-6217252620762327290
9129619933477341246
-4396089920361704370
7485335369353594213
1146846097730631344
9012903506787368642
-1342603869313803542
-7678063961811127446
-7072725135838298752
-5690830107530459027
1720908682759484948
4569895425793148236
7317519059622287518
-4273515437393844472
-2319357102647515946
4233895996769759857
8136721234202671122
-2797629827504501264
-1180844281526087646
1969300461911059752
-7736286375384331883
-6596338623923119688
-6022931628680467509
7116869565778702932
7524284238188616115
-7164543359134212488
7276527232331660964
-5022784936002132732
-1920287069251831118
6701818635879981853
-3692358943212705339
-38131522591285197
9210831426591038629
214369879509874494
6443004949982495682
2661790574525056710
-4367444941953117592
2119250212982434098
-4794097822863354124
-4744259970860299345
5515124558511441036
5176115336240021076
4438709803308901511
-2964713655212604244
-4874694512324591975
4589719963525465490
5204596204860787337
2163004895629161550
-307604062755903112
9098840757849706150
6837568467095201402
4526414474361192284
-2510512428095358505
4415301671031073546
3424434215736763157
7428704309935941357
5560172205510776420
5636645921098521632
9151116132792634042
-5728961534467312811
-4585257340333828309
-1322354026647869831
1207164118670337287
5853793878570869553
1999898385157747825
-6104370396654581453
1541773995968110270
125895005129960311
-2996721219786047344
6224571799667833510
5005412892273122603
526417291499738604
7995745461591340801
-833872384656373586
7746272081324489403
-7455804199839860023
-6414800427382247557
8001479146733396010
5096378770984224575
-1971461486696979003
-4067454783153327413
-7386379939135819953
-8021817388297371476
-7276123858594797065
-5922235623408158730
940251892068874377
-2169612122072832680
-5352646956557940170
-6047121651179251032
-2678141632607673163
1495275381508568215
769403495616476339
-2240551957867272735
-5400883070799888363
5336662361759128500
-2598783516808078746
1234835633070733558
2905947334580131626
-7350150735562733039
8970635765232927353
-38656431624929691
-152722853612302802
-135088407852849919
7023621954590249009
-3643809138054388905
-523454298176014724
-916156464267951507
-4416709628189383200
2592759516986636531
-7445652082890769684
-5923515359513824006
-9101838697762028341
484776011079254196
6273432696967665058
620869039529360696
1412098744025465210
-11081212079018951
6193262148652883832
3547953800305479399
17578286848164135
-5556885976600375800
-7842630279516744051
-7316191113809473227
-7623542765100059479
72504938968250822
-1654326222624931791
6320374242645713672
-1983989228761889371
-7184068128632357569
-5308686784213532660
-3725110907795468540
-8600386382454777857
6044836903776686691
6639237819275279159
5446331277677705362
-5560773817254229703
-9009703965713017869
982322739208047321
1771817881692071870
-2135331286024532073
-8770814626540895205
-7211583182576778097
-4645132673315994745
2597754516437870232
2921556454598242903
-1325306929141096450
656337089594719432
4659733080988281122
8603520322642824148
9098191804598159011
4439499892452701236
8940945935038619342
6144228270407258810
8842457588966141151
5858155408250510574
-1788980964445299197
-2752995122900157523
-5520306815034105812
-3256109094031472148
7235320331504174821
5080222066579833693
8512869576207609862
-8116688065196896670
-5239570875762012986
-3803305958796612196
87597018787653929
-7283893559091668415
-967779340477616145
-943132576110590884
-6481564663006916733
531347218712649995
6901917344529512668
193386879926764445
5991989057429590058
-8131946440080822315
-7847080473920785394
5372455538891366546
-4954908343335232230
544177485273801336
5114811624097281068
1052036518624355423
5578415746646254355
842506841652355939
6295886751589464384
-224638433905673697
-259159113792261392
-6936603369421740690
6100954510175684634
4722837605699123592
-379026106874816463
-553376131367678429
-8750940924680168097
6753516034748052366
-139131131284963633
4159648395752398463
-7367015714307087706
6656485998042261555
-2492452104661320882
2522806943179113580
2797667461073653870
-4441940217804494743
595255047661493232
7405639093123471388
3759039158887401338
-2554835745283592047
7207185718775141200
-2169635217491885153
1469451290158107600
-7157227782849807941
6942440778929680323
-5348785393257436995
5666686750674799066
9084543570547771713
-8167272139634452598
3666420211706354175
6099477624638398388
-7309130660631733088
-6108639443279945567
-9086131013634695665
-1506958855179359781
-6027205773345019187
5400818237836736858
-849925397145179153
-4714263498373250838
483943873419142582
-3458254343762416641
-8914759563148993304
139121174224439645
4001559974474166624
-8524415216965305486
6332432019547346280
2123074896220024142
5330427478818505137
-5309029452478142835
-116042034988588217
-1995882465431883452
-7681524903056239523
-3878086271879361535
6030302813083012551
-2693887120311075719
6488513842937528803
-3464641988279336518
-7695688453760954781
5959270854766646087
-5817427959032430929
-1196598382968825214
-6087102300786658816
2567422644413498913
3099772121952250582
-6683481521987574467
2831195996148822193
8218445944195922408
-4844222194364690719
-8464668857414573
-5400040238002316330
-7320991869290672438
6724400318147298538
-9077197158194897272
-7567606370803418399
-6519546578064810609
-3271919175157272579
2539619765469038361
-7753272018840126647
6462188520339078996
-3128862169217686362
7271534516315887478
-6543239394051212558
-5690132332366772240
6880905307987957786
-2230500920627465324
4890673108674995945
8816763844268155877
-8486026533206487545
6385295640686708870
2144384708475845934
1843972763359248012
-6879774702768242712
6546878503686139370
-1993995898782208319
-3719182118005518646
-4497991159204552986
-6194367191576847826
2713329906580790617
7906662795847990856
-5897793021108237360
-1156361545987389544
-2985109248301805245
8885705506555260804
4470644803713089223
-3921773053067106114
4172565296443196930
3186805261988677247
2332558935257746442
986550156121871066
-9084184339723016363
-858200905410863969
1282912936714135055
5436253064010162275
-7158270388077809266
-8089740814192968622
-631026879912694535
-7479995123449724829
-4702962443774092476
-5497914067370192487
4902656815713811500
2610631667561927343
3251435669365921809
-3245165755029971683
70681718122320282
-8791738504709259941
-1611197337727018989
-3793409645187275823
-5215500902164861105
-8686725802271944253
1513690968544061374
6754914536607306332
-8700277800917192614
5024080874506959229
-3242573269016990194
1692741736003322099
-9169519606210076574
-5094721341642218149
8790310743057960654
8682281232250573643
-1892203949739603837
-8134985032127266764
116269297149914431
-3754995731371414439
-6271295556971997311
5498095209670428426
4235039030999831398
8946471499736526614
3351745545571768173
-3957924640284460422
-6086316227728133864
8604326111947706553
4360985154408043099
3263418195113689617
5436394564615793169
-9157057589264160652
-9198095536452931225
-3016556800190362125
8280457048196857124
3065748927142083193
-1348497835706460017
-501867379832068966
8345531914227987924
-2209623868501208504
103042144776513542
-9139285087548603099
4305374070981782632
-4253888951223804968
-7488590095671548781
-2105310738848811395
685343654629315515
5232144487906212509
-2089034898767086486
-8103020062238044629
-583806832379973234
-2667725091795408291
-192218339106028773
-2786847651095960116
-3072129717344002962
-8288431693702660003
1375897431007039602
-6498749951214864554
-8259125175326750989
2832979687694529288
7348519796277264927
-437427500249409500
4296963065352641494
8075542437391275192
-342658651254893187
-4659249751940221144
-6617736736288253139
-1723385261916333789
6915542431214314982
8091190293242353309
-8274211475424729637
3445764827468687375
7059764622233189321
-1469465450121855524
-4929133089393691006
-1561366402189079565
222002780197600230
-36593060652375559
400351015963414447
-2387858976495687158
-6554645974490538434
-4251040447632534681
5121297269180529487
2355963386001524674
-1077633384664858690
8971401541355342544
4427052200751102475
1079279632029492925
940650581457549217
3691330301102273195
7076627399896220076
605112869681090102
-8608313799752785134
1318369623050161414
-9106675803725948435
3704498630473498920
-4432080198982110153
3262974244570832084
-8121351274022718056
-2636534664375279080
3990800172698323629
1036581902185116564
1320727808194879418
640612307584045720
7046253061454478234
479307969440974788
846743276644160339
7716764381414158571
-7114294873855456351
-8955484921087331619
505725909454220079
-1559219322745323736
-5948919271054348020
-7827550655617752205
-7509062162228095458
985539039083670408
-112947142526144424
-8221243504171782837
3118104662123223078
-5261741810015464066
-4334681314456075459
6338113663098414379
269658406361558020
743266706013977472
-8821081454658200159
7261272427657416399
5896058853209872175
-1013144029922774739
-5516861316804545178
2712261492117475397
-5689925591262589321
-6745112062349185180
-5628886208347133797
-2352114090059464694
-6628776808687956659
-4013288423851447606
-626185194899398226
-3288595279239031553
-2243234041182613565
70556753833059737
-5352043282527933047
-3438032510012626670
-7929271750931452389
-7027349777534869307
4237059166968694136
5283212953972660494
655027547595826967
-7724318362674899557
1805319744944250190
-6056815121505576097
-8854424303057119846
-273731502406109214
-1826356214809697697
8095968582043601313
2121115634612017687
-353970113958936908
-575705077929929060
-6876957200739559354
8486256010111621532
1507888312918125563
7723104537298279452
-1804550869683084625
-9123016226138768729
2757767147572244733
6515159508838859559
-3891377867043370085
6718945844608819322
3546277357016864459
4578420226845203298
-1831644944493549299
-5818954242846094812
5528512381153375077
8439906322793788753
-2804162426364032751
-5451093483107428315
66978576206034852
-4048835231650495227
6214063937946177421
494746460602949410
-4937256752188320946
8382995307893106886
5711553541585862935
5170042681073407291
6852288756183715824
-1246555848494899719
8950692946424480120
-5468291496025201918
-2458150099327095474
-6226432825124560143
-3423099483230351321
642615337925203702
-492959114609287256
-8028145175984389271
2972297192561142779
-6986988118132738629
2676589596193827783
-2017702321633064043
-6013643513953419125
-6398796744802847318
-4918539967044100570
-8968116037820185988
5137575205636003943
-1991978346614731920
-4280969324947980093
8814256823456697029
-7758756985997269665
2411232559313368161
2339601244508882548
-2949474325147565203
-4246958638232911162
-3667313513663858738
717564060510240645
3306995676791471629
1927459264508653372
6192701525439939913
8841581677501377143
-6709856430609491525
7291161963958297378
5570272776841269937
8490532079397225893
-5542079925648202377
5360530191875604425
2663194340551685795
-960806991626878472
-7945612208773889633
-8530872452335981619
-7602930318030085839
2269402952393575253
8644539754864940101
5646885336974405113
-7860868351372990482
-7782067229969435844
-4698756615901171991
-3955566662193982954
-1415560656606454415
7075754076698943941
-6761047062878588171
-8808788738728335767
-3981692886030823523
-2316671641088946150
7556532281109634022
-2341779174562101987
-6318578090021147493
1034884018753822766
-4114547720385347692
-5101027181517474003
8090334387350348524
6354027328938463899
6569923523766264719
-6860284340977761295
-5141096615746900944
-5391730308131554122
-7467316176392926920
-592442834229408989
-3902196032936231548
-4954726340140772893
-1505170285727803159
351260655673364151
-2839433458440279178
-8569532254549007595
7591390803603653625
1625103351554876289
-6345013975033654805
-3648780438064437802
170690665727341012
-7150405770826183571
-1363103355736361228
-7351349495271793916
33627160148428815
-3142933654070412543
4173166102021302841
-5031529976775764554
6310010181152242387
-7351604635358715708
-5506473766193998892
-8034961632023411023
-8181125516002193965
-8562014102618232180
-769244565754999183
-7301114050947745838
-6713395085044823755
9112847604524316927
7784247828383450757
4443483214968450419
-8322696613554821494
288836025165600479
540682611254956454
4554485100781813378
5392479564477352104
8266100846846290814
-6016141056491688209
-2559385222912223291
-3936979985055233898
-5628714929947636880
1053327816676864250
-4245297158188246524
3777177192037100914
5356565029570033562
-3099612331135216174
6085680455429919654
3903129436891831616
3418872713897485679
7838230984638577252
-3071509516721127224
8675415532721632913
-2198891502710199820
2923453767505569086
5159601538119226035
549042530896946713
-4695343186985391907
4765630885964829828
8292644686309976947
8927732264850508783
-1584829635542456838
2388884981727266270
-1005917427237509235
5429350046242687263
887048511131281638
-1510541788370526840
-7246958125627509210
-4622186696891373277
3571108522123273165
3898331030980574583
5676786431444202873
-7920925227299107470
936542820358825812
7813112123759700613
3291730755491165964
-5497407092254964206
-5098001562092140333
1181059542838454650
-4443488131286576972
-8184117238564123074
-6365337789220075898
1852532371983009626
-1353306261987241283
7178482532063662751
-8287396628473905345
-4578240089387622514
-78669455195231394
-8153235027844029440
-2657926642268089338
3021412793103036202
7647287163147773028
-8449503666782607516
-3293152351229786902
-4795599664635159634
2528092997313815391
-3426467342193372705
-9066356413022481440
8977836946313161658
6179521768396200414
-3586704012427338390
-416524150040108943
5602776281523995545
-3418422036110064045
8565191197015046531
-4938199180983128292
-6715899665787253423
6545562532974442457
-7366234992496868251
-5546424162706889545
2700607681806714141
1429661012409011998
-6881793755029639555
4339139805448973272
6426216136077373429
8360861550397401575
-8450397203727454812
2290837785851927277
2254381074409331186
-5305988602147317160
-8977184499237827091
-5074416782612679851
-1165288461738559530
-5858463199502869074
2625870318667537395
7649435373390856596
-5386774558506666317
-5070050978959808206
1622232079267509331
-8221566206056563350
-4567564437464671680
2966862853047971086
-3281808715012360779
-3174835314371670256
-2140471939120204739
-5660034284668716660
-3652286085845414480
2457036048273347561
-3786258147871559273
-5446345640422092412
2197599052143259215
3131506170055317073
-733971609616812030
-8689898224860007234
6930122552908478599
-7195954066283229202
-7795752517913000183
-496978030502007585
1182233934716725054
8829242346354126023
2276707898659512610
-4385291058263280721
-2661032186943549147
8080016645080236355
-1636727658637228308
3836138904439331566
8694105588627080637
5774760851426994888
8015933532017643311
-6240587704066042047
1461746968274474687
-5616034368999506711
-3556967135231256642
2345419234285392146
-541041083651443335
1563096865720200603
7864939832163126455
749219108041562925
2322409354250297858
1661286931956890238
-6298100777626736199
-8926642042161860089
-1948793977713952795
-8906826100146675175
544377122567304572
7330573017477387556
4898454982784645361
-3867698172080481127
4338126589687993123
5422786221945004764
-1713219335924206845
270421958814566370
-654727403759467435
7101512632892865570
-1900748448162916392
-2231840554200741043
208870758187953148
-5048842499757331046
7052778671127233406
556589833660725393
6784201135803780176
6469668319058473987
2474035414923212090
1067071294961433845
7134234928740862477
-2041823371254332240
-479934335849407570
-5638148117158831516
2999260991453366246
5725664495200409106
900056979513602334
2280891184828302931
-8878731918480798979
-2641185958583269438
-8600645270284453532
-7186347055115265540
-2752903923428260879
5834227455945425821
-3410034771308994872
-808387418573272022
8284758921737284456
-169086942157802497
-3956261104268359605
-4353780588517650414
-8548916669771349586
5179185285110502142
-9037612599163338321
-693696584445153969
-2877843498218143842
-4934033458362791289
-1684859151057526666
-7339786308241878081
3152806238530556905
7444619614140975907
2653035774615554613
863944838969936280
-3814100560445498462
-4135441451303054765
6103448178262060731
2049228044373032899
-730750215030489585
-1261594231960622703
3611005291720077512
-3534015069862583453
-4844764647745361136
5525953212902306365
-6408534726212613516
-8457640172310695798
-1659005320288600884
-5564083290692956940
-3623760169564971179
4704766991579623334
8772598450884281757
6506475036635553175
7114689037826923461
-661061658987395650
-4023739506173753034
-414771017968418910
-6602320940171930605
-2077487637304195579
2741036825372372656
4504812862887953214
4981072508174157782
5043058709260234317
-2310148646712556365
-8147612032298753098
3000459608429279643
-1924459365831470707
4573922652480591335
-6617662867520845164
-7119598478738548439
5044868781870994538
-284186107128588476
-3211179743836833546
-7479832114312671820
-1177314353545674187
3121437493424291187
4065166509295200344
7199674430361642193
7895578147098890627
740701299409242285
5429245523885271053
-7957018992270378065
-7233723449502846543
-7458272059452382487
-9047789014965977931
-7577477111585204231
-4740993252361246421
-3028044000370973462
-1894021366194761804
2483300007706003889
-116784616066388633
808363361379886955
2062288830733890893
7943715245034913568
-4445487406516783360
-2478940826830932718
-3945965991533663941
8880008296390225468
-4246747898742400161
-376456548501964277
-2171425423676052167
-733920246659953181
6954355449389467294
5810874676738158964
-8656613444117553472
4133309164464286035
8527826513744991518
-4386986841715344001
1960752962654105718
1634849073552786146
-798504442156537267
2447364668803781795
-9142951479902324059
2530534011535190747
9202277147604520394
8593215330120864812
-7197245531756889914
-7091806022599259343
7236724417620390854
6934293494510192031
-4962206911704109949
-3061708363891414479
-5828462539635951100
-8517509985980198227
-2083292845928139509
5371722094772966970
2505394310294265066
7770138237724733811
3291787940586007924
-8297101208348034552
2939767343348581167
4409339348871759636
3911357044570117790
-4970212573548028317
-7207699386573164902
2850229264925056723
7556264307261691495
3115259275289268716
-6392065877252394662
-8557368500568164605
-5502720164687690068
-8996002681957222985
-2844148911297993293
-5076628030240559243
4560510787609938783
-1684873758745023352
6782360852086660109
4977171171301278479
6358750411684350065
-7355485976585698113
-4776548818499887667
-2629057027552747331
1441459085793186230
4533240140823192507
-3440909967023104307
456902325664246640
-8902973816824477883
8706484544625961285
3739167895293096736
-4084180430083246414
6922074043555229312
8967657297116337914
1867280808668043024
-6573083147805928417
3167216811305062765
6391531962977934910
8612239833038347666
-7069703580867126992
-4755928792949750025
7292650209811490138
1825436453402695855
6873113528254657497
-3020628707033908561
8630723023574478903
-6453357610215442888
4736283155507447422
6885440613321150372
5872046822074597300
352427535910154895
3084578640057046015
4217977702910629598
4282378471849939587
3614164766993336071
5294536459704544150
-8848170322841986102
-4303673621301224960
5624451615944749073
-3724800113220107888
8462734743160229885
834608912667473366
6223918231883592041
-479975944355210766
-7320749519295166954
-6139048893391028344
-5003590495053334857
-1573769794954114285
-7115733278488162163
6702977130917460990
5712157191215198392
434109292761439862
8032877295854543807
8135554912376319303
-5628173190090172017
3119286746170482145
7834476518486090231
1546864213015129462
-8865102934543381161
-7270502740310363227
-6220209647454658506
8276774290429523373
6936048105953696197
362481902819788296
-6100372000159277480
-4200287444834624411
-3303755633544818385
-5005265157171798103
381257205158516403
2438298593777306203
-6934190643993461039
1661110724880074338
312631141717153208
-74436738012482652
-6335060821535995050
-3190973945540621577
1455174851199620934
3595686493529193039
934412757963893654
-4332692289263076265
1747362454811096370
6845104492845323967
-5653627854524140581
-6302658993245107236
3127091275861203971
8396158701188273800
-4806658221648142842
7416462106543850304
4787523734161935342
1328184061066883750
-2433809094744307657
-77982563717823550
-3749210815858281868
-7376287344477182954
-4014932409528499814
-1028035758440485683
-6258997592015418182
7563033355426209746
-1974874452190001378
-3123271145662846132
-1537594033884899515
-5288526621048962750
-5302542992222940553
1182781539084434262
2868784449598219460
703136445586241837
-1491620208218290658
1005224809833883089
7266394040172957653
-8578348650311560757
-4399228164689797354
-2961481238820576664
1551820237298324464
6659877072774652046
6732180947776774145
3086119289573335961
5080968515793433486
-3406921917450660302
3917824029296739767
-6896558751679531123
-8711002879272648970
2966774178837605070
7585158965425006369
-1116343054419610701
-7653943618211264049
9105694799485764308
-6022788623782767399
4122886213273476720
-3081130182758860258
6279379362391113224
-5155485646323370220
-8109300177369953315
-3576023723492953400
6532539366941054059
-6481229639338385383
-9064399382461466091
2650139319230560372
8382967888817465031
-5649764086717715711
-4662271854199237547
3178021455410780247
6803457718824659520
-4760037691085632365
9115289461320468063
2024786445784052248
4237073606763619344
1490372037410224472
1569027042152715151
-7600924299331752643
1980028381585988038
4875626579105576144
7490850490804331488
-2160019580407091296
-5825859017638763300
-8548828337732389964
-2878789454832716120
-6238026329138777259
-7867506708080615355
-5007308487194932485
3561385726711904462
3819106223672724376
-1134149867760323422
-5381952944434300260
-8420144353421604885
1316948756872201974
-4087806288255341331
-6755439085597215054
-7613172681487726501
4149430779269999970
6586897619862596443
-8410516157579217765
-2284382573238109935
-1371602498718536900
-4141570863695152407
4406715203622402913
2087780648695483389
8409651975772487010
-1811666723024081412
2275059409069082790
-2603236997758528599
5689422040802919434
4906592798542770920
5947887596244218927
-1116535634499551219
5068522080626006215
-5487815042579400384
8375512283558758683
-2008061730880425088
-6037298051629199709
7909398349993400006
-7678576239055645198
-5879827813499800186
1512164011747639340
3420364412976023501
6569441409435420924
-1560563861990438205
-3447238002247258261
6643019976989315968
-4298281283856675820
508901618877079446
-4494862486318905383
7774314586440833203
6370034636237867704
3281110896342916351
3803000493990467583
4057692095335287111
-3393290916920540942
-4648979735013753157
7135691025771754143
-1746696239651520298
3769830194219508774
3923710371050589558
6863274421381501926
2000599809302618991
1389519951875243379
-6795388755039225172
3896921113693613954
-8433936727091124966
-8008276038997499733
7260661291050219730
-2183598876705924212
582004148441929808
8138325924688699068
-3210721569652311648
-3941158363156181172
-6285836191849672096
7059531546863367602
1616341701648499121
-2032799604903213688
2715047300510323491
1694446246424820751
-4720719106878280844
1270664422116412519
-7913882324021980829
4099601972941314384
-3148947765929489056
894804057777951417
-6483631298051272423
8368709112371258822
8765037763061022249
-5240150832459120986
-9034543015445234635
6230074967964037626
-5849608208937619755
9131927570913696475
-7138771135497061153
-4247857876731434939
5453181915781588645
-9128856702940497642
-8105169157683672425
7415920844026399115
-2328786055256437066
8252210743508680322
1536456078807665455
-7002329693093287273
6506088231653903212
8696743432881469285
-2910912653542492767
-3091287019503494219
-4872342552453197591
-5148141702161678637
7846333874815863280
5542008372628719770
6475000790161572739
-1240712491187787985
-7602824905555060777
8987145245594043945
8922961769839911662
-109881063790634841
612565758155670242
-6320607455655692934
-8078086404457163124
3018425137183794544
2707214231752484714
-1995150902877639175
2670970301063229679
503143321553167149
-7207762001420790779
1349722690615172417
5429663434883392110
-8420462862781552490
-1692355461903414884
-7023496353328225591
4495496410208512954
-5796570507349552189
1744795890734554760
5069454656527485119
1635392940280268247
6893188034013180944
-304783577409847089
-3926428308989681155
4378672420778636255
5251530642452723422
-8507517529946629473
2276309928086326573
-8512556467807728291
1640816580672579725
772742244914069060
-7940300726212299663
5394896104084997986
138827812521640563
7683243848113581215
-9109339409995486063
-8706605824290151299
-5583439334095174905
-737928488865579484
5518983929950332223
9175193137811988112
-5408150050427104111
6765837698481939251
-8233599814787509974
5463680395090260596
168809329211414115
6387321747968292770
7234811821020064834
5462084407119864248
-7854842772635773085
6301737238956387853
-7017841342932817796
3970591910271164453
6030700601997842683
3016644544873470355
-8147850490175379011
-4966231859592243193
-2086326501148319526
2319625630189073340
-5530285468079522330
2526844152259818371
-997379831436179894
813778085913326625
-1735233585031311680
475880156808703857
-3988794282783441024
8848790587542581183
8902960364299432273
-1395735864933066315
6822017131949241546
8307690137560991472
6401339211652593821
3319845843986280997
-1200744273277831469
3165536529080614615
-8671561314806356855
-1787108247848040370
-7941988657555310588
-3712736662386760918
-6601724730878535888
3195054627859987971
9082313954264175327
3888012035249287961
8867818963973953407
-5102439823846769633
6154865448136793631
-3271631101271199949
266307425457751597
-2556889237283612763
-2397619917151222570
622036842009730290
-4840299072089059993
332144784374417511
-8890330459211310328
4321171095571645707
5272268076087466827
1038169278508837680
6491971772176525580
-2069524905665825349
-7011056454230157371
-2166582399541154067
5769817987600468423
4642504982433495533
-3962803989197296061
266792306359400610
3789934407232790053
-2734774338092349497
-9086563437974001077
1639620675904425510
-7628249959422533228
2897121347542133373
4853406941163273863
-6791942572862164783
-7188327868854326723
1884613699924811324
-2383554142728793020
6484746611792812593
5810311137671625058
-5341729821289405324
41312814242602753
3634355205617187880
-8823863302311536196
2856465126262427195
-553090517322659800
-2267385039037760210
4660854646595440475
-7067578059502355643
-1564056148170129740
8427995653604123055
8428285036613498799
-5402397696083645240
-3886523447139465924
-5770531261813847802
2755962846325401381
8763388974785567253
-3183067896801325178
8631491348329876922
-5352087202827190838
2544031848672132414
-5631234867751120565
1734189144214950970
-4990815128656439319
8762089927822373606
3961662238233762476
4585489940639720076
4636281678855672820
7162018856756110918
5504470048397995619
-4378649281438408398
-8040346176722313473
-4578662796746894414
-2829483212561046915
2883522697327605963
-5958572130715444585
-8096349491791739034
-1224792746059009241
2785565668983758018
7545687689351043766
8575598029403662747
-4692929792612675637
2616798815112965350
-6549274414454049394
3575395944628026631
5830078170979686555
2437071360469166240
-7914862455250757554
2960183820110597168
5581550210408181966
-4618172502394109522
-7734865326139497780
6413785592621004152
4382793432080622158
2839047469396096630
-2774623492031548263
6042159516751192213
7283071924384976870
7492191179956301504
9057653960931982149
2210703432760931229
1155883423271985616
1743041160578990496
-4108522991855502600
2175459328111038830
6495503198216332763
-2489593559459365062
1267780668784404700
-8225194591454320458
5757540078890516771
157559416511387828
-2144211817800123857
-2232422298680948936
-3513204048973567710
1424243778909337113
8126017137217583067
-6952899283019832046
4300567498081469218
-3048575843915668241
1342223884277610510
-13209681760154516
679954720239006359
-6922589942935373516
-7992962355679228068
4476392970893199749
6343208822111046889
-7230697440553844267
-8261419492800497137
8308499432578462546
2940175748278507690
7245391877071250930
4667765381333048545
-4831774154474167005
4804154552396489002
3247863421856798752
-8478942064867016061
3922203799155508812
8297564856065010428
-2900424798234421559
8218601073644096938
-182268670798164425
-7740292822000328688
4156448962894997224
-1306766957886576711
2141238517913231970
3642486362857983211
1961983340998950389
-3827173246658305868
464427716302845180
4942261389635556363
7162159032523380542
5323836309664020641
-4209057937294523406
-3585133772850535205
-1155169940654693758
-1798601037827428996
2972332221031803268
-1423457882281127895
-2649406603969050262
-5688473282137360186
-6238063345054405583
-1491671161501415258
-2568243864330050654
-5348213799681746545
-6819970974859990560
3069062468197555092
-2113983799062858259
5310046873950195756
4473719203037709026
-4133807739422505146
-6481005126961411377
-2452458059657220162
4515060307367460419
-4450602789924152506
-3145193408369258758
-7152707397916497761
544291542321492858
-1458853411798482621
2871591561281464685
926347782028248564
-4524540650901510397
1211512060686858162
-6837702640886297117
-771359016834515134
1212429178621493491
2577523143288773593
-6655266254737744523
6722636516783367878
5816948917221761972
-2707642343123571707
-7948077995122081153
-1617474938238432175
-6167537580682867964
-4965433885957950444
-2183240560660106633
-2129789781396768586
5928301983276387948
3184174371975067645
3997272691969879621
6068541465938897329
-6276287417495055836
-701306134438465926
-8207105920908262395
7607509598395718361
459061148445458262
-8407492086927339887
5927972549519984798
7104705661346095111
2799078731764313327
-8773104946277831925
-7505566794849206953
7670581369706857878
-629016060956525427
-945236499230466392
-5286360047202018588
-501175976831135998
7852375704808300109
-7520307333191861197
4072549224687129821
-265626901214475439
1492093192562947191
2464254090264327345
916059328457078573
-1517536877394227561
-4256674631860200119
5683245873246390027
8603458220413800281
1591093078114431977
-1313055166579415168
-7567284149990317758
-8790151958943110983
-8919516587404865522
-5916433932753019796
-7732917858520327122
9017417393681760026
-4709609969499412886
-4071957043413369096
-7660887083429009383
4849465838085753352
1471850820706295715
-3208405418010976203
-1985840462255357597
7932605647632298364
-7618084087414228062
-283310876284094864
-4026201782015332713
6044663785822273554
-8540059825107119849
3078639958344440628
3172751763418652451
3826278839701774314
-6343448718050172271
446711740367199593
5331501904185286380
-6935720572125222385
2949627583016140886
4693664035596979719
5803858775958453603
1897454928017507389
3108015195689250483
-5999000030549908333
6642642847010387189
5585943444491132566
7479794824669312825
3785188496538065649
9054034035021153848
5389024175453076137
503851096247000084
-6385638086953716901
-416053742640341149
-5851639363032600666
652109438125625210
1995199444149500910
-4291750470106947099
-4992588015395246230
-8967466608793965113
-377394864928623358
-1073186686239513260
3993394951334540603
3904341065495398952
-3684263933453125098
-8928542032541894573
7470835636996013632
-5487554956817945890
8941338569005905948
-2537297491735767710
-7028953582992049730
4487550386058011303
-718809014677509724
-2744026110101088279
-2639647395191222447
442335813829088719
-436268654907684621
297162979991748209
-7173371196081312195
-3816861289802079450
1824627372872534452
-6672638619265885494
2615840859272304524
-6339206221946883880
6744091913016151185
5693831935511958951
-3999448047186809161
1155559398613398748
2956096058727415430
-6480198407719619594
4642693015964120783
5466421252906931519
-9026722044626004197
8191893441758222802
-1908121696130138463
1805517004891197964
-6404404059813558640
1577885327415147671
-2995092022318305433
-3817738636799563623
-7978984335508973380
-2420132054433962697
-8562037265507237636
-8523495995457879127
-4836893270200343352
8891607683438606272
6513347299305136924
-3882507310884365062
-976477396194955408
7787257313362219777
8552540254812804531
8455792729848655829
-105414767278210643
-6165180531310226428
2496057745201776281
-2925158612739288246
6244526789336972545
7156924268549918084
-5858324060815850034
-8377379090194212671
-1106705474306243905
8890295007635234005
-9024812949329528084
-3466414988167835862
3135485181774793613
-1798495262221863778
8256328093289858477
-181917093134288556
-2704415608952244102
-5734218904811283117
4163317911642265643
296020249499096593
-2486296480568354553
-2324262265387630864
-2093801138016101154
-5222097098204387150
2684944147771256013
-2742971104010971740
448902292268879707
8614946722085172543
6742624358553696557
2138205721200642570
4364040891471567517
8744671281276952371
-4291706187664587489
3435696372039900084
2521297882287987112
2652657262221230349
-2529519091103997270
-973849783101971078
5380203200942141011
-6874277680174273664
-6598787005075478036
-8613984481686664700
-5100709672862816500
-5646625166343373210
5025114394108649289
5493292029135508067
-6148575928682540089
4979350010390625961
-3442706910759886275
3424541436187448533
-374488600870164438
5153367196080596444
-6805802075863526155
1932782557119197625
2886683197204949583
-2748810650633353820
-6824701216353763506
8214244266136172441
3487808598071546506
-8364127953592950694
-78253824110124111
785564497454251999
-7715558410365013165
-2137046604105365658
4098903960343424337
2969864279038647109
-3213416233846583305
-6480883032032509825
1597328903977123554
-8101659897235601208
-2690329023716062960
5596465175980844307
1309389131499153524
-4898491080685039158
6300394287248090298
3255078588826652558
8742356670147075710
1089862221438939659
5266229261241563929
-2372509944813674207
-6236469534323135141
-5866236089752180106
-6983659215509850049
4237256249711862960
829418167854712356
-9036368140642186285
-4165929981856538814
3686259035881776506
-3478912620287804660
1844463885970622008
5741304878735067816
-3260885968363890011
-4216909298876622784
-1390882938083640832
-771178497016722242
6558495923189287518
6751939735250892305
-4490923305878628238
4097524701983223698
1467195090782027327
3171407035570045492
-1715822462264802668
-3857911439029598761
-9140124457964085516
2462694070454537792
-8358299773372009419
-7418992902866347200
6271601342553130090
7736264816221852663
8208545072841011656
-8905044809385875127
-914294029713005030
-9124475583454877170
-2547229277425390318
7733311546333917301
1460054940069010450
-8992782650070503750
-3952709733181058185
6390147735930809261
3157497845239991130
-2687561467223758398
-4551643692567723693
8625939331720294902
-6189255110808733794
7836112266007922478
6467852455681632163
-3283214049045573694
1873536381990383450
3189785966224817701
-8103824351709429385
-3830927129589224035
-3160575236771021892
8014927613281818700
2393643037125321046
-9177055398377374529
5212535855844623686
-2592406640393422011
-600826570820673921
1565772436622274294
-7969946739697225596
283216831257598204
8847552935463477794
2222733706962628508
-1171050139857400905
908639972047982441
-975133241270251947
-7247925861868658426
-4127010147589132210
3823514527316607291
-8509042521900968949
-5673246516361220893
8121874566187148543
-7251356888872835105
2588758218806013118
-4331160327935652020
8796402109666228751
-5249838112203426517
-1647849891838717084
-6895787433863650900
-7928281470720787427
-3375190063365556269
-2610545801040010963
-164509313835377537
9166102846328601882
7763389701813106062
3672228257512731783
-7991161434810500690
-2162882797183176629
-7529558674574580211
-9137878203387342665
-2456315724798776892
258440278167045306
-6763236157598834716
3387661404053589892
4663997874009379451
7634280043484446050
4402620180222832954
-2904158016751445825
1243783574839621103
-358169249774350923
263221820380391721
1292035533801628546
-6199555280442852494
8988624713865395923
1334848323866680319
-5499207964853493206
5786006535582023493
563473332494392409
8021378645641841128
4035068840509567847
-6817302038007179968
-1802604586370486569
6664893087682938507
-2863504542094932597
6308390068288426130
-43366745188854943
-4401166914457693935
-1540118901401209473
-4095750840688305730
-2088828334092655752
-1117635140397169362
5006479342628830488
956187895743422224
-6772253828864346395
1798674692375176815
-7143827801141005279
-4494065341422503792
2522331744776210713
2327361993491397699
1263992453392487490
7356033837596505220
-9189370482726686170
-2100720929468150971
502752548423186981
-193786394184929469
273581271197138698
-3731508314668655564
6207142044693503605
5247489781374069626
-1339304834382531807
3231404677588097615
-4325859217733955182
-3660449665406523237
-7898203331382320796
5354701205292345318
-1741902497255518640
2599249231070752313
-4936952720112009966
6836999288753555741
6057534498803901035
3730383372238347998
3234431081360795073
163758386838217989
-7087771648966097512
-6353412727730333413
8930595290903675459
-2327326665805701072
5806595052079690749
442998109167771289
7648164805182396036
-4150247574434245874
281241364072231292
9142493986751920152
-4262699881701521725
-2676483821596203455
-4506239067986316505
5357713188299581980
3290387856895023549
4326334629104386412
191825567145216404
6656979591795772216
4200916256952800344
-5539434275038087643
3153495418285467880
6259429644168162626
627018406150957821
-4218959893813016608
-4344881910317438184
-8392363650153188455
7329046179891936140
-2842582049024486332
-7396201272243884703
2344114256080750180
-4941427311566434234
4421285735417446346
3446861289737945314
-4230238196773882875
4256244498269255225
-1276953624367863589
7039301640655026313
3739365622211497611
3068371016418798973
-7720518052215368804
-8895260380363764896
7121832315328350975
-8385270934408480897
-8142636716866860796
4738510328894081595
-4999924163967691160
-5028180581291555348
-4235260601608354660
-6840859971688311890
1304587988628638856
-2033273116179704556
-5340858350757024054
-2131429996957871089
-6210851150353893724
1459421230761111320
-5105590876087205222
-3004043547626807434
-1315149203709916339
-6429555413436171486
6628412622501494995
-8018312520726364312
7865844669802387949
-4783959699815065440
-8459779261804239038
1201816080597503789
-4940752634700220227
-8924708251793022111
4964277009087049075
743841501867883582
-4373727981928153776
-813159946060581345
7073945913140800512
-6279632820479940035
4934731778755941583
-3993875110708927436
-4440779566916880079
-3829346357680700229
7344412796569068094
2354892390479210549
2954275934488009400
7487101752488718173
8688128896429718456
3169426873194682120
9173661948232388590
-3880675528774730686
7608457027269016931
-1800338540554897872
6302930038337767367
8828023580170610011
-7951084702175357453
-1047022013134973597
8390343256258166782
4408843733696256653
-5263865014253762963
2484836880162381930
-99524238239156410
-4992805688862089079
-6714261190003002596
2761967025254617484
-3885604621358560946
-7670666540103440146
-1630116153703458127
-3070298444754013023
4410921591902309796
1849813857296704228
3805655156037477374
215933001160973718
1819769981579190757
8608132603225873712
-1440926877621574156
1676592886236464695
8599531312839905915
5790740242134017555
-1047867949095479109
4566674536707097542
-1407898154143650604
-7940905414387309104
8266838462488772204
-4032270233309623824
-6529986703738828116
-8709863229907903939
-111482219024201283
526366429309181710
-299752801041267216
-5392943588903002981
-1189952499483800231
6190018997124193825
4020966356097821913
-4699385855971768000
4461601597430377315
2803447106870886073
-2356173589788969220
-4105069840557111102
6699802024099674397
2835914883396286778
8372665830204017213
-8577541362823383362
7310837922075765608
7849902205454960642
1703312459426047638
3447230000652652155
7635322754940083306
-2257387633960115426
-7521611971655405332
4273845598560893464
8321138089187151338
-6633197660238779125
-2567429871810973969
3147214185901053573
-7811042232124170774
5348059880653498399
-6460930231166896206
-3496172008532055919
1243285565098264593
-8221857923974925275
2398662544121952607
4803154291149146488
722226582937731254
3060805778952468090
-8084301297033529619
2127587033580445616
7258571834307258541
-3179910338112802034
2879154289477877839
-2901693460659912155
-5405433869832211940
-8316658227496424258
-3207398298645165264
6253002151379252861
-6914917140783647409
-6077647017773025434
-7583986580832779743
-6949690260237949066
5537173218811301047
-1256814028844583229
1165043144553685336
1649672929028719676
7832522494080787590
-4118027509769712805
4206082204538387180
7850668800581419361
-6834724325839455425
-2611744512472734707
-6513143004288613279
357478711561221121
-6538929469892930498
-4049899534268370667
2046093350153495710
5174681281468665601
-5412923754098036914
-4851363313337193682
-6993432033779323482
-330598291920269321
6286380045468558995
-5727332187844937225
2337771072121482437
-1230087536140912579
7223603254873943885
-465303811888726475
4533097290980536222
-1120385749596298951
-1731841335637894259
7698341008392438836
1902486301522469471
-6574017410634219945
-4828348445840459343
-5125906120800205735
5644664690475699818
7618662149509934260
-8400257961144968033
-6050373035789471878
3248488089662080253
-8069346127811425715
-4104689941785954263
-8407410589915190991
1225579547481807552
-1501591235025007244
135647900199479100
905745503250233257
-4320951438973762519
6411824961066543521
5513777323803349706
-5208883103570471886
-5179911739362689259
-5944193324930552747
4581099311295938310
7993241432868690525
-3727071482414508283
3896317908934675493
4142646618466563844
8833178758915252216
5221684738404138688
8223343457494783028
6931550694305480440
806116829444348039
-2688402175953858221
-228872047972795026
-6058244570266778049
6253925183695432367
4802677675713961412
4780211800520243582
-3089401549322064414
6498164659697190404
-8475815926019112508
-5947164417908989321
-2618086458928388956
8388637556146054868
4351250944050846878
7552582812105137962
7756729383820643864
9095830762218210644
5028337644523697292
-63905205541318186
-7147364576681803695
987604310325865846
-795787348165617113
-3683502381336557960
1494552038749018957
-6402604528632338310
2621246339356075962
-6406108324158356991
5298196357081455081
7103896744650670320
-560138845852376655
49803793794819775
3806866362577980331
-744637771626561743
7267181332408049431
-7898714320474730821
-1889795657604349054
2805088954938279566
-7243157751656884687
-1816531553292911742
2568997314060777845
8165764801486119132
-4873701736084170460
769054000630307467
7312721540036778290
-2379632765004010685
4572249218172018269
5109220600897193924
-5155668649045360206
6698003951244781608
7329712383338415888
6332169234575505354
-8379499964658071042
-6502576683649047307
-2679986010474578758
-512972972561249820
-6414582858332033603
5417982247908202061
4015754948790918355
744520683011010173
4329340733361801314
-5088416949340504639
5250338802648129390
-5375835186281658381
-7888177212691333343
-522511011340439804
-6748903879841205224
-2231959936101050114
354122488352419949
-1663275150866426448
5212361116183800771
7002913669002786619
-7976115010564420790
-6466278813629047561
-8570665186642383286
-1572232454741261464
-8470394950937189907
-2084007060438472243
-488506586287195674
1463416074065669774
-6519294542685681934
-9201025469053273261
1279597726198739831
4913682928835107759
-6612580895169743945
-2197756717793866242
-3764705121120920866
8965278629939083917
-2471084820914978685
-3395238742508631952
-6214239798346132145
-4087753692447346354
-6139823259205783235
2541555767348061637
4529548358803250334
3530924002017734876
-6353008500407041718
2508218942454993188
-4235825210070068103
1619501975824095504
5872150420613040069
8463430831532884125
8611307434988738806
4271888491608681509
-5200999843679106070
5424078004747131496
6537600870560126318
-4936815410431679596
7880019215745614313
-1644143329571367190
-2832079547955891779
1460413373752033138
-6943242098477406668
6609060151818307858
7562191373275436424
8467719711494957043
-8156635164949532425
-743980546089468234
-3132263456259496409
-9108950159399331643
647304301373919746
-5761960987006834054
-9048917227338554521
1781568519853515517
7374567424530324577
4565633379040435850
-8509944377184721704
233671666040510850
2971841027492543870
3868409124644740832
-8590349883822092106
3828392738087216431
-9220627969888695604
-2619717892033589455
-973217852932045970
3130756721115410077
-6453841743464606093
-6493344964557683425
-9146428664713445865
8345561296300088918
-1760733662533117539
1190044548856036193
-1767431983038869173
6570141888194549019
-5452914652646584575
8369334323625433916
878620494960882215
8757231983531159517
-8974641071028579621
-3306538703505651469
1807987628232124362
-4701354879752633391
-3403849456985147114
-3659394069217847536
8300694831708249746
-312676056872274584
3342714550152971117
-2041915388629479631
4053485174227767070
-2763513624043048177
289921007442813896
-6946616189165797969
6709927647653877065
-2838568470196458185
-4646844939328732124
-6114614188441864043
-1077409761319010662
-2774843460854778169
-7997501355742427598
7585977236066761754
-3097398110815609359
8150642943351156529
7052597791843253735
-1512737787250343316
6540765134681909784
-9134113421087502926
872464035105064028
6433340322770720644
-5033618062665824888
-5586813212296726577
-2860729642731892079
4484902372749457712
-5649919452437866074
161461522786292442
8880525252365943912
-6186579466405637130
7128274580370196281
6289964798243080140
6763108816075546998
2331987166849119056
1793335380800600052
-7074677263575781072
-1788314224116185969
-2991955536562962619
-6018150340233811579
2529173629878056175
-2805217577170283496
1930577379185642472
457263486404718878
4066624853581668727
-324487687691181079
4614816611422296878
5512929682363163380
-8414409489075130728
5774046009805911284
-1073576288015184418
-7843135393727619025
8752347190149069645
62556238090312589
6119163412084460337
9118090273619636832
2184227891402620421
7605777873657355737
4695414473168264661
-6156005280287698260
-3586991483512557124
-3185434391788236132
888678941512576108
8062839557040689662
-8443475920667931526
-7291932904272111428
3499473693622013258
142857217170381834
6290301012367098675
8964904987676594984
-5796938815971093245
6936622089947264450
-5083623947634244272
-1801917317657183775
-7247362992376832189
5326514798750551425
6338034777398687915
-8484956358534641222
6823847373212940527
5862976385076644000
3941985672909220428
-6038211466557772428
3199348001620082342
-6130723751393446477
-6743993034500306679
-2690554903244583036
-5293497401181017362
-4270115391269831138
1977019334313705623
-8327293320914411684
605132000900179374
-3500503302522762235
-865098217693828748
-7576698582792176378
2758397294791415287
6201556607727939
-6186238005756739419
9161656828637720212
-8137024163684244745
4662811063772123723
-6445826595308564224
2947181533232713874
-7239408923491316632
6888986810235420429
2179851851009412591
-4279005580527146846
-1778694415886805170
-1518015502944299312
6051516454657781669
-2529178726836434337
-4143996269278286995
-1514369416080060022
9145820315452421461
2552383719525421551
-535933337605318897
28923506212101790
6751753047083949760
3959138234532355289
5350950577103778275
6684484021344348971
-4822897376668992080
320050243418658516
1526133139291798694
4154150632878958915
-424813954162905083
-31850010372911330
7921523521299744749
3805977078477596800
-2122966478392268005
8945675938171775422
-2102328157752255933
3113991744264452208
-8540906492948309571
6856356789725976201
-4406990800537236272
-3346565667417179707
3834816225403692505
-8723222702766946858
-6412612444454371819
2172266293848734116
1951793309562573238
-8700005463917220450
7277949056342023152
-6996243234916329818
-7241165908186828291
-4198422357608929259
756556516517586951
-354872890728156110
9101461422032471069
3211408390598481901
6087940268808719277
1202235440695623711
-9116006080640138020
7531083555381422027
4796877466139176672
-7617081643197054178
-4975691132961265694
6186414279202495721
-1432192763416947887
-6282452159620873133
3985550975426341136
3469474024617148483
-310603194269467517
2178422511512699700
2428480806008888110
3781269101013183986
-5442020566932897379
3694997254646139356
2176627461820188056
6278059106065814730
-1809574318496789923
5511527684535759187
-1114359912652442886
-569326845782935256
-4993136685672437212
-2724100774806861071
-5570346870199273421
3545935632021543274
-1430404115100221818
8524328177725531095
7931603960297744668
-3804833094813784288
-6252249743145035897
7565335860519290284
5942907458847761747
-7645790206624473842
-7494089603044356324
-3274719234467009562
6127881993484187464
-6995161006831822953
-4585687794045489164
7807170252891809468
-8758055801338379664
-6411713510682978149
-2186989549183776520
-8029298873405914265
7561052401608206731
8445823605285514068
982540654283819119
-2077924233037567529
-7422394396450744462
-9191104529989799033
-3261945059257533004
4922508564041750121
-8124362163253549880
-3249601132715215648
-833793471990309943
-6659912565640046954
3931911530734008786
7528159180842912518
-7402407150349069447
-5954559845063669596
-7556910447225291779
-393863147016093990
3261335037021289890
1741711940170387875
4086440945375677095
4621761218844416534
-5581965035085384529
5962819399075842935
-5536976608919669920
4547330657335454223
-3089430570432494297
5485393749558287557
-4387997714394143522
1201902412121922792
6015914580074677337
-7589676337269118157
1393690587571695549
5815525727731250083
3826910214704128266
-1572311685019769604
-5750478157308926259
-2078118841376457354
-4913437556060298151
4879326475913455414
7732617320583353609
6806199045348133212
5417726957112644762
-4341597478888521019
-2618903445087879817
-6291926690306768516
5201720173220808133
-2901879572826548243
-3015164503342194906
-4421855900942985330
2551706208212316421
-54926394559912253
5745326269388760326
5089323418741430036
2163903053548858843
-6496313044739621351
1415805905433815045
6841547116480838360
-1684144475954462368
4794132284219449122
9222731744141828942
604962083137921564
-3207312011403785058
7091280817297803269
-5684123889220830162
-79140666403460359
-1353902018789401312
6877299653433096337
-2189727717094928029
8776861968777226827
-9034711077178396654
1365453529261597395
-6167850267917013194
-75389742530164269
1902110172908517269
6418300803590789640
3267822176882558832
1476874795351017257
8319981820566256713
4537431920375193492
-2476534119445862696
-7918499541613300736
-5948481162943705997
5629375425604058573
7413059719474190602
1483207787295149448
-8415823537434614081
-7939560758294751243
2945540120839565580
3689482664635592534
-8426992154787977159
-1730818057106305262
-4594040855432191081
8959444460423464187
-1805487245856269064
-2836014542633874666
6264753633663500750
-8701596518575604299
6223065391660413576
8253867634378559662
-7145607958319360228
-8025685382826003940
8391567954014018135
2446273554256084435
3793193240061250507
-4794052777442566825
8616404425201512745
6527187578800480003
-7406592487362104506
-2521169264267325857
-948326736559435962
-6614735364700054269
-5157790439844540671
2738403802851355718
5677585484674193855
7208714210623055916
-7436543736765118893
-5226478046696864876
-6620623077428982708
-1673596879667621322
2432235381460542355
-5650956929238517286
-3242157793496246560
4702017839794340552
-939041382499922045
-2179915542767001604
-6443380395539887996
-863221724655764645
4584261018983296357
-6112043806205094773
-3487964239947182017
4581191516380195924
3953430776022774631
-7530881359491327345
3614437037059504148
812513769200652673
-2954657135218136415
8757204863435096620
7163688781493122042
-6792011926397174349
-1572645576089579867
3301053560597997694
-7805509932236687906
8198330418739987071
1405927061349649300
-7084545671494367341
719272770387604900
3741172959208110725
-4587845821044130463
-7214211586231185353
-331161500425888371
3620186084157780606
-9217958837918151924
-4290080686877790026
-2169013353963158554
-3840074765190123688
5063260656921545753
-2780803156648373715
-9076155697937741483
1067830891254229761
-8554380891478055046
7764595705446563946
4858208909295077326
-6739777812509587563
5337825726910715608
-3974558968657625438
-3183924042136075738
-6100385228932268150
-381847592758358328
4465197322527829909
-4372165616979058178
46463630587501500
-2261887982210558795
-3515720112763793334
9074361259585867088
-8726584613695209038
7585353172964234539
-3817739070153839230
-6742969833981116621
7921545162436624985
-3681460316277416739
-7763623050020265156
1503320520476242963
-6855923661004732825
237690183722009095
-6203210143386372126
-760179393569335980
7400697322778031071
3508102768971826692
2472671229755225313
-1462655343779508966
-463860093302114807
-5772912232736037462
3545543002100042856
2246239423281096503
4864220922131230738
-6030538360864804754
8943500135290192649
8340427901865644464
-2363961039787122303
-4259063204924517157
-2667849498441193441
490896406278297597
-3403166897081366181
7256498163455178669
-8237549435107591964
5580490679841008448
7190865093709272287
3899560009545489827
8158606152471269766
-5471148674670862619
6905328803355169552
-5961845643256661340
5786547407326348911
1737271942491522574
8424096684211661540
3200962201614064245
-5611385448160427410
5045072423290265937
-2920129891898471897
-6233326842533442553
8492935039776016452
7070899155306938584
-4718951042733179115
-2997855200870537908
8936113330466079959
-8518131063987739548
-2085625680413527543
6691875970129736570
-3638680990945000969
-6822315772062369397
-4265028373770860620
879246910605960669
8678498683937242779
-657330900992056871
-2053400703920306290
4086467178602754235
-8797735169154102700
4162730959578942163
7326599721729562482
-1220640093199677176
-817950284127213724
-9011638775914249862
-5059070495103820481
-6885159013323435301
-7450531230269178437
-2230903371039956893
2801086725117262956
-1644088331737980971
6320985286866691229
-3875345388631338938
5481082548699256988
3325568774173820078
2858992736650288947
2966738511834530875
4688798098015792772
1791103404399761993
-2214252447453771927
-3301366948782514871
3150639645163197711
-1874936062902928136
8270659366245930604
-3959243625052190513
-7794756113917127381
5298377340213216873
1204174324016030270
6699833756330066284
-3310655572687787069
-2891556053873195862
2283530408511957149
6843731973258793160
-4420670322031879349
3016619398795812098
3394915030629302009
-7470975625213380650
735452989443174313
8686330426582271925
-2689791921164400064
-4404070610027012385
5108200416824302761
-3551880605364647070
6081406906411386556
-3655775161795750630
9024850356903499401
6952290144987781809
-3412615769406414039
8956833025115146115
-3389267397979719107
-1337631950056036188
-5991419310438677053
5457047043466563733
-3858287297058564339
8570496043917934958
8223446876169041035
-4420727056939627534
-5077418061541242435
2901824397666844384
6371575606624924541
-5171326317621940840
-6896099420155434440
-697725965868766471
4558251641755586095
3990393481445195352
-7756615624867383286
-7592427279253086593
8898264806653454322
1683616749045086213
-1846641154977598419
-377261013549550814
8385267618634631039
-3325998761401568356
-3084468890990104521
-5922994468526657313
-3346346320173433961
-2129012929105344591
-94586895959762737
-728981030393905797
4529581951301302497
4992433786556660605
2615978454846788209
-9150984232789950800
-2355892705693023466
-3597977141228433362
3452310345110325710
-567091548624911833
-3404528815083527308
-1797637692990686274
5318772671295389165
7118719544882944875
-7985216319427666885
2927047070577403137
-3475413712153863933
540682288833146190
4649136437361309857
-3256051947254769551
1568829793249531301
-978101343653490112
5373171148118209363
-7239202378874081680
-2679563961735128031
-6775285551190978442
-9041301148328852363
-5707237064372479937
6629303992363105045
-1347112341319324941
-8269601058498648633
1571388546194697380
6068480706030542034
-9219991946254220618
5089925985744536108
-7453241993021236161
-786633041336677089
2533572032381749537
5847018526839727041
-6112219522738067240
-7706925623904920827
-1498201818381601227
-968263834845509732
903348835434445325
2970204427377243308
4157932317888462855
-8829768589970361683
7204629662570726558
-1297195311560248055
-3623032613467029847
-8871584132624034388
3905563869740910883
-4941663689936256116
8258467952208068040
2556250463251594320
-2785050542063962410
-5990050614622572474
3912609139523383490
-1492446196134046244
-5636752259484866178
-9173624908394106284
5999343797489210186
-4875014114604841865
-6481854069754629425
-1434419565733032678
803859432984633535
5759490837362014095
-554527461237224457
3532785281686756801
-1563806639267440222
-1886232438491347503
4566446463944709686
-7575829478423729337
-30554013828768347
-3424471902547541260
-4600592882761598706
-6442338892097089699
753169868832579167
7204816628990783034
6597955331915092964
5206664829985726462
2294128357154031933
-4775613414559685631
-4105920116666276967
683266352483783150
-7447336097061227116
-6533717801216863451
9143557886649444042
-3019221065335413902
-3190301661953825878
-8453580946904173079
-8279998439389646691
-3154513462939340111
1278288084951039994
812919359495349130
-9145521128471305811
2212539974542315360
-1621176855441660596
7489701137399222873
-3481434855433571766
3868154958826401758
881837256874473464
4039563632800598580
2389542252442319325
8468708020592617012
5038535784922425711
2283009933242312700
7569658068506006073
-4656654848623995979
-8494457603650976156
4906613302944617151
8577217755792826875
7412952244426650954
-1136335493128891220
2141825385962361476
8372106217476423183
7369364565349886137
-4418355670812941721
5370051823613613974
-7580122110370089854
-4948168618805901636
-6283300847769300363
6803806153614651122
-2974892480005834716
-8377757536281328472
-8901254779591452284
1232891032572667207
-4656281389330478488
2320137467295280936
-8354281077564062955
-6579941090306864136
3563588717590565965
8347203865024382821
-8972875408890185061
-666760107267695544
-7023115635519030279
2465284980254896393
-8216050806423493450
-6614544537220316893
-6530817767066498385
-636408829016223274
-3040850284768008908
-5221357043341148299
-8322836386966524753
7407915955588694850
-4941929571004742464
5194099571149876936
-550552313030398425
8101284719742255573
8481446868330252504
342718119890193081
1940537944890972721
-1214590717857907067
967212439903846937
-8011879318748583832
-215773673126344817
5652584895274229318
5459924327356261132
-8662267036822553592
-8852392259434608923
-8432485970274598453
-1710299660318287149
-5802657823822009850
7826980241331012201
2735095722734000228
-1594864060176508876
-6254919545413543825
-4982477918713888211
3174588232541702166
-1509177798490040874
-3709150234008048824
-6909402197308952348
896526495294466936
-8719019010932500185
-5566378709358153145
4332684000063718246
-8240857611735624483
-8981129209071051602
7305218375700712338
429457509170601281
-6396688680601952448
8217026445279307627
4472463337003316977
6843674900631320976
-8341031760889594789
5794655348755255708
-2217375053527848157
7970184177011571927
-9004227159287192830
6353284452374651853
4307318396040666477
5113811869854530096
2656209203048717941
768188323975284690
-7750507070155782092
-1489142374907174578
-2687248889695350272
-7927920419440054089
-145664158866174792
1318984817876555496
-8167080262494469295
4586063804344936248
-6335312463107289246
-8847092811199458777
-8706007829465287693
3624719281152961577
4995037927532914270
-4040521166040158284
8059749880185387032
7348507765252960341
-1393279174803764870
5583843995972903224
-5364874008809392209
4067248373175095545
-4971088103710286513
-7017873561974182632
-8695068647145354230
-219189012937076862
-898200672356594251
-742153847368960337
-9005062117886949172
3892734554480275146
-3273759917802062816
1187569312141422935
-8830958520551386818
-4516350096930130798
9124031619927997316
4914189386816182417
89029424831308262
8001320650798055613
2250679392596879928
-3662495619857985082
3298342329230818777
5420959296729493820
-8624128901687073979
-4606376200460485983
-3931839113913823417
2257565662497526857
-889075157816518860
-4471860150684424748
4705048003310942820
-9212257547448643469
591571841729129677
8953665811589820303
-4521648979746688056
4943899938232691991
1826253201659090930
-2695013515351623839
6777845452495039634
-3379465104393762415
7668816553441217610
-4299503101313327376
-4461733917057492011
-1063232114203293991
5653312034276513642
5343778873417940986
5034052910397075274
754107173632749175
-5462282285933385818
-3256551935918712070
-5049770012582989140
-2370096562418835550
-5811107869526920326
1775645222974408635
5751015014895825850
1510695846923021092
-4222238334315688515
-3476446176785164602
-129102398426854519
2812075486049701448
-8017659390676332273
-6617926322697750625
-2943082250979850424
4125427444479267027
-8413944151600121273
7648422287394423328
6332875871272264292
-1202822469159382668
-6712298764414640762
1683960950445567288
-1270476934882314252
5365268876693431742
2597757223814179454
-7870805440677576018
4142883376214327485
771460811369819963
6909815089438467404
-1789848695552907063
7221027070933911210
-7961900843970941183
-2108814549104070388
-6217346893619493154
-2698952626161733712
1366076152325860930
7256309714722443264
6501543208190844368
9126213452786237094
-8723423705691619238
3052683849466212925
-5202143530303818341
-331433603952957891
-5763927066679256683
7510892886443113766
-6046256584558643609
-7988423284360676567
4770529083160003986
6713614671112416401
-7946534167862649287
-734541507280948247
-1450395004047574003
-7999787111602450815
-2925247269464370960
6387682982598536633
-3224316792594265820
1009286431868521603
8379189700738387219
1803767262002491553
-2539332450495946729
-2891903708805312514
-6191704148777119996
-7677314161659672251
-6027689364506445969
625948305721907851
1951867495001520234
-4473556051262502995
-5087282472434029816
-5925402744831909594
-4066296737660826308
7008553100550298203
-2495069674784686256
320839020857738251
-5378470400757423661
-4745080870506949460
-1915939658881706221
-944538874583255735
5054619072757357167
8026050365924004333
-1826882460716626317
6759980095949008918
-1728582126346273732
5131476033637152647
5477925837173365412
-2461611207617832159
8715602974468005551
-5947634211562602139
-2588157211243635054
2470686360770648646
7016981592790141408
5950438839361715497
-6445744051231660666
-3403633423611867780
-7532046989424630583
8117387323618826504
-3871208946880389659
2111605228196409419
1060968157784316290
-3510191450082883062
-2282178893646987363
-5097915740411889511
5443687655116314967
-817707399229701499
-676641112556073737
-1701002829000158882
-7434573610691165897
6560104115938876996
498091386083502794
-4100936903809790529
6260258279043455248
7024407386719583678
7426447182074540669
-4675760151114557150
-8121120969455297283
7325779445611028580
3507859088517984026
3349390521897398024
387603560142083086
3240580681572590195
2036397656624435414
-3858604569834927591
9044824321361345653
-1405571499673496448
6689280878133698157
4065305709224221095
-2633831078184574685
-8632153051874372730
3218219990649620821
8424151888315237631
-1441059282211037720
-7660383691247081017
6754585001033705214
-8836252146665798834
-6971658635676403967
5508734512668611542
-2056389928931766176
-1812949928001896390
5021032584038871307
-2530641039253900671
8862490978795002126
-4449090240147469477
6070266035772156002
7842770365508017222
3775891375465250668
8851837313944930322
2893398216955888696
9000961871860282143
3326429689238050997
-7511762954628811387
-6491056676719480604
-5459365365209642416
7685681775244938388
6506425949223551667
1048273818247809575
4223634565694367497
-8911271012978563753
-5101636352018644050
630316154065645878
8952959270074639840
-6553419058618729953
-6574472058133453205
-5446500516809880408
-7112227907865685543
7513126327042494022
2875745573402716974
9022574181926079094
-2493180136579877473
4852257742625672282
5149940933779171034
-846635918957110838
-3336187431883611357
2061268451058285340
-6624912726447693862
-577165709194045635
6806074885429192824
392863902584873462
-2509494463232413296
4994927465771464715
-9033098194764688853
8819327681647756776
-6575194556422272408
-110906157978988296
7325871400664569505
322938772053741225
-2198259956326801630
114500671728556742
-2322627957589126455
3846884251112089299
8374768038426068121
4846564382176113093
2085793152232222220
3415260741344973479
-5735414190428586654
-2675158089948368655
1558445790586687688
4037189461574581043
-6825549115871927552
7129974696255908649
5636175737009303824
4429238752193574976
1630321572945493907
-2011502484170058317
-2681888404699924241
-8804205960409138335
-3576226295686220823
-6568634562121873045
5097704271343351654
7913386625141068873
-1915080200748059168
-2046754547544994107
5025592568266984830
4952963158908175103
-3020138918098963240
-5181713544727280084
-6700643212919311150
6913747473230333378
-6294731899198666343
-5135920048229706477
-2580201688557676063
-8568034167111252058
8308453374065109715
7772105913702803450
4637505772833437393
7238566777929715247
7615458062358233392
1588724388516140857
2968872898213792271
-8295892142845586915
-5723688071967363725
-3699844678929484714
6466448706105150381
6092286430901133287
-395837723097279993
-4873629296901744650
-294114996465669163
140647702782147012
6461231666368121628
3795320453397056843
6783104833236301003
3553221092490127172
8662397407497843024
-8962056115300590948
-2053211239178871199
6244869530276323432
-7662230073251284844
736359386532773287
6885846114160189669
-852371461318929474
8589082231731910607
8837435278964616534
-3799301181599562230
-375941078587717191
-7388722459622812244
3877731641478457289
4148124207302509024
5805108063379531438
-2734769672541921293
-2485463929571138523
-3732858496006363105
2955253542462739608
9157223744709649127
5733719162411121871
-4537243189931301194
7032426810765658276
-5345417386310664643
-4687423160272561107
5724046030423265810
-3052938934289384621
-3455602247597152925
8584273047501463455
-2922842394819380394
-4888034960137614094
-240706516294873977
-7711694258123858414
8114222417857526668
-8560229309366036094
5018685975324462776
857386866659119438
7057732509423726573
6774074553311469622
2115116925871292309
-855949360497978418
-6812607782984708856
-2743681408334473367
-2297280544875543650
7970283644859154255
-4744047888656622766
5203379303714916084
-2068793200170886350
-80520576656200170
-1932284107261969084
5204995985045603504
-7768359593861492985
-5394731307139527517
2428654142646930221
1143833870639440327
-8255614157777107774
-1970717777787560850
-8909934736890749606
9041711857142526340
-3872649625533256187
-4541655031758709307
-1717330979147813849
1148415067519709027
4181942086623240080
7599748259404146742
5322435905679272588
7349301179051400519
2428407825668005506
6613801877690823968
-1690735542086147111
-4241979540462198942
-2694881856764463355
2672877658135942898
2355077490833903948
1028311994145194163
-8131877314412665225
-7304691387851297970
-3433728023155021196
-5529811505164667401
1570389815601729352
6764481972984905811
-5404137950132478093
3352178859285840078
8431453260052449026
-4912722046264712239
1898358886116029296
-5439160997540762287
3752043464409966572
8447446050228850746
-1102167690845085809
8996368201859245077
-4161855960473555190
8531326524749709786
1561711065957858845
8838177583094195917
8288109562130490626
7265751669041316059
-1329294331930680668
5918776591080009780
3985430146046414851
-144885722370671029
-8021480917092355852
8585693286251226065
4543059406704751475
2069551435668797951
-6428843344110610333
-7865562167599857020
6604996912538877441
9096146362139740567
3736871580076166480
-6243616575577531146
727843680208569646
2195636779577485018
-3069823364183586219
-7225593082117413462
8965154774820984280
-445242186057589295
5187237900406145907
2398341314514019391
-3367799276062886648
-3174301159324533885
7695612917069428876
8293761738253168241
-4839972587435431605
4351652772092829884
-7522450745676539207
5928439876007740379
1718445970987870878
4033466374381804961
-7314774876029245410
-3453174306133222170
-1784357957084335214
6848759274802381039
-1910552320917642944
5216846981842384724
-8961170713019033138
-8982817963546041625
480077037015858230
822209160506394962
-2638614538144846594
7181264814162809533
3169376954750165929
2925881110865977091
9157203984156649815
1339616791312240028
-3423431746289586590
-1786771558975177086
-8358472970076769284
-4282833169762002536
2781162716615063506
-3108145753605316687
500305216741786474
-6968955683241253752
2390948110947586624
-7037699520242889467
-8480662844694914447
-363684802243158735
-5805012725722322980
-8888477135256264322
3569085353858405463
-2147868083742800062
-6941472299416314254
-731510817225236461
-8813178138384564111
879343843460000763
252870621800888384
-649630125799773192
-3786368908212861757
-1745746633351590786
5756607510566913027
-5284674677660889529
-8825631062405929549
-9038419658105808449
6485773293794062542
-2391620187997859803
-3816508057133481115
-349496669197847254
1035627237219793963
-7199636204776860773
-5273774392058904975
-9222209175103441851
-5998340216341245968
5774394383188419676
8844806165704976414
-5966962861949155297
6678484878226381592
-7060079555246715633
2841442473169144110
-7218044895613320382
2581210023824298615
5185074774478276794
-4049637921992288196
8776810749620306412
-544920067953031187
3432140927810003654
-3639215711241297002
5678458801353229208
2419688674006370856
-8102239112012948621
-390381621469152068
-7247960139511502703
-7466593154494271376
-7617938475268091704
-1668246244569845275
-687221919063511792
1149007252983393114
-2350591619533430023
1154157167953236950
-3727409065516612003
3259894613738626261
-3123646048524069303
9010678194300092119
-7756973210293455044
-495260075164166356
7863406841261109592
-914681586528504458
7705140631390066360
-1342106708009507249
1218849790505838860
-4077077976667763282
-8497449324960959230
4336295585132353645
4359586399158697435
-3809959971282342083
3456238291209310590
-7955086695453356341
-5391693793415911713
-8719101239211282246
4681664627991401540
3548090747488796757
3623830838920513487
4913088758108833182
982095256268417058
4482582194678831412
-4549080756425861084
2998928946991873839
3347176835972585971
8773715396963416783
41880899310299105
-2556624587918001087
-8228587857840707690
5844366053135395415
-2931675133915435904
-6711411940537756621
-5206561489704243576
212376687461529383
175995926438307079
1670300510332277507
2277355445922317363
7478506635107261721
-6229669804898792240
8158506103344445460
-2478089331998446999
-4950649370018307927
-5521085370527076611
1076534786719093395
2873220713182280537
-259878962791475609
-3960432659886373827
3897900762564918478
-1143179848048085180
3840161289805612195
-8421370300277547275
-4688449696999516487
-4942518487139445038
-6481656285526614692
7181465352860801418
4841234466068893747
-3149565907053893587
4326907383376204250
-8559476897531982655
-9199317946144162636
6332497630514382602
-223490867162669551
5813952037730560271
-9120500121905792576
7512646910399822976
7234912839851633608
-3115201472654624311
-7959659740059225499
-1799304236432794638
-6675024623739540712
2114603989318592958
-8191558249862728578
1041664920883214584
5126016804304663037
247697982569109140
8058701372974922348
6136237731993669570
1551178075072898983
360559029173020673
-8946192892833037273
3103634612323831352
5436105770196465890
169708892639221949
-5016505035328266186
-2910185101794293795
-8875707743241836101
-3556979413927539034
-4278108570471137665
7106296629518322846
-2275097759335948574
1585403354958055843
-3792692580963187030
987216654186160942
-3631891265820414364
-7128693446740790799
4824053220900551457
-1687864077631432584
5776741524944979108
2888983894216598583
7046003174522183955
6838537695931591797
-3488302918963829618
-5481616594213687473
8552581270132837198
-363037967344694386
-5413106322654046290
-8239224665300711871
1686335209063331509
-9163419584228051610
7894191348407391179
1785077292565384349
-3252828403571748083
-6851588303203946218
-489535923454898776
6363275728218301918
-3949603563506170497
6476587565297029285
5243845475398736053
-7982675238239738430
-1244583741234980007
3793823012560562113
8167793386250800425
4903181859351313915
5301508204157632184
-337710584856972852
905179703168718234
6747505233009245567
5273530238003873393
-182787307212896258
-1200658519833578981
5138176939803857876
-8383525501445790260
6132962857004530610
-5098830822332679549
-6202014755705405824
295208933368967675
8077285717539622754
1157222461323731940
-3298718023373354777
7220594077427389399
41428381826069336
7545277437789140936
7648233213965034228
7565067536426498315
8778939393812421676
2304339850943472101
2176267922574808102
-1368167173837321162
831547576036604474
8267918600655954445
-585485287706566037
1680161016802451472
-5075910625007818353
-7161544219346081980
4627143851564031853
5477333926179382794
903533659972838439
2001339273113518924
7401957069147768765
-5028245581635527121
-3378052295005722309
-5618385686747065994
4318862490922673137
-2734850935356994168
-5496016749667171658
7215386939217223163
3698667043698060148
-3829483640677599923
-4001496086356677091
4210687228187307075
-315002781146911186
3379957006045328830
8161496693086406934
-3480589818900372874
1106763390811347128
3999091958101418222
4439703551188825162
5605510812292673787
-7624399411537585865
6855242797757532128
3228507983198528673
-8165420255859020759
-6999180388335733315
727717321759887985
-2976921829138395384
-4619010388607409773
-4742669549402755562
4857716306188847235
896643601627047147
-5518645574268683521
6703657074204185009
6701123832028899941
2492883070150475136
2479842453290754230
5946146839913720798
-103042052952428867
-841973426637229615
-2497323580027665769
-1003677991635770214
3832735630016371039
-4065705438806036834
1700146033925589336
-6627928402057399122
7673010786991038873
-347462329739813383
-8261633849424649290
-804696438301130977
5472286532708070132
6222529639822119177
1156979431415260539
138599241714672032
-1489209328218564230
2527043317076585353
-1327332598359882506
9123411754362649549
-5038997426319548678
8014939267525280367
-8769780047843556364
-4288522220728085081
-5713907162709635216
223278075211596562
1513848963947197942
1059674812534223277
5101794897014507817
-1682495626084995201
7394656204794944062
7199527230888277361
-7413552116487642705
4409757813947807797
-571609644639354444
5075504576450424884
7005598385469501692
7086986160775370258
1366325292485544607
7720480140642821952
-3556718849345890256
-479216257739770725
-1365129884492159570
-1087826733831212343
5537357035504786577
-7562758815255205044
-3574908070295912848
978491121144402606
3792894691709362746
3793781116293092071
9213295622810747616
-1911120862350779503
-8137868647346132962
3062198982216801224
-1059235644343131135
6820495400819026415
5450926066092976364
-5108469947906265242
1155431969726469798
-1036652311472250651
2084174628693901040
-9021452128839660722
5333168143313262070
698866696051785103
5556848517301613259
-1131714648542204116
6070630235483300418
2465631693685969594
-8563859564227521379
2934880765132313418
1818145548477803159
5832610664078244616
-8906988603791182976
-2805848087535373126
7440395461326602875
-6433777947974959156
-5194929456413289911
4519252543588501870
4296600480635615314
-990986584499992935
1797906782171257543
8186560844027081592
-8430553483564298595
-4071712603980641382
-8096582508989291118
4021206893160351560
5471868859056766372
-1737860966834648803
-323070053065550169
3518527777748371152
5644153476063818945
8109586890117636132
-586315450374096060
-1595677356771601558
-2317136592523886691
8818522338851070294
92689518393401292
-2457621046848030076
-7407880972743932361
2224595267083135068
6796003670124562227
8226523399926775142
3231162696484717984
1599313285195843010
3216424632038631000
5023056063660546752
4637067074880359709
7722675977144701510
7276424782904022779
-623735425705540122
-2580421412275376247
6484761819981719508
7019316474419642433
-147938610393995563
8431404126829737116
3572955577355194257
349239141191752716
-3071334502370339838
6321443891832300864
-5130354390360075620
3467643101655857771
-7335108496419970360
-3032155642488431322
2767446829300677175
-5697612852671419920
-5954743606108781029
-7880532522639807951
1743826261766380567
7101704801255566408
-705417560745438801
-1518153196735029894
6888261135668062454
4536411540635195600
165674888949141020
4964230853607810449
1101736737672029546
59876872285501091
7148931768793502847
3479739429138020471
8777658789586762126
6586375422828892202
5866919065314955510
-8945771184177035188
-8568390990442758145
6926128994442030604
-2712407939110023839
5480696820769273519
7626350173435110335
2511362527443857056
-5704314915895094299
3276006838115459119
-7911905686419407416
7192284899614321486
-2734954747986176998
2310309040371814760
-7239134901960826435
-8614751917408930347
2136733229702638832
4550015818077037756
-5836892347499857877
-6240817249781163140
5415030539587521707
7727131944220773664
319899813199391761
492695388669199798
-235052857927041992
822108096496905770
7304810775600580580
-555607546221139571
8412969567761325234
1864019389149158811
-1821621832869697356
6671788400403001828
-4284511035959466032
3184762997864284984
2370042613543941506
-8911868027966205754
3999875442014066337
-1023950724599424594
5105160933283255027
3457917247280816043
-7589530832930037232
-1710262365612285174
-8865508166248553885
5029869885731580217
8948841010099251937
6730760490645998802
-7476842169214989573
-633433789119022515
-2958149010802754436
2057055108408891260
-7663037066067711123
-113346332981399954
-2579811785864646184
-788607926581123639
9194679103922967909
-9067315231450456604
-8508868646619232205
4575587712585458939
-7293685791164874203
2405291885456806489
4276605179832645508
4256532372217989534
7574044760896231464
2011052736381953246
1537438637425452897
-8164030440137428337
-4836103893845275475
2301322641418623919
4184489510617504421
-5165628505172524372
1668596388175588751
-3075419688414935031
1868015378966096038
5281695427169215040
7053009956296945081
-8077876754891607538
-3092861655531433188
5374094682780435168
6873442371695919952
-2126575046627470485
5101612737327210076
-7393970494452193052
3166905787459840845
5407155225712978671
1838969797299564397
-7390265096049772734
-6182493300765359904
-8719481066179265129
-8363915786076986393
-3382306984554018743
9075048423246265539
-1856116213289194105
-5392634617263996956
6990559677267368365
-7470968137711477096
4552552199821925339
4579956525540988343
774829012406028899
5580593185622362329
736163047757461487
5029724842941452168
-1281376328769501731
-5772360308086979015
7069313629500360876
5034345851616665334
-6878070143760796198
2150312832734672311
2530671819471565870
-554502797124832854
-5193383357083142654
3921055744944782741
-8044801953725815523
-5550817341951508762
-862432796613701269
8061892116832898445
3973441605546305693
-3559063549575876516
-6190463674373781506
8594973125509466579
1292080991938783968
2456675700927935837
3858243558619478476
7577701400930552072
7222880715465425463
-4214426379972978373
936359384886821272
-5060427972787129410
988559347207012058
6668894159105719433
7482907089850167321
-3526427271663806174
410037700961821384
-3994664064861822352
262048938011610021
-3858195120009571038
-7584219691954598089
1333603390409095693
-3236246938081707917
-7887186175490868491
-5854911778930100473
-1943009164620648275
-6052299944802442351
5022381960208403403
-1099271889928215356
-2489905738461508002
-2700044191286630868
2296704851707763431
-4365782997951957990
3258208755536657974
-5807199756966029368
-6928404417447061666
5095003705206104000
4715429964427902971
5209656577257445283
9041331138685465324
-2594808559348633895
-9147222901869084504
1157242940082630427
5095675805060629519
8282384993891474993
-7452110550770881070
699973739696024680
-7754208819125830498
841844818621648180
6093862641701055838
1371363361648477303
851695857794931594
-12874559590675902
4424011168768034806
-5951561342925150457
-6824734514769408766
-2540729510159184512
6029081418660213929
1884733306342296349
3998321861060155
-6659160949368871869
-2195194691278347720
3307637524587989327
308719613194184681
-4918643758634118425
5796869269213649436
-1094825741373629475
-9076371322203257889
8225470924779813339
-5107939117711119175
-2358460480840388154
6732581897466900152
1478463816304494394
203625118287894209
-7461551289636407706
-8025403888119059518
-6839563082615361025
-5301318468503206222
-5236184479672589357
2747366741554125193
650145802602362309
3328815463831164030
2747488285068276821
-971005635337572019
3623382130393595374
6113817036345129393
3267693163843447005
4618958460927745585
-5536683616976727138
7931925112341197765
-1024118777462949269
1584032883071181114
-6462556486105742078
-4639077530375542654
-7150698237804423395
-9053881087851655566
-8071055332238728427
-1243699564265339506
-4409963094040309859
312977275934032608
4728171065982700612
2770641006805026097
-4853404866862976422
386486345472046913
-8287838537547884188
3044519114585039152
-8456775206011895981
-5212614058937869922
4282419359456264014
6072610621803484696
-1382831387548211929
-6466123672822011305
3976104830798432672
6767972983510870093
5564325604486944866
5004163524541757595
-8139799387800229481
3030719324598743479
-6912363956890202059
3891737228537874216
-5156491603734083916
901010631648276269
-5778774476574240248
4355307015058957774
-3612387698604571342
-4280517892447295607
5777019578181167241
-8311493370615651173
4418170533055310120
637496340638325248
-1099495347248405142
2761856753004292642
5694219165416179100
-5290342048188530065
-1923781335208680720
-296710637744849511
-8685468380003150241
2156877112255755532
-4716052844756429231
4685687692490463239
-7960523746423553454
8139251740816075028
1559081560737750862
3460527518737418639
4655125511324129730
-76590092410140278
-6193106630898209306
566102889117318955
9203828696135961753
-7890519784528117808
8841285990444738845
98147511606164218
6256594219193917407
-375750919958909138
1430569603683820974
-7730596672690830086
-8419747471342858549
-3688914656748855409
5061419495241576543
-8657752168071753200
-3591615735438211030
-5506029080115354286
-3319599727324175987
102857061536549238
-1566573588796001824
7079302904505301576
9158463203243301843
-3065633609444174819
-646939169211649671
-3702787684352226666
4864949944637414330
1997274302893882176
-497475480730916000
4097541906764021258
-3782541493974510650
3128252245558508433
-55081823309834418
3264438313832438838
6558008067792544416
-4145008236238869482
-3946677932056806198
-7472425479246637842
-5056022463825278334
8194250615939769551
-6618775852587490172
4892443280497377256
4462808856420581202
-3943960246537776678
8040336700104012091
3249723794823918959
1136585074636895277
-6170256446812326580
-2116986439726321339
5341991853129297702
-3336199138580240049
-2374068730533083834
296292023033821045
1214643664947371559
7591459735810896389
8494421165052021753
-136970654234200211
-7800945114653704247
-863235990672949306
-5643375532732374658
-6644753557208095707
-1556432950835346587
2963492983561090237
-4696373022160258002
-8535164686903045480
-4030851298590137404
3672767428104030177
-1794377417863955706
-3170709743255144831
-6264919399504489070
377587011619137291
-423035123121699147
-2815209461062748527
-5309649789126335855
-5797788004184087199
8584246526996324084
-4145839316507246997
-483440790402858900
-1680030268420984330
-919039513334798186
7806915533435646370
3569295592001399532
-5033506972131867204
-2038618807226671319
3236896357718595427
7695836616551109803
-6655617016292188956
3335376850238877939
240373060666303496
-1043917720155179369
3893158524964535061
-8371941987424600581
-6540487650927351818
7750570344274241494
-8132964833144464259
-6196467394036038255
6487389674590781397
7539175664369113744
2911539655844774872
568132702581400468
7620788306387794972
4889122521115198228
-8789701343152021306
-4141492773672232888
-355706497808799395
-8036790375470996351
-5358409914055009130
-5492818679029870515
-8758652843202644178
-6304766199688835471
-5671305993052922629
3470494953027650798
7555715975945543599
7023110911649663264
6172065011199412503
-7679167284908800619
9165508709495534177
-1071462125261889414
-7497986538317906379
-6844209628634746251
5672235493971113921
-8269157647529413200
5795858252106326619
-7687212202894323704
-5325564743582582314
4460211270321080631
2124678749846444930
8142397755232528761
7299895249106309785
825482949152356993
-6887274266860794754
-8429560855025191083
2415785181969533845
2618247538807201269
-1241745781539259911
-7781820714499871145
1417338729897845243
-7380258202176276576
1216144521057245612
-6670336147354015392
3044089847320678234
4063953823201067674
6697658847510145545
4475065439893036745
-8716353588338345046
1803535225732898019
674912870922612913
3664915291047619925
-3134058306956901302
8798908200835348904
1729601599072912431
3031045915851218064
9086975417654141560
-8696940318841155146
6837657114441911778
-3972283598210300652
4291965134604102174
4425570962982402282
-6690997183392053225
3527362631570458246
-2685882414466126734
1326449599925222882
-2194360727221817278
230629024332429105
1003242681700213977
3841301952530188632
5621424140235609172
987631587140226735
-8996188685053439880
-7976786012443863109
-7252527502344539103
7097222475418514318
3578132413948601314
-114911883866872711
5113697000020459653
-8589607674777324897
1845469000089892369
-5517702343342885528
-8633343239894887048
-720123366726049275
4980313861836443403
-1600380237481102050
-593066861151133807
8578019951288596603
5735356896210110046
567309438818376474
-236913546776834347
-5458286636532572373
464142218539672495
-3044239141828699652
7799370213529312542
-3208117402437686271
6162668446540497519
-7944360906624366230
-8384379454395210017
-8398457473660598096
-8761691776892323163
1545867485300556706
2080385810893643013
-3039550198032303734
427075448319938644
-6598385964930240624
1988503659906771857
1539092949422584993
2023949809126765991
3056925733962404190
6606335293056687232
2259725237092248791
6333739243474113001
-4574872960052993042
-1032134871564478100
5756632683418933382
6523092840399205600
-8947869879701863663
-9117652040973228275
2152538630872760294
-3798748558878762393
-3084605646112051694
8624250405325595714
5227375892407717295
-6613277948476132983
4973532748579418307
-2012826929605737231
-6209827115527558292
-6183580643047155336
395180627625811944
1504881320246998019
-808575880136586414
-3436469538432126940
1680817222116337903
-4924269375500865704
-2899561158214728233
-6964169204850766539
-2699363041070038015
-266222807605608759
-5402517118515499472
4141322401339880835
-3997751193345244257
8584484327934674201
3257644690827834333
-3948902498030561942
-3706609833412977583
-3600830743073347387
-3612442108359534502
6804446620378556270
-239116914144622856
6912030409112440304
7651110297853368279
7786805315653790434
-2893347538413697880
5545718114985948570
-1190869307331935068
8051883147400616790
1444095957458500237
-153248562144055142
6008110839649283730
-2233653113410901636
-3834875818232504926
-7364604577996567679
5674402197617365155
-6770359808712311788
-1961471341650975253
-4601110998619977373
-3024247299467209938
1081054332085099634
-334599892357908294
21489170735302860
-8499106900351175906
2696922227901909716
5872518859372963700
-88375908254981846
-3904202630358271656
5303707933363947467
-1642199196358600683
1345991955247172287
5132311021887145467
-5448066717890320662
-1595566734636558709
4401959474662549115
4967020388332555953
2698868199533340028
4273616608724085742
2472746380787792197
5949670279639668848
759115921866657092
1909004018110519490
8174173097178736432
5150632698207710298
7428745256222630090
-3767290653063504427
8814173288656008175
6489627479180920873
5120304179675118809
6341735656483457142
-512818557814404775
6513810557867242040
-1196019604938770773
3595374980372238345
-6022185549106481194
2429052209013899201
4930705455737063753
7983258088179772994
3922050026706828545
7793012387289638717
7898459083265664459
9151366206851244441
5399756166240417452
2133643856147408866
-8043970983326026929
-6631454729206417487
-2150240948470796980
3801595165854374309
8137177827205181327
-1657640412427244239
5020717960724436407
Matrix_1 shares[0]:
-7104812548579380218
-641096332092838785
-9069551676222274141
393743325670320625
4160619283356392282
168753073326774420
6147730011177102200
7713967721205971404
1693776937955266539
-1802210564607915858
8675004559649897941
-8598317175554261086
411397196730491560
-8484513062386631185
-7380099824680154307
1359741841843299337
6726399683115456064
-3625927697343154443
3111943453803445064
-9192535210295524023
7967308953456579240
-2893129436213574192
-4854851416570205202
-7065628402295205085
6159589590856925187
131464515764308378
83507759249443261
-8937529545222900924
1853193234038938353
4367347439145938902
-8356363261212066474
4546487138622351767
745812183767496816
565252908850862408
-7051935989118900659
2083332379963422142
1746425591251269309
-8837866454743242276
6412050385479623019
-6026588193414877095
-8196113503500584412
-2604338578113765080
-2778024036834481575
-4914931150160180054
-2800761750637013686
8955390188003824102
-9113761071384371167
6656852301347326324
-1308372695784618836
5700216897703362815
4404239914644663617
3131695289491809178
-1504040326384979348
-6213809942379131501
3048065565790532344
-1143544044963033071
-7929261556049065570
-8467407435083655937
-3615398431970369491
6199434922669088911
4504741272358378915
-9103058950324807154
-6698477012578840916
8636158760581387180
2723309990537304419
6994061600203008767
1083659077124591841
-4782661004349340634
-3596937761946266428
-5470273042720465388
-5001632840504859259
-8987405753006848639
5644848031928803685
-2277508939438352985
3856649537579770330
-5065543415422277554
-3051172702907144247
-1289618518887281086
-8442216137131639767
7564376659687024109
2923553325600788791
2159162301631935254
7225291329403023569
5119801002954113543
942545535284786669
-6452942593172344525
-940922704687581495
-2598168544002965016
-5023305779062619795
-5709790095953147393
383605285168121136
-1867111119982120187
7994956787699012493
7666508242859878497
3058133116963979599
7757666645654192258
1130077017465105154
-1438256766081740330
-220483876781803837
-7944877070267500354
1712166319530621128
4325089869661686585
2641960617903746140
-1840278144046019733
-5972896909100030891
2544481862849393294
-364265555857625568
289099146066991534
3480490851227593228
-7578441116383679553
-8633147885430350499
3459950415693128936
6622663097295477444
2652299582490924610
8391529765058827470
1570687663388812412
-2603704122371939762
-6691542532602658156
4850811509956157329
2036461916446605498
1633589433677101163
1789232753615233640
-7661354865533324780
-5271855771074512058
2635950017812695869
3896161807726893565
4172753683142327486
5789266598863524826
-7979591338131344906
3275558671232037077
-6714608928270761026
5770711671003534966
-867863203464651416
-2898012005307063553
4874565621396798898
3093558473091922207
1544283992347020234
-3491595050919584098
711782487638324810
5603340702902218026
542051178178689460
-5209524073282933512
15118326875821973
-7114884164421617477
2814771544257683740
5500813628119012933
-7579890431079911138
-2682568332314819079
-334747794224611795
1643603763515595871
6380832974793562786
7146905623333819086
-7428699269689824138
-2645574702247335734
-1369098447295547169
-3129322485003732302
-6138738878163734427
-2856232342322138598
6459987319914475296
7030374848121471173
5837786158034798007
-2515184251028290467
4879730138597820968
5306539710125582371
5461794726697593169
1514722971905255850
5968138010673574295
-2199046436458377373
-2301028120014654704
-2441270147030888588
-3758859162303568822
-4063999486732543064
8466963774274592731
494693757375199486
-2785615753887972525
-1135875397347199005
-8122893827008302291
1959630607364738848
7655568868358912065
2799720215090472165
5176339267271659962
7942418748271556709
4024485458548303634
-735361628433901709
6137122936087913119
7014454975098135314
-446355668107772346
-3996471255724366285
-6042888115146789521
6252256384761921335
5471235049730906536
3940357613963160073
-4037959165033783434
-8276713901261608712
-1764012106280863655
6110307382182945855
-8734341534663113474
-4087972035991542829
8401025934430836309
-8768034788880858764
1291110569654145693
-7785205647971184969
4581557728229292780
8038885733818648102
-4850133022583413097
-6291152014770968186
-466348752212666674
6671382943564427882
1985706899351363327
-8142977016067773028
6059660338373940571
-6553660402400937723
-6911541253762449222
5533128785868038565
2955794315069733457
2794772543630622532
-2592137677226530282
5921598077127168743
2114490516754524779
2743959596529053339
-3064950994950251961
8844053097922562083
-1968263994151420137
2618045732915127411
-4760379608907755081
8861362800694824398
6163838689745892554
-4393629624347698885
2531990506671560136
6740385553879697901
3675152005395445040
-6246986674818088387
-8384477267193755675
4494880327415828749
-2861333100595929929
8831607188885186307
3347364818790912069
-4182135838147094116
653341244422992842
-5588429546592250672
680133236365928874
-7378283400888511666
-8294473237189138209
5126864497816370313
7662801157384183788
4858971890256027624
8044526588735678508
3970283387351287923
-7104661777044627993
3260525322724075792
-9139069882733315096
-5692889467727593924
-4589125000926895123
-8345135400760782154
-1259728326647293410
9213084410257967374
5061990642785770778
-5818166532429184311
-6551725657466107356
2416812705319636342
-777629015920828331
1446960938408022131
-6390133783909219130
-4898906532408926988
-7652404840475159462
-9100244457282172372
-153321852689948877
-4783104022460221481
-2588775818228145872
-6633806148982858492
-6405663142194075016
3306867822145558868
4884813712388472908
6909937596227407595
-6089833351355842136
8768855363153377837
-966511160091158158
2403839600970530855
6643909985174642327
-2777721041082697290
7660534895541005308
-2023768832956396404
-922807674155057935
6485500098238866477
-5444735794977960503
7739709160882203785
2960380089033890704
3835630031210233839
1835196665170621546
-1163504673866593281
4665067262096898292
-4857591754605841647
-9080508841121830
7514309144674372100
4945671643648900960
553873643658114688
-5249977710223383253
389017921323132776
-2918051172160899553
1734471313443401861
-7212126196645467829
-263213869671700713
1488036375394664545
-7946857999963184259
-2680969437487189752
-2226623884735656417
-165234782341592296
-7627457336375044831
-970025816617977877
8453340275363307717
2359098627915652711
4767287921381737974
2268372285763778291
-4299853541003179696
3053267066350764147
-6315227163567312302
7027705989720946673
7897203072583788562
-1392002203644989454
4440392621069325545
8299562640256446517
-4898086407324711251
5167090299516422462
-1950676446388209573
-4181787011721484732
-8319120697785678560
-5713516261539450826
2593515462640338187
6055701829125327811
4683587094451594656
8314029941815113508
2757590525547468601
4025113068647449900
-1248378637737935800
-4639474918724020487
-5960578098328250973
-7154146036975027401
-1525330362968023624
2500943358503444740
-3935110865356332178
5113195833951422007
-3725519658050341
-8392577636359916663
7664946112225641192
-2846793658290278313
-6373173477371472048
-8752820602395049058
8238522223886692547
-7680145532128235026
-944167640958528201
2829338537918289405
2043427498702961782
-6392446109540957094
7663085791481214500
-5349334325373017853
-8700690422915933642
9034356515123603258
-1932902792588430269
8993377952256518961
9110941478493082958
9198705966714239337
-64225817842718295
6411956373462530749
3586052640296017997
58404268053079690
7391104502535276707
5580945687732796986
8917107379589443666
-1002954265861510462
8418045837235996625
3835648455438219786
-2903477130149222355
-3653815225757280323
1546576312719395004
1292245428696659462
9047738420041353431
-3344055837511989995
-311572136269482795
7451433266249747317
9146516516293761949
-907514360211389659
4222949113806199114
-8047941428696792925
-2572932738831409198
831637227986006526
4098571782380922893
-3494351605522776370
-6891532307770340136
1521764077710523698
5639948036280163472
3526469232570670019
-8828937225882724940
-7003914183567380605
8365286451149765893
3562067916439068005
-7582504987308757079
5054776105748339558
-881113592141276592
-4140979140501760946
7990355283550391727
-7540388498086202961
3017796578004468417
-8780570563873242167
6816964151514163703
3051239778152610513
4744661676355651223
-219489785405550206
7026274245367861678
-5601148003110596184
8568622265228439327
7020024185480393815
7360075368037659835
8400887062518194774
5616288884670728212
-9209417798386081717
-7208610675676842496
-1791586134515613879
7087504274383164764
-7684625100649625185
5440745893828666894
1116452209717463330
1889029539796602743
4067034932399221349
-2205513288478014866
-1954405230230559902
3382177669877367696
1829467807986254638
3686201441281928543
-9108571208670120887
-7062926739483357663
333403524203130259
-5725571239548748174
-8328043964875184205
-1442378427035761777
4198237096241643499
2743582720049344101
6537757731583124424
-5752132397614425275
2575310864635397771
-2435112961710957845
-1361065121797397741
-4524637473096685233
-280789838095401023
8980075328756609607
4956181456841321603
2334439009526795118
-5325507015291858307
7600961683524408653
1258244286456543693
742856938388107390
318789799291203324
-4603834735496757477
-5735003821287047937
2579233004637070418
-8179238682822736751
-9118821580216452218
-9099618574956366851
4533145823760561082
2450676118991639171
-8632820370878778850
-8444044274500015285
3677490468338365557
-8251972621655718198
-7809561558414305569
-5098697882452009246
-5794491810056101554
5956986927732574284
7600023677554761352
-4165762334792289644
6973845166830269705
2548990804693417037
7064084889848094115
-5214133005910038177
7278646266360813414
6192385169018688459
-1317613684888002704
110397071853000449
-6279002269161312603
7632257299870481175
-9205661605326553932
171008708276706595
-7581957937612368380
7596099593795207962
5536521413965371085
2361770454507691482
-7234494529841517545
202252024327921291
885696016485874534
-4222568879211142590
3356963708256854263
3173953462879726982
6580528861399394950
-9123951146749174484
7373825078967145367
7298236469952553082
-6151554905914769094
-2176491425252532341
1600457105089142593
-3247518904400038090
6561911001805289760
6533212736722695619
148079123732748368
-781323003991820533
-3949642170034644871
-2607238952953874978
-8398319178676937490
-8820743048017758131
-4533566605721939825
-136202198292020554
-1412985726452790872
4531761403039842088
-1556192535867839668
-8436662484768824966
-1208323884387868987
6972468470631504542
5624917287196028885
-166716687438163226
-1461415630520815673
-3818465881591911082
-8689277707184431218
7924491931336721426
6408817463074612650
-6206536926037691920
2392661195720972981
7742281733520158239
8061184898977739773
-4654872687834055945
4556163014506572170
-6249378201549127128
2432211226159119500
-9167683357294983334
1161697328100360416
3335432612934138077
1362329636356685836
7260801569875908329
3181981220711964095
2240015333570067569
-5182595427550780917
1637949494238858108
-4665965939393899100
6704871043776959449
4406875713061841529
4302619604198695462
4188533343818079241
-7087481457251326091
4412955280366143988
376593030273569844
-8091401141059949984
4699043450638493669
7707642414389918082
7613475130165793297
-3023275283537819901
-4108302227445966268
-6781649519561160114
-1909828315242866297
-6617851193389594988
-7316389299570003004
4517227375018277912
3357921208931020148
-7077944240991250340
-8167588012803230278
-5375649493525585477
769025079206991717
8264460240838948930
7219655421524463878
-5678739627581122090
6501744310458903552
-571989752198618684
6612291339615881086
6203210037004387692
-2072918089886368447
4267188969991304311
2591046082200116888
513607932975507972
-1563874989302431531
3042212376326661016
-5250105038808044240
1427775397523077863
6937195823532458221
7272102948883724607
-5328058297202287751
7933622181751639693
2804768903727302907
-171885959285511786
-3571080826887344083
6135814194479470216
8570593874500206895
5867346936124903223
-3691972595851844399
-8979151210532862062
-6084327211579361534
1511109068759202805
-7700432847357907596
-7268229479337612418
8291733677662368798
6097883950616964842
-597293519159010952
920891042046181611
-8964126497051090824
6502782307809057152
-8908273341777966073
-3051559751132270607
1259095747890985217
-1360242925107988503
6187610956762454921
-6676858059353763622
2058938208463690139
7878827929157831295
-880208008729285543
-3863987633580681366
1331883326154202584
-1999721182946509312
-6295557616670095621
3977074596022314093
5594445521025185917
-901526289228015899
-6238233910373720273
6177539248189086928
-7605665343922033706
-8443681974931500645
-1018242954514959563
8937691197857905844
2326845045720445127
1404045665039026074
3976904344637632900
-3071795535810633365
-1977838578510800454
5445566574906915188
2243169821784728002
7048878423027200233
3771308632760998153
6978119121562184836
-6120581913708088604
6997579845938914035
-6988586469954091219
-4894335927257362359
6614269238191524071
-959432203286017193
-6425810080449451937
-7302179322103405319
7739777553780826420
5946589934763547587
-6241688464534454299
-6262562324622324331
9147007577599034741
2484902531983891793
-9130562541627402353
-5763819280003357798
-7492651799048357224
-1594647302392305002
6898911800804232657
-7936500053949102367
6885236924582853446
3082523577290727392
-3505657905839858378
-5767107672165810692
-8731972783372347013
116058347943913345
-8490389315628284561
-1309446053511563034
7600174354895311751
4923530809952236481
-2839607474854504084
-7257046419450800949
5151988933819853054
2232463433726760795
-8040803274737078466
-4587999323681769101
-6438093292734950082
-6158455717828626087
-2624757137448730589
8688365445239104543
-5640333647557662936
6954479191621631725
-2603593332932225079
9035817080217035975
-3295152596206983355
-1225550721548177244
-2270712444935311040
7836580671188650360
8472301486187807668
-2340157194952130377
-5189533909926476926
5140375892545264025
-9021195255427298610
481976751099924607
-1769527719674941530
6808771234507757104
1196997876793590824
-5683705631262417451
-3601416828754307535
-3322682587034318527
8270605219674203264
3936645369514337843
5733068777781716822
-2571786315119263385
-4304937423324038850
2718780562691289782
6432137481944614062
-7433466356286944341
8724479089705275597
-2533903418239009781
3742239703105676882
-5729932398018119425
-1878630364468657072
5885119133502928783
3380163204571515646
-8127206469539988619
-3838681089628718677
-6018885860571498903
-4001678845711572262
-3464723480629006038
-3673570414116447496
2943998130918629740
-4941323138886303190
-1245547599203692936
4018558146058336940
2984926878462609409
1968869143828210925
8340732612110502116
-6432556127857288062
-4236314000534730906
1032112234290160530
3389471164152947861
-1716231634953388306
5429422379059571318
2683770486349497641
8467121496185713865
-8523229715332712318
7732455212998561317
909404261924254258
8332347249538078872
5308369856904900994
7794267170519792625
-7319023293879829047
2890623328613858104
-6945128128986637533
9012262729182699307
3739236154718395736
-3109820949425888766
-7187902621204778800
-750485024305028447
7773691556434698166
8854860788478695589
-854530737835409763
-290924129391184234
2848675422263254244
1985237412812205898
-8314918901279603714
885356157545240054
-4573281612924946986
8815676369324105985
7384345321106343532
3380768663596554584
-1543278931583078799
5525650267084797309
6649223874935379430
-2423107936834128535
3332470292631111844
-3436479880327898456
7813520034748865299
4396701519075493826
7236032013753555737
2490629280645122167
-96030568989695265
7199366189289257635
2079873240509256598
-6048572032992880875
-7460657448308227203
1311625840424407206
-279497572225500381
-6044058468769693391
2280718450144917241
-40044116624299019
-5241445922337144377
-4112341418823875934
-1002733407084897826
-7671065314493691968
935190927300966899
-2393123949709395746
-608619253897263939
8828750726271847503
-2734263651472358470
3944809315740259705
7692092668266734693
-634253716902938643
1152246330981904250
3875475743646565456
4512241939318150280
892749080830741549
1795393629686241779
3346476283645938924
-985010138985944123
8675430852242206626
-7391921196730301056
4408890798191767922
-4568601855720865932
-2713838808174146324
6643389751399743940
6323089935115577029
5027751075375161336
1422399807672738013
6684057410227203183
5943560819494970605
315108716992182228
3337949146672251887
-2419015902057452628
8766211633117962601
3274198308466489837
-6982747627654854120
6741246715366825219
-2383280772112589852
-4839919410153698412
584043529321734703
-5896697097507322106
1654754288616997693
-9161890138499990155
7452718017609711491
5803602355289918174
3103672714423483997
6978412322355128017
9169808094867621046
-404035697765389728
1608462656885979364
-6904205752505939440
-6881824784022845938
-6837763920186594339
616084952348229700
-5621644538532262733
1594450008712638859
4115353734584117545
1412763705681196349
8522820042193663206
-5662592332949935234
5316847190808587875
1427180798441707212
1955992415424943110
-7676520148466733214
5179062861892045445
-7346043023968637700
3424314383061006979
7100065112365123632
846802596083667635
-945756981288250257
621997604347687041
6574099615272685029
5680934390291588990
-2466173430895196918
-183203147952936726
-6205740840505403209
3250869946817525015
-5658229073371908141
-5100346718193236372
2222902217872401016
4590100744151246496
-4539597435357608658
-7895592518109021748
624390641880325453
-8765999191611334238
-1695827282191008771
8016956090857638868
-1989654825309882239
-7976573713476196654
386549506838697079
-2920666081113824753
1185445328394313285
-4531351050707181440
6978493732747334771
-5379103648131656171
236348172716535273
-5600269809624983058
-652291625493793267
-2802619245589761424
-5959289424275787442
4648017416561266916
1373008255336387393
8573339983760311394
-2589960644925411312
-6100519531876503429
160503516221326619
1014622073053309549
-7380771604101895462
-2179923937141873701
-9120839932662401943
-5480053946821516472
5626621295691571793
7942274893179516934
4675053794069760082
3014341073350853905
-651811638816582590
-2004967053662316048
143868882692479902
8630922878439086651
1999040468044076676
5428745340364328923
-8037501414154818107
-276309150533398846
3924092006285323966
6881574234596409377
8014568756554410778
1214921139789804361
-4842953161536647802
-5623159889778544036
-805956408497035835
2174439504022652849
967569944262846989
7941172998536264805
-7123120362647348621
9063688395855052505
2127831435131785536
5618106065492996956
-6649383466709707846
370821968009168569
303162484100050573
-1333045183791268582
-769407411539001687
-869729452693177142
-6990405616588025108
4990215502772057006
-1154524663874170210
3081408021990001845
-6130121623439231410
6753587954071525139
6916754012853199296
-4701013210376867787
-5158538204194276493
-7903926729387323247
3343025413427412324
5840066880324522517
-8923263055376438033
-1819240421355734068
-3063360378041054620
-3588958689408120598
-2589704469644581999
3055650471327339809
6693051905366628596
9097711739784276548
-7573016064893524838
2519312856542847125
-7210369109430162476
-6081087495752854811
9125821943132900954
6157144469397285837
7785916795438930727
1009957624385610412
-9084728233428886948
842787412880549655
8794252534551914157
492394895914015533
1020020082127219248
1974540921237975719
-7424133174177347302
9136610610137681394
8416410516652824864
7504434559266286402
-3756189919323103251
8701511774774188719
-2764189782229566185
6100124042876591803
-5733230504711088226
6685313957678649685
-595208280336607016
6000457859186632863
3687869172458669224
-8372004269198822639
-4653674945270616924
-5181493885167925372
-1243671289154956690
-2053226505914420848
2303158975158496867
7819828634265572515
6955976985291316311
2757236931860243658
3505025236445311015
8318109304566794015
7707710382809053762
7590567754655047142
1497947046572973340
5895552170837108460
7243936503551840241
8252126506727440256
411936465478395323
-5767741336622417209
604549576277364114
2805446277611972497
1045419189687640614
2310068892409593104
1272743973766394925
4370055111646407053
5473522603704577802
3323503433716371686
8029163591799355352
907210348152945680
-9188793167605965116
-653458867670224026
4610831088203019914
903971031142562182
-5634113888044699877
5495686442108843085
7180762987637742903
6976204840721165758
-989274755397881000
1518980577520730695
3653896701342995441
-3742628535267256812
3873918829632015900
7006290092514514523
2496258696189278647
5575102736653806371
708335015573657384
6984279817773344035
-7928406816689828775
-6391111540121001730
8356131548084582775
-6541183683786241216
-1187524492613688100
1329890057384286362
3350678920184204385
-2787423883720081160
-1837749223442169196
1755353523733973971
2284530922159441154
6115825517108802110
7383677157407154643
-1077809054316461345
7739960143174307801
1856900532888549592
-4531070108070781135
5010739436737669106
5413490376421103387
2639766905596709186
1161720792672091054
5353548354587709617
7262260300820016829
-9066375868914435416
3882472569301886053
8659994621280657294
-1626780801186839882
514728554665758827
1684638246255149350
-6703434876029535875
-7038208837039213821
-4358119325069263991
5182022629114136243
-106370984017334511
5261242161674400552
5936016945146345831
1379981568418070629
6621099611668934897
-8335378259187477289
-2887958457466799955
8245270639173484212
1046866698491103107
-7849409340544646079
986463556468520425
-3023744138832997243
9053345261141044865
-4397902113277686286
8511526869893802465
944988681768015454
775464475515602759
-7683354704876829254
4521534758393712154
-2531055208827677900
-8364901123407480997
6695188841168136098
-2381991969967520237
9069381100921102417
3618307680445726564
3649154937319490493
-4173551866539741421
3402942989258314590
-4671673965242108328
-4975879299593774704
8901569797210356016
3133130259591063836
811719841723277698
-1630043840676829313
-1175197900821696046
-1122149095320418342
4090960693600254358
1436619459266817870
5651327661724159824
-2281529894984674691
2038296984681979345
-3760927696352786142
-7330439850066784427
-6513978626497320054
-4927291140659754587
-3984480144049712490
-191466967340521446
3080573577488973245
849209640263367245
-7888027374770838598
2310575221664282330
-1516459618259011504
-3911275841645921090
-6560298742899075273
135408778139537177
349172074468184930
-6125105696347073231
3938682443553231028
-3573938134324049549
4590205288647154957
2545500589092413496
-4612793337517288194
8167704405337275668
2733149965985765103
168668931144499623
5370641868456591846
1758083282583498690
7231117687265237068
-1567955279207693478
-2055658317283044082
4600578591082111607
4613311828440214261
-4214106532989755169
-6035611424941504392
2916686711158328613
3684641141732550563
7312555315110670291
-7846903234337793546
-3491049634646399742
8575258923926910638
9140146204332796417
4529647100470255255
4181866497728130
7904029023149527731
-1120300936008738532
5176144374889789993
1219709510547085918
-2842151206697739040
-4382519127823801166
7059940999209293818
3353415099925054320
-5766200324680782578
-8302702523103109097
116525822616460837
-716328747624888158
-25750618535550951
-8989821732216280103
-873806670258146573
-1083243553289833922
-2157890057457950967
-5475894732744100407
1501060825408028160
-8271583708823317881
6183135017240895110
3618153926679039955
-2517792723777483685
4940671803018176551
8070764500120527908
8615457884819692498
6723714666700584638
-7978507041425395565
4466876947429341379
-2653972005112292429
390440861099168772
9074676179783384747
2219470938782959551
-4247155548440660903
7469960114449573827
5415030553767370578
6217346583046285198
607592520400355795
-1436834256284708963
-5415221480489178650
-4746999026855558076
1266240995612284333
-4762469767286291901
7091445596734331527
-2781436892742084052
3949351406362384961
1726927151212531609
4859558820693466339
-8961120104740951513
6353969609541316474
7337276504729852194
-7875897076485756383
5563962541066726282
-1320095275038903027
-9033829724112815736
5163146698834425597
4426014816955783751
-1960718967260510435
-7302150557678699064
-8683737578412925557
-5849035540051691416
-4465136940958446837
-9018189419470363897
-7706872293344587714
-8931840600523610633
4973141280270552790
7168755323790513488
-2820003536834939894
-3708359628477897410
2874452585691747783
-5317123695221074230
6347553062024581706
-2141922347624517693
5787513280574224076
-180637254003555033
6244360319921596758
-2666775577441042171
-374504353271889171
-5801930817927852345
-5764640837947722242
6539537997977617624
2751808987375152871
4144866298967602041
3136133162282178390
1540987260487330269
-3977264043335742518
-92496280747912478
7108143571433031083
-6556457941400124726
-2694213994147843449
195672867806749189
5138492885383468397
5655036611217055246
-5066420384074572006
-2417209613150734579
8892895903195890414
5633141738142963844
-1250552299546677511
-7336079134663922474
984282250953434071
-8690101434555789200
-4219925163247492131
-7944271550387598079
4816733282081909106
-8023045789161515793
-4294049669620324002
8991191139955573941
-54036909440030142
-4391716762204101545
-1187429721441182641
8299446279293335509
-6649688973053693903
-6335841262661327793
7187138751637513016
2760641494246466536
8057110315616380500
-4274884203789860238
1663467366210531483
5508134073506577164
5522822444476493476
9213350019922107272
-5800305478225221856
4748013974587415295
-1475962778002426541
8109571030292464014
7353453849031485099
-3944234653354072568
-7241889007006211023
-945723148521012121
-4505283451811371439
-896426397975324879
-1772275750867511077
-8479201357630643649
-4906564221132273476
-7930929032844977132
-2398684841431173976
-470589794330969099
-4271993110306339006
-805135402340989495
2231742657515544317
-8948904687216324853
8604916690384981471
-3139159080375815026
-6653049086897207027
1774881936967924010
7120454743357549042
-1273598963010510492
-7910577985119442041
3422784152665936381
-5959797797290952837
3293534548845104366
7646287180146124773
-3357782183495070619
4396601207371918891
-722119802547240345
5649361476187499261
-3014802594674369998
9031913757140407692
7515671899392243838
9088384982703393647
-5911776831010913052
8070442119330509331
-4167522617218205706
6074255913935192461
-8959997993322095504
2868197710946064480
6233415309579578109
6005120749002622872
9062947910007991191
5456450258782367831
8505181539430883279
-8745281175832229233
4404701897323319998
4941687756809060039
6835112089998588541
-1076784927462757804
-1593475147866035024
-8335204438120299115
2867955016448074619
1014529617107646075
5404333781621928869
4381597815208639934
3147933022114113693
5149068787302567548
5318877508066299687
-7374637160219606893
-5124318835546222390
8444168400419265805
-3430513952271405831
-6494257784256706473
2648278230768037958
-298554556676371483
4110051538150160062
-8232146603361183279
9209538578927556215
5148296502848807777
270249070662065079
4874259621331578027
5400306001513536249
-6972044992850597275
4540474570919831254
-2044342043852075868
1581393793023436846
3616409637994569951
2096440683612353112
2970476535486783375
34196491525897889
3756344329676746674
7990887498865106029
8113407714507960869
1662979937883509296
5245793973680815638
-3596202360704036404
-808739202896884080
-4615942861316396867
-8811161384428570264
8405118940287208111
6148064743607500118
-6065659514091283138
1674173642193561524
2441956322897701894
6866622380783371167
8383797088349959016
-7542623111499737576
2278507259844605368
-2193349835888042124
-8575441310751098273
-512621856322941839
5859872709933831454
-7171038496201353377
2361706910547349644
5283312726273911278
6041306800718181746
-3894266283124024349
-6473056674796615663
7606656308870834748
-5002079667091253001
-5299923091268320540
-190264906136004428
3185244157413572584
3787594835325904271
5986799316616255420
593719134658577218
-4293222820875366613
7126542019151686983
2629183389151982369
659444936406434733
-4208536702816506783
-2690215983558753259
-5436591579965748618
8176499871805454297
-3645515174175624232
4073533402711199162
9208303174868810647
8345145513100305832
2022645268692091062
866773416685199366
7826196986273021579
9155337958477669652
6185797333833898194
-8964154446753981348
-6900929321312916147
-2453360655584137526
489130888469696391
-5512946070131147741
4646871641513855308
-2015073368079488999
-3025206122103989955
-6002085385266385550
9166186619183072704
-867431912722745751
18731469116001278
-8431527186351182164
701693076447302636
7917351175713416257
1141050339778652423
-5812426180898043453
-2321095114083884732
8535377293560529457
-4882655572391037880
1479116382712591706
-2275211719995950340
2425456176303310309
3799769041851719749
6996514276799139785
7572777674633412761
4047411120035793479
625690360675639272
5430762006657163510
4128673718399788398
4326414614421627965
-668981939068799923
5154276456451454643
-2615977089551571307
-4717990220810754996
6044378240363254301
3414968970844888460
-5895652597489592522
7392491466618267113
1626233701241526230
2475321182033910731
1683880469112295132
1709870175661140028
-4216403186784097081
4311254900367605783
-7757712204104402790
8636744293886293147
4423200907161204386
713302421644894510
5003737447725208869
-3986553417980533768
-8653370496180103975
-3667397745076847680
9001263088677176746
-4287941608748667952
1768675021763773909
3732986671595503013
4076712458778241186
794622778820001726
-1716697867686799563
7036345546224915163
-3014241114828971497
8203438019311087243
6368954733256217423
8594629974915004001
-5429700807861182720
-584137931154876621
5810410079916692756
7932279331205264985
2649379843913313117
-8724438203770003890
4750762545953380225
8587375765816145963
2428148456462648268
-7397899253477456044
6684770555600105952
-1573620636869325253
-5714388737875882134
-597495185917187694
-3055758803197909993
8278125481618912133
-2883326332540176791
-8073829452275619170
7081109726172115060
-5571643293276759151
-8383854973862199852
8792041428670318457
860248403812172826
2129704519797277063
-8720401069832033723
-2187950705557273702
290165139267057727
-5260544214158608865
-8932098305041732510
5278316422463737562
-1881977164056615020
8167879256334817152
6106990970495311536
4901243698901278403
-786464142886586771
4224389098605693744
-6384461478276761237
4413820477293414445
3660632375330618026
1843076293559400765
-6464983639897573067
5590690656724568138
6902626437989768057
4409445864704247905
-2807663995804217734
1422877750078526780
3434962939829098992
-8706308997301049458
-1979891307128932979
-5280329676007095159
6078943941913875190
8677639330076785508
427552894287902108
-8406887502086256483
8292046111871568298
8748070826872657505
-7942905577466514085
-4693713994519631161
-567821884382464605
2234614828519108636
4738276617427899994
-7559498741028373825
-7323098863438742769
2599598856522423013
6907092608916056162
-5712969748024910317
-4868544954231435915
-2619107387748769311
4838267782424102460
2384634235186633461
-7129924475804837029
4611764587472979514
7847065343794827221
-249324710768545708
7456427152128216458
4388649477846447921
-1092582627292896154
4191953230501692953
-5778552962319557183
2563448482739859895
7926571708389032562
-3468581805249518820
-7513952768608729822
5689847360388640325
-7618509185299129959
-8755274189352620989
-7855881571915829514
-8643732892148265590
3738364006525874828
-5834593614470573880
4366663823435981130
6377484154072302830
-3622292379218509684
-6728551690324023869
5489067868697810597
-3282173153868084386
6963676147567123335
7814181918937384683
3897191783961166555
866968830918645538
-3715143216905059962
1695315528256490853
4714632316486730569
1361134893456814975
5007653025024805103
-6907929635053856506
-2064127967951028325
-8238764783626754092
8808774051607437443
-2412227183998356934
-4228369453981965245
-2016249664109516144
-4574714830661963978
3779791456725435994
5397297907412351987
-6086559180113560395
-4898054617557470789
2626599584883090157
-6505428605645545675
3563252136237819884
-6196666310328910485
3142728616824331345
5443816204157553218
-3071089235278228033
-1792118386760386635
-3978690136563499781
8333435969643357443
-4821350793371510023
-2729218306684628192
-2639898271596932064
-1320465016426282993
8480001276908937577
-5673446680747576415
7589035431036449291
3928285809722002042
-5173877471104035391
817097246717636544
-3160759546219883849
-6263710330110830753
-2313573321547996691
-3672225950489978508
-1370661676465367202
-7365743658917084558
1814683967911492020
1551622237778355021
-3190116349452340794
-1220890082619779597
4450184128270627540
3471399363706202306
320754766708926008
7949844991374506236
-6562354352356749840
3211760288119593434
-538553879920493586
8082454143905688852
-5583060195785430558
-1118146590479229078
-787889041875075869
-623590521917318332
-4422040078273280303
5049036952132687466
-7599504094864751088
-2688562241307474613
-5734757160668971681
1836356163752445025
-3592806951769830521
7642402919180477298
-6953442721933327431
5024136903775326963
405000695515851784
-2156653067790294644
8924450181925990429
745600552664571607
5607161990648848550
-547427498222833873
2228969954330567611
8688231162650188984
2795066818749165810
464324698934618094
-5312084524704351646
3969415404421408420
-1536376259319975335
-138779876898366098
-8945545893950940791
5503522188557945136
1667513337758549
-1352981550468160402
-2180235018106636101
-8117880987389470135
3647795465697768013
240201003226396943
-7907261381290385636
-8296005829738952790
-2360120446648161856
5903961918255626386
8760213416910525168
-2035974136064605597
6234504570902154836
-1538377565347656785
2936527143081843616
-1738435911442419326
7707625474814574572
94733513134791828
5841198060802491753
-6134106001464140650
8361728648514146296
-7164739526896474307
7833961972392143052
-7177819962547007602
2987629157940536024
7659867395744576736
-3059240083920500676
-8718056506007015185
3405172455516781008
-2114262477294586906
3426205613522204169
4574237514089310690
8834932063538596422
8286805692290002225
6444949958491029383
-1480922654832964790
-6999917385916059759
8350495319955059102
1780230913478491077
-3252871672768494200
-7770395446603073515
5192350764242173247
1292684809556279202
-2366205409981640868
2934512968501926299
-1723111052150905783
2796665778797458090
2121672043262875609
-181894591103650152
4185527870195299935
-4444982802964843274
-4662363870680093622
4038917912202548206
-2067017888098939326
-7213046894270508988
-5360239476209061493
3026892427103026885
1874725503211594915
8108073696990430973
5335517523567630320
-2143403356653519999
4932763776111353102
-3331884551161903557
-5899857460959354655
-359750388521493559
-1256357966327062853
-379182224715407944
6757511693801472046
6256357675203062923
731410266845903253
649680747179911977
-5651884921061866495
-356429051153513702
5739481977408181930
-5177275798550369908
-2691424762313851875
7623121590063634954
784723191902878895
3036350695562378146
-8022171241214530864
4246720386233228275
2603695852288502590
-2396532538801583754
6891706169572513206
-2173231209229470858
8526477470746337013
-7859407679321576010
3566239939504741329
8126351620410239658
8907718434237301249
6059357948917494709
-4901191202203574480
-2734281800313868179
-38325587191371024
-2501566654313162072
6004957709557813281
-9178123617164183373
6506945388028491121
7658265277824316224
-7726671784557301489
700974352630142006
-3388893905480830143
8456117224686432611
-1420084662896494888
2765154594764624987
6832610991564770096
-5664577732383431801
-7725263436117013286
3640113651240699490
3150569813778444296
-7399362115237628396
4088288589581443778
-4488783458884728866
-2500903806988620899
7300706846375243491
1373259936462761090
3598307575292174154
-4961961371683191371
1770454900851083672
1397811191636990992
5354568593518039631
-3782654379094128164
-5169939245598714052
-1125979442047247573
-4722469166109215050
-7758196978360631873
4997334799464017363
3219072756078242430
-3861942539815765115
9198774599994468952
6055621332592331672
741649341241373333
5634694073615196947
-1939503362587787137
2276003546255270615
5818768626811347480
4576300007612657452
7519143596008614420
7450456920032445589
-8255678176157082707
-5563626256124353742
532741586533950394
-6685009225905860862
-6545540348330990065
5749103804337756918
1271525097355914390
-4466614040029458970
9189684120043770505
-8591755639423591580
2949585245807937362
-3893704413428495558
6283983524169180316
-6132151367510097161
5715263085327632614
-3232447002451064240
-4747943366211360433
-2690061638068094354
3770939702122206776
-6889569908467094556
1889664902802664957
5760824110598320760
-5926653479742505673
4217271162797012782
3845934438666965791
-1377800125703235565
2060296665230803788
-2502344327257600279
-9178854357950061196
-6451965834919238931
-7659222635669351796
1074172661762780696
4084992982998108087
-2470795919134887032
-4445152126498067397
-102707305528318272
1538237685149394903
-6410356135207436211
-1590778569329780346
9198456977045454306
5253575526344918912
-254418538510519594
-2810992756518978147
-8774883236709179710
6814256570834105593
-3450991225578530768
-3391130680757774254
-4443489005533870736
5898357593249032539
2888058066089259844
2757388778149550444
-5128888409263909719
-4807033948488862517
8304127553782630895
-7853223960429054374
492134884834564264
191950437454642330
3953914727270687471
-886228675876092740
-4523775106080378006
1119378721120132705
-4660067965848886283
-7378932622138401906
6661398327161395374
-7641631311641473341
4090244179224706911
-8275402521857114306
-560628999393201171
-904124018875468134
-819093560263976248
-4851874590147427446
-2464729912042284919
-3361711906739364019
-3858872673321380705
-6646427180573627412
7724201639593300451
-8097378853969110508
1407309843616329650
2686538887037946960
-4691422442972668331
-7613229865697780485
1683772902297340889
-7386294878150827921
-6672147876279408893
2055367882594414339
7378993708058832327
-7898696573933812762
7939827244875317556
-7671246051095123134
-2986071774127936863
2913050013704218610
-1823239008713018605
-8325873440903255179
4097802161875841265
-821959361754595926
7711970863221778444
-2897889816487947744
-4632809085116043810
9181877938717080097
-454696890164588883
678973085091275907
9002504204991989825
3711213766974550187
88463254754358993
6475799342596877409
1477364676941827180
-1729499649857390460
-7767247550034012845
8816699793783727351
-1207874467631126895
-208320365812095016
-6617078231582319285
990468841269367161
-786982884940150603
4154135066813778386
7494855103942564960
-4250657146779136563
-8544781954621713480
512257245643212288
-8182638717681872698
-1879697518371154033
190688704603974132
-3968660012863957220
-6284897584228398810
-6670394985523708107
7555610585326367113
-3194298429707537418
2128065657135216639
8019682755578376212
7181919941434411633
-4057818715689609755
-8452696594747379805
-9011545784272833093
1380504692326600091
-1325628805640954164
4228850556378948472
-5415429344300705528
-3095575246120081415
-6527015250768947251
-9071229978398358871
6731094267807543499
-8120413547057329412
6171440488090356502
335425815290837025
614305746606639286
6974095191703183124
8056287988892166089
-7030006661365643620
-1536496427603916307
8406176817010983392
-2579858587694911248
-2498428692727136050
-1897520324770236980
8487486261192234037
-1136417101071369750
-6464746260873163092
-4069777609968882457
2832998299177295162
5512260265856141754
2808179285584116265
6507928629812938528
4415927559552926336
-2611519679596712871
-4532033337005695108
3845338167347476059
391103765209221897
4298785847839034200
3064508680673574949
-3669722790690852282
-8584396546603216172
7324070462160799827
3254993475700577765
1157757088173710073
2055769624083713773
8094236465618525346
-1783900171621164547
-8490281437489016128
-6496552644317343527
2769180451018947321
3163487834477654655
2397485249909554865
-544265381215958343
1939944631951736025
5945429129648131951
-4783078012627289020
8139944321168569737
3756038365158092045
-8505587190052605702
6954817822356358942
-6365351442471122867
16579653488570111
-6192114420045537005
-2948052779168445242
-8011309436949526898
6418290890141908314
5857738296391411307
8694443093204226576
4025634144092261782
-3214265359607603216
3358115659167220540
-2602935610046621829
5376542282421313715
7203643030856646128
8673373261260240491
-8875496578362111468
-2663046643356690628
1652881594100749281
4798042891393079288
5951257088898554559
-427112508045718008
-2058780801216230834
-8197403271754507084
2770125970330294960
-3666398709157583170
3886176062435062147
-5902103864208864903
-7311907588914102889
-1956457211389757637
-6299132377511852239
5112749262288486593
1380492468335716781
3684803342373681174
-3568574392698740541
4365648056383829736
4333753206992694712
-7201396873421374916
551258937180325555
3041236055717924181
1999034335908630261
7124446028967678982
-8912764305389730512
9045148668561780019
-8775528539232192584
6459616984008821384
-4141407046944640167
545465398292711617
5515111780739073478
1528854624344307546
-2877563460876930982
4050995217720491037
4912803078240897765
7448260052310999292
3392366827856321293
-8084934869434396643
-1627353835627065296
314814985059230759
5119000567786372729
-4710454999859339427
-2587906141581287785
1738045595712617952
129652049602087681
-6015596320769660987
254823459927949725
-2809856901086106003
208460524568464901
-363706436511387053
1420302896005350294
-273449228908780517
-244451889850129964
-6283802049057563668
-229508040994653064
-2607568592946699167
8376627004612108460
7844369896606589273
7427330832180314987
6583699967757140629
-5909323990957985524
6995694659677597537
6128714346903162608
-3349863530951486455
-1316999077457884188
-1260426667387102796
93099043953595560
-1903380821780232980
221799366975812746
3946988579637155941
7465710106166736870
-2736925027215636953
5473276357383245936
5928481657073326210
3236081969899877290
-2563154371354813114
7656995590647484092
-3265544159000512503
7933171882290213750
1098674654713828789
6955624865023996636
8588355692698761968
-6242273412728767911
-8562537408571643285
-1192382174678601685
-2625001797818654917
8546713013406691111
2909891230849680405
578748636262622292
-587682504365090082
4225580288068791830
-2496520846208010780
4096945966024656417
-6982883803581558458
7131087047139214093
-6414461457247768768
7853851826851953809
3798324666182718622
3281319150734984477
1576651444986200830
-5087603003327871143
5070068413137352128
-5571164822931009070
7880490129689747672
7629771886085285722
8110544425157244030
247408918582052244
1545794080352083022
-2211314328597028168
2724141254344411312
-3421912609740584845
-2302461983058906295
-2250475631456827841
4911990960104472821
2580620330096622447
7845408006771558675
942556218946783270
-4426628732405009963
7048374393261387917
2094580257323932473
-7375764892600472869
5720358410742481839
-3375741449900162665
-8057087377990079925
7028242299000528122
5685264070430479709
-3789899855736001290
-1718628326506415243
-3833097561778990552
2420581283336623254
6497453565336258159
3796940035090283154
3475943522021557271
8070658456162892094
-4478877235631407084
-2869422942484324347
-98513356229037754
5305219296377606053
-7079823926091593837
4651089544840816407
3963622627428408919
-1626011831666897616
-8252722109849560275
6800708985699936651
-2661297632184122341
-2274734734417288990
7317628190103396307
-2766792970076306352
2648524976443017263
8842813917089386605
2793633692545158972
-489761409257796732
-7426326909137231118
3998919257897513384
1182535618809793189
9188758792339591587
-7568867488498177115
-3333663894595127590
-1536546670518987607
4810256881967713091
8399185396417124805
-9036802463125448140
-3541280035245169474
-7376206135112177117
6572269053753686604
-9207278971300608116
-6732353457288137029
-9005356054811901169
2714930054853030388
3615694859982470767
8731732688995126370
-421453796475633284
7703393200128904810
-351650717425575274
2903604939471021021
-159548380997308084
145778584718413176
8128431901742847312
1624802981162433590
-5604853288395894300
8306205342332595515
8654055018062893526
-951524432067004847
1718578655198071517
-1208496661828245854
-4038194662533906134
3720878112024682696
8068342282492528464
291670275583055200
-1622916145856946605
2111424399151900928
-9175546214047960097
5394125054328824358
7492852575568684717
6900367145972549261
1529246383062219112
7914170357560163585
9078226598104801174
3504741899280069714
6226571200734869046
5136418763498741014
2157252605378526369
3254876001578443491
7020514868945979082
-7298098060156361587
1180434480941204422
4590630898646634386
5501313967236674076
-8336599422598916067
4349669691539864026
-8481328640823224925
2791874074427954271
4960647169115098004
-739500831305884128
-6211552316017651449
-8334051207482811114
3282101398191110689
8001963671309392973
-6496403564099026049
-5044183276593680309
-3314739731648583037
6226714230001183590
-3577528516226174264
8342109261262160787
-4250520641258643587
-4934510877172897638
353928929527534323
1182104434482372882
6937445638639896002
7973430307957202968
961140047391965502
-9079505948838841111
-73638195826625368
-851136627841951788
3528516839701533382
-1809343038511480350
-5291605642209216070
8327991062110557007
5704699785571086146
6773181230958866727
891779478341375642
-5020352926271032662
-4601588541265500998
-7636452123406118521
3082177379900971841
7997079929217370479
481186884297782245
-7403513563965144566
1909299809837969696
6998508338378415905
5753568093191412918
7016837399860418485
351292853489997854
-5298473006505829155
7287848891295598990
512119033298628205
1686274819790310022
4356383005387878247
1644541152476326876
-1466701946645379759
-994210037654999588
-6680607488792764595
3926832786491767192
805537987370875079
1831879051454664443
7032795744914176184
8247931688020028159
-1157952089541459995
6556720523883443245
-7804666169943193042
4007132408826740850
-7856812964346524188
-339265949800731184
2883881585819038743
6200169107322932258
7343271899638005939
5094075683891474705
-5804314807794529094
3340066182222754484
-4229231348070199360
5066079738097975363
-5317768292130108401
-3927478487746288240
-1715859754602036593
-7480304542049230471
6880163793788894144
-82759983273211675
4011783083478534071
-2776444430346556466
8775562918643725603
1301445287513642185
4000300951807924962
-5927047800353924332
6977335788584975453
-7880224303697608536
4121135183007852652
-7441852662676249880
-9110302028172846632
-1182558844602312749
-5730421506752247521
-7472806099307455272
-5384645094328516685
-8329776920899393313
1779337619220391675
-992824187831982146
193104972756655968
-3403957030860517575
8557579113504707917
5447703796407750279
988507158644588742
3356673367557527634
-8105321062411952746
-2052495799109556280
-2339864049286262977
2263894753380374621
3671982766211200687
-2894956588580998278
3186371616629745198
3369640174408593340
-5485563870266592122
6970688334261705845
2350992548715831228
8510790276628332880
-5153370346478742846
-8500134695494862266
6548415105928141338
2206304443319071322
-5401527807022479612
-4409568896677013925
-8134346738726720523
7168101869107892512
5177874140707894625
8499540699591750742
4157214278714325794
-2808013938871274127
6870799890952891390
-7821447454897206546
-8879400321242552462
-6968695990911052
8665765538859589214
6028978607240938567
-1377302422904133744
3619179739125352614
-4093006425699778555
7169206917958321394
5001509229653592314
977230170957678178
-1755191263745882681
4915419634968567299
-5091165645528567922
-2723948661377656390
-4779936429230173856
558733800347546712
7991977601348919523
-33771298974331828
-601250585729911410
-1369812914925032334
8432294396743817393
8214219377336161383
-9070334016881777988
-7198850330573196587
8840740653488105336
-9043731909027072116
6726375431338367395
-9016717648411440119
7272694056631424563
1512714296839717086
2723513506720509970
923064854734926604
-6852377591101561617
-920434173154013019
-1133250266935402267
-3723984968242066074
1982545198691486311
-7323953589198251895
-248083960685429792
-7707090997225015416
3937196677733154010
-4688048875237287556
-2798579416613180265
3477112678687226904
2596532642079704444
4643044249987657409
-8421873191236254989
-3361763032059663820
3291449904966373790
6243513803450667230
8884346349550142074
-7255021400183689490
7755330829308923312
-6313608350553065279
67387969393359649
2081115125503920362
6605102196015467304
5749156798289962588
-8709646837326626975
5051462711511444697
-3706075438643043469
-7411007074622009472
5490169517047485928
-44821157322794701
2414365832963164064
4379536849702139195
-7919943245183935818
6573154867842207123
-3003733106753293787
-6749996267466331901
1598192456526152688
-1789422264475402199
1693721300471954860
-6030722064325337022
-4787309145446449683
-2538267185189576976
5650157767604698661
2295004754421579236
8974656549124541027
-738646661416437775
-6353844427696366621
4891212989136994984
-7529944724424613166
-5224374729075527287
6097670667890169684
-2504723007182560459
-8730569625342135786
-5963536180211926142
4702168038259635654
2685361196667303469
2081732440911977243
8129792304668292187
457487489600083768
-9075410630555966399
4787885288178748116
-1503018093441834122
7410021373533877319
-6872699893076847235
-6916591360759349515
8353971471031299520
-9067343842626818206
2803106693161527395
8107827213578755601
-2924577306254698513
2878615252721759167
-2859755489896141639
3747169462233832780
630303042548142445
2191161749511662028
-4916277061091635417
1830299871057153902
2810520460676399276
-3222956452323830464
-666714969093226959
-6653184201931129819
-4873343115475511512
1725667679193083166
-8985750511485917513
6077416003810129882
-4950764378279852920
8995426670927796206
-5210402002543743637
-8098400305587653207
5568948778150906255
5141213583843767940
-6703092567202158828
8165984343846894897
-7430403241204565458
-8269743165215172075
1118352699983420594
6181128009247561435
7113463668525423095
7443463616213497511
-6965719999568189833
4614698856323511355
-705430298682184397
672927708877524756
-5865543893519544830
-6010553057503249381
-7805341691115621258
8945999264207852171
739644187789236989
7893218166611869214
-2938892444511100201
-759278638327370120
-1536820864959505214
-2899263656362633715
-8927466460407758304
2864706541801879451
-1149518643548947753
-3787469389283142361
8637999530519717523
-1436292345409939652
387726886599369312
-1498331107518502427
6195652209314730847
-6578133270431769686
7934851309675963485
-6336860298380883557
8735042577297903646
-3132347146729972218
-4825067508940310785
-4351115335644468687
5081240973805529538
-2832636574104817960
7003132517691760651
-7727997622119025304
-6482256678447204344
-2249538715921248166
5481763193418468088
-5658246563838325640
1936515695128291452
1610643886376148914
1423405110751892808
-3192017088338162855
-621530089684054152
-6582288519346386501
-1392681888082962585
-4973566731806308193
190625396295770324
3941398109663879797
-838792230498382644
5910329498457333801
2488036165764451484
1451563480730794423
6965017908429799763
6998050162028128645
-4874278592857757253
226550453793400604
3471923607907485826
-5029323326946010057
-2407079813422049669
5349706783586834006
-198212294011079272
7331853238321937217
2879194512638274295
3411626580883547679
9051638378579761857
-2037811782317326241
2123772434059826749
5702097899290334202
1467855583232452057
-2507571982114093325
5443456561747048795
116117607279027690
7803711983539141999
-4099027346801010488
3900464366614989008
6611160146598258734
806580585780880213
-166640748536319183
-3877348374255083607
-861789840514526442
-1421698361456536386
-1235485501059603465
1197075791942348756
-646251213778111523
-5877965100736895264
1930188160194959670
-1916955381484381828
-7816335874923317477
-2335808216425994112
-418143877482595368
6522876283171288236
-6774858027486723686
-3353961331470883738
5150508827758076773
6277560003769118023
-8996325880127175139
172558440995851774
-7604965030856829188
4264362028243874772
-4198695691655404688
-2708028944294110938
9030987674631429324
856599185489995700
-8033822222788542954
-8445130351553560905
-7424907450422879339
1723319518035306543
-8402463703917723703
-5586201827235678863
1107926622357840700
2099556822344825069
1455032837268845361
-8058602933117578119
-5082575033115688739
-32157531035737214
6484369928430741724
-2383461469106292845
6269868547532487599
-8338551576541190367
901119257119762394
-2546187622627830459
-8582444078311539810
-1293269041549720044
2362064365220909099
-3035360459079551195
3857569950573176591
2060389778771121525
5092200976769243
9184201512065962250
-3062064539016510369
-2704097190801762601
-3020137805055396481
-2668513681041529641
-8846328471351786983
-8189206538388937236
-6093166160714516529
-2576402457868955443
-4109935878109191431
2482945331974831570
1342113330474323094
-689288197944202495
15043755115231387
-1035328319762442661
4524671801803520509
6370977082441157291
-8745412297669364077
4450846663657180245
5047425758266047749
1700700829999008891
4598233493491648857
5349052978435590563
271958864408314205
7952257745092860246
-1580473396604911366
-7817779501136065846
7408294770488765560
-8995361764481390490
-6586304471700576927
-4049053818014876572
1899350266876136252
-5299062765833799415
-8221958049525443372
3528854695064623017
-4549924244165771591
-3505654613816552719
3309906589592876069
5236623188708205705
-5222127446167851535
-7042733280138951773
-7215316138638868106
-436459542648171275
2355346483016014001
2437279569739809659
496432920320340158
-4335248416877018973
507229027634720392
8740437610831162147
3825902826187061308
1315137730743758412
-3221842710675742315
2229045618590555148
-7363325915113257643
-3819433521283285467
-41778127916452796
6375506147278131395
-1816635477320418561
2162397832950721245
-5282287280392411686
5871709531704450000
-6961362062235668865
-9200102665947205061
-5987134568091548509
-8893266781287249946
7873378928537110723
-7139116080598341966
4581250241735238236
-8852102835922588136
-6621650980472190698
7176354810447788305
4789272970016902416
-8103702185131025444
4550502127390185701
-1556325525506302501
-5010304804226686705
2125465594153789337
7693289583745860615
-5453472813544466752
5966307975425501040
7804189584394244237
-4684921009054126563
-1144931378302504303
-5480830594951090920
472612177339238244
-1312381104483302605
5694759186172256320
9100252425257986114
2133752405639025610
-7660173298464692810
-4392723776662625017
-7442704512440596016
1077053043265345895
-798658616179421146
-2225959541898819649
-838937710288440917
3227482534017946118
-6721039152171160978
2223816009482092423
858887900641016517
-912057801437857255
5990643971588171751
4348669936548256451
-3411919246033268802
6532983137870511108
-2551639495330932364
-781567774576588503
-8586853966992834532
-8294938915737458859
-4421878778080225095
-8992310827918600712
9062321485379287804
1122128639336474443
-1936503669070547730
-7070366898739834628
8345476849985310592
-2397580239614229904
-8042502305154142172
-4826489729035568704
-6781947196974480051
-4335891328120284486
3389872944188409812
-5933529319810767038
-345657436202280221
733166851649727055
1689371551228651349
2488192546769611727
8791979780000830609
-514772921614063778
8849263401927260679
-4267009434614483830
-7388042479460346932
1000368994380870897
4979515820463301307
-8881815052511407767
-7653227567061728392
200412184380348649
8504474173233588203
226537960491245007
4789380969497002966
8979993632022618207
6047367954162411322
4312160911604167706
-5624540051617923480
-8730377980076497065
-7751356862561803068
1722658824117230532
6270517295110205795
7824352707681003517
6079716049519202323
7952120157466955293
6333880227589370192
183711509162843183
-3050319237708287648
-3076109650185737647
2456652501264703597
7906742494540097648
-8954288337775322706
6426253081783577576
5555275308589794063
375735606519449504
-1034019831152750129
1447884329230218028
502720779687763121
-2822768387807065880
7221145688176723842
9022204477325371874
1883730527435385883
2464557805588815106
-3845101476047814855
-1035048994653691974
3094271992019075803
8043199802067674513
5274609287829115912
-4966081697983541075
3255235469978994320
4475504805123655059
8807582867443457344
-7479011519563153970
5529810429485119901
5240666209985519478
-3499603277064787841
8949270525482741756
4602672239342061069
-1663329905623525971
-2869464865088269365
-5875790294542332620
-9168491959037931764
7261646379291282172
7393591447515806504
5913837557035402694
4955159676615191272
-4897118460464573931
5764183030350930125
9076852193550644006
5507654826969037921
-8169559702671177987
-47285920357024648
-5234206475418971350
6010458069674909298
2958209858399643855
-126299752278157183
-30924247350172563
4379673231827596108
-2275169472926382404
-7837730158902275268
-3139338710526489911
-8272128993355542943
-545363346357705540
6112956947532253628
-7762407787322734235
-2838805547139849299
6620656863685550245
3272284834109268935
-4254366389760148332
5086981349249704180
-4403064361731011345
-7431321163826744707
5260967182346541536
-6773712441430638927
-1359768719076853518
5417050165061520907
2403694301310792665
-1633258339727730018
-5083247285288160884
-3080462752764360361
-1352542680327328532
3741297594315024705
-5782529518642220077
8854876785083406461
5854072747754112887
-7830618664582806556
5131968702423132961
-2406655787604314976
5670311655674547505
-8385055858467694850
5849695807254149652
-712206598599057745
-8569985600716206754
8796676781903881654
-2551706743195533458
5205281055612877712
-2571726196164384217
-204328237191480792
-3736959990232646124
-8966225083912222165
-522494911702527164
-6832848297944420882
8379661062749266839
4564349618919047172
4488675776237834051
43351393592714794
-8658649237936014745
2128375056137600943
1710094595804647997
8523129743364987285
-8252176701155842809
-7731714712204706648
1989916801837535567
1571729547876743348
-6579251184823845211
1833717838857974457
7537497188127386101
3220546998969430476
4937176550092914471
7840645582241583529
-7601993900542191350
-499568141760067475
-2722643292513772458
4958095759543218827
7484707476784405456
-3857784359248940391
5687818650624280931
-8922409783555162450
-8671152471902058340
-8545039429831026006
-9541107418732292
6403021791255375730
-5983332009051153506
-134212042081339754
7317271989645480709
8289773784307778625
-5541987065360335264
1355279426372922134
975328954978364149
7662034346047044925
7442313361923242228
2461929851656701322
1622088145553277834
3264330386318336964
-2786374957754653923
-2348365997426863734
-442281860170937147
1128000180080097455
3464711423260126306
1319660807048554026
7699668878628451464
-9066420332237621924
7411744136221476639
-3916993933309204921
5883255436337568678
-3984127087798355044
7169309512214648797
-8985154773433059047
-3361596067062962654
-4835195748969527218
6814580139421907177
-5135420678909451519
-1870750743909361317
-7641632020789049591
2491872712681454597
1297080817918847016
-3564501739973222431
-9153976640324747556
-3330936441263411367
-4149191248709258334
3989251455755019839
2310321928411270985
4435514437918426626
-290525546066238969
-6355238317224550748
549688918488238427
3319673855789502001
-195424578675607244
1431483652567880649
-176084052699311238
-7014950961460832201
3270629766722374596
5731566835771088014
2350324040550995122
-6524185485854772193
3694768274081939473
-5139097626384920103
-6152327392785396255
8844755074784877427
-4138735475394528886
-2127318764841513745
-1312325263932316803
-5315018058924579828
1516438835282027879
6293392614228139302
-6544825225936639232
361980629590049320
-5126185672347686729
6698234398369316895
4597872265167015249
957041740263267072
-1212350833403771596
1102148808390080880
6121473394671578315
-7629111953432401540
6057122986168377469
6815108630609246601
8422190482533766504
5844473043016637042
-8424921048066418751
-357413632913690253
-7216474408989486677
-790931548822191002
2224319288326139229
-355770674087908608
5228964353713721654
-3028493178266850119
983059552071584162
-4592570158996954158
3166307608184016744
3503586373376302077
6037988270835665253
-4482614108715314632
-6745763493252948370
-9172893277100587199
1706071094149015850
5357618898628201811
1739405510722731915
-3247637872442039764
7512051155420048429
5535607254445544166
7558111276223251846
2840871868173821596
7433149900455082663
-688847485457499373
2883966093516865992
2335593696377490822
-2546895810913715947
-4457144265525202264
-5185845296879158758
-4808507543615927000
675567453317788137
-1375562008027157539
-3864479418663244507
-3225391010511468770
-8354481160536530162
3946122435636253477
3408512783582121433
-2505322823715988146
-653486148581807064
5016828305125518746
-6219753342915929168
7156387974360746623
-5823129130369841897
-808831755261703577
8113100647456633107
-913376003712491422
139595981632326525
10070202090965133
-4280035418596675764
5972764568469895468
-743690113665638025
-5042339710279930963
-2984774229994557437
9189613528166220134
-1500747721991663194
4902546945871147916
5832459062011479129
6356993404825938094
-5149231059481296015
-4486899729423572892
-8379691856792884997
-2334393733098836167
-6335072544457533262
5253962994139886550
2426624952744704613
1256191950425842661
8807858903247428139
7786588773095835619
-6022796204906973999
-4156393943091624371
-5811282528437674762
1864128103318538838
4689142227891900353
1391929385628571582
-1057061526555801059
-8597385493629254046
8508646772046552459
-3569467971943530189
6056158075757887376
-8633324964192674014
8919309000349838948
-1915476325882217444
6009313207578296472
-4795383483283018288
-2300223268877319443
3575342773398529322
6465880170864686115
4022241379510246242
3559305606544121530
-2649208684158791379
959979570555536396
278111373284737707
-153207588846070430
-7407899117299019853
2003315823376815994
3690553338503233350
4296435378628558163
-8048733058526732434
-7810879268463011518
-6027754214855245580
-6034322831403081578
-3251254706890713549
-8846010202711705913
8354501651095424559
-584964846633520015
-8938171086723718606
1470967020966417063
3989243686419105518
-6667683482346027833
557571588158689847
-5397045551842724076
2180707099767614263
690906503907194433
-5464266221764210454
-886860315036103060
2720509299149841686
8878343995211801825
-2405198990278800069
-3437551211933153652
8132563676165878998
-2923105340235272668
-3791013246961281834
2367951126330891172
-989222483096612021
-286876560038756341
3474732004208619057
-8927666211148397890
-743759988822548703
-6264433853667996129
6802537510509364037
6286086331222879163
5749471361637462854
2323090689091793665
-3896662466960066864
-3736993622155162650
6889419146214640344
-3584247205763747643
5442779311871820667
-3701783899692914235
-6131962581060106899
-9044006779651209798
-5316378100414740045
-6072671358523999029
-6882848074860194445
2126651368649109459
-5276830235014619951
400284777379502856
-1248084536535816479
-2196636332498565685
226731253126398802
-4876079370605149748
6837976282715954420
-5037342002984655321
-2646037390589894879
106805627592767069
-6813232834653644186
-6349988906262113884
-5620635920047898741
-3784856176184139050
4776403367678150087
7833238378811550845
-9217538500504890923
-3550797923843429784
-1525586818933093452
6239161213732206996
-1119615120809151799
5725457508466180123
-9082838150857793396
5649654850506029568
-5063024037408097374
-6070282987289077792
2624406099167394848
-6351036039154210685
6539636905044452911
8810299686248435672
-1817113154512149282
5287578952367803416
5709247168234166790
-8776518981422213970
5888845173196470988
8066492509958349965
-8336329084296033539
-8341559939182959370
-1473547225434153882
519863981521433928
6553530700485112948
-4626307596300764541
1015582857820210930
-61854005370781287
-2233128326792592574
-1241758651069098000
7716302392875570250
4938625745650384534
-5741613304366418969
-4141360108319644476
3821352933669198113
-7628833054218588831
-1051183467177506734
-9104887587209881573
6855319321136798316
-8065697129326071829
-3277334768630093018
566410456404093284
-614109556411428941
2757429966465984433
517307414570539277
-5934799626440545337
-8824285924999243521
-2656880737805055739
6941786588392323355
6833208923565457290
301991262761104311
8771744145126269629
8542496056735268164
4118277179640554079
-2400152580939531593
-1158601047134176503
-9072114252655603122
6053332148828535287
4797552125254622233
3221541322709799236
-2614972197491284272
5894118011799466270
1616480641685390159
2477111394132581978
7984998485727894060
5508601996887551253
6965923207304430048
4783313781188890561
4654001540633572161
-3721763004570863679
1553059708599225691
741476192164073210
-1603407624097428864
2612111339109534645
1427947762703133111
-8768227693782446991
-6020981921403846014
7577786126224485831
-1802006790868604808
3756140941295492835
7974406555634265983
4056331848627399672
-3950839185222553727
8129855199460095830
586989023454225516
3563896867414327548
-7742839098924581921
4597009955763404902
8346076957557815330
3159560373432236488
5818074102290070435
8670101063705514725
-2786411120799199076
-53859482246032461
-5016457831798409141
-5534329877477050524
-5481665068115959203
-1100051163501837620
-9221383064414502657
-1363179081590141552
-2591453300607235975
-8876355757105282245
-6585895737181502657
-4890013794374473514
-5475474195014475860
-7743293864838571059
-4253969493940580793
6226237476112565878
8168017528514138696
4751209650280988022
3156533502727522168
-7612917012799852636
-8142972209191980928
-6853528080679979089
-8417508089214313777
-8751918426370567773
8299741009619747210
5468704616395152167
-7775371035301658659
-2161845986419825237
-623917768516718083
3743134940264382645
3623584723574648633
1308219606249203301
2729284463900252723
-5403238735629534142
-4724438888452116619
-7184180926716018845
-2643835450864208015
-1067307903484151010
689227058409467988
-2020459796167804276
-3843993078755240024
-507129513993603963
3124306606695207839
-7187916258523024038
-4477061534578393360
1071767844455786964
7809685168096627325
6620129053146212287
-8174355892709288607
9004494575630192961
-162790222559965337
2567261277277540129
-907990400135200760
3761269203872214100
-7581709146012763020
2656884212873772067
8052708143299835604
5538198367109888212
3747378620621452964
-8349934144341260686
3951672154940228518
8827763049125758610
181706663419140247
7742895112010987018
-9223220856807827927
-6743954791428891483
9024845892679974499
-2357492443931434548
7648672890531617776
4321693889609067677
5177948904089159683
-84108564437980363
199325181652461326
8991323783359757283
-9011499856938951135
8443535652088165869
-6551478098797327403
5751350781414624771
-6719741285073308319
9189645856314102144
2587972570748978097
-5223108313190926305
3020760869633811276
-430875934502902422
-3459633567578747698
856924607517409165
-6673490330061385975
2146230963062058608
-194680038312201358
3212646236491225733
2308802693376810191
-3009406576010472826
6539601226266728527
2223816952304036856
2002117990147200485
6025860764954975408
7555693353622655491
4630014053481316624
-8941267467764570629
-77674540793852523
-4026355042140602760
-3513535908425258827
-5975352740060432979
653884487615688367
7418294199772602808
1927687480508683815
-2531550663582346476
550453610483500959
-3399679941811961778
-8701475456730304013
-6309478432015231156
6960054785535207095
-123057240222692320
-3107451888949634901
4466381799678780435
3583461338042296822
8485351947196949082
834180661686514024
7719510119740672637
3555549343199829350
-4332694933288025370
5062920823197091532
5529930733820379459
9190918341373106849
1998793290116486984
-7674961275582586044
6499350696166904320
5789798920782167149
6696327763938911464
-1618584832384613738
627446279990413212
8115000221281858049
5498688724194415370
3271572827668579843
-3281612075897065280
-3471863162193931373
4017067891694776064
-6055486247471013664
7438305668693486497
2896387061871254315
-4330028988074125671
-2629183589342379887
372543483922437985
8555464730412910175
-4474091408902742683
-277339027637092889
8092831879014987830
4939345463679386808
3328933203603710670
475464088042124769
-8476029424443856592
8377633293829794767
3547908425585665054
629577373714418153
5867225442633571588
-4464150939988712636
-8802869459664855546
-3258793489726274180
732196204588465911
-8927642285835520718
8063392852356905779
4830844925279699034
-4984263720033561261
-7561469067656455775
5617654115340671203
-7127693376679329064
9144927692160386486
-6435474896560611731
-1297348275591805201
-4820695293802710600
-2409193750599324382
-2165198467805618758
-2944288390878625378
-4509954782649955871
7990345567505435136
-7903010809751044277
-1542503675511843354
2523311256001855515
4015937020503125742
8736593884886943195
3447094992898346227
-2031452726755369409
2120730882828810231
7267356885963869152
2208156624093934615
-8764047791414473000
3432415379286179345
7378864341819536628
343584440597879735
-8513209200714749694
-2070013070371042653
-3706222243361957768
2293191245423831945
7911861731880299200
6602121636266149489
9179939301337451694
-8173313864916694016
157422784243708963
2412442093406055089
-7083463637283917376
3157292871721857767
-5252920641414407091
1534643673193724569
-7881709807209127095
443172071176284834
4326570794511896881
7995967804790035199
1640780525642127734
-8271768456046235469
-8490131261688349354
6271893935278647964
-323274475805256561
-5220399605850885404
-1183758971564709818
-8865270693461951268
-1148433700660221549
1196168435624497564
-1121894335432548869
-6569608100638149332
3780701425316862821
-9205718141437637229
-6604597751530802810
6740246365917270650
-8632478916763596050
6034127175597338168
-2348870913946847319
3697046923875137332
6546244820496940541
4045705438638115979
6911560852795910616
1434477014935054514
7776686279019533085
-2963159117534015446
7207568834429808796
-4082760894746430840
-6895584057017377461
-727849779844063440
6011809900824268276
-7297047944273221517
-3011853556949057617
-4672705591912980354
7965599262320718812
5473586252772149973
-8159714603960437683
-2522419708174714756
3183557674395237865
-7066643162339231485
-8491483411100807146
-4476764930045555997
-4552351328617647565
1181105744487336111
-1002032737351645403
21143831725119648
-5764811329508639532
7313951664849319075
5660393409541101470
-937540778614378875
-998768792430264157
-2215564166162944964
-1759278917850329087
5608017182810594522
9133609363553978127
9167914468822253461
-5659552832903416124
-6447471042430062802
-1332650947766480687
5815101300060800226
4246860207691913436
3578841140844045435
-5974368075843474650
-4630540323523517996
-9100093123148454468
8590880823286203707
-4799719162308327459
-2800676044910110949
-1066931367500823497
-7645598459079377117
-2152283544345524086
472931172959663045
6995561469916109737
8425364527931250437
1736390467196174131
1536492429051189454
8924089555377704183
-6185483867421229176
2472747660163086756
7433942187286843168
-5368885259662337373
-317428950049788481
-1003069863820210718
2754030575584025083
-9135648475736414512
7201209363667366059
-2924642559038038385
-1476686885475267697
5217710498749086245
-5274697062500521235
-5132172596492426643
-6148200559790377587
-865235094182413775
8264742606134794333
6177307937820105551
-7220425610630667355
5483704080302611109
8205553291895892060
2114042239302582544
1567208927915280935
-3670910673637003260
-8258740286118146441
-417608381971056599
-83988849980862668
3125412832144230390
-147343155152859888
-1912285058502140275
-4969208228035765684
-3662154384276981595
-2631275631911971337
408296064447525567
739090510426193104
8634896309063049420
-251396125472260889
-7854570609700400130
-3247401462400930468
7620792598512127868
3844883692282424650
-1889543474422572788
-7965240935721459474
-3282874932115702034
-1478982528829383026
-5572364614643614059
4165562378528639826
4737522701719092184
-2124384770633723365
2715628838903132512
-9136642536497911981
248392997976882182
-2250391880359934592
3064125034474873468
-9016739151534015398
5242046389722040331
-2968214195875494652
-8251701311521215676
4121944362452489870
-2454204315406655764
-4148255189080625495
-4990680120837329936
6774366770160950849
-129353668657221222
-7782877930932144747
6849609040219487159
792728356264282324
-6679397023113879819
9007980760790675677
1986842343192604014
-587035663391502975
3593914810250010833
233369405680855246
8675998935618366676
6768000091060834289
-4422083866416745669
4155501645726775734
388257819209556574
-3014369981236404873
5877607433130697498
6814838326478386404
-907395582608119862
-1059628846543950499
5581954428366270656
-6321452708098079600
8475037632087462292
8226089502980917472
-4233864394350526534
-6634601968490611858
1135500799226538927
-8842988976803577313
1740469329062909827
-8100158021452058009
2579361187241192897
-4454271954655200300
-3553949030129791955
-8405290659546244510
7885732814119053871
-2500825858364607768
6516902271087016352
-940741735090896358
6173787414946313535
-1331554313244222983
-1758888118551099194
914918750413655196
7405014201594188088
1162274720907047996
-6748324955844405874
-7563865391498999954
469785217646299177
271444797955150007
8872539568786860735
-3070844475677971718
-7328746724676895354
4610775558585557277
4596069058376731204
6278775365299140508
2928018528136053205
-6228255874265383380
-3107002128932699017
-7422143106811804590
6204061059016892143
4754542610412532043
4983853189167263114
9170099416312834167
4114476113137792247
-1318006297374446091
3712576982509981093
6019231409187136779
-6025299459513870201
-1773785110361263428
-6302380795426807965
-2399017263529832001
7384548860958773803
-2495642060387836761
-4953351975396372341
-9172675629059460407
1935108934760785256
-6299645446465716918
-2494576993150883290
4541741869139767684
7840342714618659532
2541869201960780542
1013276761730383730
-6517229214835795741
8546239701827658070
-4424647030315005888
2136072290519669081
3097280205760752650
-5123616963558964103
8415096962496305164
-4397912051201784274
-8996772713100129244
593725759028593695
7827046359073539651
-7225839408318601654
2174795196891868378
2378420854308596238
391875219532659505
8222885579403663961
-3916013841124702479
-633990773833426061
-5376959043514259577
8849231571720290069
1144303089946579887
1655994239084056855
5488728192492666267
-5506562471695739532
4206364062862144644
5267739321369229607
1290742083174569832
2620093346965546078
-3671858641030818194
2890797500368001723
5177577803507500222
-3503659782467742384
8817770381704083469
4419551038620749237
5927656574213212172
8036484165524810001
-4326601670488114789
-7244157507325112397
-7600042235801411163
-9013180427823234923
7563938594074978594
-9040303638136349074
9078482974858284993
-4461567590986721287
874252614432784573
-3689990355696471118
37463132633485946
4551995525521957251
6468858474116829135
-4001617490415211385
5612018283544775367
-9140052988312543256
-2051881567926307852
-1045298622387499929
-9086583346124110747
-711928191629722513
-5491989132635797757
-8573730576719304583
7367938277955647791
4565395748692490647
7505338692297573565
7783605529135766001
2837098990989413069
-2679121642308866404
6526836387488659956
-5578140913965261957
-3345803763699120644
3133700383991221895
-8790347038310250724
-6330745014024766890
-5282134252112387007
-2895957172836661490
-4889252729736674921
7519737432282808117
-7620097179236061731
-7068753747511338985
7594013308568985319
-867358218852363873
2544513929031689639
-4266854766488460624
-5145058057932123445
-6363246569181426445
-8574561665277361307
4982098538580359572
-6734002619663117763
-7920338555590684074
-8147455835488743051
-3014919863977534080
6850988842881253529
6017140536735933333
4609280591921450462
24949549272168314
-859312359781766900
-8852302277657188739
-8601147917413902990
3804887082878060807
5893817833864331615
-1353057527165353802
8891467188166359430
4692400534465068409
3666210251996255064
-7733495171336021770
-1794876984210946274
-4616542057125394884
5351847089234961854
-7898377205849136154
3565732346343600630
5222152988459840993
2471162953593416284
9139265490419200549
7683405690689717974
-7644320753214854563
6057146513403541358
-854378820822809373
6260483921692998483
1915519356233842878
-5619202819398159057
6308357741119615669
-3390388926675934900
-8494965161215287000
3986057636019127956
-8552765650941492543
-4143460429439349811
-5127094844475999842
5029658525044103567
3289670751041771469
4020366330215692067
-2701859118557954505
-6156052754230394887
4150780306329772835
-6458981971953348001
5114677816544114337
-7573297463789652426
-7552266245584591980
6242227386136945084
-4989932038849126077
-155459061589550607
-2252460066183092804
8741351036048539992
8958306478580417012
-8521136124212701677
-788187505581730030
-8634772428090676881
2944169120520054821
-7810482674864150414
6174650809923088349
-9165542605859673323
7056039671127093868
-4158421185640667975
-7188540546504962441
-6931597062133350283
1884690421296811230
-3116316310481634957
-4810370384613840857
1083876918418995384
-8308495593763946183
3601535973677275688
1565546411091745545
2933969448639363488
-1384064529536751509
-1960690604077390696
9220091479319167405
3214431643302593470
3368654501586304136
6958945337805321200
-7218538308310991601
-6950546746499310704
-6039013950168433690
456328836145901700
-697634569472488397
-7208412559076402223
614145227206592313
5553830118136483893
-7983688737489150729
-3051969236453731691
504923863037212592
9219318707473029356
-4976561527473172930
-2775984576455642887
8500452549099577454
-4619352385695009267
-1005895206691723956
3139786249414563490
-1339142535140455318
-5492990789298516649
5442802421287568622
-578929378489570379
4747891562601836553
2117661808415826806
8049588216503383354
7911497204585132644
-793447381927413366
6116853519593596224
1209764697921556105
-1152770249104457081
-4172611488084884216
-5836113070904321126
1710122897519183309
3563600164116443785
3310350503068812274
-6111480411687475716
1028302880463723805
-1046054147586479202
8274168106423873090
-1384987921950597740
8889122815370490381
3617513655621304633
-9218557896510529549
4597941882171959100
-5858379484333462405
-2522086227091928886
8186675813143867383
5098723182523392928
624843079955395294
-7907487033339308962
5208114715139976641
6226974736868956003
8400280067512719122
-5720281798802355263
-7173982642411830343
-6272861230732901580
4537459013552591654
-1431975415168379108
8702911283159017438
8244629839663543031
810592743297860687
3973930244259177812
-5897934815949031952
-450198024139679921
-6569398015861002614
-3584394914590741291
6749103609611446620
-5672322132738020652
1569695798488479079
208179837184431250
-3837854749249720746
-8481505165928798677
6376851679976554645
-268201497358873611
1505014615639729274
4442970518372232565
2755793908002549417
-5553417767539142086
-5208726737124714198
8966926553136732679
-1981018516009607476
5083396476384704714
5230928747580571514
-7032481372613124828
3623311034920086112
-3381880768515345745
-1078650016869177500
-6486907547205496692
-6180812931421364497
-1186867425998083883
5260296791430022718
8494167579213903573
-117188814913706920
8954414956686699779
8340290658135731275
-3044944731855875006
176783745041661692
-197856103669363250
-404955985548805213
-7841595209181374045
487078976001645879
5302515010176537066
-4422966935578844296
5283346555960405971
-8000004994554328995
7212332703743698641
-925901759782711884
-2198962342592113183
-5822055564969916958
-600884473660697077
-2908022510585725707
4478380038112187832
3469263671543928283
7211717105745388815
1919259562015796130
-6423286378019450901
-5267868877313779763
-5735107887194525289
305923248102403829
-6265797852754333560
-2307261873636074490
1152188366501266233
-2790915429222968052
3882817749815383321
9735133020832261
-8484544447199586365
-3038812252062719293
4554457593636002038
8027534430833401510
1700467021634160094
-8160422263169216809
8487106058074175876
6132199532926132434
5371442330126812423
2442731258805202398
2388068425487574331
7402879616260586657
3433224513746709924
3443756018451873331
7057697517226845595
-8008187032012980387
1712482136554828902
-1420473175998592752
4068516148958598206
-7587209721423016847
4470740377579782465
3958635129549009401
8833679393087330186
8266143995468518263
-8885625931398438256
-1981398847011931301
-6151676641039112253
-3886355277618337492
8265676442229598095
2993420602865632573
-4507361808475274184
8793778037568004011
-6808067968016166322
6200805961293366353
7274379996485692435
-8715807142415219892
1064252357252594476
-6410000886967295384
-5504104850706415913
-8481741477526061859
5595663407031493712
-5702830653156415928
-6912951992701175319
3153852016693437695
6855711100624234914
2795910193594961254
7241053953223916192
-493425182428964652
-3193657544981822037
1199667727426441462
1576676281997279353
-2307000413923348163
2674915237595058948
-8497964958801340272
-2691884584481770390
-5919507727792257334
-8995741829544848035
-581020230703278655
-6334520865268490573
3079827615415302211
367102280043322249
3115110323511404062
-1920656607688152606
3665407462056498720
-333549063464563082
-4206236246036367673
1430598933750134447
-8526487315955152707
7846622224928476264
-5042713063698755787
-1861360397528514699
-7029545405645018002
-8233699689944866412
-9048402035521410139
7772870378895056322
-1396257570023247253
3639790698769173420
-1718111348666112942
-4925071460329389681
-6170529855426897100
6860072053093145163
5622143628782370625
7190184461836438834
2180171180166133915
9010659406488434833
7629224678894389018
-237382401704343005
-5744283851933825012
3822226602499383875
-2835944486191068023
-2895449046173687918
-6321356472694231934
881988976524162677
6332080463916029452
-170538529269713134
6168474092511608071
-2575410758142653126
260860102479521861
-5033616605517853090
2527734635632300793
1196350894725845608
-3230849570333248002
-2118023021160464249
-8255927484020630889
-2310844043293467312
-6345063710638204881
8614088518031399524
1279745406446341233
-2345075230384385300
-2857868994434556700
6187953740318358612
2617550902823938456
6811307043197378244
7375385322429376797
-3355137574648929471
3437660300375843884
8997553049467863892
-7233624807200083784
-5811354429966676926
139152475701356270
-5635151713932864262
9202427464321313677
198939924407337573
-7734552033729922039
8696829161909710675
-4743177826529289719
669377616176144941
-8400642868577744435
2711674884986502591
6263335780613236513
-8017857999087118543
-5002966487543965767
3112556533978693056
-2118479352429754396
-1015405965976129890
-7899662922398270803
-7397039460584722482
1784135482451243880
-8579796331957417491
8313753382932481889
-1591575257702125627
8961219311866083292
4286957260779462386
6396999926707428565
-6393143629178334994
-7248971752098324039
-2788290636760117854
8898607577783395936
464868316804516281
-8794340133203775174
5479470790292469647
-6140890463544942573
7032382873334797900
-7870069523179031007
3215515895962496912
-3805254192894892123
3032379004514218666
-7726450427059659037
-4133563946423760204
-4589133729930136696
2113221030598862632
-1901013916485371267
7231267136475191740
4872357037592580443
1867290099664384351
7545360737965000329
-1798522178241715928
-6034280055739375923
-3127513753281397263
-6117728203374125153
9100529209093952299
6567228127431932185
-4460889859927781538
1714101970984396445
3043556316879328988
-3245479614397663168
4662023163722736697
8711950924549384508
8429276196393625524
-2801019923866630713
-1545327610325932173
-2142963083934827672
7232562601013001659
-8492350080470512207
7919064613213084043
2424614766889367407
8235465337487850338
6480821037772785187
8500812296729362507
7630184904135207830
8103622353990436745
2443067323849323902
-3667970888480319526
5180717144829594976
-146598590131339958
-1550311504170989248
2110372370311518655
-779027283930781564
-1316428649653123819
-4058223008570125959
3913288225478269153
-4838819147479506849
-3217394479544050090
-2729332882820231606
-6049221234866712683
-4017624421226874392
-3247991342150000503
1564618804726631232
5575799264940400222
1309762245277091050
3648330897473097419
-9160357109866642760
6035089944059188324
5026651117881672536
-6848513892899821904
-1454125396331481317
-8730874565437802423
8261921270664105314
1707906300153271867
3155182797904507763
-457319929564268811
-4491392686933776474
-8980731075565281307
-1046722373322721480
4727365262445641554
8065048891410843092
-3680850215272665427
3579585709542524274
3380128306509933374
-888152858761983383
6645957608438536026
-6095571315714510834
-181842310392560048
-7521125620111423677
-8004091006448814020
-5548394758955741942
-802710076282366396
4403191998953111100
-7079136507900141033
6780383301394710683
-4631186613943763707
8856357135962436525
-2345869975764641112
4741413871583368712
-9205217757373850403
-5499143403458151283
-2173775179594382454
-3820151405090477536
-6258258225998016011
-4859178886950416701
4258778214980413230
-1844003629337529222
670766422025331209
6677152702620304790
-8106908501449827253
2222688678672251251
4641531804591082736
7309621653663208585
6540054713972818509
6415926471969797147
-4615618558014159597
3415204858437030593
2800159065694529060
-3549500360972563431
-4483723013438894389
-8190972563091838677
4872269363607118426
-8271831735606778230
6862137149690508538
5120587962182016150
-1637289639791704617
-7832751620839598123
7157978514096471370
5191132056412403878
6141381990885394974
-4984121831720233171
-4817935410109710907
-6838659845092978362
2683481472365996174
-3748912559821620811
-1706827180380252905
896999518914420676
4669990812300923487
2864974497411979652
2863782738187107263
881620473755991126
7793639616551347770
-1351766551377637717
4384045665850918150
-9118778915768462126
388637073757154494
-812459673882573623
-4789559748058340606
-7084963836399778514
-6948981938443244252
7109579611988595709
-2540655423252787214
7808635131832583148
5760121389250470851
-3159508741435360232
-7978818536522917883
-2774816298128707353
2523478203810818910
1907574745127609451
-8239751569118687693
-1687940258445691613
-1170845656406650774
2562883866791164578
-6294479768300048307
1022401655821465137
1881593499041460213
3008686258869473347
5961004562117193248
4522215947944494758
6030676766484258904
6600489474539441564
2561333484480066853
-7469650867112342581
-8907337785715777750
5665903678991721086
9039894198395060154
6734827402483262426
7049903172294795130
-3148214199903387291
-6821803607978113599
-7665896113537586971
-2129523319656660347
-7623629370651862143
-5748079173481614666
3772512510460159820
6444867597869774211
-2889301233409887415
4194097279386262418
-1862263410213385457
-7350272928109761862
-8720601499854367503
-3047545715262205049
1471858520305782530
-3241143128369851426
4127129293402133704
103948584879605269
-4691527738808471053
-7809479151052465139
-5343218876673524671
2162735077527534073
-7357747241548928899
3443774098587656450
1781343606257574107
2110781791786087517
-7964482250395248653
-3064839349197095992
4248620682505514103
1881511119550608630
3139408937731403152
-2449921100069592394
5278665494041839433
-3306969993354729177
-6319171868414159214
-4171808344698536906
5246140146682381853
-8285604998346232573
-3973351647049753637
-4926048967099543896
5118794320077923515
2625980054046977652
-3069561572627216447
3883282743210925063
206495056835031683
382473071022980334
7493950586691387595
-8076036930688264478
-8847614816802060781
-416491933358313363
1792299680074625189
3343295746809103171
5329750828164804301
-9070310164215756200
-4298667777485122876
5557454566836174649
-8918947150639614934
5447972420411711125
-4482623849436342084
8331840756404626050
6176573081489577245
7911361141688923612
-6605626962700961343
5811526086834130914
-5928298013345061705
-3104780991938758268
535221815060428463
2003576209440658449
-1412208828130650558
-5374232069833348820
-502245597372706241
-8513678183570484366
-8937305433938800757
7059544616228420032
-4175972207137321834
-2921610331553240318
-3060137636184880672
-1726948008163315788
1895522411129775107
-2458179506975540946
5320313460854481401
1246634567435843728
-8090853884542009223
4664372833944107592
-1939887881180711128
3661732173848813915
-346997567014193061
5285984657513222533
-2234216938050312684
-2361402268774008111
8712439498642762917
-1263552682204363440
7046021403479516052
6265188202162047153
-4300540065991713996
7817563505800534060
-1535924046659910062
2860901878027660404
4623021918890941007
-8163456307834224538
-360742050584078992
-5439742986876607736
-1804791997846268737
5336973402241984425
-352230558146135506
-7836150400129327666
7300608893786357545
3269820208733767164
6006850774305555359
3921191860266973787
-5166665302451926425
-3102196049474448607
5430154666294470096
-7572479899976517071
161229746052909261
4687453262545407592
3419768732115144723
6953401824256713878
-1694072379630975851
7394425418963416210
6396495855092476151
95016291783783321
-4616930542586066859
3110719204637365768
-6797760612059310939
4325876652794063804
-2315173353963157509
-7035174003649415401
-1957950255753221967
5539529677079300377
566811123983938356
5912457165441529719
-6671237162723182634
2721940114178580219
-5454219598771778463
4028357255684977542
7197907509609199843
-6304901729417462460
-1502074078458012506
7925823413684422412
-6137623826011949331
-731923391094328016
2773309798536958895
-4717840241845490252
760891446215629610
6907776767619138896
-7370302135573411355
8239254126437137198
8880263391093074668
3476591069561007642
387208530719974842
631189998622913195
-8518618687655020244
-7074548168651772531
-3903159917060019868
-5595085973936907780
937904082292187812
1199743096781631391
7651378612211657453
-762337784151276281
6259807955927058620
-6286058136391537596
-648822278700102442
-7552814085043156090
7262398872799097195
5987842524621020388
3447426307050692424
6126414578337519649
7958625223759056820
-5114171386398142556
-1825183553889818165
-657135035775136639
-6739631150659101299
8132337202252780596
-2292047967126989759
-8339611858939494423
3883619163946981687
-4422053625660756832
8506128625279953982
5884008261881122006
3864505761696140676
-3443404662575363327
8610567508446715506
-396991077206703624
1978356267660468843
-8514211216927694625
-3383442586285637018
3270939110974066907
-4206957045044421663
4641144332075025837
5866670924368150297
4808114118770534221
6637399131593019861
-5138853895085480119
8489514080611274658
-6103770996391203540
1055930610769628508
3729585930763110301
-7149168891627003599
-7445936806409066800
2594388946152585249
2274405594762327885
1509218599701924458
-3990665629438657644
-1128357030501461844
-1249890539555971035
3220964180426438988
-4580911413532061058
-1817780787378849122
-8616125098252974301
2960506809789999520
7138250220463858400
3563792204032622809
6846534782876019127
-4028978159691999755
64819436170113768
-8795911249061322577
-2645949324637107346
1687645308783795733
9065371444226462204
-1639129693860614624
2776682632328955505
7386583254201191248
2369851247316207139
613827701815748137
5032506731224692085
6601202677893571068
-8897579048088738183
-9154712568123488319
191490678477597530
5909440710560584951
-6783714520605934304
-3554927823304327692
1162659179068045797
-7909609608122220101
1952148635969515605
-3919110394607984028
-6367625356194736078
6882101290688998268
-1684580102529329656
-2424360342926127320
-803371686601196956
-9148549286103305112
8784725829345089314
-7685830700913171902
-6196384948187409102
1176356012589227847
220573930800682537
-4401794435130799541
-4195885579318417128
1106063885773986657
1932269595144674241
2399631878790737121
-4439431927013364406
-1842770562874000811
1554101322710211912
4185638958655198932
-1218843979081192005
4306925869130911293
-1570837465843207080
-2830673578591981304
-7597537045714261988
7166520883622509121
7928670290997018029
-2840655879291307356
1980698123241094886
1726182088043646615
-1879460125742492799
1471113629357349183
-2671281363643629395
1336331180607735181
-6420201678442225585
7023059987467317321
-1210568224628954729
-4165722082820421646
-8653650492837934837
8431015160287229925
-3386399917985209275
6687820787308608123
381069633807115014
1696965857879437029
1069830603048160327
-3050248116016699191
-4312752174487131231
-5718251821092382052
7732105584753727723
1509061380165366298
-6135572668139416332
1693981897126881536
1171586887546917327
-3487906671955002181
5781078921859085256
-2604529446446511175
1207453150650185876
-2185118204855415052
3856531906476333089
7945093535842585548
9044658067825385020
4772249013888102928
4851313020729890031
6094039995485033524
-407804441912825934
-7095422493634184281
8107720427627374461
784792004028710031
-5760536318908512432
4803142879925151452
8617135732996745345
5471890671783036441
-2539642066515158982
-7212164557769336156
1209666818165181829
-1226997629228805930
3172098003950152987
-7128789433113931055
-4690610445073359649
4062174066315516072
-1247265557384993185
-4957831564409934497
-6664135697190986783
-8468904968846996430
9058254008277937902
7204591972586980257
8608755849368066749
5779699623887860727
-1159602786797597341
2182643246300305615
7463978009494649085
9195880437008076873
5272970239433244655
-8263740827939008095
-4671443680584860749
-5541116818981734406
-1724660784790897491
6371816337241370920
4601340670148662407
7467480523594312869
9034898977988811021
259597401651627457
-2040244193663951979
2385854204795219267
8102774436044642902
-4317990829300642704
-4375648741485059415
-759120729256046857
-5068356142836902517
148159947097875517
-405832866918631788
4326796534176735138
2676995229656782650
706105281990605905
2362083013800819262
-2736772938041361947
4702074281257241378
6068599828034291008
-2897499966431137548
-1252029792768129914
242024127964124585
7952259924357200038
1396206485415156239
3012267404603731729
-8202613324162833034
-8975993598644442574
8615551282966431036
-5909338574421979015
-3377862512139503425
-6147218505082529579
8068289589377580380
-5405042985807371282
-7741697941401227551
7248156757332900711
-6407577426489888547
6497958867726130245
-119706266682210524
7599121501434060186
-105650726139341598
3400756923877045128
6067888912181027935
-7536468439831997354
5234403357125240058
-2804572374831058388
6054066091332348561
1881669670028630120
6536592411080948521
3018546119062429608
3889775990042264907
-7824737530474425929
4188673860664271844
8895549630219479503
131608573345783215
-2404900758724778651
-1014330510248899320
3488559138232562429
-8803395069303939651
3241976835852723095
-8622828823714895482
8731570585295310264
5190595632059665593
-5689733059578315177
8916396514197423705
426149063641858938
4766598966386823381
-8742723260841374955
7423248667667842036
-6802456556480940361
3953961074232624209
2594891531888982878
-8238992206048260986
-765028376978720677
5885200107261111735
3783782428794058588
3430489906021396572
-8926622239041693937
2007089220609296840
1543855739547029173
3325969121150444435
-3228967738692580992
7415916927004183484
2462279454141114732
1547193820021140827
3606457290297584219
-7836895065879540959
-7068830405858165530
7769490390077658298
6532861669009869153
1761603232291928600
-905048059412348246
-1933189052454706082
3189394420157388122
-6357654997820525951
-4915274109907891878
6328844367516054295
-1289413561429757809
8843437285950962007
3649887980152474703
3903342461474132364
-7558649352959936375
-1796099538273429716
-4629986269320549899
-5657102826902334379
4647682312477228808
-1967568060449864788
-2472377557161777145
-4550520556221338526
1991018477310863694
-6009628398366069088
-2997002765362465117
3089055231290466148
6322020095253614577
-2158049784358870766
-2679661187342407557
-7333900434750882393
3274096007099370849
-7618743196485868289
2263053891811239380
9195868210077089718
6213293249762052667
4723599308802421913
-8808907169848020215
-4273571612685487778
8809238800389714046
-8172175539129918953
6133871259958384910
-5352341060727762611
564041850381473447
-143053919385711749
-5394536191092387210
-2137159757666104030
2258439823650147310
-2337295233704669551
7338490156152895015
-203522433794262784
6470403581132864112
1013089146319022507
6390479298404455442
-6660317635278805105
-5839852988133795374
-4116238051070084708
-6646581674539330304
-537181223942138177
-4098401290581798791
-7878148282731010991
-1895405180033824095
-6692404069011158854
-9216728754175714333
1956730148208439424
2440827657977146359
1582471538204789942
2156402472876046301
-8931001168268795519
7846488847868857585
6975100380876306165
622579816922338830
436504296759403107
-3234623161395098277
-9022293010137961092
-775833619822606554
-3642269260475832777
-1399548617078839081
6361470550218594295
-9071371519873535279
-3135117589796701330
4360398005960247497
-3178992936696649542
1224417084913488956
4145635254016948071
-2539815672052454480
-117048662115240868
2461562817634944698
2931495426706682623
2500386086083390858
-8255567545333122999
4733444642122880885
3551584225750848257
3330944143344634815
4939289324790304693
7225326143844007636
-3671661123762693967
-788618209513198589
-157897759952674102
1432598988585132600
3921602087319038268
7124519452858732679
-4390462086862334576
9069523769056636065
-3317753053796559070
-2766589503115964420
-7764647344442853259
-4330689542362425307
-8998191524697371199
-1657666645815623429
-6237764001448060375
8244754826357014966
1911012131472698440
2342172112263710868
9192302822220040547
1325288556655344440
9190420742024368333
757726104301378383
-243126335498526930
969387162984432627
6959539906666985875
6837157200146782930
6217554699202014246
6803695839087803568
2329757105083989586
4397301001411630037
6415586232354394579
4290884966132480435
-6660260592796345495
4945624604361403851
6994758694591764352
425386610236570375
-8023884151407148038
5574970076045398525
-6050378301029183440
-6391722791051177388
7319748543371782128
-5025482718584204662
2679470665476972285
-2755872175571636686
-8944903538956738255
-4410807537870673720
-6911956240497024073
3593322526257704450
7231024839621711474
8283848935107821172
2545890318637295449
-992255344068993453
-1872862597248203960
4320947422077972226
-3989389580995493954
1421581670522717174
345921151679422991
-6950885202354656781
-2429864802137344022
-8664198137633057074
-1093906003554219313
-3364194670037437148
-6961089236719503699
1054177172676069875
1516813184757433513
6238923642400028899
3787132683497308639
-8536426075183325939
-2827625658764009945
7862936898171217808
-4965803319591153132
-5252623385236982983
88480121845904817
8294033381550643947
5331322312669671674
-2757281667078728915
-4971684817409671033
7584149955827128389
-4527944582953152344
265881328695594556
679022474048776363
-4380150080567502321
5126901000341888718
-8392541978017811461
-4350568319712948879
-1990384690593463542
-3818411940641566877
-8837476184850425348
4352008512028744505
-2388761225788273025
-814360383439403447
-4677548261972425918
-7713280528809081489
-5084947697091521448
-5691836044818467942
-6958394799759961359
-8851779646641978235
-2175403021865599422
-2507755532486584629
1767598987362467372
-535796240202489153
3840599549097523008
6323887979815218596
6086234224863542510
500866979486535424
1910629070653505563
3585906262606728951
8445346587283132580
898527266406904113
6069668616706228131
-7411092031316767727
-6627968836357336603
-3688972552904856086
3844824774817760343
5902651798649648896
-3903951008347941934
-7547270298266109224
8230496952406945949
-805722679119604529
5518147686198665219
-1483752576283458135
-8339007119430203758
-3977726656363871204
1071099382509895883
-6223403569353740
2027331741833814367
9029929577764296773
6292287574737680975
-5433073139556085684
-4380766631077924189
5497659326205293070
-6092400132963988576
-1049023381151705889
-2277227547056088386
9076056522414950875
-6152641947462762879
2178968208889453556
7563414532764219851
-8036737201585087856
4889396131988457969
2747871403148465759
1431452186465934099
-4459564796090267647
3741771791171943846
-1674967636262997311
2018333440324467596
-7777145862882456077
4040749225926856122
3710873132589816881
-3198990320740238581
-7820067847773892434
5645987244137757614
3339904412419073762
-1228369968114727346
-7055390950788129576
6346703543761826763
-7760139189575594091
8815122072280218440
7248220475925097050
5028813381535940651
7026836945539099916
-5950158480325714019
-6962022385745765512
5665680308711235253
-3218346407746648068
-1331494349721451376
-4881019726430405340
7197082134396288683
-4727472510480824109
6869282250479836240
-3446648454796806755
-5775730569696844265
-4722499915949997102
7325616638582662327
4665453594336128739
-3479556640432465940
6287216499925109051
-4842636642562560998
-1304161337829650732
4858065717422624026
3615315536357159167
8287782983214325461
2657736531603187022
-3718051981905150037
-8100524069560950270
9194516782772408042
-7674876549171660561
3896630025877501685
-2274693285674061664
7589467990060750873
-6102388020752571471
-7042822830187253633
3015332093884552908
-2977473723993908983
-1177724485469005259
8024776737227886482
-7696080259470904953
3824213976745476566
-2679235616401069926
-6732337717834207082
-7318335706169433555
2000798689293077702
-8559010245831436598
-4467693016086486096
5155942775288938402
-5567699511754662080
-5741541152285540358
-1550137471949593171
-655698078373728188
4557732795928613413
6291241144634767567
5955358306956975602
-413727704876583838
2305518366628557341
863575952412239348
-93052086928253443
-6192809812089783034
-1111033622752128426
-4630856241256627651
-2496708802056830624
-7965683962393157618
-8273013414603690871
3642986889624422823
-1223822903737464635
6232078628164459628
-3488211305440239863
8834095208941503457
-2358929804245510772
2323492337940967722
-7243439431740243101
8318570557309580448
-7161068015375833251
-8979280484421175461
-5046781769835962127
4766443139848761107
-2515415849187774490
-4633856022605628974
3115815887750793201
7838421758369948476
-6255482569786743947
-4030398781080529437
4758340308136334286
-6478009468001313919
740277867473103682
5670186780030508121
1260020873093957282
-9045588939369271094
2684873496843113831
4506095849425736589
3367151424819429218
-719652632680889165
-6652855970515428515
5798259064028548612
-6757723581008420652
-6911594744836023199
-5104284953695767703
-8118687101490745458
5497316103599573954
3610416401997015843
3866720967314387219
5407486768512415896
-3364060458427413086
8808187606172070217
1582895422539865757
-7198067817507551186
-8160525970039481341
-1388210204235265392
-8092343249885754042
4050398412529607064
4757752418252012896
6826197891611687465
4569743015441561364
-8650472153564385665
5549448450118568385
1648702912457738706
-4209165174865920710
6384754625544201495
996531076003781548
-4558594167383654700
-5606001147832113323
3536796938602367781
7186851558861178646
7904532383389921841
8319646088130429162
-4223606985792754023
-7199063865907803683
-716346866726412942
-2517258217104191172
-7569313909637559222
4195705995521790733
2895762097421835313
4819745897257989916
6755646255629529158
7879342104303827530
-5205063278137806825
8623381321368386848
-3244312163831562986
-5068229904534911242
1727673885589926947
-1439269787194119957
-2609181439214415531
7181341201029956307
-5754799846235678618
9121920495320765733
1309768157544981061
-8975340081653626086
6239669214360757255
686608281408693411
-1797016810624334029
-4684047170951861774
-5006399226823128396
5306274648877459288
3042558860397599114
-6563150688042720857
-1032862327196716249
-8074180464570630609
1919235236387021238
1713843199609604451
301265830239184040
-8914664713355838791
5325712919902520690
-482438824669014133
5948856922032133609
-3104661529284564701
-8065135350256759879
2652092852056642917
8066087114453960533
-4573083551355537655
-4515417202261919110
-3226910313944773128
6966585923119135907
-4746992297287833635
-8434472802229954956
8704715220989949355
4502247901270966150
2610655813550649717
-6166387008706211588
2284925010577832590
7473755753256748399
-9161882598801710774
1992495120037078772
-6485179652981653329
2974325702207669151
8024302506125312796
8055815906029895680
-8361131850839132719
4600995138516035925
-2052390036996008764
-8784031566463510560
-5425023354404317527
-5001667032277613261
-658583077464757055
-960853864347079963
805992437380699494
-7949062563860517460
-35948260626089145
5208501720943280301
7024344579929629762
1188907762277563973
-2248797753058845406
-8573469717096529636
5885758150883897985
4284231214182630291
-3729391324777663899
-7705974480650544240
-7336515607242688250
7730180880301563871
7480821925268678725
-7059386085043120480
-5449258648895916855
-1073119906980430160
-6496404152783422245
-2975397696030621250
-593532469706843177
952927752645691996
656720853716660686
6013278885708787524
-4597449379731742275
-6868773788047693891
4788907192549882258
5300849206236920880
2305976686363735598
-6524617654999916701
-7658261053249439232
-4230962160717751924
6683098737833053155
6938236889437269379
-5580126313932842052
8219056181150782019
7672710717863723669
3034570527259614616
6460167015768902350
1380231763743588229
6196403032957627135
-8341838658027534949
7825055028268684741
-5248899806672002523
-5175006415188883021
-6183213505852100342
2491380957467486612
-7445673187274489476
241457711477256853
-3811293966697408747
-9194499858564303045
1703311115235804458
-6141288787792255770
1868173564817558937
4112226964192723003
4379553537667700376
-5524587762161645224
5443585168800610704
-4006143676231983584
-7609887075534024607
2988794690854723679
-213284231565940953
-5005794104046292510
8626021565340714987
-6000494497101055918
-3332740014482665413
7694004804475808617
7826002674961216506
-7413086949866567716
3132988442965282425
4841796398030636964
5022211479117308099
-7833680947579565001
5782045039843961310
-1057095961988286860
-9091506633102360690
6596129235597404833
-2031314527321744630
3416471918019625705
4401777140718698490
-8633539035546673911
3134012386987806584
-4269540006829331703
9031198214511568594
-4867128950932298690
-319243424346832271
1831451905971096957
5531837876948141784
5543666163596477515
-6575504858972591146
-2583738441965804722
5424474225895328862
-3198584964858125311
5172588779266062402
5833071162978823958
-5711325771376209354
-2862154421261738790
-1666364551979621529
1934247887013004258
-816135624192417944
3914363598439279551
-3468587633895132669
-4142524129189809761
-7871237864399312650
2700556740571859202
-3681618112872889955
6196142759274186553
8907567239299689989
3903364319928820913
-4480792306610733904
-8292621336266307516
-2500023035848481599
2984814093028622227
4521153419887225703
3316875791142278205
-7053023922890870567
1746993965630172488
-8189528568592497892
-1219010191463186885
-8043847521209197929
3791655504020311423
-2820091848978891937
5082568460369767457
-8983831804852082903
-2850743698190124360
2565669144288045839
8465237001146736247
2488871174324595185
8778242479457720529
-847813504791234756
4869662565410755669
703902482848979110
4551020937657838831
-7862346052874356004
9059393222427269806
4493132094900280789
121363771737657966
7424523506905941906
-8755079634354787363
-8448140067689568892
4004536609096878268
1456144538025264662
-2607160340952259370
-1019158267275365361
178255935297780233
8715014044646770331
7874538768212511416
5896803528804941120
-6365635025684276787
2948473435345856352
-6712881058221385356
-8442095771289123139
2279732459709318162
-7117341709519108276
-4242642421553338358
-3463837895229907712
7013816767601066674
-6609083113298247140
-6117381253147272369
5591609041022795521
-7317313971182658024
1193690581217776399
6935214958996045323
6361979124491544008
-3540869174432718942
5902535782889047609
-2576116027130566337
5508173282062512137
499344328193541952
132712442756328608
-2261171174394941339
351289791673193450
-2140844782864177753
-6706329223218114107
-8787717216962696562
-7481355924104721443
7738980763575609616
-2200489241874157177
7061539656102318877
-3852033833279441723
3450019027713705653
-5720243006789466673
-3840729873154902792
-8378031390472360805
-8062915571208039799
952255307844138683
-8231433393803189439
4633008569256576289
-9049199195696255042
6504768397539245357
2879458357101111642
-4714497615361236590
2192539970452965233
803519837638138679
-5856036171428078806
-6343829455407501682
-2102561854351367694
5660412965704028390
-9130507567382125883
6191539145782782737
2199591945968506426
-6636149303265382287
-613520058648921810
-6641595181795209391
-1247813304596441365
-648149366337106778
-106670135243369872
5580961028673722313
2861122547928902970
-1125743502544784188
-5314553988047440138
-7617563228662717819
-2360876268106485387
6064272398231528780
7918444494336737267
3402935905157170572
4326190428658994079
488425608043161550
-6908120714529999623
-8819142929202513183
-2447260445713986163
3309037016517496220
232319778584439322
7889457058652600083
-8551897645928736069
-3026570806479291316
5651125582500801012
-1172796414906303245
-6109764246601706128
-3160510438159957084
-8959842105206524983
-6575935444445929952
-1468463423704633343
7914906275772034684
92846305074415565
1641803666081567060
5079869671364335878
-5072563282956878949
1993132914370301668
-2486087714794744421
9017464916294009000
-7513675115512151546
-3711465888434697475
-3621086197159872538
-7238259937546525250
-1703088076045809855
-4647052684796021093
5036071495507155962
6301480447183067998
-1317933914558108307
994227295482763959
-2186329464650336238
-6893905592224657425
-6843574920232186482
786624285677692794
-8908184676725168733
6048379674455613928
6142756404967173207
2556895175226143935
7709100464845442324
2974122532621036605
-8654001548139383631
-3803465939137009610
-795989027642993279
-3265045333191868168
5306898638421100652
224852566796860065
-7798086646502317813
-1219059744588935611
471138253320894391
-8316677561321043230
3622282846011588100
3385755030325507854
-9129538084502753039
4184337769404029798
1860744542110587276
-4211521474348951146
4110802831411909652
2064015644321554826
-8764711555585833543
843632731726817806
2974226404234512899
6763182476967039744
8731774059288686049
2471292011396287615
8995943491618796009
7716078454057783582
4204070575724571110
4014757928993971236
-6439528992319707868
-4378566405056220971
1862851886605168209
-4607662909838162229
1131994381865853296
8039037922013111120
6905952753066736249
1446741501822860460
-1493416972815216443
-6283667940832859134
-8303088499046863322
-4538696401830349456
4042811626247213675
-5211066315210098706
-8950034347734756513
3928518075495423694
-2868844661220918210
-5132145594045756841
-4712630963265338622
6471224571565324341
-6972846872788872677
-7388718940613087373
-7219233667578615198
6354400689236838762
-7942105933262034458
5848398341617927553
-8619454162981721858
-4055150832879804462
6934479520903440977
-442782362827475704
3590655878248978602
4394780822408110104
3689429297709638186
-8859776780794413828
-7774549481095601555
-142222727372944551
3035592896408280301
2432164423786716682
-6132031237544739750
4332532833845035539
5931162894150183027
6554624224309114308
-74003203854595418
-3591056795356161261
-3304383728440487413
3218571790088707169
2936291664969493490
-2706312949545997546
-8446082483190058482
438567324376107664
-2512140297006170502
2768215992657561860
1866564977623887486
-1105523762502507498
8472151100407344931
-5361567289029561356
5616392694500915168
-5724932754475063064
3002933952414740353
4392539236057737953
3128821806905289784
7819163134845783529
-232002701315514681
-1502733498914025845
-3563054673749980823
-4919289105905174180
2826707085307252364
-2232439145424716200
-2833567535190380801
9178131188889607644
-7388972325412050773
-2788029109976049173
1627217238822402924
5719158850456964509
-2183165774358944701
3166017735004192583
-2017019845032686187
-5794236572585695500
-3458675663654874233
81993337528162225
-5709110723270731457
7314190388578874702
1701619477066119492
-5404588927767500789
-2682113980464725449
7035607018027696516
-8045443836332937303
-2548097538148782293
-8925846355691988771
-8936374698507561112
-7299053374854434520
103904991247854705
-209617034810175950
-5932768013047233660
-8204040851020349016
-2693101313845858725
-4373604557246401059
6471995228040256202
1154843091053580843
-3348620925612202252
4168175140869449793
-5156248852224465982
3661155818787175128
7609480098142955913
-6523286672552590999
6955145133604817284
-3349303242218005443
-6486170943067306227
2045285333902529615
-7091979118657683304
-2406121281057214889
-9012090593387130917
-8308166926275756838
-4806775001987949988
5957828397185327436
1142297812408962579
5310703276640486676
7405177627664979224
-1492157858263295114
-979236481064362606
-899700815014559658
8965123664999395154
2580262379846779123
-1260427676300866599
2717627769303192216
-2314131993824298830
-7933779329073198518
3062762781442643946
7160335186535583616
-5737327300513730114
-6531708610875864193
7949693132190258888
8382742998582732167
8599991700772468777
5918057734902680135
9164362424481559986
624406654008206044
-2145600104360243753
4928443622873763170
8995138270669560029
-2075185785128359897
1424724299543835448
-7009530556033508784
1463111912869929528
1026400699675304438
1682408497834592833
-3686013563470313480
-1363334549044230347
-7856693300303101851
6841446044103962482
-1163995710480202867
-7736436432169076751
-590750322496377019
-1181654526446601345
4582058061502356681
-5476923031003786208
-7998608693943277683
8200329015601231321
5279923972331122176
-8191377204434789109
2096444860973316995
2392414805048099035
992294061897116647
-5613449156651560335
-1063636530978458585
3146478511269973812
-6563396193066216586
-1264359645862914303
4765057511992968983
-3607722806635838057
-148867240606527571
-7219774736172810924
-6536933518822778850
-789061454660084254
-8085996579003162025
-4777340945118871646
3560899864460309465
7686894586404001846
5856957352987915772
4506662011576971557
-7714085996917710006
3268422298240367586
-7646082133825603884
488191446596910544
7105645174667495553
-2399788929947402336
1752732548289405731
7192211833297779777
-9189584905194051932
797981072489963204
-3327317970079111514
-7343024592410254144
-4451172990852328474
5609210469276671925
1469663219365061405
7410682838498725098
8544155158607713857
5271056533303019518
-7251436599326583008
837476366230276022
-9099092149761631383
7111412925082104313
-7967193220766238807
4605051565325039932
-4785916997665771188
-7414354032236865079
558131049243311804
2031496071992662828
-264678593575860687
-1581845819287754644
-3352514022381706443
9206521756286298314
6798121904509306823
-7897257833700296457
-4732457915056776109
-8554048557533844908
8247219219176216047
3799538267654224022
-6376571204243386549
3787485216918133456
3281410107332649090
-5907571764895159757
1631202953480864927
-2891559511069886368
5748599643676300479
-4561795508206907506
-8457229777613428445
-5500708347108312226
-531717895083738451
6443436061536215234
6782499006710455374
8822101609810360538
8110773562309599038
7699877235839811362
-312377126190596101
-8243140116014220499
-5739745241111305754
1170276089320227401
2825100802520709878
-8609376836136290188
-7707438470928008286
-5122602060723520250
-4054129389867031040
-6391276060774697447
-3580409168787342865
-6161679308354184307
-6370746432012551663
7001980812556161201
-1807745469072586892
8030491965214387814
-6893341841273614374
876077063564800319
-5017067656769879055
-2912665902855951664
-7495292672446351264
-7958133800940467659
8552949085952100943
7651774734914862256
-6580687894243451471
1316181322274723269
5500746990932486283
-567612142806238835
-2330868582700013095
-4342270911843757105
-1807829731167320217
-1760957547345230553
-3208707434695965747
6774819324894907246
1031746762445722188
-4289158902363251515
-6061815433787854983
-6530728905150129156
7179974149592856299
6759749857478947927
-3868374978211791078
-5294896672694022590
-7239135642110831066
-3637113761719865521
-8587952677741707178
-4494801348683206399
-2198134860250604112
-703700456348903724
-2372255124411345683
23017989015845643
5759549842347304624
2710876179492449959
-4207001861158596999
-6998452171853047712
-6059138112093918069
6792400817138234208
2678742488335406427
7173684631776881287
-797338009083172967
7252767188922212462
-1626112730327127529
-4807554106814117041
-1850502897197275286
-2328125714213648548
3735891200899353215
-2751873382571651206
2613544737866026066
-5520072430753152346
-4217830539112615605
-9063352602746819253
-2572035724070313749
-3542916709829410293
4976553035856969791
3755412416971949828
2773933342348156145
-8257784970457354486
5587217930607240828
961854806932126498
-6754017690706393531
5126847444895593699
6701522001324903945
7286155175781608023
-1836316919861345334
1985085809649697145
-2742888061008847209
261033501269954132
4624543268429893437
-2083915584607640582
250210851263152950
-2482531434813048777
-6055751840690302235
1523283242026459392
-8297717729808799397
-9154443664313947313
7701995085562160148
-3762364504746157349
-9034244349348889948
6944534539735687356
-9048794846380806306
3610248862084449384
-2852733537202246024
-3637521412300881059
-2157796248543005345
7278681829568971354
3980421387809976513
-7125158045626140353
3793098884789108878
5146117706544615133
-7916040288114613858
3496964665712186407
1956361873874332823
-3595634760786914350
-5034361288824935259
471746394302681000
-5675076494888844637
-7267984534448017412
3143361461213928996
2078243250482787395
8126920236512097868
-7254798755720122419
3667064568671829527
3502030132866432722
3100755464382915618
-2430559483685472866
8211765458836401273
6178273494953065754
-1881342101496291664
1855822018468849853
-1273767151590220525
6550577270678902046
8671821657544758427
-862976048496974620
-5695930561958266631
6047408803138028497
1614535139720290143
-2055990815987983648
6245018583750738585
8090244779431805518
-236342808222392166
-8177184743150840772
-5152544423400364271
8931873345662423977
-1271459902412856310
625942918731343827
-8773198465466035887
-6034819902246519115
-5882457443816881439
-8537694436662056664
-700865961565035366
8096133731501632281
8321613893962222672
-8658226316047009925
8678066386690322485
27986991697099240
-1074258989885676316
4937709876127933802
-641418657833216697
-9085593519283240125
-973513428547243988
-7596675055192835783
-5047580343972302912
-5645750241684051151
-3428297679468149091
1836297973128807606
-3839086408536880219
4522052947269617527
3598085699972405856
2967004665147139342
8800611593163640613
133266563304720913
9152479276276677006
1828763557612259996
1364265618706985611
8587883462850332616
420491281387128017
-2399387171882361228
2912516080196472138
-1041149589004631436
7126557957860140866
-3165751831479286372
1309960445152369982
3665811892527348084
-5580015032220550568
-2975788266119443921
-8236589587674233754
-7072453548353190939
1023386569177350299
1105223245336017610
2738746275121309455
4881018524026865226
994811620948585851
-7520822356919997076
4585071460313103938
-6392933914234095292
1721237760568567543
270761557910935702
3752827667063139239
-1326952446772610685
-3000588186661298699
7458341639267186630
-721917308034532322
2566684428497027316
1044011935787064001
7396337576083057244
1754973474428666439
3412983746510130707
-2892359731336832346
3300753637317869000
1835219110267153558
-3829340972480558515
-8343675239672748681
-8022070408607515692
-1805525411000663183
9164741304427016180
8490381539340646191
6769220225561951177
-2811442342576239907
8126700719176470798
3482502854902739820
-4158894320076813272
-8946559087680488534
428508841327743690
-4884828271599605112
195439531780885616
4528554411362613542
5828341997478664899
-8630229935348959080
2500465264168556751
8491378339263125572
2890642671195348171
-4610143207084087625
-3227908751823725030
9056132349047096049
-8252886805659559551
-2322418605852712702
544858967907744846
8928054524013131176
1376292582280839896
1403486678390348329
2606398805653647750
-4982584072312471402
8278432099305465285
6195595477443350423
599872631455602427
-5142519902687185306
8205338925787636336
-6290041324071988380
-7350024252130681262
1898291647777240229
1881617876392233168
3175130458448519691
-9000729483400647828
6716314174537209683
4935741694868778175
-2788483659182069999
3963400325998638218
-1242072438697287294
-5968706951816644243
-3242545422084410611
8522461496591325424
-2039033038544641315
2150527664736301177
-3294308643318658974
-2277019547355816428
-8397468040111151701
226659702246869273
8313131853180773795
-6916543529711304593
-1753727018882128615
5415975224046466160
-8635366831840258314
7003168056661527902
2717918732626406802
7164790915363927421
1164111050275897340
536560761702380761
-943641265425375490
-8274575245962561339
4238418404761857617
7739288836457134659
5357541362830511483
4014804358970510536
6881111903141762557
-8944409846552257572
-1818260567082699014
7500019361390786417
2676253375214904082
-8742095158496301296
-142524307526991568
-3459340975290984522
-2268044619808829211
6649019978552381543
-1352974568760410505
5586050236734847669
1105241587742299579
-2340203455506423104
7264998285947907770
8507125575826428854
6997211049502954041
-6689268123175293140
779607669246792492
1871988908294053238
2127584549094162545
-209046655447095090
4681489567207597089
292589343926964747
8481030785215503363
-6913765284320342483
4672801555476552150
-6828670586350114361
-5440390033421376732
7067031650644932398
5373412302493823282
-6020347684763060135
-1374553775222601791
6223571094463610061
4687589359783180775
5608787981554566976
8399908496436159896
-6330451267277424250
3899726363077004311
-2889757870957770095
-6652711833148258728
7503275103461023563
-1749484753438489596
-470995547303127513
7944546969299356996
-1933957687125821957
-1009032373257822291
6662693959415811181
-4999559109126943789
-2789734511425010722
2397334217334669302
-3936896689978860382
4121740837529478707
8396945282628828923
9016104581665958807
1381698260615564906
1316621069913799685
-1939935032161306750
-3021241170439748500
7577251963454967868
-1510136584156251196
6985678525095725718
-290786808666324751
-4849793280397917119
3628346600494641542
5460474127306279389
-8912075252274768418
-148430588692645928
-3687361699203899610
767167423889393615
235859940136344461
-5023137947010802415
-7884341209103500681
7776525504958730943
9071993372858133394
2560054175116902112
-4704029220196720262
3816686511344675075
-6197804624989616403
2749303908525735574
-148155655343935503
3169019443256338027
-4940435844927561196
-3289544863008361933
8344772120924362765
-9066521778211342009
-223195565773608571
8976400004814513044
6142707021433597841
6733925000543546034
-2204134699535556210
3039383458317952092
2924419974431450229
-7385593825012151367
8118673815401961356
3313491871957588888
-3457614557114987965
5144037890217318354
-1426943086019230838
-3996938458171638708
-1868746690059905193
-6146771387390755088
-2462921139298701672
-9052317123421030787
-6124429858739356478
7067098934716562625
-7383625234779726158
3520513586104233417
2766570991541717915
-1223805071351276477
-6482775851169926296
-8335512565357552819
4192249528812795249
8194771470133771207
-4530080696509330408
4599751100379797395
-2410699339320518710
3612628010480253916
507673122289914250
-402414583389639694
2580725601164042111
3834948291341108143
-5696685172030390354
5690989183893467189
-3095191383680481131
8363296672405196865
6840337170961036134
-4120576666899010163
-8246300772305215779
7139213024009285053
4514742960946626627
-7183718798782114321
1559997121585222693
1413282154051601527
1898184749334627462
-4838865288199205987
-1851720522030955187
-2368233639003479342
6917474282212054948
3610321771738674672
8548121092518619836
4238820829992778377
6552592823032968253
7168976378059754680
2569757993211241982
1838314665103981548
-1280552192026979252
-4457900722038971899
-1047248526574536413
6878455567410655980
-3022530250472901266
2296194068313709807
-6301084939266532515
-790513808243466182
3893323567989321754
-7044732071920009078
-4964739604963385140
-2339624952261828620
8871987277809294725
5653697403856718733
760320183006951416
1701821626433654338
2995552388777452110
5975949757375893640
-6990489976226295353
-5386089022261440201
-3867029191256759879
-7303937701174902227
7186393917219210509
-7537356915575994070
200462177874990417
-3942400842210394362
-245645364408030670
1201593130311185634
-9113937226273757727
5348199222408737990
-1241915516989420400
8021822130888289228
429255129410474265
-6689829299892781023
-5947825657836597638
7820727921496302513
1463402071365805784
-8031579426097811825
6306526368943624432
-3505481389685393282
-147654169098865906
3491096452654205654
-7996006269441417933
-4064326781179571358
-5395394621635776066
-5261084829471868313
-7648998020128551054
-7191800964819029124
4102598875520361995
6393461700097869507
1383023519605502411
-687202866592838998
-4928535980010584400
-6120594071504818186
-4002355648862683935
-5436126847811171644
-3434942584771425905
7282946831605071400
-682515628521635435
-8236825928842238196
6599754513086761285
2496763215034739385
1566001631078381813
-6583553360129560664
4328234595361894310
8247021174663835925
58143888395092432
-3708542448464589505
3319612239608162603
3384143601230979955
7587904345086859882
-7941654194450311512
-2656120186190482589
-3970104425765342384
-3732041908122981002
-2950735636175397291
-1636133873486298898
2414998533196812349
332204528367629099
4315038200122473653
-8418153222609312870
-1741849672004233206
496100748793143057
1766818227579909703
6393201414193272909
-278709544465953986
-1165403541897169024
2867423580038030376
3107938397162151344
2890063555499001070
-7979016321322461773
-4356281984803996959
-7289094300240475523
-7804143658128197551
4315614271244583391
7103236947431316844
-3502685306047945138
-6982196575909870902
1786071858321671024
2311320243041758965
1022618802757799873
-3318742379631684399
4481222859905139560
7842629647388070130
6617873271206632435
-1323403709917827253
-7964270995139533721
7767473264347958531
4614274417632736953
-196699896051788945
7643728667508331694
2909121383636445039
-5289980742552712901
9154981217043514387
5004883837639912922
-4439164040283020547
-1628278227243690911
-5563645535805314503
-6915841719790767365
3654168787326478273
4432778234252769174
-6723911959999487830
-6178692345096089094
-2173604242850709423
-4246496128379680143
7718694040774935713
7599330555734999595
833324071379571600
101977094093595319
-8843785932712987352
-5412674530575747579
-2976631168452219422
-2779250963728830756
5023082329222953552
1993405348334739206
-6113829683428691571
-1939461899412720752
2009667369402876145
1897109277364515831
-3816920576805410453
6469372444217706477
-658440426572714240
6295508508339853702
-980538301717906174
-6439554273233523340
578218102802646818
-3706579041722082643
1381243276416615344
6569530685661921129
4697063050612650681
6491297168276960982
-7204558971224112253
-7391103197985278004
-114519970303423220
2867351789936695494
-4884408652915131706
8768438597994190164
3780693081865338238
6592332213271996420
7546784656780054347
-2569009765776035707
-1807202400716932792
1538243337341355547
5262267224361339762
7820251539264287007
-6785097575674943879
3181429097276394488
7581870364354633273
8364316352058994219
-1653830317034303103
7365457973537537141
3216321589562876795
-2322549179562095004
8302593641280057198
8548309067334501976
-298317960787788383
-8898019162913612752
1303429819815396799
1629357519368268139
-4534843046785060086
8901663341442388848
6586568576491463076
-1804402008706722563
-8365487171220756690
8728856019075444731
-4605209866544779189
6559422719487393428
-1870479439428618048
-4214478605876980398
3162797554421631316
-5171636679102638757
8134672426063963311
-4720457071207262284
-5278293592831357932
7577559066195762677
-6376182791462599793
-3129695495221616926
6709643999256130018
7606678343561669719
-3906465814108428151
8484470179327657577
1937313140504442701
-1904959478688160796
6095697992487649514
-2821847509564984587
3811221633707690292
-1430805915351339561
-7148860877641840743
-6627835452684381163
6015981399823349733
-6036852125423758466
1865527217181102718
-2648468418840860595
201027922822001436
8289377495715249350
7468557693511488679
-1531173451568830064
3130960071623100756
-4964448062404886767
-5077691818820872599
-6667801174019405842
-4186993154343139235
3707767877716854389
-5294563933160396259
-7492743426877107686
-3775851925349605229
-4377997905789243128
-8776599560054865963
5627378351701651662
1010217736225835938
6817410558236320639
5122997385612408019
8570556178436369956
15436392121071408
-4977651678666627550
6611211876922990172
562250387481166465
2314936277700711679
8652996379186123525
-1942207404382942384
3171504595512839044
-4779359547903234434
-1004092078317454392
5977159510497813987
4369953657252061833
-7031496016722748113
6291295391942121028
8255574354364225213
1720728708528175382
900314510331583819
7678339142875664467
-7789878140677469649
-1687118333348458595
-8455549501420942682
8452982852086091595
-2409601782829480741
8518665483686394768
-314481856205144749
3945055308382331027
3041005455189927671
-421187889345870761
-1487946054338222229
-7039174103446429409
-1388109216961721635
923957774241729817
2785988857110616255
-6968653811783644903
-2869508823729598433
-5995777499003653878
-3685023740801285615
-5470371810848024199
8633650308508583097
-1497675401751092348
8716127241067242621
-1522973002748330160
9117705829203478098
3353080047295235290
5551084226096991954
1984663830787623433
1552162335257897715
2531512163234984444
7535588477546445602
352840041708429473
-4339017549191957483
-5305215840822016108
-543894771346821847
5630945333012749944
-5662927636969937166
-5791241875693241123
-2351021824507162202
-5021443257904840707
-6402953376360473127
7399754604382474159
-548050235408076046
-236577673487224347
-6118136624129747631
508589706003604342
-3637765740398854400
-6829999887088830717
-4635964405561515116
-1725973293652885763
3625832936426014377
-7396470827563850003
4414889639369503311
8493582948350217519
-4677458461329676785
8729365507791869518
5012604974025902103
-4259541912140863183
-1482141121232885837
-7547559944846539024
-1531625482897988175
-8786108369666072353
1529005400710759846
4613594310391163015
-944108341700750161
-4716935234936307479
2538189669000669906
-3701435649181935117
-1077370093611928369
5743230775071268454
4494722162180553976
8201862280982839377
-2635596451599700432
-6198552497359526142
-6624965962072314651
-1094067967535711132
5494766192962561002
4401187059017369196
6235573242516397638
7654165342171925287
-7475120983660638967
-3338446423916278301
7216501434563292059
8221802457418335553
-1922138900609072508
7158671451171000296
6471952862656451830
-8865508283488794927
1176146368475626773
2454412481415118438
-7207021635374766506
2895590504525078777
-2513862376263317045
2152444541807758315
4693532430648018237
-8350243559060657236
2475272437982708649
831069896489122588
8721772759143753623
-1111343904623219481
4539593697024958352
-5687358609387341787
6026706207505218296
6477243984817195034
7525075026375489502
4114831735490303780
4354376803453506808
5469493909680250576
-2798886835823068674
-5623655634902938038
8960971033918769843
7299135180978436760
-5613552482644258323
-3298912477142102456
-8651286772861199561
-7253200303210666087
3853092502210854839
-7449013157619923790
-1224624597117578247
1059572350163372495
2092945860049047880
7496604192706597642
1521354608513221873
5596826067188291651
-3191358284735245548
-6852462418248730299
-3223952307112840206
-4555860449586826691
6539500360590632865
2245984375385450051
88487674618824361
-6870097218243032114
3974386756912313651
-7623982858351124729
-5777539399512465074
8733043772261242849
-4267263882518444408
7345975195646676935
-3767717045879443606
8743398226232521704
7585429124634065256
-3456946376271197207
-8670729998373915970
4188045415685541678
2075730806967464799
36215547040905367
-3527141579570977762
303884838578052589
3615972485362169208
8326154782818251366
5282583518610334268
1526987926657237208
5676822474639137461
-2235760604720991019
-5460949319434707517
9143060218878877587
6452653118041501086
1870721439369707180
-6791642543080983054
7213670624037252231
-4448135001468250374
-3300927625426253208
3141934956228032686
965463632214199339
-778557195811532235
5830513509520630668
1645212369700850109
7264646784454017050
7597221856217697227
-8891358506774072897
-2546469281116591215
-4692312501041287521
8299000907459136655
-6814305786385592088
4722972778385922717
3596725285745922132
-339795520503910169
-3461748766127387278
7564758636690723761
-6130519444769869978
-5467175424207298961
-8759916683692044096
3387658683339294333
6038321996144697267
7955965329925902834
-6751089129589844141
-2841083744808121910
6933799806951212583
4281749718936117941
-7921329526458959666
-3671305349918318791
3886647766398299048
1815496022036523394
-2865073869750275591
4742772438097643275
1973752341187107462
-1887190191612189927
-5943883945267980142
-4604456949835655269
-260438511691302812
-3331079584498748747
-8626233055735359980
-1060656386017743992
194884712743787372
3046577665141243587
1934481907649331689
-2974030320519006009
-7626334701784633178
620873184169914182
4981097037216851141
7500314587990109430
1335505762832425628
3250798922029711963
-278118161409627093
5783265672243058686
-49941812879087939
-8396961590378301213
-161667722562661089
-3965126703512610234
8518893085850325008
-1835361023637947190
-4216317569749268291
807008343450057217
6486258252190376899
-2312689018541303826
-4280046555463358511
-5933261808848454932
2797903376047103235
-3459561725889280400
5724871761206442204
8298878122119750150
-6636381935489395357
-4263622555169316234
-8670118811108737094
608374949979667689
4919299758627852381
-8898817867346621877
6117784502711545277
1068657751683450828
-6003961146533175590
-3590844411203408810
8506309689468551486
3537686379707046440
-1531727965767086543
-7364903516895169837
5486511139411646378
6946291426606742810
3326651940718916608
-234237098151731798
7875719626443050438
-7362739652137637078
-4067531782268693868
5976508971118100499
-4275667121850365739
-8341282840091489587
5466635131936463234
-1577220215015846424
167047907927472610
1697017805541299195
7743143158116182436
9139708288041541387
-1537671871425156833
5673116341362380880
-1730134612834595155
5876363957177289123
5508647327405366470
2452618545616538510
-8418813341360467372
4213906622133355960
-8316881702171098203
282362938737975956
-8242572832420260665
1513989017657846252
-5471218315486083187
-7405065311658958077
-7356179069574886954
-2672101491218456008
-955831913315676571
-5560803213170206721
110228053311767087
-6991936849993695358
-2030663092126123646
-8904189227985714565
-6115498808993611256
1247287923071795208
3925143269021165066
-1031589743889880764
2792088552044787860
503579496139540874
3429887812904912882
-5964682930044570742
555289214749179405
560125784510971187
-3098908792767350561
7564458294564546362
-8442170023734732498
-2535519030229791841
767526280354755691
2178187457006600410
-2234045907879905932
7703011797496301215
-8427486154692583934
-404697674983147922
6435616032964852109
9017079360700838
-9063868601309477609
5260749693660184051
-3250352026835184208
-542753453149475969
6838002405790002936
-3503206421028627313
-3529151892452623479
-1999376666318244988
1133429230770866005
684275214039124297
-1542279937717337720
-7945069509832644045
8030905863085309506
4069316471788193391
2352125281474937917
-5905624851764901269
8206081075467830027
-3704898515850421712
3989991171620853194
4559781001939082614
5374579814497049087
320323998811334821
4216029806087633038
6111282233161908638
-2269948733773669311
-3113227753803444097
5220839389665143523
-5919780772727170053
-4186780023084445316
-1728566164313319769
-7220776134699618818
8316194549701251027
3281315461051787295
556875999514620259
-3453542270853844799
8346121133360352312
-6290622703539853810
-7820304369690647204
5327272237952074771
-8161389231335826135
2635867166645770938
-3345102284064295525
-7321400276059571146
-7226590839337294945
-891473053131629279
-8025992233447532046
-8483532238078844176
-3977388751382145117
8844247712012650831
-6526956252291023869
5019132137002097166
-7814047424532464624
2781131589543843835
8309094304339154847
-7697925715703401967
-981481722877370696
-1537200629285116717
-4234480665028517391
3815960801238100424
169749075549398541
-6282095546978980853
6627195920578042624
-1724015636001227629
1254501014018035664
6146024022986348624
-3274383735095615998
2146941220361300373
-2928724393794207852
-5078676130234523751
-4975151241296580588
7278956029821297852
3515290775692785199
6043333823828706206
-4070977703006338811
-8411669034523238673
-8195436660519296365
-8456773780509975847
-6335216982458168520
5941689934232813528
-4061753969543632453
4804961192695262480
8861793055709556032
8487582371490973148
4649628394698174742
2125583116588989028
7515512015908554165
5906654444811521844
466807712432830934
2967837167463062819
2478223304742144954
-141997645770144714
-5866140984022653699
427217527616068041
-5580869198903369701
4442021451311822747
-9051101514489456829
-4459926170161820591
321274031589701487
-1428885864296090436
1802066496515095588
-5017169687845906964
-1015209869034743988
-4971980674484668697
7781550893485599373
-3062570976615547164
7978823066947092226
-4285673941651745031
2529734836110053627
4258670894881686998
1674177646492586247
-5334115902711647871
2052610794501649371
1900035667571179521
8389492065059086373
2652537639407214043
1313303985677766180
9125283644847361085
1945087426801738121
-4652305884231042741
-4025226330425348430
-3897679021686108328
8404390734304941231
-4163501026065012267
-8168982067953611218
127143966072860689
2038767654770100791
-715805522807457023
6342321438227380363
3434804189785001275
3289782547984747825
2817632706583604613
-4010074296861114587
6267773807260370901
-5872918850154992957
1578656093189608302
5530530754083850499
-5670132796942833915
7430197592211287378
-1183293345276359193
2524156147428765761
-3394788528401656443
7682425291818373655
9212779773753082915
162640305243614707
-3709631055578724014
3803549260034931232
-8833409828461468030
-4576517568893164560
1469995852355340133
55393439936043068
-6836028127468572851
-1348232686455583477
4561294506416238397
-4875154174137918375
-7021702256477052363
1239151889568712037
3104421046327728276
-6343311554293034702
-2815229052616485745
7000692283340430270
5453593704501204453
1681804015342100492
1782255333934772493
-525787722798022466
2372672669289147286
-5593446137364612952
4339130130028569227
3949561284666075428
1009796818541174152
-7048567691249780009
-6276407605638156607
-3715198401582152675
-9133487133582247972
-5891795006732338287
8300629324052993241
-6606603107550163556
-935886521114009003
-9095328349821283523
9163823921839960902
2673423805648227876
3781685529275299218
7581616934059242789
-3631985389423153742
-4494334719497915775
146716884800695706
7780949190482121066
5121380631671074908
-1896348701115829714
1809580246111637567
-2215119112841684817
8028729889377644946
-874669868433805209
2114243687359221032
8248282755225546790
-4793472483349852864
6899376282720410808
-3412384008855355059
-8120677130998241259
-8070821518937190719
6609826213328902522
-3899936024639034453
2015713285434039838
2950101065469847416
-4579179962624419469
8320549232651574309
-1111194371906376413
6669848401045218586
-4908359249105315580
7262320335079554965
-6169924080112114812
-1582641127600069271
-7278772327303479647
7287417374608964905
8877291407507048047
-2301543764584234631
-1153432169654373910
3654901682048947550
-3660955418888451400
1123998896326869154
2721010120872067486
2528557017698974490
-4545610271809272839
-3396055839891325944
-4628740018014326418
-2210394351698703197
1625605361167218435
-7268112739324830450
5292176180369895478
4206972374445262458
-5232093610414087038
-7462683315404375122
-2041922238723693523
3890389455044772799
-8123036331021023113
5710981438656001407
3929117673709997717
-2238505795291442752
-5211566089860942443
-7398834058825236407
-8015321629573666386
66844877364106316
5570366472855532480
5505132118644633187
-2443951477840852523
-8003362587402929496
-5443587954566985280
5680993567747823683
9123261105367395713
-9070556003192997567
5550108548531298711
-3071735329528187707
-4351434237105860781
4845651000496671793
4399342749416835804
-2240144342738247039
-2841608934943700552
-6742357508852325489
-2994945562164007058
-4006310844945874490
2391350692603425087
-8060098979836627608
9151425650817891783
-3146732145975980378
-8730378970549444084
2883639315627369178
4341979982083758289
2807479789712578289
-1956803207755855842
-6867154750740132258
-7049083250427431866
-6200067932388542173
-306435828011673684
-8798721292723380677
5752553063856546481
-7850093191803046114
-1024508518734423874
-3421033833826756335
4820166204766524142
-8914713856547596911
-3198614627066620148
2283268065294681551
-9092659126200471043
-3501366929798317910
7185749297782240737
2520575937029877438
-6190885196778647349
-2430869893153173236
-7358656031327264954
-424585112020970806
-3029146319421550746
-9087729621089231379
3226822596171135794
-2733255798932167794
-8993584722468775935
2572414136763151236
2713256852462177022
3649689322520688746
-1569789547383640768
5760828834620439492
7849850124608257516
2003544115456135198
7052607221845392006
-2344972475513135609
-8268956057324393482
2611464833424814659
-8871060749048197964
-2502837477104681000
8852469961721719829
-6585671951975549300
3866487497860364592
-1557581602372577123
-2010905872204730858
-8942100062624615399
8352511183204151223
-3770010964143496429
-7735966634233549675
-6249927659164443243
1230719009760050694
3631825882422820447
-4278271531919288466
-1854121216585744861
4432406444128469411
-3053508257596556441
3932095004845384610
-2764130549178450406
-1651578434712848472
8797326509785103397
-2127474028812403634
-6802668987383321755
3374983613788355013
4473340511450960335
328284756235977489
967419920286808746
5699147577215029434
3669081284312414838
3038582557834627036
6112695308978949501
-7955340400857335090
-3718685495284485702
-8202888706242567733
-3270105676272755298
-598824238986059232
8063272064746631691
-7399772324810736795
8893823686027666697
-4746745320985113112
-3905402339715482383
8534525862877628169
3367062716503908891
62998933728649339
-662939238150616035
-1688148017532733800
-5410464370999069756
-1638799905901842582
-1097151505754765542
-3942449592810215911
-2646587798027138642
-4382552683977626951
1912995087221648690
6196222450666187085
1741656034485493552
-5427094951307612081
4799476182368433199
8263678586308979531
-1031498684809339538
5838583986747794818
1322176055269617115
-4826331440477191239
9193584089223556785
6364869185989841152
-9159126965196310679
7600320353217078787
3391596200307277018
-4474566685902689392
-2294196333491370173
-4539587502225126835
-3383615070907910506
1284569143880277867
-8157420630322628157
-1398423152548264535
5043804015777583431
-6022755214701704781
-5672174492521560659
5616892242127552558
1894420301763161758
8395227707797268584
-4042317766175800760
9217450949933408739
-7019365008048691140
4077323961472431327
-8482747785235699331
-6881206982978487872
7850698357613897639
7502977330282479177
956804497015643784
-7540308201571153004
6027429311432020946
3335440599323136099
-8561139190334981280
4640089819419925439
3837643161050168265
-6153233187252781997
-3160766243431169053
-4832349160856419600
-8992578303660350759
8224566687434857315
-3546561947738671067
4074262891742682407
4486016088294508331
6673596836874595172
6833454353484942412
7444924881438138788
-8489133443212280141
6115856688221830044
4384685955175588584
4041504410652196919
-4672629671054012881
-8500309155970293567
7950133811037454484
-807785815836009049
3910626909766194807
7782736898364375605
7909296932872849073
-7916597029335678595
-3055645789548062537
-7567054452900597431
2123933262362030753
1422395136826701089
-7244683273141609393
3920936267020425450
7053393847441864738
8847035078060849870
-772341825832609761
4926346375166884345
-1275760819216880654
-7964477928429830866
-614695347885980439
6945298580719320539
-4904394510383753817
-207508570275485186
2713090059967011143
1196008972738888273
-1944813292620982600
6624950244647775245
-3775460784386105983
6703097748010687844
-7098345876844014453
-7894365275264276951
341909524196118031
1289116550498761360
-3098483134782620736
1376643584839198639
-8280502844502964965
4371615930762159297
-7512270516656154180
-3173470217798758484
-4530319978497758552
784665738311178065
8426822510991382608
2219146709741833010
-6425408929719685955
-9009039798627460743
-4099759846872417715
7400843409870313450
-3572220610740972325
-2589329481864609113
-6232537314339237836
-6084495949314138386
6798747332869835975
-7331870723038796847
-2342168531536938674
-1810948594992466506
2516514705557087602
-6365352787483773645
7881099225877589853
-4515428559068555538
8600341037913598269
-3722203723195280702
8528264240208414474
-8454984456228832649
-6454680575964347284
-8392852987981782498
6460683644249062733
-2195224575713966516
8686831745388623194
2207483196526223733
3486256981162771771
-855334143195732585
-7755744554879845734
7402354564876604077
1938683044589881802
5000639362537361895
-2059094632940286540
3049306195049659194
-3399135752252777902
-9223253542473408671
3716547752343176166
-8665619343716479699
-8343927990598081515
-712195905623850390
-4103381719717443229
4369875646492041690
921098266234097407
5674675657779495838
-145975916286522128
-1346369944647843435
8373923937450103294
5673979722076682102
670581298619091646
3667911044988588328
-3131373700881039127
93945984257397950
-6258838249364501552
9168155860866128824
-4821831257837875191
-5805255500561306993
-3984869469770066312
4242190724031690392
4829967313058383612
-6469455305223265356
4217072129083637014
-1246134063152741109
8333056534590235696
-2826545595644635000
-187978387362953967
4328635793800376946
-2161910724384320600
-4102038877240575859
2570430353317916759
-2447323616351037556
-3125110740726611199
3880191142700926359
-3850675526578692157
-7489854272252196687
567927419469735651
-7448648026316767186
-3371472434947579945
-5202532521834143268
7435391349280950659
3811597336908165456
1366598710744586681
-5387644711248486311
7712758219344731667
-373794625782240817
6107727195031037724
1500899184120909843
-4267184402056278476
5940070009538529694
4171243978565090307
-102884555943791233
-1887767577962781049
-7097999858288364286
6186571825187071311
7235477702949228423
5366039502501304095
-6930062105059146508
8916685105384546770
239493839100062079
8341088413257695569
-7140317833365274245
6539310997371324881
2526651430781086576
2073876616978759121
-3897501190358379888
-2318629471571740004
78413777315407717
-5515305661816799584
4298789794766022910
-4023914120164133320
-6647194364943353446
-6940438132517719529
-1892174416810696319
-4633030936891724853
-8921846129008409480
-6000439516680267213
-5549375802505051951
8289203678733807236
793111499519300663
4693523214484493940
-1044957399170005609
-4584037614725412616
1685970622503159148
-5949340121852424638
-7294575289755247744
3877262878388282246
1789110143473046737
-5028179906800687941
-7476592989769714018
-1788352053010790385
8801125909055111615
5708034779817930361
-3812493295704051583
-6989963154422476625
-4458074723879931725
3043719440211112204
8775491516435341476
-8929430450452990215
-3574850553538901599
-9130080892886965753
1387953595926491097
3815299650507497182
-8384298723624262333
-8447672838162271136
-3556598578154543428
4835238344897294662
-5568675514418579849
3498194496113508015
3097359747311230074
4931021022987068094
-331269959614567329
5111975099076795535
-3241215531502464190
2718880025624613493
123673862639410990
-5526896329568164852
6346469323190097863
3957913101086569976
4363349057369431304
-3487868522601580527
-6045309491462316874
-4618183006379353703
-1901852933954711645
7214609874089748380
672529488095349863
-1784547031957223652
3023416128548257390
7288480003470068967
6034225957573114335
-3630390789653926287
4979118146196911888
8901989015558246442
3739772293806774065
9003918386527953138
5918757575331063873
7664183975329668402
-2998061819678823308
-1697703536818165487
4883231015985072392
-9142557622636876195
7378303029473926600
-232057080304503187
-3284086890697583955
-8756309160353838933
-4109770287186461903
-4814283265439270917
8236006506989057295
-3436068135619527335
2866334739549268812
-1546844658709623360
-4399410146768062251
3364070290771512817
-1260332680077133233
-6347079606205264264
-6916585389093585653
7128900662480962297
-5867485689233679999
-449922671037512317
5053563230242971901
-6295032017168112223
272217305572966295
-5034106612962658488
5257417527326329552
9015995936671766884
-1253542203301935107
-8690079111654418376
7488593041543096749
-6775086420415269804
-1234778671940142627
6192211429100559304
7531892288480726518
-4614910944054962337
-7338313005787783072
-4379964769963386019
4725983149921137147
-7361797286985552966
-4165472669543518878
2686634540625793971
-6135934783761097899
3759664192486261006
974474404158166020
-442949468787036358
7499344569247037612
-4937069203717619899
-2035720748236318652
5988276897525528550
4508724709368683226
-3488125884702681156
-3294898527616557127
-3507483904856164429
7646648111936061229
-251289104780573433
1815217051792650091
4691458034009016248
2076089081058737892
-4380087667354682076
2239748458037921446
1327029513294817926
1663425895826189707
8758296241807842421
4232116632770374744
-4055527928456452333
-2878906342957716433
3137773390849959234
-8099203699921367858
2579164419413215412
-6034311233872875893
-1315259672969012846
8731442637259738074
1875102623021722195
-3669079193696179449
194022073694555691
4564816339683313755
2231664199616867885
7665257422623423885
-8798489502685049819
5189176079946853788
-4072480948037391026
8499489325848189281
8492256846731650744
-1442984531892492624
7465586696661830729
-8164796613639858259
-484989804187720580
-3960036754538584808
4431743519025738015
-4403483373444311295
8356212832337608921
3179840583691300505
36999182482562031
-8219337077022734203
7212152470170866743
9048834669489196793
902122180971311005
-6642249039597855628
4464174343803083470
494717059230617762
3781704126320228707
-7209021881159602170
388849097322391658
6789880916821209321
4009773162886153539
5517760403728277294
-2983589606397730162
-6333266524075084541
-2154815284940084895
2740347527569422667
6714341425360491365
2183127117373989073
-7791859798143072933
4286730745550156015
5224769690769458026
7533465640232224703
1378526253739152143
2136930279066453099
-4599530100819758382
4731728139018515416
-3654424661990620285
-4747860666813621006
8521595114077670170
-8940317863654728716
-1096133029858206445
300566962206257287
8151456936206038193
-7599801371421641137
-6684000661661622622
379291031766042352
-5756313525027343559
-1435517990944700851
3879029533258468315
-2245715797045773040
-2850817306705319043
-5788111534947509045
3053459321822760668
7279850212802660900
-8300608225595169918
-7588769963136862839
-3895798862506166107
7855952906386867616
7848065744020305954
1203698926285023278
-7194353691911674140
-8645134209330184034
2931121336814624699
1799460449304871234
1474028735169470616
8239001286555153720
390663572662629913
-8229663423162900437
-5557949687084542531
252773416342328040
3596628437661630303
2696416776099447560
-8767815949208913529
6837683677142105137
5992132805353839841
-7615966184178177421
-7336850329718976571
7898305161434188063
-7505632740010048994
-3379280331211955030
-5003286539824904177
-7901521031856223416
-1849622954504639191
3798708473297180039
6763862206177947283
-6165966460696329384
7544361896107844441
2649069647061000027
-2761978080839448589
7658260954993168092
-5571630506459060023
-2334114218573779551
3530862691205020606
-6535388015223824808
-1470630065648232911
-1488796138021306205
2029484421234561871
-8140671111387592684
2726245955781324262
-9172168309845318677
-5229795511553332631
-3826635499222089812
-4088380144731406769
-5692154143724442779
1913627543591599757
-6490195109827526054
4874723162945735319
4842116552943931410
1000749383672008049
7880053343274917651
-1951455825701013082
-7121792003074107116
-5766387567454217455
-7935278560420619085
-7663533151818941908
-8067405923087019033
-8749741924287317173
-5199019437351230804
6399367390759515856
1467697050591146354
-3146050526766608703
6246306440620967892
1378430036750075624
-1548441364383993070
4603097207998480432
3794173020134802839
8222570926732479581
-5128387439639571245
6982924908576594137
8651907142960302766
4251745873315674904
2868143674879062734
9196748190900615793
4904423009686046661
-8319982497960308746
4206830409283699708
5093767229048804166
-2859003476033604099
-8806588925691237684
8663073808288460862
-7979493125472495035
-54661334897712965
-8151981185788722456
8950098360492199667
-4733144689908908257
-9063403629016906623
-843413925370673401
2144490805794726149
-3337495989532113763
5653788803891366278
-5438220256518798636
-2408678202772785881
8101392460360004270
-6359494949234571640
6297893207323868542
5729953192445206061
6840261746255811811
356505207184739259
7842021729671164204
-4718464684931792968
-6633194991973959614
-5997400630142133528
-5548815009873153643
8405941681537213632
-8328351735291016167
7946022437704729672
1543089045483542627
-8487252307335004140
-8551549040144598794
-8356108507761546137
6797159370135168895
-137936091091779667
3372512197151746872
-6624485113042450017
6659223615221157873
-7416943531440126290
7671657078528231577
2032456673122404474
-2604751266159916124
5173990659953866913
-7885741870080777933
7238265636326129713
5303353504350858474
6376564553786686321
-806913162055527154
-4976780823410785528
-7513584003790345293
-9193492560917375749
2919935844137873327
1554826375953483378
5095241294713265906
-6584507899931427765
-1699169870855429014
-1863146586591894698
5631583187385061027
-3375850056474340834
-3357966568640182749
8849961893709449419
-1300925930821746766
-3950810926491249457
5736939006092918395
6194600262858648852
623031487157948545
4084064534038177748
-8230802821941467694
2542581375623041053
-7906601353544286813
2100318663854679143
-7024174951649227520
-5692038964959091728
864076342239931408
8354228728546558413
-8584390996545800896
-5923702314742009342
5300969179789075338
-4791840955451076669
6516710826451036613
652769604216227405
-1495442055757890218
2083209278410553751
2289783892353526289
3421232267578817708
4057777043761241822
-4691335175726469382
-9145207101871769477
-8991652951817019230
7347672638632361935
3172082365712454222
-3738951116056352889
7903515663913330577
3109444076839455916
6916367223693086421
3822796600326990006
6874211901814237983
-8581600217445448162
4484231865767333317
4664589692593094514
8433802449135625569
4813995120367111927
1543334324975467201
-8251356018989412424
7970685617684808750
8330309440884353912
3360862541855945233
-3139828339992954518
-3041295356533673774
-2976969829021781318
9062639243835986590
459922214007638336
5769729961150469845
-5621905122446149426
-5022684401876693017
6813881946836793113
-2963403715862094085
-6982646029408133452
-6039437567435143629
-3505003829090328967
-7043450074710837437
2666797472613106850
4579798240318981903
-4942118511999370909
8650512078079273529
6216055904054769802
-8905983070709691015
9196236179780143553
-3330924775095311226
-4099757966388607142
7754090596838800239
-1539155692875994402
-2049342556015604180
482593800400958825
-274908481601887876
5387325498990434163
-5816393854733904340
7574019541117889452
-400098681741338178
-6935736574107539557
4117800707858038064
1442682205901861184
4393243933111562137
-6042532571107141015
-1953475113862928914
-8517712335342906806
8406411037731353290
628468315974595927
6258407510725233544
-8055195982043940719
-3229493175138131949
-7326070829068171879
-6195550581761223842
-7697197178594092703
6378974017829477503
-4380508355484689409
-7857831264869561381
7516786708481360471
-81939968233102808
-2752711758346711970
5503912693052674699
-2489165131884372998
-7959712608684825539
-8219815976028071280
6655967365332032891
7830173868600981838
-8665490432925247877
-6701337562098339590
-8724517258299685874
6955831492569153752
3646722228726364368
-4654103468575243533
7989515870325985696
-4446537269044294293
-2316939408684756281
-6118937619923171296
-8607692267737303139
-3557099763247575930
-5519541746955504273
-2013040258400843431
-8144555108687738028
164601359154717939
6703355499032506197
-3538087201375746781
-6824703865358483666
9082929159415683731
6249715743121363340
-5553042365048818365
8169893047050354501
4807631603649767347
2742665199380398977
1563708184440571813
3107874853881050431
2488286908914403907
2303021827698066292
-1478990387188620179
-8815607470614213080
1879996385594683573
-6320531119836683687
-2277415103355812968
-7954057732559964411
6994991693918844737
7358629369339575633
7985273206266050849
4554208298141214513
3264734942331753680
8022183682923101505
1450197643807851772
-7462923390267559482
-8680982565304632658
-44604526115325516
2878490315594449611
3405104736145893591
8025688392824817299
-6977928247839298215
5575808018476247605
-7502150650453246925
620379747221686654
-7378538828402688872
4437313604324329644
2100489967365933741
-7049193683131018844
5352006627023694613
-6711225802321534308
-2992523314057179091
-4185299443700400872
-1973012870476183960
-4902173637251390979
146770920834071750
-7254351030476090784
7405764910262239479
-4708557535258040368
-4237476230399882083
4741179458689956687
4298997057823682782
-1087825288786062365
-5812846229252977317
-4484226906300602429
-6482365857380359867
6221711840766105040
1638847965545879443
5643760586670853708
5747128997952622842
5674166131324560395
-41548839688613607
5952728798301390101
-1961357140949732363
-8221870976795182677
-380100966049506643
-5085894252177630780
4713182096155757638
3368218904440925267
-8736050186741290198
7976154343782822641
5949642561719786579
2371673112958044452
5577491957234994932
-1020014936219209660
8062651157654550135
6011410583590457128
7987626273312139557
-6536560875785191599
-7206878934105362162
9092139314236250439
1710682574705170252
-1485113936396948159
1115538425887027499
5610012676802722949
4251773413003100402
8978255097331479933
-593159413850264939
3467830141400428645
7870718493653985562
4473865271070637551
3733742726693444529
-6848844202189451980
-7157922242477084365
-3553785794005992759
7300416451142639872
6377387340921324585
7808504989999577711
1013814914717546088
-5188489475634211868
9168370049993483970
-1471777105223969323
3767754858707849855
-7703910840114091054
5589390236779808979
3837175810861769246
6456810669177211322
1081087252638000404
-2425912421585191199
-5699296902060643371
-876703733674298400
3378178820629221406
-6749130989913688614
-8958414487136607162
2301105992070367722
793397997634007052
6745282767172989794
-4549459080451949768
2994562755186626815
-7805641099993311324
-7234763303697316707
-4071357941005077307
7434244883747535810
1150252243044967664
-939811064364869566
-1808546993924113569
5072084641174837451
2603168232154957240
-3671401567581527152
-2175833268923527532
2389537270369645697
2080936403781699130
-7336829878390819937
-3283602807387854811
603755880707154950
7961024311706848171
-7503274284562083328
4162240671505452884
-8636385190653246472
-8306470467217870301
-968281784106996255
5509740663471142703
-1077880781641604865
-1114917065402053989
1644400977796542983
620349192999252076
7055923364830665567
-5581746361052848809
-3947109067916532610
1885028775716441030
-5865923299610855679
-9066296862951718080
-3757407082065286105
2453931221736799221
6077517036051924475
1235361234410638297
-8745336922708343359
203516955426195501
-3645876574007612925
1635849564461878994
8876258775036458776
2745791516232129234
6561720540763628275
-8949707823589704003
1570199342676946353
842654492959184908
4259910349527887466
-329413371635219266
-4513115400553662651
-3363110120637591241
-6630463380992222485
1126872295883831928
-3288319242723988974
2476037687484158899
7718233879165813816
4320897068464247309
8574524012942255183
1468472358100801844
-1018722012248315801
-3128296065314090473
5670554092003867452
-7968776781447813700
-4826687714141725597
-7197177261959737523
3628259017255186456
-7470629942724037481
6577170610284293220
1531808361952996813
-1825342518464096234
5611903534537129210
7124564585710736981
-7175770441662336604
-7695783498580908455
1410587025020811825
-5285294888106232989
-8746675298462561425
-5126192977114069460
-1720934991905554429
-7387315043845202698
-3405897601675131025
-1402599160557102659
5390420614065666111
-1754747215342821589
-1655157972809447269
3023983502306203317
-1832212674357560926
-4468391431026048347
2324155614538349263
-3410678939656918496
-1134631666759745935
-371786879306004543
-149489236613496282
4635014506540188531
-7046580480743019951
6483044886781850068
-5796763680408357193
-1237663824328237659
1554376428486783411
-1598846506426941046
5783978054033826461
-1855189724686832472
97778470691913441
-2247518517033594969
-5309073716157831279
-3916442752994269547
-3160360876133543293
-3884939673680201705
1709588172187669811
-9200841658484038033
4759840235300057437
-2212300367429134241
6577479521190138948
-8813299085850004700
1220574303126680745
9115812755201623723
1183086820184383102
2967246495720215976
3447326281305718829
-3700650444319795522
4865528208868608380
8707379442574423674
-4011913673052671683
6694398901211208176
3201617789462718597
-8619345059643427228
-6576938681935973140
-1138759745161189180
-4054193164239941353
-5730266522405513487
1437539167029429948
-6243780187322767723
6064595887828935338
5949295203667621461
8420861252740473007
-6164961701338200613
-8246483856920790701
-3976655610557193338
3323193157590472076
8115606867869073710
2117464017101795492
-886718882789006250
-5946607920056513432
604609244550764657
7732741581716958790
-1878919589264345299
-5291348116453846965
-6089732348891725796
3171264305291113385
-8035728288679289869
1651968555198750038
-7057693999004876327
8702439871731917092
-3404811071297760459
1672179489112947320
1317234395749686505
-8633033349032735496
4484669763002836951
6090916456170925367
-7366171552919294704
3642332586755323504
-4312258807812916122
-4650639846941632153
4391156503907896563
9177464082437642116
-498183495056522547
-5213998455326085581
-3707265453818699876
7796035365548614551
-321927406854674742
922169210493528235
-4415330063548198995
8356971002467921614
-3902261842867865322
6613157040367797737
-4559607767915349720
310771512591593599
-4425135534841163024
-2792588170512778461
2067151183772606331
5976448776236329805
-6433116249529321384
-265402517962546856
8788788518890386373
167998592212176663
9025244357003221869
-6387381220883766929
7874997055955398531
-4686051022942732600
6375912682717426739
-4875369383394153428
7783335569328061691
-744707056351903267
-3608024853295876458
459875918783595583
-3392268357641422564
-9132139375886809420
-3070829616779859693
-5720441837478496099
-3969791086792954393
-2621987375825208743
8092503724352356800
-5989672677718964454
638884767177387817
1900449581525443439
8649334288889945924
7343954039394992556
-6921767213633804860
-5363193057388227858
5411304319616556894
7894320261326573914
-3055493143722594544
-5707577373726630342
5405968075718107066
7795043179328303202
8830027735313831963
1378529680012538546
2737570890472317713
6130651462887565545
-3971379512193715043
4775725349586809093
87011840134845160
3452949613840443813
7904036114582249350
3347456221502399492
-9018973105476042584
-3018330085638489025
-6705830586555500714
-4581887802241295129
-8914776142811904673
5688308412299162621
84255004259902328
-1732244639417327204
4624841726603968783
6576619538036076932
-5375215845321533847
-4514545261771870083
417355257708305317
-8898826250388730562
-3821457316663109881
-8008316292786004538
8201814334773376736
6591459900402547202
4093722262849252080
6142243042863273498
-4165524841596112465
1899156333061950878
-8708319783337469864
-7178645487525803151
-3198011683510923221
5826443915548532415
-1514040815801934281
-8415583927272531526
3711736858338227078
4083821637183656644
8770414043221496158
4875970608972817574
-6173187741034515448
-3267679536782668884
803759327146053081
3899452100929689326
-2072473750403523857
-6941992859980597349
-7613686093734246793
5845489646377822035
7012990969284639288
384337957248375091
4552403328427067203
-5978517424790728062
-5701891847782931242
22902762699066096
-5849163477663718821
-9013385009539858979
-3010405409456618057
303783801782043374
8088973840009828954
7466219088436637780
-7225873805687919888
-6449091601512116863
-4086812804380128265
2301255787684977375
-3966551055743695325
-9079581044668991912
-2466909034587603237
156023313164893158
6691367873410160385
-8935285848747020966
-1599341878969282865
-7587029308007476329
4797609355524502840
-5757241454898866300
3790788166153586070
5301437355437487674
1646919976304473196
2791776970527399050
-7718347183593196954
3901618790548200243
-169156081668326776
-8162605176183517257
6655778905025478509
4214957513930525855
-3148289522305742421
-5766073033196739274
-3991826388600894950
-8993960960485365125
3941570578023666061
-5739673187247409591
942931590111385402
-5472217592173898514
7352826168321981824
-5094288598787163304
-4805053875751928434
-1833988489593700323
-617115261253748707
-1322658120355545635
2152260135128584215
5528118200551466278
-5396062519155214022
7064075735299201113
-4319886267988676649
-4049203780908428507
-2595818600790598579
6670572966899533047
19623193928335698
6290617573504854147
-1434769053075621028
225955323778665475
4540008483391286786
3303630924032138046
5137295763002222130
-3527824174471847140
4584093821306843996
-4762885305420527499
4594298046747014997
8696842252808493084
-3854713686652538253
-4214316996024150132
3929007014946302153
9210078521026143933
-2436638180562986827
5475125827389297713
5160068226044335748
-2629000852291705105
6543822267644423407
2073983210884296811
3756551854772852093
-9100908380045852400
5756212548496251553
-7563298119184484872
5649004417453036904
6061970611021389549
-5943858887851984878
4571786320808864264
-75903867422074030
-1651299432998653614
2075892398727877846
-2157982110878380277
-4778032789751625330
8006515384178491380
-1632620670186071049
5972672846060837266
-1709084423536824350
5388351173626611397
1536699142812215852
-6802231106135411249
-2632327310355499781
-3278689998768621307
5092775390997995348
-6007805225505880695
-7938710929160777145
-7914105405782261684
591649224423686380
-1746720889971632009
-9034512810391004407
3286489740860514697
-7085289795232776363
7908690376099186584
-8895123852644904979
2995231624363531200
-2440487835618674737
5246281861861925460
-9193346025069135084
-5287319819602012790
-773309497863649367
2018463661415969388
-6049659601244655392
-7740181972849452724
2792813189593499267
1281206877464131576
-5332016621866243504
3439349369472614070
-4789889805335873827
126330183173584609
71030734336500798
7597256366863290682
-1953582844889898725
3005337115918309961
-4278826853244413522
-425581065416183908
5096919124396755807
7231496653560693293
-5060728037016661531
-7687750819526135753
3334978464927924862
-8716290472864984979
5128474955937793471
8128582450347620658
-4372918526202333900
1785966426813390469
7516207182297383393
8130009455855259925
6015712874105023894
-2088289703845883714
-7516393121093220976
-6086442400529393397
5980777127988236617
1114805557354000921
1680334953083468651
-2804303775831417875
-6884957068795279609
-8750239281664184820
-2547262056093684025
8000774594981967289
2177725420080922734
3060391908276231940
Matrix_1 shares[1]:
4667758548296195146
-2498671860531732547
3448412199501800390
3869366008316573853
5351874219425055528
-1383618585110586438
6040195727401783020
1235890391860602834
-9013868040282565201
872285130765160083
6195018277734979050
6317118319048886446
363621057612348845
2102257869900033763
-8155988610657023508
-3565047174917383653
-9043632611578310405
4605692106888541731
3976047488344248982
624390759153792104
-8979854919844460827
-2857390566718000474
3100295906273205948
3769831886113833402
-8336733507731301928
4149486520564231236
6692162310146865454
-7603259191351559337
2179716662727367096
-2327742108559377657
3314171975726222846
3542071767495942796
-514780159310909991
-6590530856907928708
1273093762383666474
-2457322449461453987
-6931537027262651288
6452703709109881000
-6631582286121433640
-7108592697522022717
-8655778526712507095
3044828762552718082
5131606802635401424
-5075249854826411759
4764058740368355281
-1981586889432451197
3159945723839698157
-4079503061456742301
-3141095471288915769
6862057293769126346
1278690993911222839
-1576517803286451852
7736456593373859077
-9062381502260228687
-3340293162052189500
5336924749593972790
-7289323033814333969
-2820694324275393695
7698958090581478012
7916854209256127709
-5972326652842072251
-8551919988597528874
5562993934763116673
7723302943112334210
2878897731301518504
-4849069370913202304
-6277763738577802431
5988052861175893382
-2554762098039264249
-855288220836285191
7446106626733597894
4878524153604161181
5456082611804837946
-8808528880877136918
-1424976126355419607
-4025164442602727105
162822865569806272
-6816954132965357236
-1876489222500588077
-7904341265227012917
7751117063663663521
2655005478162561152
2038881285525701950
6227614053100174609
2901706923070121945
-3865508101087091020
-5632589585664586889
8704218913953871066
-2218438429039618528
3749457361563760967
884058549386735770
5704170856953590766
1589247546182170620
-6528241362079361243
4893038596859557575
-6955375405702745665
3091368288630895661
-7928013770186617762
402321716857304508
-7439161432948370654
1547944092537849100
6699955615429853124
6771866624541950716
8435293352902917670
-8798663729819746106
4718259114359387083
-4020087679832116229
-6447408789623649672
361517258855026055
-3122103716090646059
6499202962285692111
-2651618779839481204
-3431073776117307532
6902567442787634119
4867200706890112822
-6168937710066595782
-932109161307511420
8465806386202687578
-5370210365542397420
1403530257533994328
8224771162737595967
-8536591726905642594
5481363058828316053
3031139849327088451
-3595688630104882339
433506138558635071
-2243564417819543634
-643046718841134936
-4756926467748311175
729433361445704240
-3907460610826362395
2718170059476397534
-3804040592684309250
-1657850948673793212
8615660086663728533
-5294747504917976189
-6330043989952815296
681695534798958438
-2783973019086310709
-3732653088533590975
349910898673467781
2992745592674248973
-3398742295506766969
-390023147823831631
7006332866387732340
-5871891276290512920
8528256805276399176
372407012604997941
5980462294534701615
-63879397116221467
6136822333782049240
1046533779828480490
1820572165440850924
6421577025050680326
-3621835853965894501
5505701457381691552
1489135137629722779
3301108757628505631
7143346002793823108
-3509450856234275973
-2133497460095700605
9061052427549903934
7432646249456620742
-4197369458163995139
-6229870197852058408
1411305373059709492
-1358406097337227976
-510792085525050332
-6702881479640894784
327887162364450415
-7403278282666776089
-9014200680594497759
-500873767266259509
-464846299724997932
8129691263486675004
1049744631365189966
-5594232626981771446
3174000108480276177
4074917415811461127
-4436802480169052080
-1578704181521591567
2051992351618692903
1810431525867107319
-3680456714549019653
-1987133694802988590
5953166597908294327
5099084551738997952
9221876198094667893
7285392677753345173
-4997425453137190468
3671192529076352252
4199811954620067858
3429069263121363670
2907262484909938132
-9015712675526198678
-2599931219509108422
5802436961426981697
1600393379335133966
5302180963186170527
-4062353600973603307
-6775260861161861027
-7310088456248423982
3035421125465548075
3887899956906847517
-4492818332302748861
-4500383108873875698
9121809330983048210
-1273389353404885172
6494405202937560950
5958072756410712458
-3918654749001342076
-3889840394036630186
6120919259662792986
5690485843319357308
8206232153944228204
-2671934795316111035
-8801094157003336169
-5521872920180544594
9146359464649171516
-7092314009994714710
-4364474004889399052
-9095207610624928743
-982679943577358937
3211720795534906331
1693605019962315288
4123930744412378259
7387238112347065240
-5838325128921124969
8714420641293066665
-1216799671026145275
270757218345107982
-8701980101750489105
-2953804568195469563
-7641766316786468650
-273348546327954175
5351045397603155335
5321453881359159815
1843338723991981741
3220865496954911859
7791497918006756258
-3351503156076012882
-8759812938493682704
-6702131555727253312
3926650147256180935
-5618609103870786483
-4470255948945847923
1261829094042615237
-6509487331880118243
186059423865955552
9038128257856446831
8526510760524887287
2088753027567199757
-8278543137725823136
1328771527036374976
-604672261337037130
1053706476886938309
7169574035803985850
8946974340795404339
-5884799332666350347
5754887496687660118
-7578669757316589342
-3739715769405991507
2097873001697169889
-5908079213612236983
-3935682991531314961
3443552605179475585
-5496622436541909767
-4355641921464832031
-8088729970485154182
-2546084961215069292
-3339874688020065763
-1709330376059840799
-1695087770023189730
-6941324299926508607
5120685050921266204
7688318369175050903
8979061856847595949
8893721908893263621
8495093751224793716
7143198362150219294
5327306233228831005
3340875971122392326
-2139595802556771584
-6702916414807259310
-4659460754724919257
7575319566104725512
-7906634472822075482
840432462901923560
-9151277220898526219
-3118553566151822244
8575573075397429305
8736938885824594790
-8037122273419535530
645752639067197571
4623227536886031564
-247200350138664528
4138589404116971216
6494538375063700833
-2909819740724974898
3187675866885863912
-8457926887844698012
1629555387027943847
-6054241822246128144
2882177549620626063
-6929740940819486767
-2402110047276657080
-1955174045946894358
5917857208918165659
-2557276637669727053
1386413669885136411
-5189861178599519196
6916213053211301688
-8421028976668432740
1139259892076305354
7753710433429938937
3938371963287697445
7784638567943499776
-8377961506433986777
5897327093372943502
-938311151269274330
-206027367168009225
-3594868736835168316
-3863915815725271393
3053944938603766345
3797195054374313324
-1784345726637803881
7929020087081092699
-2609286031662906824
-3020750481560978852
-7095761723304338532
1103728613476671855
268806020184275908
3197590009359438372
-6243887647883208069
1690628109370940134
-2344784204015682012
-1290051858144211276
-2199913256063863509
32122004764778825
2237364756227518174
7857638479396615257
7571204292457410364
3410889005075656799
-1137054976454226070
7691365639682536893
7156581298245543638
-2541120205467006882
-4131119606053742511
-7515472205053962213
-2829184889313279022
-8441348961517341298
-3116831263626264799
-3309448072220423269
5326489815908605303
-3195400991490231469
6249208657170887803
2037263599251236384
2473523982908358601
-6769226496082708402
-244906315626160490
126462802335961408
-7733766738861610993
7855234519939251398
-2343555109491649029
8996434290981965005
965111703225574801
8681338352849988005
2625955124439115294
-2530443106671401819
-3907663483593648299
5542177406980360119
6030772565230544901
-1546942425762790225
-974173322913520382
-2913640122513891374
3595342201632712293
-6601017565317488696
-2624180183324099644
1002867474445402530
-3195240271877651394
4633224366476305340
-1097583869558259010
-1445518662493744189
5725228920511977707
-6243045197807923152
-8927658114873752583
-1265639379915036498
4311807804008344116
-573341301471989980
713437527956028714
-4709972705788615974
8872383467586401446
2085239999747171776
-4068963786514918416
-44545904376081782
-2687493730106540500
-249815651958202986
5125713630379849662
-6712367644932370717
-3622148905743899114
130966716208276586
7040858586860241064
1120991488923390465
5194507905416031665
-3253142218265768399
3201663931069934562
1656005244538491692
8698531297658021934
8829303034433167787
-591969348243675734
-8401058463826667223
-3856695035762204224
7574883077124095441
-1016784730245854506
-7783856194638420099
7067176327752813162
6701563760669131484
-1315985198253206790
5920061368088559358
8891641581373147386
8424502491485959249
6453382742571097023
-5854396024719306100
6826592063198525034
-2867605589514110789
3954714020279624910
669937784982338490
6429875304759923113
4729527119183487424
-415244177795776792
3383197757967624288
-3355422276657324709
6479636531664617905
-3421191603472022704
-8621261409424146739
-3450642202450909105
6414574292498635283
7386751886882150397
-2141262590555717962
-8963204331318943065
-2009282805034582826
-8506886909443216532
-2189026302278336575
7016147900284000811
-5175995773205513164
-1146984605567212371
1903599776017849178
-7944846804020244645
-5328241931791755617
-5276151411613779413
5615594381997645020
8294778836295795337
-6674305530429644384
3664709209971168707
4148072694062711146
6504364869767839745
6165479792627077376
-6641744587935409510
-6552280445587854440
1682371875266513730
6019154148479406973
2409874939131274828
-4550203219406413947
3523290697559814953
-7435395329430399953
-5714210747478612686
-8910404448518607953
-4666740530463998349
2019682022237412362
3486906244966738766
8351260092920059878
-137106492975693950
9001667343809074244
-6479393848961426413
-2864768108303375099
6173664147192779403
-6752474954732451698
-408197498288740376
-4230479508759569363
-4898729566486556709
7474758836669876464
-3093873730668977592
5099848014302271064
-5010727035140023574
7662862461865483318
-3717481854351040813
-4276569224894398610
8371486962693153811
3704910391897575125
2905895178236897877
-3843163885255554770
6486992284917597810
-7612090087295313393
2883819312098794169
350604898693487322
8813817835809886958
4507022598762739674
6433032154972729971
-5701074468271703098
-8729649767603886770
-2726101579793025934
-1042592869562756833
2829339228345212872
-7873848314205024298
-7618712762216803519
1221695255722191068
-156642285596235350
-4312450862067543116
7677388932530504052
-4089669636833970369
6308086975375684239
-7389008930862240196
6581288157801199616
-3625485131142380572
1413576045531131145
3441320863118800130
-3831654841193909836
-471269028174294234
5278533551873538764
1237054038758295748
3588564803885602120
6646544411755655969
4040370420148281117
-4471511535206704825
6226604202378673523
508016865706003356
8493447640857794724
3360009145517866976
2905786619787560009
-7415546727575800294
-3007934697113059102
5854557527645632067
6252844171178864886
-2007670669993475500
4201040648005250064
-6828402789872924612
3130970849935236711
7717916213782262089
330541938756259997
552235504814577503
8821280582383516899
213821984349226604
-2347373993427938671
-7675482808542785669
-1239254477181947008
1147748908810653163
-4435912826301045755
6423188289531870017
-5632593320313061199
-459229499970387899
6040819325022164954
3731470331670724337
5843952550531092034
-559597996512731783
-1959500772263124491
-85768266757669143
-977908413595805772
-6515768379838307526
-8092461098517101338
2070299860377404147
2847066643155838133
-570360230234766703
3465506153565430131
7624946105194869382
9145721269644295097
7757829215783503009
7640778264430136326
-2613833827232961983
7197336377503375120
-4150579534439149663
-2776004751493915168
-354740872058620621
-5988428621892281155
-129924091141404771
-6119193450459067483
-6554419644013765652
6298827478092576388
7060969528581293619
-3715165131453151132
110625509948937599
5175792176721631209
-4002520701791640458
7884684546598585941
4141290711098178980
4755494179695055062
-482185848421217697
4713253979059597061
-4464428344704665332
-3129045575903370009
-5122162303850288237
1838314444628552220
5890915399207004777
-415896676957198798
-4784488488591216538
-458148938923482391
-9177246423627082440
-2348154957665526160
-4677239543214605723
-5887613791538041157
3934719759243221601
-2808664780800699841
1678931594824894951
7716071996125912483
3936471771072432316
2282900706426062066
-594054676373072470
-6616802063974837534
-8462438578045230080
-5185658547145747639
1879548574413745887
2906936381840903821
5638014682398974727
1151898073139132532
-3815979504292716606
3165681986543760542
-3080175329311325413
-3526948396617019342
3710477149595525861
3837600535027179598
-1725166997448326275
9078753168721257750
-8358892317837405940
-2731181435628959920
877065796309439641
-8506232250530731400
113714200839488479
5347276904948534744
4691818979535216387
-5015766441310957082
-4615601183935434767
-5498813348451060503
-297879478802897807
5425935978031142726
-1694927955499966293
-1435939988674301452
4478004558812477426
-4084717433478763424
2232965398655198438
-5245013159872895499
7965887734512992878
968230970194581606
8361395435919648824
2720402403923517974
-546880782265249842
-7268441139195752691
-1535381413119224616
-8130406901075405583
-4619869319021688303
5901218312494396961
8977352828514673170
-6037941593389419083
-179637460925048767
-5195667426964389725
-4257585652053279309
5086595672708132782
-6862376241101433690
-844010884816530827
3723494469496592095
1743410840966130822
-2841249898239230164
219465835491937153
-2757365256225525630
-3919308557284895941
-7898775050169541163
-8520578948799528099
-1604524944484872837
-8281353603181556037
6797908142879004200
897172975092604
-8860657048118045600
3509751266718790613
3173638508253068040
5025864843335925545
-1481626284032353395
-4793052150688918438
-8238838351393025017
4042662285682710532
-5639838067423864903
1109225518912626253
3204264236147581271
4733164625692236064
-1054200602536076607
-1116694960208715228
4524480174973824913
6785068450986850903
1696241752193273806
5161132523602776236
-3483986455218441424
-7781278897049477158
9161761761364789981
6994929628849056302
-6464765073961397197
-6677993831814126141
-7983447190265677794
4559610830805639119
6937612812307768005
8346574073092891750
-5807244780213874958
8471798773921122129
-4853032741544229391
-8896785729301841499
-2188283649260993458
-7626683791588632994
-1912059975667540755
8957236876745604954
4220609345432324804
-1736714348096780099
2136025458856337409
8774856754236115450
854350767737256047
-7935253560791668091
7530734252648230843
-6179716461308886393
-2444441038671555737
-5505494623648811998
4520421834979106490
-5977512369809635176
1262437397521895542
5128604272467652996
8316824558548811412
-3181229843539564820
3171794011276011235
-5739938660182079143
7114557380993759731
8148129584676334747
-6971246691471596333
-7765602848686149003
-6338917448286843266
8711070569420759923
3362523755539125433
7975695788439093177
-8377780813286448448
8388157604990322151
-3789765169839405814
-2943190520897594336
-4463424791393074779
6898972388587101866
-5963573698328468316
-8237759243648016137
-6797685469278609563
-6232545218444455166
-3877920527502574219
-5275221963316574072
5548576698488520484
4405417652658626928
7024343035900927737
3278878073029990313
-2984568289687486452
5820185197773510431
5508181423994505211
-3194717765545131321
-8131627758193730755
88295185024226461
6548958489226707689
-667702696034653441
-2440649965605712378
-1242556768327528914
-4529552722329341629
-2694473997498021491
4915995680100721468
-7033838394531858020
6694094378551444827
-6360339227651377979
-5796748369160607001
-4640056602590744308
-4685298296649285939
-5947921514137093124
8535100552330520288
7193999704963962140
6217918912112923851
-1393977433822648689
8962792634781418848
-4840088073465462895
1985073777737353131
-8304495414198421835
950033243661158503
4519680498276887480
-3372953109900704174
154327107969583015
-4034348098680137635
1470820128232275112
7010627908030459810
8032925135763867674
-7188609666401021921
6125603075979054906
-8257151382599703479
-588654614417809608
-2651271688656560089
-6522224038593594379
-512111851138394929
-6664469103943694435
3245547435347836671
8193847977894653908
4348257642199172363
4861065612211788598
-3445767847724890022
8475409284457732312
-7355676558371299658
-5032807220544434570
-1237373469338205488
-1671575945478846184
-334981855636587179
-4697229094270266925
-8890620618961296415
7734098052658472324
367172255748693633
3310035826205185033
-1675250977190176937
3524408712239102128
-5210986586462032888
-4818414396503137060
-6156277033517349435
-3749387314594121753
-1628107757292879116
-2608440581914412509
5053596817690013238
-1046218304996693778
-4622051115603700024
1886054366079893395
-1302157457458278740
-295138086682785906
-3738001712730106813
-2126870471491606482
-812391744361076697
-5686938506457958409
6043223767267225401
6637186983245862942
8514247033214003881
-4808607153413042400
2726830445094483135
-274059459101204837
-4019116876442125410
-5610142686205310832
335882140217056599
-4926574523355993572
-906409436792621927
3763706821027657629
7891408483440538252
-2664206111436479370
-902219354337355119
-4789363542427796941
-6584880528010384416
-5916950214445017099
7756171920360495901
-8592259459601743598
8383434343804978936
3419167469970582947
3705462600287447740
-4999869934693179811
6754732520155724773
-2216403540582203508
-7566037614947429446
3323106216926160298
2674526042169749441
-6676945125313318798
1958784862029882405
-1564286579763868191
-6699217306449089606
-3698735179827217333
-8060866513936835275
845216677637797435
8780967704217146752
-4722890346360100701
-6433582303973964764
-3024754120790017431
-5083907300185592475
3217761844719809479
-3650042303780555456
-4013066651566251763
-908083280870971298
-8932955837422295883
-7392274057841865286
5481016800918190947
-3679975673059240640
7839425858825653572
-6345761002036626893
3553501954112861495
3900660852499404610
-7307729966571435380
-6670373701375626445
-4286960555309114331
4103005200083306887
-8826811446784840340
-4524693539645394845
-1268314102040203817
6091072790108251638
6901438987153036260
-8492938523985885286
3598763537287923533
1519084644895760142
6110865932276332236
1135774296230284441
6183426058026401252
910172887371125729
6592720294328363104
9026668267326068592
-3973125325844618558
-2935732774605399844
-8478429578785168606
349541405258673255
1597971189998484552
4232440259375061894
-486360869972177702
2788340836722444235
-139303870362088564
8801491726557021303
-3465466348670007423
596644257913931019
-2141701843465133704
-7614778732673005563
991390825526547621
-644638882988149159
-4958442790030884082
5933666636792059174
-418496933990073529
-6815462026421257712
-7004692668936694831
3968303489740054396
7244680651073140708
508104875379894620
2131427155813229743
-3238720393865381202
-6305815564111617262
6744261357331864719
-2451869146575119283
1069767313948428978
2112337404267562228
4883754301895190438
2636267205641241389
-2657040151135429074
-4475343442963282011
-8880629132985721980
4618280911350094934
584578170637431428
-437768115236136056
900965366854795262
-3248762190406913032
3227309107418860342
-7718215972554689230
6764001946598106467
5190550476018006852
1140837734911688639
-7146609956156189834
6471003115079755692
-8583770538433094261
-7567110949226908844
-3726350394120989695
882201990817984150
-5378317787819377576
-3433953520279891014
-4849574697128103894
5516052607128642636
3891980098176841092
3697858099843983595
-1852318602968338592
4497214691304828848
4800148269301101056
7003741160838110020
504320396302184947
-1186081009198428915
204091718462022424
-6257551626837893803
-5722673874091590592
2305491151736447231
1501340872070289707
2695885639450684619
4401986632486629841
-7292838225637647482
8413081115945503452
9166567389102640460
8097933667194254192
-2722086987371827720
1427811958983375800
4518892458711206075
8609496895103097247
6597894949652904914
1137843656861863770
1164791095917997679
8883552047061914710
-8251167876555613029
-2863261609236965783
7582479191712924527
8355069240611437354
2740675625776397224
-8860072266723443609
-4820419953586334666
6659846343060732378
-4081967569604480965
8913716304278435192
-1538773902384178322
-2395632169043820780
5060996111495683947
-4114460798310299271
1230386730532884024
4561420989868011450
-129640112536478062
4081570059629618650
8782602656546452490
1197695355198023902
-6518790863560163624
-5117168927559091723
-3898437178474456598
-6467845473493639645
-3684349898180139983
4317800150773046573
-1161423985300330578
2288171117055075711
1215646048812941701
1357386060000438840
-178218136831982879
5617607552263789829
-7087030437882786334
858700293752590059
-8255809456953560341
-7201457885287041925
1095732860223165332
1692980604978198438
2573287061848578625
-8098170882153189241
2385652490971437587
-511304334565021636
-707149610799792842
-7461283710593796121
-6812661946700862342
8234758033860213696
6357723240813951371
3179511081528256142
-2586725749977667140
6966858711299574421
3232952865021812677
-6622650203628611193
5107797716335920477
-2239389135329649202
6524631212060787741
-7068733529887110803
-1456083249357463601
-8224716421127169646
5049726375383108044
-7371502680776055978
2432279514699788162
-8882925195309390946
8954869432015677146
-7936223000959236787
8660221055187443304
1567233709536957380
1097219613199914424
-8672351848686046672
-8640148733516717388
-1599188368408665114
-7331088680658057098
8614145507813537194
4420328676698947983
-3733651835844387832
513074508927023102
-462230826351754359
-2989360513709704280
-8630559084911549784
-8213632131701243320
7767375407067648164
-7092531238239646206
4303144746691214669
-6430896463784382362
8483370850095272599
3174982733595957776
-5556740768193321926
-2794882408533607436
6528579011180522410
756960005235221982
3848540608080334448
5484086174876064889
-8846079889597234603
-7633003962182873995
-1786388041991203654
-3087905468388820749
-7155953486743076051
-4857231354719909546
-5133484545562557550
-3973499919691315331
-2551505669370819134
1413056640994604299
6305738599765004909
979532387549341322
-2524030788302522021
7967813398074210476
-9046937688905791517
-4741591356086641588
5261965966994160919
-4797252279406053
-2501298562773222227
-3635074710679997119
8186347480153704725
-2123721915283493382
-3960440104310284908
-796261698647343648
432491462041250053
-671529517550404650
-7888470417535516703
-2680900147031678834
2782264053245101555
5109744707287158199
4716296552660836517
-1056390892222948991
-5367999635063381776
-3300978164547127501
-4872818492641523575
2712268163438977496
8098477916520112603
-1612237195531048374
4713487353682015090
2464122685503135994
4040648744509387498
3518569386033020957
8934639463027142591
-7878622659147778983
-4294312180329342941
-8370242459177550997
5365900934820320294
3362402138377599020
-9199334015031426425
-5477246150101410900
-4774324598666472297
-6967244409244228769
2321941578047935368
2063747317829329121
5255045234629152846
8642201727696185238
3541856048800926361
-7604237975400002382
2652086942732027378
1074182123828274766
-275074241701736040
5948933456878557865
-8059495519508183770
2191723865806026016
7613528074887339924
-1188185199848385310
-8101379251610222544
-8319914191122126703
-6424827635429056776
3894429737161974362
-1302504814937870912
1798516567932637136
6355724670760634795
1767016503511988722
-7194753307010472555
7329783097597660123
3116731866239356717
139266156307413191
-8339885349968713486
-5276725721952705901
1183794690991041245
1319499929424941581
6322637766507713623
1026296146203698165
-8777334320497830270
2587172034320396060
-4736777365953620312
-4448928706550627713
1079116169344376729
-386358987256897846
4191459326250977719
-7647120002380151210
8581254262496303167
-7598399245124991025
-6345389938569117414
3024872656439428016
2014216573223704538
820120899445568120
-6454284304178755305
-7608263148306141510
-2820944668332703397
1475856593649074706
-1886499910968314172
1356330173277829341
-816629285815217126
-9085907569550757870
9094141479172296140
258302166956763547
-2261967398933129875
-6496892378102201294
3922413431013597919
5972786363992867281
-8284526181628141264
-6350592653262231668
-1467843965834279268
-4911964233814986425
5025490937626778106
6583256422938361211
-335040670663081425
-6199482317362950587
2259198346557663421
5104833300378905929
-6121447743066434278
785650876610076600
-5191801382808968464
5019352364549585802
3779000817015382418
-3801868657637725816
-560502955049816162
-8047517860631816409
-7265699185258996813
2031628851520089691
3919787307087483081
1587602372584898329
-7510197351978999157
3796178900972104333
-8049202207791715336
-2082906255953640005
-1167538163631334093
-5630544730561314783
115462715955945239
-3428001835598707504
-8803182355352252146
3464945526004294080
2972695467122764816
-6351360642344563463
-5130417389370734001
6700357150838075782
-8666397766206707189
-487536036225951183
-7392509215546120497
-2860181894550239730
3745666571137580694
9171938884793392942
7732560876180548933
-7680221576632121161
-3136716471793805654
-5383689691877431603
3170500226574501088
-3093123623013340924
6933232890056155129
-3445004373809488668
-3967130619178863937
4102950762596248898
-4877676302459655330
-3546360154115272916
8189368253820619375
-5851330067907637853
-2911802478552299477
-3196829881440080688
-4596783626235632299
7163458939402139124
3763324522583122988
7142987265826599252
6544149449322523277
2720430271085730954
578302634466344081
8009591512071975124
8801230367668846147
8874525460279600177
6836229244894613510
4886564769039482942
2599562568223287248
-7812564333714019438
5607720105529439576
1608982228843666458
2453160419888496692
-495496928451234708
3480898735408801458
-5932349210265507149
9009732959842601465
5511562357735613621
-9040574387500615457
1714206616796304778
6420942270798901854
4184238476270670453
6895152431637010904
3980043146246695454
801975884316851092
752403982713261570
1613164520050052542
7727642899423847115
5905107520702243523
1591004418608960133
1758055475929127566
347328654438272010
7555911876046554358
-1568954330091654958
-3575294794766563379
-8975926499754078344
7220666652768289657
-8063972660964354526
-1802239093734717816
-3082686336837874772
2750483900816637205
3270056515506129138
7248523444188567133
-444056378854947505
7430153147144736156
-4642967253085743161
-4947999494718337592
1202392813263995611
6477447693972956387
-3894723792394562484
-8212252843737158441
939952563918705942
-232754245143186752
-8712273544904492098
-3947499756503057739
-4374277088005503994
8780024988044230527
-4315443751756313870
-7447194611013793513
-7259440378266602388
-1168144964648752748
2715108598313966601
-9209520509659489012
6436673847116428151
-2482120731102248333
-4893090894751875656
6503240692373353907
-2799952990151843128
-7664566679895291009
-6602168851237424586
7067067244629346216
592613509178387768
9087312651874434185
5396872819462501907
2183360799883941440
3423779133920247092
7429975466165381980
7920383998775580436
-8654654657788251126
-8911522698600626606
6579943778000005293
-2235845045110822648
-7037644163528758771
6592108901192171540
-245605600648194551
-3758168979442774860
7556792811768339185
2406458339884825975
7538544721772828110
1612692337763581690
4631001283140860218
1678672828087509560
-3309467628156045850
8722637501267821475
-7218323046909216524
-1945137038955251053
-3844604848856618537
6450778896444264890
5205307747125046835
-1490319278085907510
-7357726296695643828
6859501468283958424
4293629210629957311
6680621837804395323
6142659288844370249
2387949838831520113
-8422017125264512913
2579420615800763990
4429501379665995255
4896970886048190565
3741957614340708776
2125519857666507757
-5012914820194280743
8236579669265193080
-3731829309772217921
-5278002997148681474
-7920724509580843103
-7603021941456665487
1418131924616281912
6451858313804734946
417649635443275414
-1027435486958554570
-3271963506834728595
6411352370298657895
8607418365634377272
8448256300566548832
193770591804605805
2152600147340937410
-2526674537198971243
4511854104400232243
288253083372263214
4930807129159570009
8750341437074751805
1198491022904617922
1189979856853552401
-6609669519449560818
-4641926934766261121
3938275858761017346
-6725140644865741069
-559994973347460350
9148136738897179512
2606869126661671734
6802226668250006582
-2408195696450348981
-2858389774707471517
4973237952214845028
7458450328139841515
-5938417523590270636
879499775656981234
-249689763889246541
-4566559466439741845
5819852394006378161
-6269080846186579847
-6206053999774277219
-3019126618915331289
332849947391661881
27265636020256282
4168360933848195588
1067304345577481902
8094476983124578268
-5922092671307810341
-3222059076888809567
1159025820901205434
-2977554730764781106
-649795899780763846
-6851753783977823529
-6800046565383345396
-8612358156533664451
-858735331528294861
-1001079213788574829
-8532523448002735655
2536418021059807884
8813821505764480702
-4553443600115272323
5109276794896295296
-6057097996076829769
2799683798314705140
-6116662178281861354
8435457828976179748
-5019252899883074125
3071789439797385309
7271955463208800616
7722836670829987158
151237720078492299
5817330208633035965
-8484744351605576907
-9180059205478935254
4383372080380727032
3359543858703636197
5838999432415068806
6126520456489214620
5599055242460427897
-5345520594308582230
-6069193521574463491
4201955978513081466
-8934070387175056009
1596936150019942202
4073671622667278285
7307499829144900351
7705336364276773536
3320899682214786116
-3664575576451840289
8664004999199179134
4748703006963938708
-2846744465138588731
2191784957764616105
4322673302798082910
1087692402729105348
2380830987083138568
7520630960285246989
-6450817676253189208
-612961919832464609
-5772527504212728821
3168200236076397875
1056130482935506285
-5463113028556782880
2994639990320261625
7757733996014901579
-7028367313319115917
2029884138915040409
-7453112951252902708
6432824938391676759
-4662873336811758616
2331303318659837051
73401678086651503
-8419674114138427686
-4127160466419910635
5643840945205333563
5413874214482312295
-4329680861575891861
7045549060390298224
700426141414554905
857311136431004570
380142811276334994
4182098241923932761
2857248189907730493
-3992983517490097716
-4711406568134969877
160809709476684004
726518173481704666
-8511407836758479356
7851630243797163310
-1389129918285402245
-2543959322397632730
3067364737067648591
-5837096410660632921
-4146293612015855227
4589944563324829568
5690638231246694138
6976226849135733894
1986638719533414947
5854331894241605181
769801182152945025
1586971027947284914
-7158325566649751523
-8653937619698282104
2969983415249421881
-5870667554412528113
6763469451581535600
-7478001545469056365
4356842280664487157
-4667173358427858738
-1695205598998483709
-3290109784772730348
-8963829386856519133
-1493380503953319867
244037466679908339
-1052107500738011350
7335021551478797598
2808174683322114052
4987318804589621134
6480513573565946124
-4977295701231846930
-7217523267074787032
-4840356365372424711
6723188393624529234
2547102330546183890
-4868383766021705441
-6791882475588086514
-2568134482466983301
-3638031218070983171
8001289295094147468
-3130838304686441145
8221610010114557699
-2129943522137521542
-313894669261828881
3881126628375364267
-2971931432872366892
-3569640126384545344
-5014203327778005237
-1597745453571352046
-1334442677869413114
-7689467238997606008
8385661561686672520
-5668641181960349576
9212254039683350846
6192681466953199381
4466402745086959141
-3950429732633595787
-4192153544445661486
5802475061052362703
-3842454199004584529
-1373161440363482274
6785340301588595887
-4034897770574465762
-6845715697361601502
-9176618907959082252
1069872787784621904
4927683247304473140
353340238374921022
-5704956738197704460
-699371962337996384
-2036760196896966579
1694048107301558
-5542558413144644947
-2465362578269720910
-132381154435229695
-8974038011094703657
-7076276571551301076
-3107251389562749148
-4666659765501354514
8219177888342370806
-2554385117632682349
-3854774688790304202
1458585083139984149
4994407865412185980
3878542243697029070
-1061323870072703888
4507580306850228330
-9015495072709645583
-7524622012955644620
5844757022998422523
8215712665524479264
8478343229107440189
5613647444392110686
-4969088364570600869
2438188443536200788
6873240042306257761
7444329051477661137
-1966004241095862231
-5542997833212831446
-2880998237144187077
9148586550220645788
4730682651556149637
-7222952457236460591
-5789197563366680007
-210862010843548565
2617312655416915102
2545394444689499953
-6744105380959569117
-2247194248236413741
584634231312504054
-8684709615042465883
-624049899199014377
963657803947632528
-1946625417251010262
5144003730425873356
6052795672438546917
2234290069712344736
-4455772243055302750
2491443620013300473
-4113115457492488958
-6077624500567430478
-7776504548611373065
-7401392030044947536
-4165645966676710931
-1004858561379144968
5650915708672908136
-8700969073646294048
-3057487571340320355
-6613896130735755284
-1128595003706387866
-8779648932350216908
1598912576212934967
7494712302525438852
5081528084916110067
-3227644026341088487
7358474409698874057
-1243836763582004988
-8234958775172159104
-484322495786779839
8694546583873318089
-1479895493647188098
-6115711619339505440
8661556955620894665
2713615410742440094
-1268986657770165463
-2366903978516523879
-4017400800999656422
-2639109319399177949
4387898702630436654
4066333007385812506
-3914934195825408758
379134789062392549
-6834197427065320954
3399606746385061691
-5724232149953880457
-1038385151091031236
5676552021194863065
2546109682331662553
954303010271184934
-411801429174638145
-6044202182200225743
3747769437627457622
3119203501846639048
-5750110734481162880
9041655916713075157
2988446909318615366
7363197882962265700
4099155516789508522
7666475807403762869
7474380515729768921
-6713521512364591103
-4069670166356230902
-3578859989895835949
-2607290050001582387
-9132564657248032644
-3592864484527845927
5041977570808675460
-6767957126643905502
6198006855032973320
6109412614573287100
5323578131604269440
8545193202183437240
5263590023902295145
6619507337976275295
6289640618124228520
8421453148560579087
5655980755864585703
8462875266820824426
-1232997046158852378
-8938258004757058267
5452562031976071697
-1671662370083091751
4656319931152717989
-8000793912192372002
-1533137770163356910
-1255975230595419877
6666328922588433023
-1988005598020012138
-5012021823614097669
-4197982439727985027
5685055361070566236
555238236338908434
6208405443765744610
7055938751222750163
7746943416817174935
-2979371853954513695
-2390414496263615034
4029969379712133792
-8509454599714836482
5410543807477675329
3291551770746997479
-4393366840583129763
-4439046682220092835
-537594791353944029
-9147570567719985804
1197340567983360826
4143055962783538699
7955874501564002012
1379845383395785046
1879280587718388798
-3480049666524813600
4224945794102207569
5187018221824545792
1132694247398072801
-3900960619455741557
-8492874844779350930
-4399663684335597487
5200159924897462559
4545723082498565171
-685595457973684969
959059266615300512
-3851548607285203289
-645559081463757153
1090853849551086127
777874086558220534
3449370249882175723
-7368371650055751479
-6094049672268914558
-3469742840933250512
1196063190588691714
2438086823051872331
-1610100921012870632
-8236964888776375340
1346515387672739727
8239066841796239324
5980445191900305415
-8472924558571506446
2987401819057700667
3862591905115662791
8831524648792548821
800513379303564311
9160011347992538934
-4063544906199972963
-2871485588466786735
-4350970875939584624
6953606720782320364
-6659278451391798508
-8264056403409123595
-5365876538992269254
8922929513206314817
8311586482191686877
-5098829692274155794
-1676411018981346775
1458323038809500225
917309188067163252
2138646697265834354
1328841623061776630
8154321066424328318
2383542867319216474
769425458842531567
-6709018118275423610
8512686780266107013
-4461863283553460022
62398357408101521
5722244984915916172
1904064919655731654
-599355059234998068
7221354343554809658
-3899451515238656163
526938366459451004
-3968732523918611161
-6615290219370411500
1541790968118602922
1991133308922343581
-318551810765470004
-6410527977969857096
-4361861609868169030
-5468024559561061769
752363480160665795
-3918426833200203149
3854089640087131982
5049117432678080648
7614719627813398689
-5131606755452097765
3736395738156216994
-252712649976326551
-8567210491868001713
7063062807958157068
-8050245800411105028
-310878925078121861
6363018919122578178
-453689879014884035
398040906838660054
9027107796339481918
3376758716042372994
1672205043323756026
8926965052861686110
-4454800039534098326
4886814878841941546
5007552540052011405
-4429574764226674907
4699475204593010705
-7704630589702423853
-6240051102125873698
1033760843973685605
5595279644854352701
5743777184124385062
481360911033849604
-4467465202481803780
-3183770824615678338
-2222252377581115960
6487117129748581357
3170878056715686567
-2294524155595151671
-8242671068924178168
3360833035035548103
-349452877776379691
5619625963905905666
304311444475064044
4329869420425771509
2668413191615382884
5379351472288786347
5474503611211229426
-8561043281738308097
-4215041749781263052
-3697137768361827369
-6497240582430128067
1655120266541772589
8356723954538186621
1759772024111029791
-8407709744673125783
8285420677441308189
633822058606989762
1495974232602365596
2546168190874832884
4178171555096318574
731867665628966549
2221630840294110748
1784922559935651495
7869323223676326177
-4936036060701311386
-8068165598435920810
4808542140065970822
-7206002703019859094
7461706508881678636
7100522515627222393
6374182629128929006
1648627171931765746
-8901947999644931088
241715031544434025
-3755945634081054540
1272135134010292512
-3766706969668401759
550990001435416530
7754450507525261769
4048662881747201120
-5497171437143833919
-4836390282804417838
-5428683866935482729
-4865499044473595687
1726496016386756032
6122691494614567557
1085552665025964152
-5324836739469456639
-4527649852100223971
-3546476086282998531
3121546171523380581
5737509125321919354
-3439931242003976714
-2286377831389985651
1154882567588836140
1380463818959283483
-3473130664532944358
4272494568939037572
-6541666442015966598
-1552388273543438158
-2986198147935109525
109330895789689706
-7178227600114847618
-4119668735984042178
-5556459188818055469
-1400331780870775145
5442201172716236352
8662091343253362350
353352725942094134
-9001341500733216004
2582193575981062144
-2006438031091151882
1754369161955563965
-2785023817417730215
-7649195949869697671
379458271163358634
6268127487923569420
3603857898101479563
-8747557740784465876
1884256013590113444
325357571051994002
1710736817396388632
6816137372836343095
-382442675158482274
-5146741905035629221
-7555643804056976511
4177628563329845278
8829686069275924898
-7253803608726342592
8312193649772111252
-4443947272263988814
-1112112038820448830
-654412930637572377
1201343564163187582
-4038624015920292544
5938233136661083120
-150377305649033658
3942618038525002184
8844059816277279737
-8573463772152489733
-5111854580835495597
-8323151855850063671
-3757436011681345325
-3989169607044373969
-1422424142668815087
-7841794734332264882
-3136366609414271811
-439063688409108610
-1136165525443030209
8417458379681978836
-7195955952035610939
-6094751044144302341
6211163935810226857
1054908822688286497
7970757763707487236
7455417665184129110
-5027311703148582295
-767209979671539000
-4078111708281840757
-2923230729545284190
9060511004526669177
3224898588132974587
-3168000362328731812
-2745489276223481767
505535451291833196
5237529834043650813
-1823347477379088682
-2338819764151068689
2146066776887245858
-1349292349988752351
797813894982055920
-8413312207960302115
845524328598103874
-7694123538819765076
-1279602616234935682
773310142667974372
4950238087679748983
-2756243222662585165
224558277314045062
-4780255229572752165
-8597574085873014752
-2605004945781257714
-5343740703576657246
-4164647891128078774
-4207968067895040701
-6005280047164645812
6100616573134135860
6016006087855968367
2079519005995519894
-7594459131076243358
-9217534149571294675
-426572145592150742
4084760571647229708
-5303213675998848869
-6285594426934895292
-2237484525896351217
-3777274683689913237
-6364246878590942634
-2942332640315870884
-7401748267095392798
8697541783848193669
9219089827954497010
-7428077261303912302
864710817283509259
-886377926793017798
-951480027043797053
8887145586397509540
1396182262884165838
4470014479273391611
2964130817479236176
-147998097248362570
-2943533620795249348
-995648831534738584
792007657573047640
3893700321765364044
-2741361641915260478
-5902821511857349759
1390835427443734113
3780090657874162395
1398526291595788035
-8241394641952486174
7288575321543209056
-5172850049091546163
2063704805896784061
-3926924938627271834
8100180804709799942
2383833044222305932
3002119802188206467
6507137255332471869
1903044249451368342
-5275246640036269358
7250461985663612125
7987908296769708834
3059385107538480349
-4129862962723357149
5047083442310709907
-8552347015188513929
-7402278260009722158
5164851109586284438
4950622192671056086
-4685923907209428812
278885723593134448
3493223295776153422
-6074114153193915730
2195291860038689909
-8216651593266226433
-7895036361253560075
-572524027491430111
6924451482144965419
4864696057841028152
-419817270608094828
6032369718897510222
7186144515697391686
570675977058122689
-4689829390507047256
8269724380524763043
3854039529594353012
6071724015006660695
-350709536454171489
-1387219655045593826
-2433604894635363111
-2596499045130661998
-1698984076536104139
-5998071824783529142
7420930133752200360
3809244337196476445
4304546789671498461
5108629742409527915
1810138185772718681
-1328309067444231049
-9072201011911219117
6249624761326511584
-1202646572960241154
5117857766190070126
-8029757632463806476
2359674451560477848
7850059101851553129
-6549355965324729052
-5890939210465882107
-5206553353157813514
-4599163893180443517
635376036503481915
2017022408193599835
70166545209492086
4293498625705900758
-3625639379745189388
8363647414267962233
-4262568127098016084
7017921299098292537
1697659587292925936
-1830641792357307202
1091239085045622048
-7918282211509416781
-5212261008426642876
7112142045524046269
6736440871491469989
-7035395713801268676
-2366535556206558692
4072839709930817407
-2928998787203281657
-7016244223682379713
-3642070558673743706
-5935594441758766164
-5657232238767875733
-6429975446783898177
-5922823105850335818
9188043893809398439
7428185008683182815
3210118586311917207
8288576028207659769
1655611390028825312
1173176386069185573
573401027297865122
8034465856154641275
-5943571318390136581
-479602655781821279
9183556551835729539
-2450769305663659287
-6764306623780729884
6876163740813634317
-4068943977977826632
-5859713263583851146
-4614245841504724481
4635658466746536371
-502097369157192243
-1336547852969039947
6926929377718926446
2676463299044567383
1346002546257427862
-1999442908789583034
-4794336055733619729
8267724133145847888
1307553400749870908
3482118383861190772
5515363265492661104
1191734305126108068
4410924131661923435
-2450381629730361275
8063463675810887267
-3347695287213679120
-169619341700079330
-1969445808117829538
3716414428312565084
8873999472903566580
260038824903725113
-2695625284015321754
7499850773481930412
3909298451030534962
3556169747851010130
4339656708852602248
-6452551654735794365
2358064742350732516
-8357419825324015081
3246162626622104462
7849091700126805935
-3139940152536552496
2013848872886662694
-3307672056866417550
5541827611855612071
-6600274724157091477
7119362124182848748
3540017975487784578
6288709142394385943
998816434824841487
-4840645510073501214
-3786104845897344907
4521166982046511686
-6225008590111962143
-4716788338618247673
627967610517986446
-1354023066457170109
-1629695416167220148
-532145128468057175
2609129145287455441
7080636966315709818
9041749905184190730
-6031749612352463122
7960040025227800212
7754390964823160333
851863887893759835
-4304097154908900006
-7403030988125657960
3004063176408286905
-4794300572863996496
9009390360105868266
-6352357510982069784
-1141147522097910096
-8721802359857149425
-5993031998159143554
2548397034818138861
-3151961477832889020
-7091102688354618822
3562897823132968005
7497036179666064862
40409367275634322
-1621050029203885250
8249871638784715643
-7456521854875053398
-446960626316698461
1397955780970674828
1783350320739892505
-6482854730102251176
8920106716435842331
7528029679121766197
4394160794484596827
-3739931022039564178
-7420750772449066892
-434982149913729793
1107354709168165864
-5478355146136348836
4990739805374851098
-5073404335270846710
5466430715485451212
-2533178124295736479
5262341598237460049
5034460896014211428
4578635225176921944
-4795217363098592430
-5725908566453836249
9173545161894358932
-6990659671599173613
3781588767392488799
-9018810787710699155
-5385990088296326337
3002930717017377309
-3167374649992796398
-4112090376145275126
1691377084508121802
1341627326568077320
-2931223337563034507
-6950688555445030373
-6000013113604327631
7805667629780565119
3465988254691705843
-1930972215051442892
2484700452795482789
-4547842948373852427
-4082002296561647800
6937673935053000750
-4026375464154355198
-52657266941872686
-8333880294495436535
-4104128788209160602
-3279863068414644183
-2197656870588408715
-4728969519425198768
4901697185552306929
-6372108822905151294
-1990299109996325788
1327302470837813187
5146255423533254626
2950483897772757979
3808816776611186037
6881662494945867536
-4620441910355440992
9213919220240846900
-2214839639386215196
-1185866223849471471
8084998258016422266
7475166022440063382
1467111361756307282
6746647273209120
-5955082143910570242
6973862862756145052
77983058427789714
-3910568038315396589
-7381531925159972746
-480127913357772360
-3106909703363973247
18603894251392205
-2177272560538943639
5500110609742195732
7372982122804370200
-1281388935303033308
-4001414817091776912
9169653414258682417
-2829283739697178177
-5366698110242404419
5559447013495283398
-832728705106995022
6589026397543360171
-8415279997942102752
4888323368013860339
4819974318648457185
7530613024327293162
-8238972477664711776
-25556449208982057
634844779179464982
8799809479880125051
-6326363056597365632
-7030318579835437350
-4621213940156065836
-945607940154562839
-6863305247558983765
-728128539111072598
4248311892755345105
-8855021422055325825
2833019460434401681
-6644413596065225279
7306776351868397633
-1446879427723577289
-8177418801883430254
-1546683733685509963
2575371466114438315
-4519728371720923782
-1922442277613490893
-8187911824370670290
-8591210926728146103
4475054692541369709
8914960591080048891
8376971663023522367
-6196420529465302681
2823549513039383979
8747270678238953970
-7532960935340942565
7734536992867559757
1024089073251737831
6777169256630486248
3024242211154720504
5857755143291570432
47967193720284594
-5898509342012827441
-479777632948268300
984645798446662087
6756018520676447804
-2787311065215309450
6700582826908339984
-5830723521045599689
6547895712477348696
-8534284067768681440
-8719673220717865647
-2517753133028497974
-3210737326887970247
1956706205065865912
-1505166552017621952
-5036416266081654214
3120822506774371816
4737458713778423462
2628527952551241939
3688619571787699007
8081422911770697058
-7065579511083660505
-1326302507164391590
9154913632758202287
-7687745422544095521
1738818707839774217
-6184125241125464375
-9046122987877973351
8166341123414233921
-8453750299117168137
-3766306037713346190
8013808391187969471
-755444250723946161
7835672322974265914
-8422703317396303010
5252681406815188493
-3577319428456860456
-7296572605951580067
-5462638084553919387
2998067940223110324
234373546098527470
6863977696000111302
-2805751020026394268
2761674428654436217
5457708614437993194
5369128546078557017
2582625938816050512
3182112001803244443
5342253581318228227
5653975457872640946
30298977263061250
-3613867558475908229
5654547401096083959
726692708128006276
-3544578403276880620
-2685246109211215689
-4300957728645224316
9194097953201711254
-5228916396250324570
9075277589933470972
-1409299265316637075
1984311995377670474
-7003825798081864080
8567350042709945879
-187356473983416377
2147723067299089113
-3705725388146486352
2358739382704803975
5144401733845790705
-1770582712284856950
-558354400515151346
-1424514146992538068
-4069715296006700855
-328702980479619855
-8850737684410256953
3165697934753642353
-2511965961588567014
-5971130553650241854
8363689704311034000
2929464140681853199
4818067773013175631
-689072198520944127
1821523856253251079
-6098623327366975144
7746726665745933740
-4514314692476222860
-2080126855099133573
4970248919053034863
-7611197361044205978
1091316090188116104
-6056663424675047808
-3651030879096054372
1311516881537485253
7365166579430271725
-1755582141289930360
-8973184830339257312
-8519844550222015313
-4395869467173661601
-6721381419160422155
103453989434631436
5631399709286919020
6099784544100211764
5852743963528045308
7695416614204512772
8326977047560573165
7177222934135943920
5877320461278240897
3932739239203615443
5711049917159878269
4123250435496911685
-4236049031911166509
-5663087409955867401
3187773287293187307
-6416357831973686373
4452480988426362163
-6859362733351836722
-1355196724562046121
1202388317746418646
-6526986413597823642
-7206903462527579058
-4783478074466524895
-7893010260299202145
4251175970521970490
356745715775999622
4309711669917197110
-1934273459982238459
1681031429491080656
2056710467642195334
-6726905974037428677
-3259027966048773001
837975462711026470
3540756171657179038
-6399890369332517646
5310212172889849828
4155731713355957420
5629779287155763741
-5725552710483573709
-6198708366608442256
-3453094845332483320
1562651016233998175
735408029275949458
-7666951323536867611
-1697304000214472047
-81154821262582306
-655330059974803084
7885943878103089822
1599858485482615221
2331480635858456208
5181555323730197240
8404279677326638717
2729119471770088519
-969968773447240210
-8189858652199408155
-3118424840001100950
-7684612163520672854
3541750244624217056
-1410594586325066699
-2697702689063928601
-5852827769935537405
-9208449014081377371
8230773084995118398
7574579612302265050
3820778480729631605
-3275474754791089184
2377171562849879831
-3318593335721784850
2216363057305100286
1716828984138143504
-414782451579273412
-509422965513759218
6968989013003458121
-45976311917461106
-7506486672010429950
7547591258558592921
-2508542492381665154
-2538656165964610956
688311839559405781
-2750234258534736214
2606943522769389868
4404537564282449388
-6023258874692230833
-5577900928748627705
4967230366474413540
-244911639072804172
-7312636924251823196
6805564629429378444
-1052618963736658289
-7598694141651458262
1988083785935011930
-5837819615377466133
1389144449394021347
1723635839065025260
-5673946445581444157
-5859524627094313044
3729115107205067247
-3065542039641079534
6990765889620828506
3313960507118980163
2964975342917850814
-1303516238787591039
7213859441377431954
-1838269722158151886
4980311979439863733
-5592713838322748615
4918322058703780585
-3325284756692712778
5439982069154918492
7019911565027340288
3174956413351088943
8119286352066226339
8835163207718975703
-7194157602230301775
-8763247472986450426
3551698179756748417
3508118628519189941
-8728540222653088468
-1039423391945473178
8531746975540092990
6669676981643336251
4131680619894693574
-5268893096016858278
913627558901789369
1986089507251834058
3229056160892516582
8983983921559333669
-5369368470216778619
-4687064898050025904
4347812207259212730
3224605315957385179
-5294711652196462174
-4695138434027287954
-6043438304972136149
-3429033107521874607
1654333630322188725
-8283162460788647820
-3460962468048807536
103420515593912166
-6666108352375724905
8211161181740418277
8416130520866781214
8177252363144677834
-4641132700312285539
-32644209888740327
5623219256432896310
-8854320393595693921
8703969246832702915
8827321322144162181
-7917792457477827159
-8825615399894086591
-3310249897656071218
-3564494286779003070
-5195956324713640818
-4174862995567461876
5029070412150588177
1594584275812847660
-7226621200462775883
-2359983708520049939
6936343236547471621
-132668353913921291
3698717141183662479
-5852504842728014745
-2153249933076224702
-5476611093257113178
-1852518199184329094
552479901488359793
2179710184515661557
6756182583380017939
-3684453420323751099
8881791979195760993
4196435921629571795
2063412514046681671
1439986245280867920
512856407028760438
-2754511197081535768
-4039999249216659455
-4846523518099972365
3282268611622124052
-6762149030674009864
4650803442225105611
2358971297860657233
8933488378790813803
-226127189912357215
-5590654590935991525
-7241040546731193869
-6780432089041896879
-4491952976015149011
-7354752080016975631
-2845554683837946553
7148753702158221234
9053828360922929164
-7721759773627055845
4512819089632162711
7702080626304533996
193238708243623484
4635595471694742536
4679641252263112347
-1651167349219145720
8121240666564854199
-4224780538725871846
6214001811142199942
-5536536599924717789
-924869423081008853
-6123075269235101185
-7517820027077979476
7801367201406490288
4698795033234398962
3850802922028351626
6292826743118357834
3487816623291625188
-4812414568730388905
3477123416611001445
-1234296560133723405
940292697789209646
-4140097937125093723
4864717343048265290
-1324605718752904134
5027793956200301656
9092591974210608918
4004953991480647743
-8046164833079646415
-8839410905045748208
3578270133439990579
8461877360556073875
2514530854312717480
4755919785979873502
-3186764191505020820
12032487180652036
-791520341132588985
7194374683356965764
-8159995759656784180
-8262249165105306777
-305774461613105124
177114962165584601
9110009121001689734
-6213332470131056805
-1250789073852065583
-136750018401561249
-2447225864821342675
-5231060562082153979
-5032261924211730090
-7110256823957683195
-1794093254293932241
-6762649046449780541
7342420262284182422
1667887375937437899
7364526562360503683
-3193128368903595687
-2199202707758605565
-2498713832066112530
5032975278648106415
6047385036727583050
-2780816776994801795
-6235414645958952717
-1266871615384688519
-8312842448557847692
6032295258215865062
-3911180336452462418
63212716911464080
-1825056780413624107
-3399142436934693232
7633683950094826698
-7639570016691015472
1842346946902829616
2263289575358865353
6384963376374059042
-8661022293854942268
7826767332437268886
-2131479640301508677
-7350352916112514953
1612213337532040740
-559067410486258751
-688048976116678459
2922500966846175442
-2341625822533619660
-3578496059493718236
-6733697245236393180
6909097144343787977
-6767200382477053999
-2478392017314971162
1407443167013643797
-5047775867360949198
-5777714453933582659
4243689148809432987
-5153348481534538360
-2303606700739948442
-1089103004015666979
3331639957247869902
-2070908649295983354
25510554761742157
-2022704751536767774
-6804400738791441095
8834868893180309407
-6633640343262276471
-4370789833381274224
-6414304542151823713
-6118129880883057780
-8082341960540326451
-2920094250932778736
7565632274903442049
-8038852741287995292
-3299083578056652531
4658556045576732514
-1595937285459883371
1924641692844011855
-7056979724905427796
3251742459018202883
4712847113400134326
-2177407194041807704
8142520515634929715
5688014048973212477
-2788686919624822501
4529857478438042037
-1251578637244378351
7379327865483323091
-4481230843181901459
1362467210486030211
7874700856785508289
-6946226288016873744
-5854516623915096970
-2304617666322222165
1901453972678354050
4921509076026888005
8418137401726082096
2780201121223929199
8958697058648868897
-6984742227146392168
32205954882304427
-7755852444855771327
846561815831976217
-7312361591563802264
-6639798771201968082
6810134235772139914
2179942565332616790
5609250047061782188
8902129527088053776
-6679767562604749464
-3609505991653370901
-5138501312509440916
-6076091277982150597
-5068071753216345671
-7573555921389803932
-2599616597063518688
8875657762123384618
-3128753067386068636
1422238184625849426
-3398696864086964813
-2107056011238336354
4733654883183023214
-3201505566797088469
-4584689835254188436
3227267256819686022
-3259246877522756700
3459850690156788983
-3801907495421300437
-4211427388456686259
-2633146559371316137
8421594432616192352
6123162686876765784
-6260455779365619218
4510019914283908566
-2078154590736977135
2505802266912907840
3894484658352435144
-2962982739141054048
3282744094688675194
-4477689057817904644
-3574635914110643464
5824254792824866857
6221354775627223690
-8804298449708832005
-1191030503495853092
-7592232558458402784
81111571703676403
2237826163811220727
-9059143456145625244
-155092968204694719
1831323783055845294
-7525630297589450618
7215471279890527381
5465320968137775233
-6137879505571156881
4384078046922287658
7974495067231872179
-4083931868339887467
3374493703731922925
-9053674022106781796
-3920319074784727454
2902425987925242359
2575408387277151473
-8827903512969562118
-2263012858826327041
-5812310078426262109
-8951408007068830019
2095221866988595452
-3508291376467539378
5371017996351186088
7060650265655968762
-2131269258644780991
-8793158208810909480
480831611518916577
-4749967738117356716
-7050528549732456128
-5362350902014620531
849588529432005182
3030510449917173138
2938054124140319698
-6481941318097112637
-7696629365284292624
-5532229225171550136
980393562976720517
-185241659819207692
7462403569630200932
-5704383850748816685
4596288504931452135
7868204855105934015
2966428129274886973
5732787430912956436
-6011453358447276302
5252906240556066256
3401996111351378285
-1199447054706843484
2270890193109827246
5555241294258377526
-6740378126536098662
1461032441967492446
6670502076630537385
-3403074877337645441
-6152156264458809196
8913916514088768905
-9018369167343172537
2148552377336666901
2370386922636991833
-5623944789053320956
1096600694915052708
-8076614920829081586
8754026356396008613
-7580979112663364019
-7674608827575688022
4049641972058265831
-4016545620684059796
-7225133043797711233
8604501998379086011
-178297260272343886
1464603086864033266
-868337448839375024
-9216368881373808219
-1850600948632721022
9112198022776251643
8935900257856070503
8006734224406829521
-9206005468044877937
-7193881715653295548
2973347054444954826
-774078630420063417
1571530886136108780
-3201304653726842943
6065995262726521369
147203662134915567
-4364288806957005093
52108493945193144
2949328554448748020
-7624889435244591996
1491706430535443782
3335527009368019548
-8335030327433020834
-8252589707803214722
4665028650070921197
-1488800584995241041
7180211025184162472
-8948879319183852978
529264116244951039
3749376678397814407
-8377579328656527374
-3190589767473797038
-577678518525268271
6395992713576544139
2944463831961536337
-2193171085452281183
3596439099138350667
4560846989222624192
5613112993535572889
8275712899721861773
6074116681327227592
7770045518450132043
768960523189280946
5586665206420518558
-5202555525386600178
3266485085264126297
4727287540249242719
-6545924593349450784
141455168039171013
-6292320884938780299
5244766473293733689
-6089300050515178824
5598569543029591498
875001594522076353
-8595978781319600793
-3659457015292748973
2880755030760802489
8465932213933768288
308553144997453976
-446555801870979626
6582926675208360677
4798107639981859919
5378822693744732206
-928135543799373249
4116963728848662448
7045159559511550747
-4214660500162931439
6997460503362529789
8109135527962137471
-6013639237949512469
504927307440300519
-4688818251609653539
-3134136803777638963
5119195717438570518
4724094167004103193
49455097645894457
-342002052179172098
5982700945213565442
-7666572118960745176
-3673667333349531601
-6435469399840278899
1137648376297848077
-8426665107159599029
-3653561987062810193
3199056706682310643
-7224135150059353108
-5142454507276946416
-8610372516868391052
5196500241562220055
7944646658590570428
-9101025160838966532
-1969833949432335164
-4709949635279154351
6931471609487106352
7722488609998187105
2027589776717090548
8040139714633754504
-7730482702855864295
-8774014473092323246
-4091917377466050608
4323220248976061596
-921372287185877505
-7532345742861775124
-7227950200009317631
7018321899658927177
-5058997351293135766
-7412849151852972720
1358788471909484953
9014025922810891512
2358608489432272516
-5085445213724635523
-5745743553822586081
-726412236805958391
-9036033120444895685
-1875204828099957061
8226269006925179111
72709135433887737
-3634322294801012216
2062300933914494298
4666855389069846516
-7755910245336943427
3869718659037769880
-4996322195201120032
884956602291737436
7153989226973305089
-2285012309038909666
-988204246085571199
-3021434626116562254
-3884783948978401112
-4953038057899689012
2664150024923567661
-2548805473042456736
-3600746841030076780
5969000381822523091
-2477299061014875476
3683862542004952958
5421304167962952202
7553745705653635597
-677525798937278216
8726626312684624720
8214093595969423686
-628467721015961237
9101858735850710000
4299506746401550050
-6315867992577889992
-5041797858714774226
-4649691102564458002
-1647151993182109253
3020337832435910017
-7208451264653512255
4527583390771075817
1415874796718124581
7239793564010839568
-466043185390556614
5013041416635538124
7222757157776734619
-7346893250815811244
4559442179968027035
-3902892741756359951
-1865037616155557570
-1737708234827922904
-1051495717415651548
-150718546735523845
4194559307937454672
5148289860429862737
-2980079828314940243
8026317127666302402
-6279040481602431659
6989910529508608816
8976335946962666003
8351293593923460760
5186742689352987034
4992424886553304089
-4886578469796587892
2379158784523161752
4447799415648327592
-4103368147489325170
9188541183819250625
3120307873529899659
4227521824066703490
-2639629131979751355
3418455242974574127
410560403085331975
7170703750092477665
7127360258795089991
-6095076109189151565
4900663760833896210
2730053269704094435
-3659781890532738135
-8918614891788252381
-7870106190818200797
-1869725205547496559
-1968120367200634799
1035375655202905418
-5070800978654783862
-6628460223002256458
4868790205426010362
5572630831036204877
7668707503459198239
-70696753029636650
3987629732824401764
6639818969927600966
-3825573697506775329
-4868292226379979178
-6513268665152592105
-1303188738058662750
-185462745373026776
-5298651969638802477
8423545640303470906
4707151036199813585
835773318098551852
9080885384513829633
6465441369826778628
-5308463800452713401
-3181442527130452163
-2872636410360282380
-3446620715033006734
3243949367678126200
-7278554077625163806
-5335844241902051046
-2523952964423272098
6958126829545700141
-8875212764652796448
-1238653903665849313
4822415030826582156
-1757172251491306228
-2808959976265553886
5563338189467414637
3616827241282058139
2300813803481374863
-2668734309094290575
4612544052647160320
4398660704358280315
891215056064324436
-2976216014959423738
5582630609772954675
-6359991267536210983
-6864444286282493774
-7107553664799647795
-8268829403122193063
-2192689705023901166
-7755849301049165015
-3825701192607165830
-6324955178972637025
-811442571607919222
5620073608529251803
-1352458308123632036
5783978066215139567
3386839352318183404
-6311998983446274221
3934448791920838340
4128635138971553470
8415483419465664909
-5776918214562556151
-5238696267948633194
1390085247552433720
-1860593498632055716
8560068988800622455
-5818383541090036647
7054532937712474163
-4366209608942128170
1822499433411715993
6172141184002104404
9038353503626958360
1098410117933999747
-315776603178150929
-2495581808671790042
-2166203930159496516
2317623453547675327
5538183586207368538
-6452679715296609845
1767902070076631308
-5274387489534848104
4313584382915136611
774854875652759168
-7313207538224733161
-2996182413341042875
-1321497279035027236
2598226965629765558
-5779255822118976054
3069546658218737261
-3314132667172178818
6917082128920787674
8019398577786618250
-4342343027133075318
8433240559548318428
4342500889479247097
1210880633627251911
-6606513270355014012
-6315295406533307792
8385620824574261737
-3287922927008782505
-4632354411129684275
1105619497817885120
-1701149791795627014
3792990177528678918
2249509434863243559
6434817391738977128
-4618737114310159686
-2002204008728516291
-28424385518161919
7999336939129144104
-6112787351825636341
7422491395220051881
6532460753931576273
-6946596427907809982
8108143029414115365
-1453543073023418174
7551977770459404887
1065275429805021068
7290041084648570972
7600841620649322127
2065819467358443871
-4381361969386190887
-3711387431985671130
9123464451940627449
-8842956910980940647
6266964581536708977
-5013509318596262896
-5026493463407685436
-2213501358297743191
3010517036781618846
8737544715435538507
-3712430974202118366
-4885036073667742008
-7073576674763342180
-3884343594663483288
1312024974287582271
-6756600135579916560
-4839728914407646508
-1770174268564673627
-6007457558613649188
-3165594715915118233
4867430595020205180
2844775444689991502
8902841790571934674
9117524632305647402
1504326729186432942
2990936318189685028
-283044820188144052
-1568448276910871746
4140906095462617041
-6557616554619408855
-4580049064082820753
-4262785532879675397
6189791818725774620
-2399729919260175815
6392474382696070356
-2414829137265091378
3235190774354417512
3219847589949956352
8684220342692745192
4751324170755087682
404138677035644326
-3136894100343037590
-1019365999944239922
4795278674026914613
7115893884822886723
1286223593622192991
7889388082236036404
-4496654077289961356
5100973306248483088
8811802583255571748
6648047118809995813
-5478949042340348475
-404850865795030826
7549963569019108170
5550808767098521688
-2772386715018176044
-3208473605908956202
8465196720502350315
-5929241700400839689
6024919913841970112
2747040043017659479
-2123074791251874642
1002776954567810580
1873358174069386385
5123059664179089939
5834048614972094850
-6631335246497359475
5717240335894263579
-1233525584086823410
-1045881111701347337
1067747495395704648
5953657003453697471
-4317005568299426817
-1364688888905596122
227209923112368160
-4778717398915262469
-6177399218473174629
-5819731427346462313
-6898823952025179836
9057911666572192233
3795430782701749238
-6906712276420552629
5938415872678935547
-4968966095519722739
2325961399238871058
-2306273101893188109
23566517936283943
6716912214122628398
2745149416317321102
733597491029694559
1831219300998465344
3482495325249376571
6424074486608224198
6804587606191287990
-729970502322655124
2800953650007338267
-3330340079954232540
-3712214197756443332
-3231787190825936293
-2560052438010871361
-5267952437347521516
-6797872142460648041
2606220767723737523
-5967222391610570509
-631693544580193406
5044797399098103580
-4025259398804972807
8110720972353790725
-7553003899650141844
-1717410111519094422
-4270744986571991330
-9014786912794333010
1176471317361669771
8968853988431634658
-6553741033269176164
6007641122813920223
8311885627857937220
-8505467946947856831
-444977552395854717
-7567502603933562277
-5469455688292608999
-7785994310902883201
-6276259806948811850
-2800895490935914832
-3436686713984051943
-462389263756628462
1465802910180833837
-1299364715870877079
-3224912434122773415
7728543084055477915
-7320027988174876109
-1986658162764067279
-342909326656670480
8935408496847353250
-1808275320385296340
5879807395520915567
7975030253337433858
4314710844469898418
6968142578506009312
-1339061934418477607
1478462992971661833
-6056765082808324704
-5173493107868711552
-4770014662274312253
7039750414133393061
-8612709796646646682
-2715626777127050513
-3008926485094470450
-7460071865283194160
9183354213702180286
-4248844058958719399
-9014242824124169655
6905566783953724206
2246683043714527045
-2573969922171529149
-2093983735959241140
-901345557078507040
-7200747435048796824
2871755011599289473
-6172470227651500708
1505436586641168179
4697708831113738269
1961839738257101495
-4921563035259572438
1049541401506215141
-531729048250992264
4810454126261220317
2994840827789838641
6325421191111715665
7601807909428184518
4946908150142772054
-2457376981474975537
-6372341044866563325
7841669351511442801
-7009723410590968818
4047986738124646749
-6947145549136246700
1947528874392072847
4524638201663683652
-2753609850471933126
-5708952240477475102
7590979707889363545
-3394816144155092253
309679349231915268
-6904386279514762442
-8429608534366890557
6445674175899078047
-4384651179139603527
4375231955147015670
-2529147970197466195
-677181764787217169
-5748903594214053532
-8557834253189434224
-6828320325262922899
5642134498790714895
-1772900681084076492
-4308615779300022903
-5709737639341024403
-2285741383433953108
5680317336676665410
737921537667919468
6696116896491742743
6797673152064155684
6845209399433999759
-5384416851204062492
-1603088030387836206
-4298666020674295779
8195404040709852187
-8734407976570976105
-1020699361142110328
2759683848518579739
4159130025909302815
-1638896308186766573
6502896660012678585
-7067675362363858896
8780361813154511068
8146172499442998709
5294521592989000909
-4104319791727151613
1471262992124819007
5109523330563947101
-8535041616749723642
8459982752550953756
4361069427743063158
-1581276902922612538
-5637331247850084602
-6320771985841654581
-8252851972552784117
-5629472381484962686
-5405373245773334031
-4559247813546286787
-4437762426642722458
5178683423724815269
2160148771723015627
-7149007372402185398
8945501383907582332
-8136462915271673644
5437504479605850571
4948086253743269198
5685247511111910952
2463432069436558955
-659551226563540281
4924263880046273806
8697036824406125780
-828789597245298242
1967330783767624570
1465118772600768366
1178194672972263344
-6367353958987383886
3126844331915458118
2596720095477023982
-5026451816528300333
-3779072013026588536
295293796135897021
583057621157032841
2490036981331696481
2381539666614534371
3780716297532138830
8344112671416752788
5221144196985702258
7641375899301811380
709308738100588756
2326497524537652962
3827069698320847199
3457386665457194811
-6747606062278566842
-332720731523784002
-8254538129130467462
454130547033471465
4405982271408513603
4861263643550543690
-212787119812064744
-3891688702320343472
-1574409026517784692
2977754765498376687
-1705740080420732860
8397855108446365245
-3794818202927691188
7653545248837043617
-4980328799044792068
-3611150843212102279
-2957736797144917912
-4081167643957218192
5400271250526884972
5569869031248188348
-3054062691648333860
4415104095955783118
9110896371288203530
8090762843528397067
3574089403533441603
-369207981131917890
4932938715896270440
-2513658079766832395
3608660899237005463
7678724211746618053
2658256235929420569
-186133858495632758
-5698428941258960488
7886751028732632586
-7228454557610052195
2640952223717254259
-8593262737645982344
4053965826619762115
4416678552906055095
-227493825332380488
-123265139471753975
-7019582336789950736
4701047757954134945
1057397154039943517
-1903543182477634724
-4060968520020439759
-8395296762250637423
-3025697407022727296
2311674183427264374
4166837756324387694
6004065917117508118
8138315493713664530
1382872635490647167
1883488898241369675
2670129878552631333
7663841058850678863
-3747924292741175522
-3914808544717691481
-1024814170003478736
3919448935693055660
-1024211138949599643
-3276794794350778687
-86582851425412261
3877013356801283788
-4738107500251076543
3471990278895069553
-2842554451055639150
-2695251807229327425
2626134545868404755
-542076212642999549
3270057044961800953
8412071537796701477
4114378411679852095
-380134115744542996
-986704725597471087
630549433117366844
-3973382704291397821
-247568687984736612
-3995257353093996276
-334580476196380754
5637205497658213562
-8587434830315341146
1630668373776525013
-2948999483081985137
6464012068175904661
-1155193046487953751
-6786924861112430236
-8120101993774836327
4343646079516038512
-4111331435166289229
7265006333916176876
2845879277683627527
-7307300761307953054
717389963975914084
-2643835175394037184
8945570129135818564
5521607465736756272
-5729953100108545969
9063072081502606957
-8510202231255236222
-7815828175281107989
6526032818717640314
166216467122297051
494906565932052771
7239535936767533853
7255598369787638203
-3989829840055939171
6426333737580910511
6383744941330340245
-6350779930216803073
-1667572750515416242
7811881964987930533
1530460746369656065
567517005135625759
-7328289883379482998
-2540312051088760922
5859851919751253450
5528027667100289205
2227617560105671253
6530769827828961828
-3195708228468206513
-8149968146320538557
-8569653752498096209
7115686228376061619
-1433214756392797761
5688264538893700295
7157047880724998168
3671460887144590121
-1049943783084205657
8075407867467290855
3421787002157332089
7590792962429683273
4196799130082207839
5825491157875367712
1354588231978998580
-517079111976853651
-7948858257282314448
1963636220656045716
2233867984115885116
4581823842265470359
-9188222833299938242
7010096227739473016
-5030266008385906842
1671833584657874142
-3431805884713196233
3101802279959878677
-5736465587067500989
-7204683385453611552
-5823290390923299909
-2510377650521864883
-436881822894253713
-2318320914525795137
708897736278690974
3419403173763263074
8580046274131024619
-6062648037387958894
-4542649552781720752
8840229495741133678
-6594610263690917054
-3502787475949414821
2913099039192723772
-7991882010162035166
3497684473797104190
-1886114151075464242
6982883745887927848
4779664394269546259
-7682198350872543739
3288962340720470218
-6190902292021694802
7370324103428964255
-4792997206517158872
-7497637289923982867
3838190094220398715
-8342769018919383739
-7571413625041652017
4367417428241117637
5806731150955939139
-6482997970478507144
6141572043261361503
-2933326299325330760
-376402468819382514
-7301309796802018414
-8051956443260318118
-4239626655517960282
-8693608820863264322
5779211982786005576
894641355713483149
9181451135439700324
8410210551499277990
7664606456539196598
-3589093046107137877
5803467187011732959
8310787698267831246
-3130200264632700316
8483765388808984130
7849917404708775406
3445972253388854459
1819546586240597565
2941893449510258735
-5788501806862933411
5919673847859457184
6915947890362856246
-7417908047457462146
-1754212188034089135
-7739438320085991145
5095597145316196862
2652343988584734558
6663199815934774593
2087216484594799454
1630794316816997360
-651923900508707413
-5096217348300000976
8835427917447160554
-5755859456735376459
5886248447665072104
8752122544221701371
-7274952548284658163
-2308469851600150958
-3795042477026622673
-6579568970184179585
6055996142259724264
-5844612423454715758
-5213780496688239626
-2062881068442793325
-3056307016710321508
-6957947605329513605
1677386028237306098
8012052246308913891
-6289095028422604165
4884361601288626375
7163582218861989261
-6271376154045134065
-1554202622530905066
1421374482781216121
6275095418226041018
4098647591450106242
-6607744777392502788
-5498656208823803920
7811565918207505291
-609789396695775060
8655469378593800119
-3988476105062600866
6897077089910593561
571504895867189496
2012341850711786498
-5660653130148038405
-4661198434642046847
5391182246217372456
-3306073690502051340
9133882614880653014
-498017016473752312
-3307948968311348911
-276678204090779663
8528566115616083540
-6129730298303644075
4032152639623667652
-23740825956402198
-3349472027297676989
-2418227108285124811
6375313618981938684
1048699883653174447
2191305405041911573
-2408187002873600221
-3055621394147603136
-3129008550921619865
-5743917552309963033
6609048399085371452
4359609755477461628
-1903254088177279536
-7819331072943910694
7754416584130273784
-1203166822499848433
3545342214686295433
6380523086448691514
-1275431331771485779
8171525297535484551
71253997644083878
7592259572847135263
5739747324271880227
-240153033629646634
4381805002792095672
5146866744037521400
-40884416588155962
-2388288918553551287
-6550934128231484060
6991532875731150601
2019552363702350780
-9179595667457011308
-93729496645175495
7018675493562549443
-7888001444698127935
7643311093369961682
6850608100740987900
-5395168213848013845
8330885632094909651
-7324347786352854849
-3424049298660898091
-5666368523452925695
-8086919634072702134
4098329989126428801
7772061799239679736
-5643098682773615580
6190397648075694380
-5533206651454308920
-7626127459842755315
-6291285654579753993
-4244784238952492845
-2350244495002028149
-2008359000378641401
-5438942089292130985
671289475625673354
-8951436996016016171
-8679929485868996847
-5687154653962329745
-3425887084900596771
3074174181810362265
4912619491738110130
6154582027070491549
-2049706742305041667
84738189458337837
2197623306521031687
-2666544784267034942
-5193749977117001785
9037977498283079575
-3877242016600459812
6811490555483281938
3688207146583001363
7833296530935589235
-1503096541235523747
2281522290926638670
-3123295849356643192
-5310336847759961555
-2925805506449624061
-7166070125186220059
1922165849170932033
-2763688039621949892
-2704084461173663243
-7239624385498171048
8227233140470704074
-9065533393197747864
-1269236868776967871
-7179491659912473595
-326140234162705938
5401553948881649275
-5623393208588298204
-7171407295078333667
916076616300056873
-110619873906488682
3306535545224684225
2594167156045317341
-8757721739953132107
-8327618710656193600
6418158387632620053
4587623874718558593
2480889782508787350
917044572924605548
-9134680020233277024
-8250129245931532411
3422620400399215602
-8396229827897992620
620289952092102065
-8917882930241328612
-6441084855676877654
5704324160063860367
6086860101163527518
-6674489340304564190
530616594479157792
-2759415349857089402
-2829032292297364865
-7769617128342968959
8405892763975343110
4419828395733842748
6938868760789785926
4720200776701602692
3712529840149814725
-377592498140156667
-691017622036336833
2889612007173756213
-299990317245414268
-6142603597398241509
1037055060550315046
-4671631235697683865
-1418472662827362167
-5629451142923501840
-9037272310438062721
3593879036064405052
2762404918142506667
8168996868736935298
3107943844117000410
-5305470801596432785
-380987380265798816
-5213983558895660019
9076664460829076191
-3727458204651096947
-1225203503495459062
-8720186976117252304
-267650103345308727
6839899268918975419
-5575881053358738271
-8053897680092472167
1732038059955570931
-1114897687323074832
-3831049700398036414
-7598916841292095088
7104169805093984756
1913952678719409292
4002169790688171878
-9211026287445204856
3426694004364422000
8060321921921158688
6562574592305910007
-3492139912579592653
-8188373638165561917
5296967330172468512
-3239772494480157452
4293726489621845808
9089723960024585236
-5833269443424603867
3653434562915251275
5827289095294332777
3088544712883913032
-1026362901310317868
-2866000211251254654
-4981959765856263616
-3779419037430625208
-9042491451457233269
6003450152103642965
-2732360964221132222
6956635651819377281
4793959292433125281
-3182285545830721997
8970902104852372302
-2243023765698979198
-5573009222495706047
6732317405565474730
-8217357069659767006
7364612770801857245
-1089491833619650501
5018975706956076436
-3952282908940303446
7340034622948336796
6443038979713257643
2305814941315471851
-2201830962712727585
-1846859515514514099
4624200228646584702
-7752627118465527864
-7887910489074199630
6079008338645163074
8762663608944486165
-2727352605864696812
8029533591658164916
8662560039897891905
-43933986915020228
1726320706352926992
10537120752141679
8629339111922311420
-7163948997625314348
5738569931271997007
8069860692223918733
-3687935656777344316
-6763245658940496251
-217988682703356471
2364548037152966409
2761241640863059815
6903186900838259557
7616649699929362685
6916429534407271875
-6154649259223301051
-6234310456683150594
4666385143757317840
4521114325517762018
7818789339326360847
-1543365623403139341
2422591641698096652
1460176114698141285
-3421554612931098630
-3587215404234000996
5274297239813524617
5812315333749824966
-9082483391643461556
-7442188654325086778
216412112617897419
-6316277275708114979
6702306733050742010
-1441516424713555422
5264909528717609529
-6166540398697582530
-4715208230690019447
-3061199825201951639
-450654337904262052
282781854048251770
2431105854529542634
-2959461186535987491
-5322173059189930282
-8751612154783725942
-402104278945599514
3682569394225896905
4473098944140669713
1031752661553045359
4670949648654892587
5386093397387446727
-7629371089740699171
5960956137904917903
2631438076293050772
7305779676980833876
7606156214196197480
-5353421025138360335
5237536531797775601
7693757763090349259
-3525660245505753209
-6309283288635153612
-6063041274359876173
8828177708241275705
-612382600368138263
-712962268497719622
6621743241932012568
6003187584423468708
3774528933043444242
-5134031583073914578
-6342767830613613917
6027333108111303664
-1647858520703316061
8809528858409982831
6169187829765226110
-6691273300094948921
-7039976985021603233
-8042203263863209764
7931296897884747483
-4944137530542055599
-7958635006337603700
-2908024970197433023
-5958482892721994632
2868050229503891177
1699564739944587399
-8426511196551874977
-7292092706946952863
8345593615590241917
-5396261971571502688
7260464795830862040
5441982008781059764
-2598620315709897191
-3857671518003261612
-7167857625016974867
902109097140714238
907115010242211262
-3174009274732480566
-6059125933669983964
-7549318567722994931
5326202563145821563
7779462901471861909
6326203373598662293
-1265602706730487450
-7404859565853613996
-2591927936872074855
-4338035496505013586
8741463757895501380
2119993573143311298
6073084213739327987
-7558881207446081192
-2634063649939280284
-4929452332140655736
-2630421911045529025
4867090716015951289
-2293419997252870449
7796556344840942000
4756380309176903076
6259124132188736398
303423807311234724
6651407536543053405
433998437741039985
-3066527212931045855
6503217771807744010
6406188391023047134
-9017314760981222403
-2000819705456166397
-9050703468039912026
647085588775446918
-3967571517372504353
1066241804765451197
-2906837253751523436
-6791883965640805004
-5819747161938669717
5240321275580982611
5619910905814943748
7204527591268844806
4587337753445010365
1685367278712899047
8324906478225854094
-6679030677184541579
-8027178675888490664
5744828939363514715
-2168185427181451800
-92596709427831919
-8424258572221058615
5763997537594839851
-3420557405018623343
-7261164035560058804
-2351921158208083865
5588181855242294926
4510492059307720580
-586861170402364343
-2124723426277569231
-5000864309431647135
-1979584981337629773
750729951009736375
2525863402812243959
1092622999413476848
3225124014308201853
6438963793269143480
800870021906956258
1793374212530552713
-5578961115470869820
-1580126553776264105
8440416468489452114
5314272779148776448
-484409921472838781
2893426203273849375
3468660908878841464
-2762557147316246502
429001308879581279
-5990055379841474668
2198284156704602662
7947676020610429203
-1336393752459460220
-6266241114055677631
3642599275773682416
-1429830117863225560
-6914833798733292845
-8332721282078378281
4792923643976019443
3499704722594481961
-1520937476299372513
-867237440601383716
-7037472932507798988
6067705980524750571
1048343032854913227
-9159779175788488075
4214245467332761429
991910354085689813
-343299207632488404
7862858134412846992
2832364495622415405
-1465835764671334714
4011619295035643981
3505097655360673772
-5238913468576755726
-9084867194627791012
3891043511926714356
8286501262025928047
-2949995209759743916
-3403629576136377798
3301616151376844015
1959433422664377474
-4603856475771679494
131254165821168623
-8400440166705333445
656769119495902368
2768804003101371222
7140281521025966302
-4329520462808807517
-8322817138407170667
7482583896390690366
6033614314688386520
-4979713554096240578
3061070604483399009
-8753884218918526317
5891677249830273337
-2243547916854402206
9143951657548436086
-3057278487814557748
-5512379822304465357
2036479275145526901
-5686978207736147906
-6601378549673536663
6600029097772414669
3316403456413270388
1553260405438180375
6496342094505671978
-8955887952662677190
-5324784955064400338
196928620133787991
-2148483596853085536
1662958343740011481
2493691218400555339
2540821890675443661
-197597141763462437
7770911443699013943
-46936992992893836
-5887817404004115020
-486810686533805107
4702037264861437450
5896687849889223148
8164740785542504243
-7672724590305211699
-1492581205488754112
-6144176169944996803
-114804698256649070
-4079173690372720889
6691472754060814157
6797072623259291231
-4671435300273532907
4524016309688017861
-3444714538405336538
183723615146935760
6591264042350345150
-8445534548147174027
-8677580617814015132
2234647847495462781
4667554081279189130
7389260641969274583
-1255685338693870036
8933800327294909866
1418295370054538761
2357123542754294014
-6143687848699286965
575068662691342600
-2143565608208856923
-4471363277883559683
-4006393565850673258
-7984071557109905767
7792585202084697190
-3134731921024919429
2304713718627839743
1586429650959556464
2172761460359032823
-6443416538894983111
-5520235106070264865
-3475665794176436729
7580274727759415762
1724180748281190334
-1244671635232142775
-7310967996729228969
-663488209546271236
-771846414361369691
3099441471877845107
3295248307903626647
-1841901425411012609
265982862683125295
-2850835145080229320
-5105280428010253511
-1338843128364691639
9172397980522715124
-375216112159334519
6998941301486054762
-350057158779269708
9198625931256261462
-2196450408665355525
-7988443617046833133
4270036155627136397
139254239195864594
-1492677404628520097
5589761951531303069
3766325295773692557
95627830959039867
-4652583642180609466
-661051921468132358
6257228761999752250
1271223493946845036
-6406470036267231141
486504479545384476
-7304322916925514263
-4217665355077754453
-2562401281263859541
-7960411902946810495
7015174517453369528
520271142305351933
-670701015498919334
-771487884241535902
-2153582327429005356
3203828836292701189
-7143215423554070384
-5680331112555831283
8030294914805758557
608348835846417919
-1353282760421660798
-6793908758934571082
-5760741555597090959
-8370074302171278795
-4199089842856892806
-8042818196285473316
-3323727366265659521
-60608367330849686
-939037030004490691
-3289588831501740155
-4664645114237996162
-2519366667736728483
-5056503054826693780
1610895398246979044
-4395325203094801696
3037315245246296828
1847229362300121222
-1945013996432574317
1355189968654428076
6216454343824080193
-6291981879878146568
-1074592015691750580
7094679652426786964
731573099329621120
-5200266997552247963
-7246901305921915378
265318357071698802
3369451366630433776
-1170161615127032213
-5268385532196168291
-3802499854690464173
2411590995294183087
2193110142712919496
5193746017498786747
7521041355227704647
5366914671254272627
2187409465140617679
483257921877691073
6851289385406752414
2157108847391481822
-4854011286184910200
5870679997777299501
8862034311494629011
-2122795835527940285
8801513945789143464
-7864939728896142923
5079790942420778235
7556528755980775348
-4505400474159336950
288263195265865105
5849163449447731177
-8035084423622079297
-4976999431224556807
8724326460936319017
-2323421753060455443
4011171564026470182
-3677981718817899944
3516393521838431229
6958494442039302814
-9162210300921099758
8839400490649577489
-784258971953462462
3029689887538189664
-5025525401829688677
2178660679659000289
4738427522207255021
7914753506105359686
8775814533040491071
3453143987928806638
-7512076177381913919
3823046124824251027
2438139929614853283
1722971306589280928
6516340716505900844
-5366824616043651754
-855205026268450510
7947022000649883560
-4891528014029309845
5170407848155889193
-5429550745572189410
9221959433204160100
-232714930918062703
971120945455652624
7568459142771379826
5396029872269370324
-7464808109098616491
-650535448386662998
5712796042645975241
3573513230200503468
-5838751166194054512
6807973909028233530
3570750317269712909
-3890424705715779952
-989677396059727009
327993142284388012
-2502246464349356808
3490611190062962084
1754745588641042405
8858866754187488935
5688350697373550608
5906965504385576465
-3922382084767147683
3632217786403836368
-223428259096184535
-2028666868013883147
-2999494424836772647
3121561869284035083
5973937920084593618
3382094776638377755
-5066175364374169797
6297887804925376020
4720323404203077956
3134746707387855932
4834144985151812695
-8034070774761366124
9178049222067857748
-4695321255794428694
-8860711077959339460
6470223859650505990
-1655030205850699014
-3364811759957407076
-7777975191183675252
-7837790068423980529
1120653456812655026
1969802152324140575
-1006215113001402493
147699257131255174
-326738683197563510
-5639181440079532500
-4618430022768175432
-5267821214191124115
-4131135683343812810
7050581221137183362
8808328481404062455
-2021577348654939641
-4598844824317651326
-9019921722772495921
3545051077790452430
-5875659210217929075
-2445791662237194090
-7287295890725590508
-4503286573422108934
4343150543814073257
-1789055779491100866
2895492256578785977
-6313278603984825688
4152412570980732861
9078075544548314516
-1896524508644153949
5863192548147703253
6498274416724476519
1953022431006771720
-4078296989157544421
4589789004786121252
7690033169250459898
8882031406453861628
-4305643130390272533
-1186406119580536613
2685925651425214736
4714784682711902089
-8253489534400278087
-6551401482681930215
2462357318856380490
5262294379676623079
8817778702244519079
7676146921592429777
-915874561174447180
-1044763503533331969
1487671145884486479
7056950317222445772
2610886486447340573
-1951747379169209449
-2830116419696644420
3666030333014920893
-5198775766611943225
4537779429530688003
5464265023413760295
6241736150053360316
-399707365737087695
-3671348191066308946
-396791456535988761
6335275895401222606
8212154615686362510
908928448879212067
-4964606992042398721
5464801385112892188
3730660019275256427
-3654514557435541711
1788832898730438307
3109782015556106947
-8300431861055152031
-1408841191171603376
-7357528049972173947
7855159140669389268
4297288470693221608
-3460372228822455952
8096154380851148291
4098126214104746835
-5906869240858650151
-5971783895197089327
-4794905581632861441
3753911366481155435
4787369900182044330
-1196503975315994330
5295928150203680122
6028013985017936201
-754013219550593858
-8584028149659969860
-6274657184261549835
4949602544197977610
629979954196377963
-8061440504771825412
-6040570831076579700
-7963267922965496682
-8138446877212308238
-5578819405317539902
-6110192020916072998
678665884169751901
-7611651262124663795
-4195630893601648266
-5888968901691407799
-1637666152725304176
1760681634408943034
-3242150191032249266
9169158234078580762
-3101792291155685365
5602821467661215051
-3665600066323794610
7649606182337070077
-5512006093099736289
-1025830493414320320
4088250431381852733
-5579123612312136555
-8863188134319452427
-4567107944661147473
-5960486626059777715
6304783495893995688
-8716852801125448421
8075765529769387868
3544443012914193464
5209904434968653994
-7880761420303809938
819266227029168726
5376974821677321394
5295406214096459198
-1915967193587772188
-3359520485241768854
1255526242290587493
5391156340426197858
-7205521643402384285
-7551807165629914920
927697267557387023
-7365609631021883864
-2386565118626574817
-2082910977326891060
-675891936102385244
-6496483185747464813
5225475110865513149
7765809903361106614
9134732268242974581
2291408238044401952
-7478826582650654702
-4656647793975060378
7093131329097612673
-3136253860551290566
-2334252332044301995
-1148208703496549290
-3585532760473537564
-5251431788246784519
-6356355571760437990
6290885820143431983
4740291366582130927
622457097778016424
-190557677721201729
-2568229568958674452
-5516835814220731552
-8933231969044514436
7930080442819845826
6841761854618359188
-3288543149948762897
-1535050092655096064
-663357171547488433
6456319256687297174
-551144592832901313
322962860799612721
-8255580793338807277
2210786640225458007
131350108637092098
8912723553146683580
6257140596040387554
-7633038251828010761
-4803682611513398969
-2004520999134882471
-1587039231226213638
6074718777507724670
3521174987878333981
9176592536017147918
4552497822901329614
-2958009807636557257
8295265674782356283
-8349829661774194906
-3935895306865865756
2927643949265855992
-405442276172213568
5628112583309136599
-2744270744797370841
-8350990402059515170
-4821046634420498685
-4771224748196146325
-6029511867965662770
-6661724928772580899
6286659931499610439
-6707643214155225328
-495176225001551854
7285587675114312188
-147327267489428113
8643331258100845089
-5086992632286347748
-8633220582797563225
1404062198980117548
5728014784297850898
1835377095794940099
-2809574542299603454
-7589816195004020804
5898229335268613147
5669030243424116
2604989570500268696
3429951253390431146
-8730871048508242559
-6004810477818523527
4837336500255229069
4881756442787519387
8380591545569836588
840532723789088229
-7770796045608795140
-8373829651678655796
8645957516402372402
-5760903124131835723
-5669637324647317978
6476041656551168716
7736761808877558537
-63559991284582129
-5980956675525543015
-4264706209647263932
5307981081996592255
3458885233494735451
5339727070746946454
-3459793853072847369
4727854381952589035
4995941697407299617
1076992663386793482
-8495191522177791570
-3659269627641093111
1429713444734193681
9009698647971807837
6540608642451323948
4363331189693429511
6234929020317843868
-8978878955797671462
-1701287565533848380
-3584227730269420514
-6287267168460811928
-3746706993897187331
8886822213062129149
-1890416863849979912
-6293669649085287160
6521390993964117595
-8111779588119862865
8484431300766398373
4327097622105161712
-5355680265446893564
-7398459600208502284
1596545911148162185
-1110968752471643991
-2619432756459572389
8623261160283692341
-927500362838553622
-260638142377444192
569569992648958196
-8045011818651844777
-7316433160214599714
1105412870555293805
1538546791648461188
-5321565259026512544
-5475963406393727063
-6677739087551495332
-3710200103027710643
6656436804718876240
5192366467495412047
-3614517036573775168
-3389776855149685604
-476665663115074895
841382067630107973
7777747639193433603
-6634131999346894613
5244582043832559453
8584940856160034759
-6032708471901609365
-5560909410208808535
6592108711175468539
-2052708346053119979
-4007113892465045010
7218267527360300573
-4386815770064158099
-2381706341573804052
-4689681674074834953
-5834181513293175669
-7349001966897518489
5348992488725754588
3815226062009641541
1045901309913617153
7359274766701009925
-5457542215053439842
1095528639202377689
8773596145763476512
-2726156111142406550
-2713954069994275934
4444743180039345059
3045125959023508907
-1871003314206161887
-498120425759709041
-3565208430230181493
-5698011339235297049
2626651347590582267
-561423408996478595
2891085121202715011
-6565663835142364820
3091723632370426400
-4707908553138053188
3444037668364874782
7193769850910458330
-5534613524085830960
6010172469451881848
5822674442896132035
2805009114321289442
-4821210216500054038
5042762553876283194
-5524765293729064984
-7766329682126943688
6776426131444425361
6300635270009140660
1249252834737532792
-3345702071767430077
1324152866004655452
5709268880882286898
5595474875733493072
5852150561858429873
6753578447805980104
8906640585311744763
2667703664832103953
3857730183789661699
-823180772569209961
-650786000989255456
4235690902510553527
4592707396296290320
3890631756670015062
7351709204327300081
-1259288886101158355
-2210939032221484369
-1762088031620373960
2131238437431107594
8665351863031517942
-8064379900731803138
7692024466019907858
-6064753412427870982
6710848370271730003
5037888773481349677
6187240149182521822
-2611233058302513336
6576540367651870586
-6314532439573866488
-5381924190096625810
-7558317724830729683
1242163377759182731
5343459058672871320
-4472428280834518762
-6419256740252951716
1424786293193734714
-2670119678692989613
-3474440732549933666
-4119106968015980260
7982986096038376751
3054055431773534028
-3951516779294658789
6177934190276186854
4991502196019994422
2593511004534653904
-4568313691459692871
2743840953347801098
-8397339059027517965
8720209970740657261
8317690895250693172
5211891374110451248
6768955778738587325
-7654971367772898332
7797783211465729953
5988382335444422044
-2744630663297320860
-5008303346790025223
-7071779881373684508
-3371562092023802892
367331347698759618
6229263250400676690
-1346757603846327645
-678529928970898822
5766181851815897028
-7479590684992010390
3744675856956857439
-6575033941898780011
-3816171120587032032
2344189873571758370
-2630477564490331552
6246914951991460369
4796383357183572888
-133169864733977187
-565450449068727225
3563297803045055941
4930817129554639848
2859790089158266996
-3492606261457134703
8496893614381839199
-3467416169497159975
-7327405942341576740
6576433632579564589
6779806358145345978
-6097954698757746101
6635524785470821004
-868656237470922326
-3695956488311090306
-7138210220395765822
-6843992220136886702
6892321527150665409
5597437252781589068
1840678712888317961
2555172677367576043
-6266488573780309670
3710533431604548312
-8302812437070583370
4928594528852074744
7670717654407443609
2248967498166269874
2659164664208804022
-5029908878875001573
-659873098034607515
4808269396606685668
-1611544882868507025
-8005732482796679124
5346891244569054615
-8854963211831786906
-3175124434099074557
8851861080482222025
7639668905018633045
-1296035979769346189
-1162592530105228475
3863735910804640664
8957455703083748165
5478323346005206830
-6599765964330153074
8109607144474080913
-9141946810171416269
6217255243477289088
4003878388163453855
-8013543303459347050
7650976090078828838
-7207728039908049168
9022732685699526466
8691690619747206876
-1072720793665245545
-8904298015149296857
4881721820799914809
8027397219946989944
748130698703349219
2127368668055142592
8695328285482898749
762088673103009064
-7305358801461115138
-667810211195859003
9161519689801475743
1057445716331671241
3639334761257686270
-5390722218223960655
-6161201658492622485
-378540247770116602
2866068794906828715
1537581015909239545
2236209117057836262
-183236471398901223
4804924498290264765
-8173423379265085689
-345945696276622894
3978709646024510939
-3351687329907518329
-1032538546695048153
413419808202330603
-3442282893141315270
-7833354103224173075
6410012895205716486
6340288936114214567
946477276279367082
4103678652177556723
-4321358857510842830
-8511445213058381163
-5240803912212602401
689440115413141975
-834060487566217776
-954833410530432205
8009584971001783180
4880384748277907147
1276423996842123689
-6124502300353792439
5429462898817780216
-2581234750832907272
-3794158764016491051
3000720576002467453
-6493780304546133944
8528603338248195227
-1056974543233094448
-7552197768661318679
-4617427318999738670
-8246270672585416310
5997125686977149596
-880730232566188237
-7595781966449379376
2930022640100285727
4931070370002381549
-6998225489930858313
8837519644645591658
-5361060547629448724
5906511460821898965
295466955887755694
5562044685670037312
6152396909857597147
1789352501427320613
2717664637381094561
-6655133477633431513
2918018605486759375
-5222556833986517506
5066052976536528395
-6807281920076637699
-5045764526950585883
-1598267478048743211
-1945079103885156052
-8050315381100318289
-5733218118385195696
5169970436683373352
3009035916256948385
-1129085018879609363
4218211926495299288
-6214113033126521876
-4428852459962895554
-3150535896126840414
3594985396353642712
5394481705933466419
-2946736373215685845
-3766364700143565911
-8429761685021857050
7186697432701310206
3088508504819264697
1357426261316808077
6739592870424339857
2593551025421221755
379915893350378857
3744551529268552139
-2878397892958496044
5714057409516892468
-1873828644358133998
-2109853874325311600
7166472358661814245
-4957196085724379696
-1927519693827424409
-8047550045579582754
7946651137144022560
-8777300253519286565
1354910424569071687
-2556414509356977707
-1857564133368517098
7998371351079605619
2002396289499323774
6710809953854720643
1387559502795502860
-2447592299173547994
5241673370940334465
-128471653067339902
5904125140463606405
-5973748934016195010
-7638504632608368531
-2292708603064864441
-8851881395340939471
2442971506637284953
-397957717225279816
1984588776579159336
5497769072603326372
348178262502045312
-4320344823704357782
-6187349965028838954
5458297757701773891
-3381439640409754209
1277750545643762887
7758187855302560252
7725925027914938103
1975101905744300630
-7626510957275413507
4757303833372128877
3624847253715494565
-5992186574410090780
-33477919002955821
-8932151408668369082
8077940080037588830
-2608000406638514261
7085220686923557293
380345646831264120
5044176116695510081
5685063464067488308
4624143741150639851
-1528761004417333532
4148518710724358115
-8817371525107967892
547399339650950339
-7801924401760030155
6654235056481504339
3417153897015545783
-3806723781762156581
5767455571873150104
1404366951370412852
6023110884440383199
-8899118022200538116
4122396539789981416
6712646640395853855
8211989422128029274
-5904369360006089060
-6258683204965395853
-4897795021563692877
5858191998392127661
2936408512657974769
6276703191282468397
6272954941942357960
-1378356864844140942
8681824608682175497
-4311046433258934483
-572167270430616738
1043050681294031289
7043490632282748053
2374424560294602268
6572332877070281752
3741908091119524840
-7116723002628620974
-3218198938567435834
8270174957232313371
7909661005082112142
5938098773510597066
-6035096290261838034
-4031345537712625784
6210304504542704323
-3482363576915766484
1235871194101759731
4350107725133100593
1710740333782224883
8371392194033143647
6306812029451891105
382046495674745156
3629340696591171508
2477359875621969598
527195431232427967
-6261131545831470550
9171766108515930297
5860879330497105822
-1573366864112957302
-5441919210050071489
-3072361460543073146
-2181809374183266519
-9022554714174319646
7466244303015653137
7841764829732988836
990340960401008522
-5033172585962363079
9153890233987504016
3205764971751980839
4241214775705656339
-8412694119406028095
2174241826425954069
-5731675556399262793
5443918906743074173
7254653480797643941
-5760551259479329266
3574351907473864485
-2262751512940253555
-7010997063062474776
1297565148595331386
2805096102124695755
-1545059443148975121
-7040897994034050911
-7881579339842532257
3006718052148936825
3931367515489516032
-2244244990359475266
-6238565857061270818
8090998280940196263
-8467913665643712200
3577740517095619400
-6555162727296061924
4744902982416467816
-6320453717683140549
4483503272377229237
-477670748890095272
-2745173498126142124
465492049130838472
-8749099144477629996
-7634772511031415983
1168679823833254603
-3548001595826239328
-8822817961730577564
8884726733978732336
5768956581598882975
-8609518586488939825
-403906591738134500
5921397652552820961
1401897790567963934
687788963383185005
-7781658321698589970
1450177326642802887
-6183293587641090143
7729316404935744268
3216451671406260038
3798936312579918597
-8648500243638262548
-7161919155308616279
-7401819059384167976
3872443935336556999
4085637764335488552
-4178547410111180442
-5055632116390808132
43204172457497256
2529618500711072532
-8478027758526199063
8345294815716809813
7612895496393095071
-7135118889476929354
5322958878032040569
2853898560038566455
4634472675971351269
-5890772420756962601
-3735829740505613417
-5319070738450920134
-598324059004886732
8820162245376742272
-8549163596935303485
8699147575760110697
7641112690633930340
-8205765428341787078
4302984398290183506
-3851276848553827126
5359635522987362539
-2683637308806073590
6967895791661594762
3673783625411908111
2193539146101199544
5356983437484295780
-1241579963574712403
-6055096803803175957
-4785140043981186538
-4181882359524997327
-3952447136362391757
6084542354764915877
-4249251776510324112
3707857549970351348
-6614662212726834692
-157465535311417753
-9204902139068307631
-4699151652698980268
-804091303086199991
-8945997668483119430
3878042645282144752
-7259479435831279415
-4056212648456119182
-1257443611283498071
5683171955516043101
4031788274209437431
3740074409383408668
9147390721179978556
-2109722967374123790
144463988976358218
-8255076876265107363
7847350277224614381
-1248224829879181855
-6278818858349093006
-3046514844198870674
-7350846856322356581
3525387716167519713
1768877439846748760
8873514507075351265
-7741728611612222523
-859218939741109266
4442572544542035828
-1844167152447594144
7211212686616597287
-8726164797812288900
-3018437574887855610
-8955047902260191323
5843159944878136170
2562502173999613224
6828160898332368211
3065002380849511521
-1208717364094741096
5901852126189161977
3397411780225605855
2671201000229305090
621776986451210348
-7118535693518102715
3006079600444421710
-8872476279966235998
-4098489376096116652
212509006116572404
-2997096682216365870
8860021742275009217
148084925418227762
7435406538607252167
-2490600699855349025
-3988444909863612103
-3789409580672853419
-111470823308073975
3760843894632716965
58685916179909812
8112519037784281912
-2708619086354681990
6640690575287707788
3346542033127115571
2755120328346109012
-7029262596823115293
-8231401426600692879
105356501211281250
-242636402440767984
5106515559429123647
-3786759168648413537
1287065964104222550
-2456009368133851106
-6206911988334497789
-8259073070595398130
5937034706011337758
2928284544958445371
-7041385582554988729
-2785435971757323951
3908152106450005914
8806394838898743285
9201483380602874785
-5331946223320649498
7878841368812920152
3675519638624619876
-7131078886272500739
55585330264636228
1767322956974502083
-8786732811260568065
7033999821533082343
-2729275940718047997
6827444500643657964
-6877915770072719264
-703098732166164951
7524131859018977328
-7713637873368682688
6356975153048712462
861812240779930584
-3579681576721231523
-788686232928595150
-6848851933725481464
-2431766964472076552
-2876510279740447264
-5154774331978113580
284784035331515465
-640157741948228422
6221333144485732472
-202048184930066323
-1250223610361865531
431037704766248184
-100516904892076936
-2642736630862486202
-178406115608095409
6981574082351343479
-2994265504130215449
-6430007974829338564
-3158191164189168100
2773321797285016110
-8768099327352174566
-2228297758857321446
2013887525418776060
8211915304572048428
6426151754194927378
3976619349957980661
2180492134555030301
5657382566012746166
3080352975327664759
-3303526019673628129
6527886725036128434
1846933064937912762
-6502018111474798451
3891505136833361215
7115710089469330977
7224199783904084981
6585741735120089089
4120539059937154159
6825012147887504724
-26736236246891688
-6247216365883574929
7341784310729024001
-6912185694859637805
-5657173873326752142
4259121862077991958
5241439502915982985
5978041254879583194
-1135806384443071963
-8570919496290739760
521026615059508071
-6900016452617981236
-7271193722166845924
-8130789215495733907
681336719307692461
-6904764561245951325
492445277424767879
6119852237783929195
-7103390303645526450
3905277229613360898
1549448491602717748
-206277932770904152
-1377412419605312213
-1674603577612375019
-4126807964358762884
-1422894616911340230
123135307374994629
-8167983163942555814
9200154971310650631
4374566671056021655
8889456912818304214
4738541987438316565
-5357749544321028778
-9018719768520420876
-4468003152500472764
3260312545683584897
6590825356851241226
7583800065901405470
1705282647758010930
4461108329235098291
7462146109562789115
8671545257560268722
-7650741144594983239
-4545600158159948696
-4465368620279136181
-4925117234836110535
2372274258841766652
3837927134806335727
2515203050725101987
92808367131263341
-1729840617752535028
9189460597274751612
-1126847045706944325
1239366583881817119
6351473516938749229
-4036463512307539486
3332437764746751630
7241546086508907217
9075905840136842472
-3805768360865093152
-3232122913960745999
-25340387206468669
2649805376876567014
7949274809799280265
-4175816580074688762
5130322427856889956
-2963780989826796981
3272918524302647178
-1387696442915609732
460218362243282987
7341180675413163357
6112201041126958327
-411820371725251805
-2420986970395188367
-1834798103838489784
-5814488098380189175
3796698608817033390
-3613308518980042391
556266842753697603
2342304837865686447
2181082635609315287
9073115896128385209
-4728478321177530844
-4812399789202560624
4843344725341543556
-1323569635287027273
-2708467652508857860
-6202508293657091071
8580975619175065755
1901996169400831497
3529921106153169406
2208377559347474636
3104780255655856333
-8265566415589439139
1638744331028801906
-1243991249893652664
5780615965158073928
655803055553595075
-5122175267670224987
-1296076562231493699
7097025988471896914
239606039916309272
-3883279440237061165
-8709407264361008955
6846944931292078248
-287327415845029229
-3426318902825648742
7136047062961927702
-8920185192853189225
5950083517521247797
-3948631064157616367
4116607470436657016
-4977513263513856006
-2421600446459700627
-2894891875117407464
7982132258955094856
1479163592257957263
145670240884396813
-5070334234501577331
-3026328156689112453
-5499006252981947576
4365324370205832899
-7102657648867557363
-3037285899144924147
-6843855491378612600
-2207210526029966764
-8417047462097340857
8083430398060838975
-4992625048429124459
-4223016774292260799
-4614245726996157519
8440419571700157859
-9221995582128776666
5794061165300226449
-1157469812710014193
-4281541619079237946
7662565241862722642
7195090183296864853
-4052508502450543531
-2906316531074847532
8575650329231374089
6773155287438661790
627131025074638160
4638732038434282896
6395957514308150628
-151284122472841821
4781445120065961900
-177567470532763371
-1196576961913714686
-6736567349941182945
-7130542517565145405
-2025340136231266237
7289695227933216394
8916872006218821384
3753494481425467138
-6627529055638346808
-3806884529160176576
-8063162418990689399
-1491607342996898846
-2526224869521388246
1897325069458702897
-5582829014294387548
-5691713158187643858
6293912020962900076
-5995097864343213701
-7984752883736969885
8135655446553219133
589484095904451869
3295247303674146933
-7942459855234680790
-1693970303801249653
3690601274977912387
-4057149668978398075
-6356945143396466720
3036034606212613628
-641653697918922885
3553082799264576854
311332262342251757
6380864341590123103
8067294828548526675
538827288916295875
-7849375228587726408
-3779855566289060523
-8928718321826150735
-6122392454296928779
3395449127274818475
5027154467597686897
1009784896087253949
2320721859402859465
-6316580909452666829
3640218524857271642
-3257673985193555066
-1684257552442259342
-1663755376377182936
-354429039336216285
-4972337583330923966
-5020529985980702479
-6432688871257256940
1172172441001916651
8359907537397640710
-2705343941243684339
8331280959388093562
5374841453312363188
2202739313061722759
-2620351933820011658
7684716553931865312
7871529042323258677
4156795125270831508
792100399597627592
3039883622408493389
-513164846037788360
-4898831184266015867
-8112329296434706389
-6302491581521242200
7252522638867137516
-2596712611449446298
-5720014222218620198
-2650961636895743023
-2291471516549654603
702949845583180097
-4640103087374435282
-5391166940072315901
-2239214700583162951
-2066262176829740559
6306143531365944148
2461588359329993455
-5607077019456529532
1972233744735162671
-270864368401773473
1509137765861239472
-2506756069905200812
152093322732411668
8294685998073579322
-6438850234577087807
-3206069571647035786
-8281545552230037933
-2296648275676618125
-5850728140931512844
-6871280308574406767
8276150257695868141
9170886115868405499
8075857003341349962
3514456076946620391
-4973022681082203372
1852866700498224147
-8783655993795710096
-8801064226385245765
5281742121521240317
4903098993252436788
-2010913998242046765
6984639253607411323
516576350448658688
-8590247997708601938
5507665811984074146
3492882328074669831
4958186421632648501
-877127622239942938
-4495892989205788654
3859540283171676435
2873718648707506768
-2311575801526479131
-9186387174447003353
-843411757820982019
-4496324089827784896
3088661548881038292
1396225333922803203
-4083049478250981092
-7558166524307678637
-2269588922484197071
656324414761774308
-4526059188345565425
-3560589530123582337
7306229336087866251
2590061856266429198
2942586939901032019
4671726068843505038
7631304547852691640
1252546844056004202
-6322072839469783454
3055448965258590892
-6366374984386123467
7785177523413663878
-1017299303674287700
-8492600829153038754
3211029213209782404
-7755379989201875938
-2980913516413155784
-8738595530127644944
2033527882567262997
-7653907190905087203
6775296233104898335
-381871335569835266
-510424674908130656
1299222272963514741
7505332596160283598
4115754421730616015
-3737430860698107825
5249890185892091102
-2269477272541148550
-6667260513954678627
2639740266216491003
842048850135707765
6529688815061515609
3479337732282745247
2394762740742759960
1597302495944911278
1931790185372957409
-3202374650089820485
4785701912644174430
-3771186327085564635
4103370632961667324
2084469865966241398
7712557082278556523
-5954697269048874137
1839290546796027149
-1036181825393683569
5021208538207371394
-137941313439111368
-461944254393570108
-705515633693844950
-9097490385083014171
7662870034142756862
7512152072244170000
-566000582314989229
-7005621998319371657
-394993586948001282
-3607189155948587812
-4773287284897917083
1944994483887817462
270382986743483194
2011800331558518308
228520069877450503
-5160216771984238392
-4377670130773269078
7476071174969912705
-2308042545270866839
8021206843007133629
-9138340951486005105
2166621478587946127
8830896695751302604
3955500885001034906
-6865915263613322480
-2893808026598890006
-6483784655984456125
459272198707398152
7695168819869229986
-5097981874089713763
-7808203458067309830
-1055614637573317591
-4069927933403256911
-1819624926908077718
-2706866031137080260
-1264457142292961433
253490501747846773
6906174578697732754
-5001837280028442732
-5488606788283487807
7017745730367754712
-2724186544831463096
9032641379095892419
-6142719506023167522
6744371770882526564
-5135729544705536570
138883441722621440
-5926318448720291406
4664538313429536427
8859315788929937806
8199498840113794344
-3589008510532426363
8044334542344749089
2678593220451171441
3925587704780416908
-272791199156551785
-8163957303076514281
-6608510115861220645
-6997589067675549729
-2247928270152656003
7785630364801721005
-5719113865088235514
7369018728545793243
8786388149144670336
-5106790888279192966
1810690301991826098
-8801843250556814221
5157273317233801123
-8536595539430652626
1945324741613433652
-4276176843994011062
4311203238676633836
-1993953345762357159
-5250732217072708345
-5828156894628028349
7655880688738104551
-542978082746479495
-2718377535039883307
444802843240434715
3590930688228659957
890964544369353121
-7816627307341645535
1654998865348780067
-8255874054126905135
2807856247730242037
-2068484301863069251
2436922751078145236
5386049083571798547
934351841944366925
-185993963784025887
8094972553781746298
-6752399255115594660
9066234493996410788
6344646455259056156
-8960505688128521369
5101768748272320025
4397051292656838787
9121789345115223478
-8815051922891526625
-3323560170219175772
7409087326390878220
3229158033857040178
-8864181017526785893
-1568375303713772926
-7654663888614549169
4404265757407879717
8648752486328572333
6897608495785226362
6829731497948118228
8342858321819676630
8697360618679145255
-8336779035291417324
-3196157260062305350
-3528069625344668865
2629819135968895774
-8334576927070304695
-9004025678476923659
-93933355715727398
8847195639887824474
7925811280787561055
3251713896226053221
-2333856799982839163
-3159846668979462666
-6270800896676617935
-2363207935134264954
-8671265482082581986
-8073732880558715677
7719061077104000490
-1549808092731320693
-2539584450707024507
1266001352663687001
-7708821970151037173
-1913111490637201232
1210894540944697188
-6952057509772550240
6410907558993145855
-7424704067767040094
8472067409595950373
5316581137703795766
3071007828227628464
-1330457335702820342
-2077833885126177251
3485930461192787396
2679576669268792115
3902360895598711875
-733202179888155563
-2274317196924371026
3719048533824848359
-4398528627901327017
-349015588621964920
3006828671656722404
3285781246299950137
-3459351485894215722
-5587559758737939638
-5225308455529192333
-6761824732117804635
8585244046480661830
3917345038045699769
-5655943974801235402
4411819189347000413
-7105654014334386951
-8560833899723808980
3514434321150060568
-4550556988843635158
-136174915554488868
3599764344589534398
7779399845714441491
-2922223195960648587
-8978955530226098262
3199022542636935015
-6938267275362381454
-5445265694322330865
6521432388135271131
4601102923122899626
6228188259864830418
1569436648119651240
-3259912919085083936
5193384912686512793
-370754487692533869
-2535880637763848543
-4258402894909990798
3312112449377436218
-588763900257471377
-4943894041373116765
1831222241486737326
-1193902833069355671
-4347989877957651563
492297085288851273
8542676186348272004
3583121674752740185
251269926381283593
8390669517492453725
-4101889378874449438
-5660577405976323106
-6210651646636948096
-8442020275023779754
-2926573103277586973
-4521133145848166013
-6299712978763493682
6665688893114039294
-8464179790457634353
-1405564061381425269
8100586135554293237
8570930994796040460
8328683496394263193
8006835684410158488
4767187916954537312
7521332365612236267
-2904886645664099381
1118895379177181145
2039813841007695061
1054732420324950033
453814264383028698
7600920733492010428
-1319285951656296129
7693648356537764536
2590160009897167086
8363748686536125362
5094562121307424669
6836070182499131629
-8222154439873656900
-3613835502263116662
1721346224667951411
3782670633139438176
4864391159014882101
959938080751533668
-7840687874098751253
-6411858775673299554
2738999018014411019
-8336676091141963935
-7827921793349638225
7937699432593100275
4642598115598381910
257959383446840153
-600852487674856075
4111978682731190238
-7997322911946494683
4255387135815772161
6508873020814913656
8848346819173057289
4249168810335676327
6994755076599292078
-1345017461688968766
4269009751535006320
5608086621233452483
3408180460596571177
-2693154900424106424
3278329723942080753
-5809788954991033131
-8076050088853529321
-1263655202869475587
558843233075571106
-1585669190298858726
-4146806055132007331
5047040232456145902
8982231897226420420
-5392820827224137948
1872525834267564903
-167013516834809150
760849908503384477
5418116494479081628
503140191764103831
-5862579078338451271
-651771976930357241
7042552991713978520
7027527526049906546
-1829212144015802979
-5595823262239618477
-2061240261086973183
-4268180790353627962
-1389334766315571841
-5015363864563788683
7727052671110637873
2959587551403326696
2648802410070535368
-4344046170142665663
-3406452821196365034
-7466781574647034715
8060979026352200329
-4675519578874861272
3151272353823438859
-4827583119062079211
2271474984808151411
7432576522393795940
-6017796953661046354
-3760439868599552188
235666640463093526
-6723444523127599561
-2111984632006761717
-7012484616172559870
-5622442084281893492
-3222746102952901464
1322753855714220060
1084546078984536640
-2858282429617166289
-7188083471283571035
-4225597691747154897
4395017882772087685
-7196655133172889440
1333810506386219528
-2843009789325760428
7003006149697446505
7992369171426774206
4148487451449681705
4636565752310731138
1129025725156148188
-3036395910554207144
2125018858325622953
9017109322759950084
3187475776105396738
3466132274048010408
-6986559618687625538
7672127224565331264
-3032108032583246141
-4273969336099472345
-5609208080431872875
-1200752806296136485
-6512220180548720146
6419674133874147476
-8781200281480044207
7307067496000453944
1491612140141365466
-5086402279830017242
7876922804852286732
8741531263460701774
-3403852614874957898
2975727615635107926
-6893150747277193652
5792611381409038822
-1326163941538089152
-8793123732691592579
776782232103908679
-7346476244673812814
-3173933563381724377
7427261419465446500
4172269690677130759
3121244261273145163
742756584285917720
-6355570096966687371
8072397240351485621
1840847914722413071
-5753696141801233889
6727848892590589516
921056074971213642
-6828950383551566743
-5978522413527379709
-3447986397031987122
-3106370843617599770
4798996906356681554
-8640702727116160886
3765507020767101038
-7167182286416152723
-1802760042433392565
-2266601512317022057
-3309209168226875200
6473880385905305780
-4305105034970094778
8954879076265934118
-4125838261933431329
2512869272353851651
6684609119132978283
-8084975438627197173
-8048338226632592506
-170184156183581219
5546702776438572163
-8595111203241137812
-8184354248230807539
681362849705571611
-2105913526275791476
1048529312473692754
440806061018321240
999001568005936473
9021671137180148834
5979335029464884087
1151002690910391636
-695915496628950315
9098512736769826328
3814976857806067741
-1508411708261192717
7691757888182306993
3583745199275030223
-2768390840592402761
-13133971192537734
608738243020356639
4053548852816247127
1816727524996403584
-4295670154042547210
6878031257534553469
641769130835973335
1314440466260192329
2071950490679629350
-1688321563417556786
-2544660771245634537
3719919426717467468
-8861202941253408079
8138994250362257688
-7583585149564632112
1495238381864979618
-2092963350729332526
-8067535824249485025
-8763698153517606569
-322332653163657578
8242299451597050584
370292748710527401
5720690288788870585
-3718900067669241007
4542331128999431271
4324856493806757524
577641928191542800
8495987546944269935
3290444982172918007
-7044493587098733852
-2712618498217684413
3698333558784082679
8703937401557136479
8874608343154373928
-5378141429213206470
9113952867106227239
2659295184515667631
6488006473839760640
4939036072754732313
-8976462182133836105
6998584580624297544
5200743551593494291
-4177802164677596650
5175008704113831390
4668983772825142969
6714157031878868553
781865242551780637
-3068403081101021201
3764505045731970424
-7681599621564011396
8240827465055084339
5920620692019388498
-1085220534484931285
1044083613224140439
-2718106444882162418
1097291802223971669
1040894191247028472
4859447409648382942
-2996719702533393875
-5234325052778452634
-3532624679159723287
8301365601502887872
2266654614431767626
-2498652932551833945
5537612803127645284
8154445754255617612
-3508057713138258365
4291656470884115185
2594862861453783754
7557937996362435965
6134133110243375683
3182454881597989858
5075320915053196761
813362688012785938
-9061765103350029236
-441894700261676521
1709417231653544994
5192413555376365075
-7580701785773415304
6057669552582403332
-1216166774540226006
-3090735088664175332
-9138684051155998339
-741437038242179071
-5098508366771830731
-7769057984175398260
4807962447759409110
2555261472919132644
-5811508826459988523
-958212101727110317
-2976580263824581662
7919847873110386523
211069280158846190
8176946077561744674
-5691839199045972138
-4659134597479352607
8270464626077830112
-8039133887772544961
-7056318610103599832
7202339986832949863
-7137765999054530405
2852615041740941908
1230146651393165636
-3263244779257661204
4322603311281098689
-9072910817118985319
6345275635969873041
1616113855918192254
-2427876726459140326
2858326356901096947
-1653202047526981121
1686040500906445967
-3743789515955436418
-8308039832595327988
-6204937309202109573
7467019974806797203
-6884155485294272167
-9180281916598821823
-5848533173710715128
338898439974556216
1733785365571368036
-2617709892212317674
3147093066196170150
-3714055191234304576
-5966273930132622290
3722854206411988544
-4467189301472869754
-7570234293467110070
4626815382983620421
-4774229504047894524
1378656525083817213
-502373566648044931
-5336644595819110262
5074680256897107704
-588124657804056564
-6968060131158533514
-4488276874349188452
2475738302603360131
8172905026724397180
-5207015494647719935
-5298235553970243351
-1497458002828215004
895551574620246525
-7348803615405005826
6860317929060722509
7070775942047889765
7435508189807853039
-5246561287384951647
-4368007989009654234
4454074601062729032
2418173262956271899
-80349460584660288
-3086856089335759616
-1349550550533925941
8991532503951530888
-4513904114601610921
7999868255211052566
7846814947223571439
-4341233667139426511
1652166891029032024
-3726247737726796559
550254645485184561
-4612809219031704124
-3076844445664703598
-8764734182762750386
-924003289839528790
8496147891457852061
-3831030043510335749
-8576476995916508130
183381610747773658
-5316221931832936962
-3584875967485904548
2758156051965520655
605387866918895636
8587515712539340243
1886340015153819414
7062642603136123878
5263675861230019758
-6999407293101332266
2108216221466512828
-7403278457511328093
-3626376543717998767
6894082922940331731
2149427404763219731
-8265101673418178108
-4684239831781473631
3722499582992265474
4083896903145674909
509208637024039133
9104932730877181934
6012313519052924721
8646748304544178756
-5124885679518198387
2799356525588760516
8151202345736401081
-9074576432951814651
-4598636936153944210
1045002044667799706
-391874753201223705
-1262731875477004972
1639181484727901927
854577215901431962
-5337636244869770570
8351977719833602600
7880669657935307671
2549964509398432657
-6043561010358054567
-4771597551501816366
2533904417625950866
-2282769439924062279
7076959869342056932
696331899112429552
6673713683962457185
-5575748514667604773
3138092811637111189
-5784267873129477193
-3554418941481056849
969975416716647566
-605607560696911085
8210665579312966355
758304369648456873
-2183191716979946084
-1346513700211249246
4157449575309024253
-7878915483894920687
-5220554082334617337
-2542964883146216617
8274281168624527948
-3647511963782693301
-6392554052420678745
6604669976755559103
6537568171415997377
-5420175405400509988
-675834141844579205
-1752377612882926978
1626445862067238504
531780282867850532
8755263922531518554
-4702285918049362177
7424031169677367470
-4143244052075748473
2824291487354087614
-9116858002283070948
2105013799394725804
-2980426687875318864
-2492942978414293866
-3842306630379378085
-8132079932612207268
-180561105270314740
682285835663537656
4201009994795985161
4660504772362586574
3877532620200128375
-2786374231433484283
4435860573522900576
8900455216635687766
191146103962773931
8887974911314576947
8275941114731226282
6310634497184824031
1116225342979268242
-1879190953185324290
610154794589423465
2026380766046695631
-5090901913015820569
-8042395853764837233
-731968345001598922
4487465870827058589
-11768271713889111
2692069847180961326
-9101079309165568131
9197253844573367130
5921724498725040136
3136212747718668971
7601055571667029571
-1353790084327855189
-4990820747842207058
2998247179152513215
-3777170551055814411
-4610546951917728669
5645670926848611974
140175343227682897
-2580454020087793204
-2159829232052540762
-6404052050668545718
-109695057240823779
-5860552221863579690
-5153289035599192409
4157816616828040775
4809831508813233656
-6329157960329468546
-1141324612571990499
4933454482925003198
8820817267951581131
8563401427931048782
8844720265873045459
6657893307375768357
-1339038886695056022
-5068791851214133907
-8831285329165903822
1258005697276033738
9215042779707349842
-2622595580783515971
7939171792346530932
6800378870848874136
-1610223954403451727
-5535794314892230514
-2515503842400177948
7265581772513991084
-8814607618390125377
539027479730736207
-8958243559012588160
-8098656557534990075
-6474586474894738328
-1858225188184534390
-3250627206839252722
-2731553295724507452
7268010731853142416
479795746480409992
3908404183157207283
-6546412190247852642
-6700992446535267302
6521759486781169000
5992776043719413595
7215457000963056268
8806034708964244249
-4028842075322344355
3655739950673732102
5391670334554593255
-5909311991278793109
2342920625782210030
-4618382312179058718
-5733330748536236863
-5872125484683082439
3371415153980499442
2681284355034942633
7941754342517742165
-5889698195756217109
-7998980255028938715
-8286778541356505642
8423240034158747390
-3538274178816557943
-6827884421771180102
447328229082856689
-3255480743811961915
-4156951951618685025
2185937883548329975
-2170487714158771786
6119931698425249693
2444911822865061883
6438401271967440346
1599152887108803092
869328829040169963
-1530423324103240244
-5766323486143473337
7902190289840559441
639127678239410438
-1145562712553988192
1971763266403017626
-192378670929450733
-6320602019125292007
-337912837033834365
4592556786134278339
-2842787044998086999
-3284823011176172729
-5603656170446957835
5930084735606554842
7330937284714169356
-1889672672098529487
-812610521008107792
5721522712537777153
-3882509881819262034
-3719632352145813674
7759965575324173555
-8721701046276256449
-6776530820780905832
-4184833748742193201
-6987235162540391229
3152412734985288858
-5383139397120458275
22905673960614515
-4111532245477238578
8058172143002146625
-8039227758214189477
2484961126460889627
7888659349303235359
7357302173267424029
-5154839543857632075
-3392104241885035654
-968540547687572331
8496794982494854090
7026577738557290581
-8396441026333505785
4244692258739966599
8102293148933894546
5768108807234468969
-3391816495713467988
8907562137713057545
-7200786609343678754
-866705422193883377
-233662790724998973
3350610456209276509
5767755770744237231
-2772242503754409916
1938330048011649122
7805366170607910182
-5056378717608567591
-8597316300871745684
5228209124695184584
-4966990483732582162
2539457705767271177
4935529939987044513
-3605691829617971745
8642551846886147226
27040146702226021
-4299302192828001669
2181352770575070753
-2609538556031175447
4425317296893156580
-1453723901699582076
-2347401505547593571
7419723165765435345
7592422572580463385
3996080538510057025
-8905903978601205209
-616327293696936665
4476696067167912143
-6805481800822067866
2173287036846701816
-8821694741400802514
-8561706394043574875
5236785756928696271
-2198151374275106451
542574393147595319
464949691127432566
5186422598751463290
1436953575090983257
-6361069044431678107
-6845534550817137779
-2705317834176016328
4155857087525644078
6121726434209719336
7262487991986161778
177606966898934110
-4551462471948746283
5753670501401625217
-8038995984289520569
4572787678399569847
-1944924198781182362
9193103582828190837
1645897439517817358
4770775943728769001
1744906643016258702
-4642552749273984136
-7723486826594278880
5014559253019930308
1581129401604448615
-8906728237741394142
-5378936326110526972
7070932393005695083
-2745753043406598782
8665893795598867652
6572546306704617104
-6774914885195154335
2209509102523599683
1810003583517332845
-8214336810947303615
6544403334716266023
-4380993914910358546
5392541092262834380
8987179741723840430
-181404804076666650
1363407933255404369
5031872048542384622
-8129005545847068329
7699561028523175257
-7298572325019050266
-1575619134538812339
-1943420187482145002
-4105250146658455902
2245517528277148185
-1666007646954022928
6323660654158146489
351177885898003911
5599841523079717066
-5365657104907595669
6009737698679662842
-2906567051283074859
6509440828448877310
266135489648665815
-7251686237597300685
6215618480662025166
-368601059328651281
-6131366450865635824
-2513873735215660575
3284155847598477220
-4102468070491038496
6266230028855405048
8899838436852173231
4931901961875279476
-5806128923652909456
2289165761413950650
7468237477554905245
3154856587380126896
1074533321303294819
-8486399732045852059
619461575016518019
-4333554555266686699
-5145457386951829810
2646511785992557502
-1791582940763649724
4573935198350336022
-6901822014476935453
-6855156923956924328
6735607234767443091
8794456249626139296
-70133081433980515
-2903945242583329628
3702082758751989580
7109463496964507202
3308789307621053372
-6018199120824881780
1931185318581379980
6267024511927024422
-1457581243557992176
-3027754091404322780
-8142775154204820653
1614158539085284629
4496985645356806009
-1848151652304827923
-2015493530938661063
5587716579073343504
-7023656628320349984
-8409794681908614309
8688252345843596248
-8356224148790771187
7521166224641896126
-3416263677574412145
6807900629653566659
-8174994774987861456
7885105010336947098
-5752116095480253885
-822186642400006019
3778458133552104117
4592612202517476988
-5743593528733186705
-8014553531041869330
-1906878125757227796
4461231606601383446
3548406015933291786
549110556542699523
6924267516387186399
-1708895954626416740
-7065509423142649860
-9117632622263289849
7703251682565658713
-4144402464723189328
2181384505843602046
6921225424519157685
5735960454401025738
5935615648994661410
9193154428340099954
7778098325761696044
1643489055120475502
8298347278488378793
-9004186429748971760
7115363425902310670
-6927643503610185727
-7503860707834411037
282902959842303416
-6632514903350689474
895031703893321232
4105921181647196871
-3532580988682542521
-551337656240786799
4572863830335314077
8431566923238338867
-3439992026830791550
-3524550418729342082
4725214953713052330
1575607290734469938
3803981401294948950
3372917172628016130
6469875933581481458
5668325014531056589
-3024109210525802281
-8645459961541417577
-1651551913619653755
6002250495230249651
1332156823557024111
3666593069214191771
-6556671415888793279
-1832649014626721876
1547882692774654598
3636433265718026900
1633807435837891097
4103471537333496553
-1544655340045912844
2253360095216673855
9086516940502613050
8604435280138463842
-6175855163836623407
-3727743379138192375
7337049476978210964
-5260074969928986
4212418039423612684
7493298256761297688
-1947126420771974342
3281347300793231764
-6555639652171602746
-1796209990188619863
1915230697118787815
7544687274417220740
5006307226068497366
8424052265348024306
3310230658953880322
-7831405882143741408
75163359026782404
3118158832954606248
-5684079137987569965
3831174183212918948
1545211650802607431
-4213598628846853259
9093002317671532469
5957249692122303857
-4118163894713306595
3848233326788194990
5565912401922860246
-8812894014770947935
-6376424890267019134
892838444742080526
8114875316671691667
-1250669328887977354
-5401100110805060650
-1642702899010143554
7736668418651210307
83234240100601158
5600465930768970290
2006920875432331781
-7327099869787526073
4487574721145045305
-8085575638263756663
2986643701872186043
-2696573374974439894
-7174107786895035439
-4596345321428931570
2371507365144109093
8867754012144101351
5334890644986601152
8675699922180676463
-1568007187898528988
-2185870533193206915
-3505328299147363844
-700722726712017977
5409373012146010829
6416039768031233206
7846663134167106015
3159238802514183482
-8142969043288766402
-1429973824697150274
1879914369617146477
5639383657112798922
8527112870184634356
-2981065176820198808
-1750625768834918718
-5181094824801145592
-8910702941094614706
3447288682388266749
1273809652908301159
8275230212768255056
8313775574569516373
5245640356082238240
-4142448707253122298
4267474154062470085
-4595799627202749764
-7611989034081238068
-4351692022394893710
1959140897441728718
-7502434494647106046
3960766420870265970
-8057164183497935875
-1360942887317932922
-1475669082038744237
1199657787739816008
2431160873601039713
-4866316639461517022
8884529790905120688
-696343107911919380
4956170681964044027
-4480746327777576061
-4082591296198682302
-8022869529450083742
7396669344712469321
-8719941190859601409
4347854305112055698
7255313873210352201
6732842806406477983
3274160485829840741
4453428001420186032
650055059383867909
-2582322469621702555
54622480233817121
1837504775628518911
-2433401194057030601
9019982648740037452
870722787092508284
6480705518648139635
2714483044170737479
1935350785648731335
-5084641611650253057
4142982408034692186
-4138538519757028122
-3857626926526051828
6508327376581804633
2131239665500906653
2142868740601924409
1795489382957626467
2709544468403886000
6440912355662222648
4578573162406738540
-8136890836197921175
2156600071067860866
7255281000624380132
-6411118922747962187
-151917758805257063
2005100130597378751
482461048125541870
-4964199230664918568
-4111468692532434303
4337401003717404793
2204797915522583418
3560830639755080450
-1398087911072281555
-3337267397695232740
-3347850776746088361
7581691406804176573
4694852294896002665
-4081448825742016592
144418686532563696
7367575713047814625
-9111531801468121533
-1439573362391507564
3671777085023016097
5985203605964131631
-8154049537335714644
4191069917962879761
-1953137983481853404
-1166139907791923162
-6559054851006696367
-7887984740418585801
-4184445362949797927
-3511055918341844574
8263030887432062405
3405256425798099150
-5436246686144804007
-1813809877056670079
1941953728777955032
345783151727059
-7469211569920610881
1862732375486655607
3083979064185358000
-4257597548307047063
3127863020199413023
3511885334338901653
-5907665718611730076
6548345179510851195
-5705508331323053869
5566790854298864088
-5666380005327932309
1942675663763269100
7178393524458806131
7663216873839093784
-964270427749977852
7406620798310376676
7429870114952294965
3601790868673733465
-1246578907612697508
4590033441154479379
-6650881045487191444
-1365216502162172142
-1999735191849063725
-6567381687135607917
-1776849739060667022
-1042640983251360556
7765419506653870597
8649661327942380487
3040227370376693524
-2745104070931983839
-2296860078216542983
7608906951211367946
4074505318273147965
5120262611772812297
-9200063077834160371
8344645472192155048
-3684714782764336467
6423521886709555600
-5702017862575878923
-4137468452394350490
-2915958592720211695
6350401523784583443
5033742797224072720
-1180435720972097381
-1080465300396465706
4585972247150730974
8596426395070062395
8218017794675029448
-2989131290289695788
652468281503786433
-8093223307187028404
-3033105463975924276
4166988131739023756
1448498706772402442
-3464431550475493283
-6186691832994619038
3131950073769523001
-6525600423036511259
2032737167460614714
1550722261420088898
3943618605753203431
7487198763179614337
-1823122794780264349
-2132882051307034551
-4036746140920877613
-4732725941464028143
-3638838860965766428
-353568701519538592
-4435098136742172144
1445989650655762131
4761016354208005634
-2755425916391597353
7768266170725843093
9110125033581407009
2947826762490408934
3364960394646274294
-7728714719720942866
-8803165711828766163
5192573711636398668
8996031481144022141
-3579067646275419634
-3715554221742124466
-266169362179054150
-5061784727163847946
-762064076157050723
-8978645626868655766
3312708819154011106
2276415154842557540
6911608723004575426
232596082287688263
7896319389781798319
-1200028646829875143
-3371422336337052210
-5271031600920596360
1160591822756224455
2241098614135502218
1395808066199157115
-4433701489359020566
2156013398755229629
1540770639712543862
1014856981633314137
-657242270696790388
5465158985432009948
-1343293597318056759
-2880795462596839491
7692796529450475962
-8369471881269242403
5110270875768858102
7928050228475576008
7089649475656440711
6827924358919648186
-1157717145016154991
406394439195756270
8886074848637914563
2662910067117949241
-2414503207402292035
-3178798382516129428
-3097089000526075919
2722848003218916666
-5756923964256941144
8094820720313564358
-3972074163683685475
-7206380317120043213
4178926848561338488
-8233926536970724205
6775189326942600902
-5919193765548427735
-2480863094744173930
-4310952580653863296
-575780623034380589
8281469179114478706
-6312378851584285567
-6234245728955644861
9160807306646231110
1032125135255370284
2591841675674726676
5985044316744304103
5641618057265334713
751082665727063299
1828090828766224343
-5344771637597012331
7942596649151926928
1758294863606123443
5814748544532854667
-5539204002094500112
4286548395327805740
1427764052802233140
-8734822479970907414
-1180926963163412
-8346111958105845477
7420734049823634429
2510128439059462003
6468440976452212689
-6255868070086442681
-2509137347764042878
-2738645025113422532
6762709349725841544
3441449168923478483
7563894992031633747
1708764697431152631
-3559825908508811061
4839389359988963154
7324079693730372804
-1154343225836138532
-7476339141929061492
-4507363086253355277
-8418604228805936206
1508622628840835925
-8416617082576187265
-8898119744147018367
-820881343756251712
-588011685499969831
-1339038191068995296
-2955956105726259643
687030452029327718
4407073112150160570
8784212039996564141
7110996587892790109
-7115744102798688057
-8033748704402917559
4427747437186399164
3739348390910464710
3654633789901291032
-1695081060174285721
-3476568466530250144
6560264804840299752
7056197341362240521
7165020221256022977
3965552800911096382
4705124648653970521
1659725159038062083
-670097244681127154
-3503354967352580367
2101808580347903989
1422667529812687111
3360438795712169665
-2970441661243170025
-6807455442836846559
8917254609402697791
-5151308133719226588
-5956805128603440629
3668697783737856553
4874607577090396612
4920487953382200219
-8606162674489299372
-513910952933729623
-6028372939419551951
-1689427758845238440
-3063271815767624511
-6052382151453849080
-726902143801871307
3644556441235470715
-6709822783071734645
-4294307528005781377
-4646330782667790166
-6456533213991228745
6004616557586732159
-463609321393713594
-4847835559086724281
-2991074175615719000
2397432789216762873
2726243067408449422
-8783767665037960039
-6458883334413233014
-4082839840073490783
1531604768705039962
6828717594802817384
-6129205419920422825
3660574119564833184
-2308417955958095649
1867681654932635514
5806663716332444874
6117622039237791132
-1541703438479761499
4649257035389802687
-311081124629893504
25087644609177631
7043758721716343349
-244546586880115997
-4180447198309921508
3259421450792643440
-3005465023452224337
-6702164646497890125
4574652564285946665
-3642181526853528573
7456344594100647610
-4160134379288209967
-1531098373593362244
4644350246026667627
6790879939536568589
-667435667333029363
3897084179947229811
1968253040378747396
-7090328405632219351
8941852944699243004
1063615453846573504
5934686042046894481
-1372776276563846419
5849292799401815051
-6567922725562504190
7991587607858611206
911319776755430419
-8655714830609396173
-3399324003277912894
-6240774623702731561
2026410002770961355
5898219312556320611
4965093814706517213
1662905551100572648
-4555923262345360431
4981882357905532664
770153816892483911
6154504279604540796
-8309290379519250652
-4104075783272243971
5693755252123102449
-3211607069674780315
-1726431052794513127
8309308465998098863
3489987081340922081
9140809054746052234
-1204301883063672283
-3603760405997522519
5322956749541223506
-8425662291000649317
-1212821548150860848
3176446747190341001
5078839725328001984
6366812104733997667
-8521729130359001234
-6164776461869112560
-8928124044311138677
-7326970367446703552
7025245532980626437
4435752329573377564
-8397043130743126091
6149574954255288485
6117653259826025668
-175270001013806083
2297985034395857143
1121130695264934638
2810440661104324065
5122414486047031199
8899204472243141602
-3719549802434313959
-765788186186670978
-2443172342454925070
3539426194406191918
1652584769343913742
3289987471283603907
8064588423146013045
-5597082590006755797
-3792306536611717086
4543271332553968754
4463248816601937201
-1810571975589956942
4285287791792676438
1772292297094081810
2235176655250034567
4004237056879068723
1411463749104844066
941285302574863156
-5129354478674176097
-8505564111977188804
-9028222814514805814
-4463967088576141460
952313574921195538
-1988395280459387968
-5766436009571452803
-8338302139095505996
7018662918967369059
9154718899319559169
-7207455246644862447
711761828751092333
4737785133778376443
-690224203078477318
-979451460093987702
-3844317988332250498
-4129407685546172426
1165488097415987226
-3529920393818896978
-5913200658450219238
-4436444407334142271
-2578893712859119653
-5578864108133335103
8582573705924295096
7671381097489918833
6151796349510008324
-3297589040326607100
-8268537901282677617
-7785574582372526849
6965277078853505246
5788192749536057485
3457886503318902831
-4852447945799151959
7091298566975508235
5347709447027061559
3679450425184827657
-2797900987614061848
-8120411931475738613
6594592317646104480
4415653196473521686
5493553555460753488
-8700366451723504141
8696107006348101342
7911485017739799693
-8937214783029628674
-1043835568685048261
-6648839744740894943
-7425186453364022815
7188433599274700348
3531328747277156317
2291185551699335167
-7672218531170898133
-2877994579506947743
-5574155832633525822
825517277133319757
-1591597094718221289
6626108710683734568
-7488660021557227006
1900927087752763796
6778722115583995958
5363989077635698737
6748852790360372066
-5809655163195080539
4910707774933599456
1496441632091866037
131182702406837309
-1557492028541097237
3142484785445556144
-546010416639411942
1315954580614799101
8028592725788544623
8006559390223608348
-4498096048322349259
-6901847538276481118
4015169424951434484
-3333201399282300806
-1877383602380213827
6570334656941605156
-2453166947924558665
3214183662330327192
7528000900539852528
-8499800677415026212
7120118925594098745
572220473438837572
-5408816471364106199
-935660039119401979
2613507431390020542
-5192434271282943395
7698450717555911104
4440520085136617003
-698163080261165690
1655114339758056416
-9013793968485363445
822331142669406682
1443791284713125077
7897011331726146339
-3044523431859209472
6494896639736473952
-8451376313073034213
537321443889333150
5044037666073178748
8551398807639785309
-5075051727837402404
5685739522853233266
-5154078479085062516
805829083666452050
5550592661593685380
7382540400201682561
-3732288321553549438
-6305314897372910986
2663163103389491033
4534947057257035257
7057126711155579819
8762638579316285705
-3328632340143685746
5104253613113702618
-4938039391265659371
2083213073275430769
-231507741539453343
5067867778827768631
-7503349359090687736
8282524349864466956
5848527541873815754
6435844056830492737
1744025360166412749
-6613552213062443557
-8806340556630421153
3727160782663220233
4789055244920316062
1770246916706388796
1327939853427304363
-1574118577696420432
-5579693547964622391
4355093143026367218
-3156479781883134143
7527628099282250108
-5226596910835928607
9218507397798742780
4914219770566791053
7473152212070156977
9178945937339319528
-7011045083607284435
4553827810158665480
-5384485768671081732
1647063890575717398
-7778811092157197758
5500282004978472965
198608458383039739
-8684135404669440539
4851462904596771546
4623868446847552689
7530622812251967858
1173915451326049127
1692619111856784965
-6867150825924492276
-262491139255182591
-5700956867230148497
4341708278792902563
-2967493411809550995
8865138708991259228
-9207533912619055462
8445931469063762634
-618263093928184831
3974576522008414781
-6279238089467669501
6715041745757423847
3992962811606287985
999030212105001604
-4532723000647421162
1104666029516944847
2314224264095790476
8618741530754258662
751741586141005217
6491226598680351664
1416522935546249914
-8060547803615314103
7157651222833292884
-6384477577209222194
-7862432186123291726
5603502278725050161
-6399406077872651089
-663100404140994023
-8524705161262080413
8538357450219491563
830534713925028863
-7395474518384670576
4065877228057547563
7989052966706253753
-1639634318740841757
5783261337174113267
6114948624645282679
-5592076708579232680
4563279479971057537
-8580256361489128642
4908998072471116668
-4171955858284162373
-5757560224978310507
-8326999638335749945
-5229100342445501881
-1135349120373752097
-5151607881521331857
8818467282737384857
8746492995977511471
-8235208531581918982
-8392400610167756845
-74381148459005339
-2939581321187798876
5675542978892674151
6818446572531495856
-8375684147913153266
6463702720050642622
1109438905826483280
-5673936693907136089
-4917316857499775098
4013390763626075467
-2669808057341390741
-2977825289268105475
1421505874121725319
5760768165949897003
7433542288203482240
-4029516096547666195
998201744996191692
-3146104086589957157
-1939874602985270212
-8664568671676191092
-3156415631876901777
8908391654014281650
-1726733453735774723
-2203782430310285284
8053717414530515667
1142995922403243805
2913313513280669563
3854817815423184626
6295903712925530499
404482195903739033
-291499305311824253
3251699818400211859
887326566445999218
1340410669512933372
1180956324013425871
-5401705205878165306
2319496217246706432
-3360554873723221498
7054286873623623475
-1011831973816558183
-3825269999184288526
1937849478532005589
4966054190016239961
8993140698868888292
-8028266862582894870
-5947142606285916951
7229904167327790471
-1611886908305888549
-2167084621765087889
-8719604337898921270
-2360294453616689679
5197155957294850991
3092823172929832152
105642361191228734
4560531356648332665
-1630820040313864287
-7060735142568354826
-3662698029583887700
-8794635033764697942
-7014055146411773885
1000156056134569497
-2515382265005207769
-2491632279961539321
5827319624339459537
7973468810686288519
6993181131186401284
8206209432648410314
-2430854675404927978
6977970578943936126
5814968859196238315
195443094009468723
7325198359925634745
3951523562668332118
7934302962769474280
228710257338547113
-7577331000577613075
-2136430447311758530
-3587628339984395254
-9053407699484785187
-6281094728865012672
-117862076236477398
798457093941059170
-2526257529610178259
8000004902783144066
-1530289667235742133
8147195378635181260
-6382134447264789597
6968675341870758943
-2378302481459103454
4077440210850113133
-9004869029537447327
-803224199692227126
-4057083982648558988
6857127762614948754
4994288215330271215
2981829253968490412
-7848085541025576614
-1200095982212802250
-8053764930399784459
3060125098913478625
-7200667143062962971
4758076866685276069
-190674130277176981
7617327530006644083
-8003781448638481091
5410321577305509473
-711444192900243954
2674995183787002826
1914357228563432113
-70296057484039158
1930150362065599561
6945251939298387279
-2549269153276680670
6973378844611312822
-2277702725529464529
8821118465256836608
-3654120847778414344
1608963829668239471
4670564127785067748
-7428360499030010193
-1918816681260337501
7175963411597455920
7084117339484107386
-2361712739211877790
8053372917820784940
8324472630318128955
1497220625480468721
-5281977867639621629
-6981087412417104023
-1020534000326364472
-6267789173362881619
2742338962557399082
8771537153671522427
-4263760920459466810
7557140775450816933
6228163492051611655
-6287339580198713550
-6864907247829646122
6012669461396039818
-2153789837452211499
-8690045662194739568
-7317180057174793811
-1191139625040233485
-149780006662873117
8192932727639175500
8786892235739554428
-7111337855397016070
7541367825256317777
-2632686328330781356
-7742630723261533260
-5747576288219150973
-8073527016509304069
-8057579378907106661
4666358391556560534
-5845417136324665144
-597804062458824123
2689280257960137584
3480522960802370593
5781795641280711360
2418628411383454016
-5163295627419043059
-7664983465258758711
2622653280273717634
-6498096795022964770
-9164455093090416438
3125279153908359426
-6673047106270266512
-8171172167024898560
6823830559606599402
-8484854828295283593
-8866970806623805259
5942953855203803085
-7371858947324121042
3484904842823105242
-7733010747698322509
3058456546220265960
3533553452364451954
7906543717180352350
-3055283251237991649
3902186662853786694
1805781565474854830
4456069474461532896
-2628630218447647138
9053254392028641021
745718869276935859
-6631782925503028216
8550745121209871147
1887138093614421239
-6322563072532265280
5724617439395010880
7511928720049767532
1882480104969673850
2880980466452949733
-3304539956182043434
-6262376481594943859
-7271082567186660236
-4408578000564947193
-1757145672774705213
-5481482756973082794
-8280220943226657186
-8557932415664757562
3630316407150659670
-5283991531451394626
6108578137146233537
-1976008768479042714
-700210109106894637
-3117267720923976608
674888348777449615
1811863539376915641
4107753971872116401
-2256072643623903895
7797961676940315476
3329399779797592397
-7948266787613822853
2919165409650516950
5784055966443743937
2784480301384909726
-4238727982502174676
-5014098730139725484
9000680499378028471
7642611432731112497
-8254101575067467265
2404749524657809183
902734035063705078
-9160316049465515518
5294369327223596324
-5060214118506976146
3354187999089048720
-391226207966404668
2813088175261346935
-8509138917496899795
7034621727066386876
4586164496782517406
390663702479342332
-5806059451021450666
-8967313512051481302
3243394006195270632
6961220013495766711
-2588480428378354403
4247392658598801504
-5513939167169168702
-3509331131008292947
-3017071585993187432
5061934614279391155
-2424080174365866951
6865068916100219571
3540065496735625169
-195216709148035404
8738000452421816698
8439735100254412669
-4439637018755851541
-3276601305255903448
-2772782465539985001
-7314030212838361698
5360334533341932005
-8745407415492483774
6189870846700687887
-5367196471966123849
-4673658970389162668
-4144960665733835031
2399260096251587206
-7876242742734445349
-1742559695612707158
-6113147461833452264
407135893758565095
-250805986774168579
6359202921987770100
848505818495032351
4644874395417677691
1349280704228750894
-6666340807542261028
8863432548560756044
3356597030882959249
-2839588878247141926
2487524334794188384
-1285415717895282935
-5354556598010366765
8953477236787695194
4935131597261751253
-5795721282492030160
-440732413935908136
-791778849893624264
2107844287373703117
5127045066307763018
-8313793147377638021
-5195517750668261608
4137438476314442077
-8280216341621710629
5431646568990640553
-4314414298266367028
7013038857158262947
-8814945957720283670
-8274579590787109154
-1748772832882394176
5600890875097407013
1400881435474426400
6644191118670154282
-3755790271140292115
1012640587532882009
-6122555451925277376
-2337932828050991254
4595471569996903876
8532402482244027440
-3423991229987429965
8293910175402115757
-1710682780162081033
-6135887111165648974
-2270197113014814325
-3220154241768216577
510054500215936048
-6966944598889030786
-3234012041335554031
3241669179985787791
3933949911221419802
4046867652931512253
1326987738107025324
7351494471882927119
3682336664209205070
1482375212325116421
5875064571037716094
-1212562644854997106
8493497497150331353
562485562427991950
-9159092796014320452
-431979400850755211
-8564970853302896193
-2247752287998295614
1698702011180994198
-6755800004787341114
1583003327713620854
1164303959163197456
-4621724194779727694
-2624300910545655048
2507147143795187890
7703096659558442550
-2457734211448596940
8371102779804524741
3105682943997346971
7519386903922624684
8584549790137946152
1277832343558220908
349381722559470975
8864350258679464370
7169822551429850014
-83810709682656198
-4570051893184579697
6132380570347343989
4243424739333264356
6237262010769902172
8008206798745302965
5702197957307167216
8576056428756524999
-3395811458325211406
-3039048664682436280
7903501383087421699
3325003988556531338
8111547662082715757
6324102461679576102
-4618415906008123776
904805962698310357
4269800402334203551
-5062327348788341537
6317959138747865671
-3445304205538188320
5257992991448499872
-1207799223320031800
-3745307955244041009
-5833010572599300293
1882349889425654623
-8277219497506638044
4409798992213831852
-7230638316398892408
-6465984532397398472
8524666919030414199
2074935939457744436
7611883918706781662
-2729080617431929178
4929988669561440954
6854031592588739555
-8630664345441156313
6139314149089206755
8116621512212207898
-8655688580602429182
-3154841317509470043
-6287062966405530839
-8967356688990014459
-5558574834284808292
2362123454884651114
8634562571015460847
1775408728004769134
-2253715373527748325
-5210691336814366721
-8995319870630803927
-3163061829449368024
-4920378726915830243
3796587285409518015
-4094000779465268148
1578803173394016600
238336733730715563
-4905313675282351758
8710998155533192355
-5168807812804923861
631009403246283162
7648311642388938637
-1867758284435917068
3041836837960815658
3500977982740726700
1420455677476506597
-8615026912411924251
8015808821259007905
5012266650117180871
-6240341079557895695
4850615563739107243
5140889169252840300
-5608288995321832323
6435261666355068043
7421433469865231753
9024944699368469548
-7183982560458156532
1665118739966444371
1851313848660620354
3975992197943966861
-9146203738863209255
-3504232819450493698
5807273227831311291
-7016062335990703553
5721912174412858401
-8525328489330723847
-5887219327543843192
8725398862347858130
-6455661044484841462
-3750326532919098422
-1718307269463900976
-3748615562427253865
5138899363030106121
-8004288573564995048
-4020785801756376733
-5052568601827542780
-7437627171575456196
4018151083525256763
-6820172542678546937
-6729483194488045016
-2873347638926241649
-5496083752818321887
-2429164984303123271
4730901106881233785
-8444545418379795987
-7848733121122216368
556478972254966049
-4045638148787484472
4955351327947365137
-7355804864768864000
7628939386242493300
-5139398991669509027
8994025535434115187
-4958649647552021107
-8337474922749323247
6359876326366179306
-1205647642476146776
6157621471492899599
-8236947981850013967
-8481510616148121453
-7879096860169897805
228104184746293251
-7175443156889884919
1933967431563429372
4774673590711494221
5268599490761106358
3849628484506667669
7329508673342379974
-4502067816351478109
-1206716393373717339
-3094745158407059911
3665889599828738462
-8515188723354540116
-237763305386776661
-4561551626546318144
-1299216512880726285
-2060221796950472283
-7016433038539659179
7117919441293594596
-160345249901862840
-7213436312023953613
-4499099284090450066
-3345575229430448529
6576320314894321184
9036553448352464000
-5933027392329190876
-1365540397831304423
-3132370430514226690
-8381557077974045274
-1878543505751942050
-3869554180078560637
-6398544267383454285
-2951412875619361866
-723496644013582985
-6419593684787474869
7064431565183885870
-661711905899081319
2249261347727834534
8955847824242466335
6449180687818203353
-5045771674140291401
935899931361016302
125114427000795163
-2535226737051507772
9129509907060186230
865020465720171482
-5742652977376788895
-8328944009260135510
5086323046293056925
3129007135226161066
-14463586182828054
4114327277214852834
-8112180425750691523
-526002255681517738
-5654806147856859405
7236404348591901744
9107957950356280453
8056909925859794613
-5344768137095132646
8578242555083703473
8427334770931107875
-2822721694315058064
2253578927395791545
3097778656442663279
-1352543229214157459
1174248727269410766
-8801279184033949697
2781116676575495337
-1897395446717236109
-746793865166200796
-712688381001997900
5300621908607407066
1343911150858670597
-6530376517475856914
7141919516580428248
771175600138306609
8390125856910577082
4417378128181091847
5552040662766248478
-2742224322298889084
7224512482063651335
4575546114116654055
-3907361319725013928
-6797778917719074267
8620474563224563356
193945961748356500
3481266497638065294
757681229130071224
-8912340929056818025
2334990788861752996
-1228842859992030139
4978078777175605239
3375713418002025159
-4080151056897735858
-3642742073402804789
-6570316479739753523
193604636759104088
4467719256783974684
-9008455551452443932
-1833873950442379606
-5146344635696194238
5665140242129491570
3047947853594837170
-6371918017624550529
-6638166583804204173
2737794225866816161
7082028892094090737
6511087720209860876
-9152147311519185885
542447132117457882
-6465829881478476401
-4888910317112566627
9196377089671288307
-6067927711268854000
7147525944023237334
-2449261723919929071
-8657478131722300150
-8812421608326106708
7152892653086331636
-3475742928181500275
-8058787231666559660
6523223538318325770
-3113578063369166369
-5882777841937244127
4587301611520136962
-6475202982534105943
-4513534126733477175
3440783780645012203
-904603773934470345
-6297857344245991153
925751597928400216
-7684260248961252989
4375627398265317138
4847091932003217376
1115314172888999713
-1954874941563938705
-8357674208486139871
-7092101223630744525
-1606326668789709077
6175511645427470299
3158166644923473243
811867998742737891
2289556228330647065
8216491695153831180
-1702330653868003636
-6964921816995484628
7754661005679278211
4308126715215002100
8549482852380656307
4241268196836704854
-6674252949858789180
5741316933587384048
-6784496928657996665
6223422349469759433
-6561776190682703595
6343579401575260068
3224808276151317890
1226925401842281615
-6844558016101633123
8025043188877116113
-700306849945402433
-7489377223548230870
-3078405754897656805
7412184265412773329
-2127532565895185521
-8793478907269049948
2018378242444856179
-3919988483116039796
258003571023840114
-7239798180451908125
1206118294992174500
-5651418001110945522
-9044020471450232300
-1339099968542102125
457303904435288826
-5192730032446845424
-2655284822665168406
-920765873906287553
6557256856295004456
6730367622318266087
6260907272096284420
2968876732949609191
-581577163130979984
-5340849191529085165
8837040453422770392
-6060002349846820773
-5518266398928575885
-8472874604410401308
98023130408999416
6052029093621924743
-7006584796332990007
7679540701351228934
7315252396605177117
-1423416166329131187
-3845791453893667637
-8975837675990963061
-7638441938484062828
-440937027528028304
-8199370710404489199
-4239320561299044776
-537030964250901118
256386378076448183
2698739427600483423
8242688378091572031
-7397911798009877711
-588430090693972500
3507214315799279614
-8728346989502645671
-7759484247112069376
4660830847251847831
6972726672927740715
1165832008894073801
1809974690589255031
-802951179511112110
-660215290615504973
-5803360246637475039
7059412343960145051
5751924033386966220
-6585092490010754652
3990655887408035733
21907933363507534
-4871225875287342962
2337277043664719310
8059577448175568026
-2990457398689652996
-5963200534924555764
-4880697627617497526
2087830496482977931
-2702977354833125287
7743598576454474628
3132245820069698997
-100378294906646541
-3605413758370953343
3192254035432085750
-7275507349281068852
-6552520734938956691
-344390395203548819
-6904862983192014743
-8272173860127232436
-3523118379270054726
-7590981376197119337
-6956877679511724895
-7720040298099307203
9008757958520809797
6685819604633510964
-9151834186782537830
4788778224329495023
2302697692448677318
-7702197300211649898
6788308969856873237
6693237904009877684
-1327139944497039992
-2562234065873250899
-3874316378577291463
-4266120542344147322
-5922503153346694914
1005852906865642896
-4495182360746445569
9198300977083431405
-6260637352914531295
8220011652994353564
6177142925035146756
-6675013078523571671
7204115193828413793
7814279787574708798
-4748750863675454382
-3200421450638802304
746547504246009850
-79801279349559303
1461230206813384958
2997573007031921916
-3616531630725443070
7298899195924767019
4494026262779158384
3487165916279332176
2809107555002307883
4449133855036773344
-9167436400355321162
178616443165129215
-4919738150673213634
-7770477557871552536
256907108799564743
6586375965106828215
-2891596033082565786
5347456376443310157
-3505199927464290649
-6677776906261617683
-7219266133222518761
2291809981697806571
1610504704660464238
-5314547493179073563
5218339124105705128
8150124461522709122
-1192832773413950386
7391630487899099785
-6290138529992841108
675306007279032138
7748345028965767627
928270380995821919
7831852101273843209
-2931636102914261178
8781168700216751394
-8957326034602375229
6313876082713854485
6598432392716189313
-8796220738235553442
5313672558564917320
-725501136521237134
-4905360597023733506
8812316308895489263
582353974940053552
7940092644081770394
-5143128181968499557
7641453399328934302
-3977257770352776828
4123333151429116096
-7343946959052706579
-3389530642211899691
-2549954403984174601
-8616068485861894698
2525248595846009832
-2955369701534801806
2922045344129703266
3224323683284774642
-8637155070451385607
-748009119814924248
1415758667198057875
3071913301742724650
3091994616546044700
-1932703602367343431
3516150660139053782
5048848728659897852
-1437157082524268639
8505516847370677596
5024830687857205860
-5493679044934001223
-139838087318109964
8726860872470945677
-5370528435815186162
-3959353044404603842
-1018780555871317823
1530216884777471999
-5083354428503446398
-6719294849063316945
6957973647342424533
-3663667698046151046
3232556413263010242
-7578993684742437209
-5197485289277571581
-6553327749304658999
1400689908049552338
7913420595495458413
-8011422337480496026
-4058818607347732989
850088542934496421
332884706874046389
8483421147693366630
-1638845001018657567
-2937978086651420579
-36230381392545939
-1302911460140974449
4091166781332826091
-3589263799353851655
-7548098082901300810
-7046500957187252583
5713328837146868333
5448713951596718730
7375894633483263587
-4274709243240808337
-957344274419427915
-7104789065957862225
-1639673446430326295
-2322837783750501165
-7576079311012609216
7270338307975767320
8986450506473737003
4042997557814848001
-7996708059749735527
8945684140455388019
7994396737950893266
966059223865730511
8116037598646421750
-8832907851443671953
4582547151439306100
6513149142699876855
521956913097648533
7336224393748682204
7501931517282299482
-5782644006610087281
-4594291458140670495
1367129512513758471
-8376368320816326855
-8068821844143265623
-7193076508292566140
-2076760729264582447
-8768892050979757888
7642482311750006757
-2662486672331172222
-5744304310327457198
-1925545141275384967
-226302803145858293
3984798475747123954
-2999907305806428809
-3894785607367425942
-5372509324430641607
3633570112730910459
-9127372646962479500
-3900906166578505485
-950513520509083324
9176944754268389911
6949805886159229067
4037143903956644482
-6072119810751504975
5563784147924265009
1101927430129689227
961715000415610126
5994157808286073966
6343463977222525635
-953286215731819717
1909111361791826058
-2356656253057231375
4631069338090331775
6526866530544628542
3001407905817957818
3726949057377459827
-3059479905602675358
4842559832009848332
-1990199256679623405
5567075447731848754
8095159787353254955
-5500494952186621586
3254693645864198987
7704507553104227193
-611186883990046707
-7508439887393093615
-3830668583429304940
-6289760294100550523
-3145485411025665284
6501984728800498845
8538983559869635249
6828336676411975924
7384787379075183186
-4188649382553699624
-185877379344809589
9187500659627915953
-8119920964667035683
4030514792616562323
-7166267407470008761
1778275460203163245
-1650787483839219590
7462932180881146294
-1493000133981447943
984808084942909065
4545608533077823085
3652272621848579834
-1075997048582747962
-2672085380394204699
603711661606989270
-6454931768026818526
203469356516189301
179234528125432273
-609436619278990389
1140304061797237687
-6064271900407142442
3894764263702294244
6259208973288247530
-5856936908683608800
6563383853792138898
3475881113526588838
-8232695490099156483
6030078252593145248
-6275070625584061567
5954772960488687858
5462623841170399846
-4322975743525432020
-1121718211919053126
3937324265820755227
-1240819547840482534
1881640410755518980
-6939411298124611643
-5518043923396920122
2415732490581656128
-3711100924084447377
-9019353555392514386
-2904386228877089307
-4340863123839296212
5410942529228989296
-1231362100261121508
-448036508148940276
-4305977617229394079
-1107149202005349820
-7614577252236351224
8841018769403976971
2106471159360440767
8862405465649816856
-8143757794252646129
-5949794756309461038
-7005695643899445059
7230418889452348870
-8332227438157944093
2213194608712272878
-8747294908113792636
-7293338546215096978
-4895335790869722564
-7375438607010789936
-4922377648090108871
6525766322936885531
-5273897808348003834
-6549711003245798189
3866512144720065134
272958221759893024
-6779975521879332412
-2639237954916522594
-6349405541737221360
4279625187961066198
-3986709441559736567
7248326808119346453
-1196092893772620522
-3406818414623950553
122471560073403732
8138831617023440725
2635429787838506076
6887120092510081451
-3321487382171025183
5760221006137607514
-4188909998277951369
-8842744479970598691
-3285276331058273984
3140611501165445456
7828814227541934507
-6758835772655355429
-1635187172604254372
8937694056321601984
-3759296725191208137
-6609927737475823190
6517812649803090312
4050347390156818072
6154973385610922501
-1539891736537440589
4320654126484796224
-4696944171988171639
-8501708577341088743
6494917039490517619
1334312112002243317
8966333676241166095
4202660874372383945
-8280558029609436125
-4496558723176438562
-8849602996782249653
-2513681965636428705
-6881489796567412356
7516446684311304587
216278703760078319
-8775729568497316135
-4334472844126268299
-2687124376491923112
-3054259090627094986
-5334615726813146909
4350408330349739643
-2879262388685257081
