Matrix cols: 3
Matrix rows: 927
Matrix_0 shares[0]:
-1572528535201916063
-7445249070859605772
8855624684646969952
-3431983765580437678
-2350013498287379392
3347286724868347792
8335643870140632582
-5185082637064583961
-4330925440830142568
-9101826323748218908
4183058096783935579
-879816382790632648
-1128557399657432613
3717005987852546206
-669083415321329908
-5308192584402843444
-9177862960888652020
4555570391292485718
5249785921093157285
-6577090712890376397
-8097334438121101620
8104676139366594129
4893711371890102453
7718559174032664482
4999255851842790907
1290173688067986024
8253999633123006460
-534374591809282179
-915149677385303969
-4319463065680050999
8914048596579176238
-6374844704884036958
7331506097683314132
-622092719532535026
2930090512490740872
-2640596875782323297
-7290936672661521276
7142585103920430236
-7604532444127935710
5436859529865985582
2011982866128290160
-8167314464785382605
-402214607590032549
-2190420660925809033
-7088449578665172773
6328632822762877959
-2795482031343436148
6280352164504704074
7107720190561606441
-1983350644858894765
-5927508056881697075
7655610116209230576
5979942324000398129
-3692259803792111712
-900616840976465986
-2320774303548979198
9023620992803104453
8106301143874308870
3694983942324341339
-3357669405127547399
-7167281107422037262
5076188286245854831
7059703999686275980
-873963761227359681
-5374041418221903695
4829014302830364501
-4806004263348914064
-206034973807837228
5888215807855675591
1626329734755474915
6552569537986409656
-4606904001717490402
-6343433531606194045
5434383306102707139
-6569040386281459564
-2662752371489990316
6870362440300118303
-652589056454648644
5881891152302704227
8852460740664758255
7442826697623013306
4812748936347662541
8299849796982912163
-4301228386334571565
-6594492159050336448
1069210213112239111
-6342524380070523756
-7481242096886735523
1945812621482298394
-3312586529510897341
-7734409968233891085
145706562928438608
-7986191818009974881
-2194736156338541289
-6929501712302185935
6505362449164804420
3733314856926684519
-3065660518786700189
-7755190539409562881
4553142218833507718
1535123406362288009
-6810126186925388908
-5268468217238495954
3164491437619654160
-4616083835461415090
2331059951219560053
-1500182750434460732
7544387700905811648
981846362015618828
-4804862623931738162
8166836200829518876
-6677449273274011801
-1879801452347915741
5398784863141508016
1978440282132049848
461950418274182898
5158083050891687688
-3258999255833926200
3482216730817063118
2879802215301832235
5725876525858656038
-8715865933657705251
5447149131733583550
-2560065253004133425
-8272891700896892741
-6697514958932186279
7249298868151432730
-1779776596954449215
-1796310646178839246
-1050914377407268346
-7870525047780877627
7853745736752552286
7282145401312038291
4633237238402258162
-5663323712946423874
-4346958340779104157
7417371509086745946
-851531983344108567
5087185736424595518
8575126635216899073
-3688517321826681858
450961382319396389
-576048950316257905
-1729985453594620385
853971629045459373
5673341176701177895
8345048437282711341
-5952667350064802224
831670663899016949
6678817351399286759
-5519728865392138221
7552713791263027377
-6836326147570606660
-6595257732105094892
8345221840846338375
-1799712707963739213
-8304989154035745583
-5417390954023027847
9086116797414209035
-4928922068877920666
-7543441745750242267
1858163866118337722
-3739015443141584899
-3965029482295000791
-3010901853001164305
6922415749894449983
2148566433331185774
90610160177567279
7863451248011777977
-2388347519015128508
-8706063004792639273
7114844733335459021
-5182650243371087673
3445046930036705248
1186942675941001426
-8279265831151856173
-5256820131581738467
2375325012630291944
9015731014475840624
-8692320893798335869
4332728848573086031
5068450490781421952
-3793013897962490039
2625097307833521903
2993127133945637773
7594748655378586
8776187870428972931
-649420644602713259
6919307259154598785
-7238867278427570748
2665011901170321622
-6211339090424416707
8222293201683568017
5023209968600246664
2507831091983565917
1460410234338812852
421815480772444604
2647156617029930885
-4997677133291380301
2857619374680610893
4052659665298637972
2161791082373809546
-1446491106307348399
2583605239287027928
-2671094513488427836
2691704917976768160
6761682836554694777
7124495501128068539
235924673164590870
-4989542648586762083
1413015437003116275
7080775733093945819
3908474707530698244
-6344996123760542423
-7231362903576246558
4785018047239882533
-1282938405095495611
8062877062661667067
5758785095433076755
3796085806057129298
-581255404922317109
8544631896341394901
-9054424119651469176
-8235047938421527816
-6431057212434528459
-2266551253391503682
-1345329102803640046
-5615894882786203436
3038064184455263489
5447500135068230320
2165485583119012364
-6831214217227056379
8286132678190795129
-6622404982701923120
-7397821617593243162
3804854061005602162
-5246121854958176629
7671063832499385087
-2482785235719598743
7091279741730246485
-6847564335823561253
3099775769237415640
2378754200083477795
2501816124569834180
-6868651719135580618
-4899044928746497499
4003056730667921
2570477661858293654
4315705175894229576
-5111395310932270557
-1234292733582438291
8150980290267997916
2231296539443507055
-8886485157477941307
-1359477672507078713
6797904732016776014
-565348809459595626
8042018475579924982
9029238398413841192
-5669303655488394370
775973175402571591
-5498087403465498270
-2201097376656650901
5862373012533398942
-7785977354230901582
679558964154617461
-8602910724678774012
-6167198648310200061
7193197161201924909
9153320162544064688
563541416422985193
5168400424455333429
3156998919545121882
-3502808901390825079
-8107879743259635978
7509064987478740671
-5652631111400027450
9064556801398099609
5789993877279671826
5294075265926039578
8610056464196087145
-9065752608552118462
-3119968766538750832
-5710328080469846063
2028168840138814807
5321875497613179195
7607040102967068066
-2522360798371576137
8258979668671302219
4145953794414416475
-67017330894009366
7235771817732238675
8505726851436272175
7689944350750457194
7424339469658563300
-617694971284834913
-552067388778956235
-8128649720116121348
-2315665186255265760
2726972515823585399
-882755563607581393
299465902175742601
5647425910522350125
-754913106212326997
-8851554084830925940
1250045736406116390
188566272431202216
-2462535001438518687
2973495376910944599
-1056741522759839999
-8288938272275736492
-9124616512994385022
2425308363677525074
-3469070109909864857
-8177176169955261077
2401074553774622179
1608625113513097385
-4432610149777592641
2679274122974610921
-2277327833238811266
-8372667550688210841
9148944214194346429
-8172579236666562696
7871798625491513734
-5205351525485343168
-9077651401856261295
-5696448906873164849
8501887568730636156
5270029595484623623
-24661629067341290
-931856374796380185
163265556586529484
-2707847113120166162
8681435707489968751
-633363757372726789
-2035129136269501565
-4910346782365973606
8067359331271377893
-7092986737775261772
-1093890128810302616
8049995578249751725
-1189124237574961392
6518043002225417282
-8834459926382845516
-5161445248552504486
3826271053118121894
1046390796702186975
-1558513325239471825
-5119218068662817692
-4434147488880465712
-7384809873278686439
2822878630529605374
3167876934401309164
3579387320038285711
4039096898350534045
6297819131172331686
3921343072213059070
-6549626585786988477
-8209497876547231622
-8491956879745294860
3108967695661385741
-5882420496460604635
-7297637070825340104
5577317919344400097
7658130118218699056
-2774804421810236802
-4441386797339825200
4182423547296933987
-8760818648977118512
3367729000816537581
-8561027264032316909
-6156642413966817948
3447136956533193902
-6804548452781112509
-5144120211256310728
8272725395923257479
535449813670306151
3402766180421507899
-3062289837560614311
4259874290735544650
7722767710661926280
-9109133758237980989
-7785305782660207941
794125539669226721
-6273335233800374141
-5499541411235985186
4982239176211205680
-7513975509764213637
-6405824213725857536
503979064860081888
-4968780068494531891
4729647794188584387
1548551127358574719
-7413512744347912635
2647491632288318398
7681859020205486263
3727469125617322504
4432824661054477302
-5105624011877629037
-7090189329137173
5108189668841318310
3851245616778865123
-3098173911682120412
8152969176388848964
-3354841208572585266
-5771797666130484825
-8598333773064607482
-8546927203015043701
9021752600081794340
3830934216791324811
-7277055142617656592
-6473762234980036883
1217568097170999987
8575431268751076564
-1302207473327093103
-7565759387907678712
467405871307282912
-932596755584206871
-161277932910648874
6279051622439189288
316596332611892649
4098017770457738043
-5004086943191410958
-6996879020597201814
1411312803033490111
-5347584900950982568
-2139030639406556628
-2165754305709359795
-89083563835826193
757730102947459910
107250047426701622
-1086877462772665660
1355707287619407476
-6390318477219638768
-8279779898493481233
7613133955118295204
800167234640480127
827270998915100887
-1383863379508326691
8012383215587995888
7572809869752296163
2409304692418705498
2631893521014738093
1993181571683526265
-4432177353985408956
-73461270527793325
-6831568458084829164
6720217326722136301
-2344845856980279348
-7722319065487135866
6364592751188799851
1786236631835023486
-3963761085751611067
-6305310342156336509
-3950629998093391649
-6464749031710431832
706869826634160495
8932671665965691193
-6610752645748156395
3618058626633997572
8041090965241368747
-2132686153503245080
792438826265093863
-8607340534595359252
7731080405348054059
1045926455107540453
-4608052118194503069
-8020763241344139322
-6607993951823509880
4948975151139685677
-6017479632972977756
-1016707367543850501
7880037385306524911
-6595650434050169128
5046759500899319648
5588329007932371434
-5226808902081233933
-8081818258579085443
8745463850262189026
3598292178292288989
1839915994449908379
-1930636033651497694
-8219746444809826691
6361170729039633974
-7095189003166469163
108446876734356011
385156029758888104
7755022899905038420
515759895075947938
-6960671552600318271
-4732459613803040542
5336720232751250156
-513207666372509701
-2627678905377929025
9083816013231981680
-4120882578765166597
-3087402278626219168
8974991288132615433
-1326947082796883570
-3983328362663320133
-7310622229409187423
-2523868192191685129
-8559839645041438236
3615146715928518100
983852823291045786
-5821440790927706396
-5496106559020090011
-2162562755507178615
1812815458626695160
3484330513264583404
1909305448265742607
2530112201897514775
4664512657670757242
-2532319575359497323
2592949052645758844
-4224741124278674791
6019363345141666413
-6200932158748313277
-8983278473124566630
-6553403874642221960
5635439443260692158
-6361068895201181175
-7505747965428385395
-6654495127424302957
-3322568898588648900
200006146332332674
-1984457219708212734
-8856146658239135465
-8768055613810811265
1888142606075398711
-6384598897798623414
3116003063230572309
4258084615713282954
3925722974434708335
-3009588072810531505
-3573126474370277396
-8780325651243682905
-2249615572294067976
7481616782590474851
5311523508400976352
750873648608126852
3493836941638048023
-6027275772893364294
8965053375000664171
-255748172782067513
-8025184090829725955
-6324432144562165574
6671062870488020693
673840207361327604
-5700258712962640875
-7004754823847648730
-4799454907807426618
-7823762917229489321
530339623093393005
7633884715074938575
1402363841637780771
7998802529366762713
2519769832807199910
-6060640180857920517
1691833756204895583
5084054305997234667
-3236766590835532450
-334051943345826105
1399791926527066016
-8150401973062378621
-4597214682863498097
-2387731698582525739
7992204779693734834
-194802585000882709
140131312666563937
-7728313193525715269
3663469447782472945
-1644415801525321374
6029283052042526327
8853071502133686678
-4747787922558189287
-2936323542784044681
5932875449665704709
3029323924676990290
-1962970956086286005
79131267748796364
-272639841941675548
-7467778072080267613
183069524007591211
-1245473254729195475
-6491704458338433698
-8304469698764417381
-7894835114749630622
-2371847476547539295
-8376772540495477298
5284304050361767744
8537352637449008927
-3348440345165480376
4324905747119035869
-8614053183579826114
-2442301552287700934
5115007147079462462
4012860442945171096
3685916041374018964
-769538003435751884
-5588725598807661679
1263153613593862193
4510581891002729883
-7984491819761893879
-5094713905314545021
-7028921402348700956
7559931171104825557
-8829638392162281491
-8335618257492949461
5822768411073246689
3130608858408916447
-6150915501181284286
-7999054249280877816
-381345429591495434
3119245849479079372
7800336190657390604
8185272296839028077
3591158034211853013
-5791321594132975416
6399961825177893826
-9134074674250503565
2457994223312053317
-7475501676162563794
2595299539303904834
-5780864067861022012
2521599791380751724
1322601555555252288
5755779544940988446
-2857498871098685742
-7665471539238877727
7048077707080083249
1409983194034402900
19242997300272654
6090680485121592356
-6365662302254812004
2167967564568278865
3951036574044364088
-3485953683873427748
-4717268046143155507
8568112390678880276
-3694544295010911027
-8179221963383328324
6731720189506311900
5224611895074408819
6285236401364689918
-2406024936556316048
-8210556736827852874
-3256835319481891257
-308194662806281365
-3005254475698022028
-8276103769261436382
-5420181868726530820
-6532064867769617040
-2938218607317257995
-3717729496831432753
-7013179535619387971
6039682703462342064
7893046724141463932
3871285175776866041
4554650565018967039
-4134770399587986713
-8124356347863042726
-6698859384413124571
6844494060868637588
2144709609892826354
-5981760661057834236
-4783667864342413671
-2427603010049863807
-5153183067443588822
7688810347060978767
-6267566718321977103
8980669973598934972
-8451648688790611245
7551660288630950141
5624312963109097938
1606351025210248555
-3953810489330929844
-6941052320735704466
7185767087119990516
-77582321241843762
6439581657475485629
-4980791161754293867
-3364046693887956921
5313258051500455625
-5830579156929796740
2695915656928281730
-3863141402555797273
-1472083569540313791
-7621352776531148478
328402325195255044
-35890171017491731
4602252777459314662
-2869365150726786168
4411267666020909068
-3888523323115953185
2713402292652387262
-7651831132713542152
4716537850331815455
945327094312664105
-333075350721866898
4301634007962297798
729164373118650986
-3469396015269048949
-6758060584725815815
5045260493291508267
-8142492653723817732
3098047056080527005
-7360008691071505412
-8788224646977572310
8354483146164419970
-4631970237928283519
8775215704595036042
7839764582361401513
-7910250942017344128
-715845058405095565
2604696900611798455
-7172021876263231567
-8126227517724308989
5343331866143145754
1941721419198730544
-8770816662490643001
6345201325456713509
-3808278720426501942
4809023439170688219
-2257084152048634606
-3509247744334819169
7264580167412830439
5439552273713322802
935649330657808339
-5571911590258009494
-5070249284780206607
-5104524071141305682
-4275489793865477592
-3535724758957936692
-6776849764958703576
-3494912282928386532
-4748598459919777301
-1575749055347546671
-7110280895480480974
5801022679198509908
-9019059245396982869
-6962200822697341706
-7831788695195560613
7529597169484868036
5379428225287081210
-4622698313728169328
-185010191923227935
-8694880777286781641
3264671450725349168
-6426213330677130645
2396027768658098511
-4578620204839418700
6912256481895903096
94404319852200022
-3293929563329847975
1114028862594595952
8832432673162575928
-8147108760216443727
-4337100472361489850
8198216666229690243
-582592568201375404
5834612480087754489
7961650042226519513
5840614447918924528
-5679667919172968560
1251552837282010150
-880246056594235265
7287187793188237231
7724475103686109295
1812942919831299886
-6627054092837813943
6047871373985198105
6585056979327339072
-5300176686237192836
6166653829529229179
8723566794829015770
-7461397149344433627
-3554320989843864488
-105448699471246273
8460250167040739275
-555159490733119136
-2990487211650339988
6645858979571637656
2953717858835875321
7755257992231058270
8857188230436900034
3681682937611226836
6696664137409118177
-2822761297706134728
8524563616014333980
-6973559705126169850
8180409155174585809
-395769436331603601
-247105028073108339
8173099996248711645
2074476270775299030
802901479175473713
-2328679165266037074
-1433803066123449984
-2714771285160075711
4157351084928340449
-6254827538305783197
-2554148651049563020
-2465556483604806703
6514611778335690197
5043444730994305101
8661236668389045993
-6558419528035386345
1506356586154554432
-4620462639530827034
-8973275082631103724
1405417121880501548
-6917805404115337622
-2570838206890869611
4384404284966541147
-9117115259024086154
165497824642027566
6046853460669967282
-2790329916979375943
427112784264089309
-8878324992144323597
7463905827753220901
6984046336055797411
-6702256554607816290
-3913939628721940272
6348610040051722668
1478329390355414883
7433746315159580530
7252364295782409853
7767141680110761379
-8697525596939662594
8638323278510476602
273657313397321592
4445466925297703269
4955518368310428510
-5748192570269875132
8628841001893409540
3471410542961554308
-8169517542934297321
-5959979982725906644
-329033390725149876
1948868427071991462
-3567432977045420813
-1395405802502161637
-8867593136695520564
4534107171728503096
-3470509111509244725
533160722651591722
1992776337175022423
8051839041746435922
-1014368250162370376
-3544805437880021592
-5469004226417744337
-5566447375756446696
2353590768457550445
3229454234327167830
-1056713683619304086
-7866634816342374532
6518132959360136915
5477613743928629241
-4652183021605673701
6849767849440939473
-2200941056084113860
1777212357286070703
6017714239789712457
6273902326279192930
-6651672349135895362
8070827286257933312
-8057288998908819858
2879582597999420593
-4877721349238876598
-7461926668314475530
-8265587956866553872
-2045385333404874329
7955415451832634129
261260228273878374
-9154626414894297176
-4302236978629294000
5941895427023696630
-6480213225709785162
2271308033667803211
-6246514833993798327
3638806242109574476
1977778114403435864
-7567962417631599717
-8291195363257317771
4319085310390855360
-5455193783588895160
-8703040460992682804
5316388951460666587
755543041043502323
-3416914739449480498
-5539351997379982743
6677732379361202463
-3968496254494244134
-9054545813065777753
-2273524511970265134
-2143493634051472272
-951927784414945663
-1406495255605343636
5437677977386989265
-7986785691806956256
5309788735289596091
-1926533470153000224
-6995978384028928602
-3280504901267153266
1305665048244646220
-2360736753562700086
-3575267041455718772
-943174048331119099
535246912289885236
-5618589797115439362
-9029049946537286318
-4894909596592495891
-8702323266686116492
4931248317471091809
-4630316810493555907
-4062658862312264766
6054581199651992291
5276131232682062298
2000178066848914494
2256883274355544284
-4345104755993574022
5409687032814231860
-2897616563777414403
-5270464075447851321
2808027347955600160
Matrix_0 shares[1]:
-7707561066040424078
-4888886343940062114
-9195435996772766996
5593142739503706808
2575740565646996309
2724722944318449444
6615694029286811091
4006250761184235242
-8308173208675987764
-2985008293797300087
6618511124109127657
-1849416596648518092
994512901085520398
-6672765103512960958
5792904977666201490
4245747717225704094
-1392964387107108329
5968452632656311091
16386476467729904
-3216686554259464726
-6389889262495625569
8809665974191875425
-3826078773755346484
-31926514647576305
8033815384655553961
2170014536349920017
7275320257982975203
-7466141056714302283
2266200214224213185
4595304320297674505
-7510626522861560796
-8302754353712635351
-8780505348298271652
1595419814501891145
-1696056129319162802
-2969325765978547820
4139708775485483284
-8741317253069608995
-8940134850168921895
1808528360568775568
-4799253501883918928
-6117252430045077872
2820182850709613793
-8605296294490965889
5675372856144651461
-916903161794510061
41863282545064152
-3915965023572042962
-4975182640892768706
-8601202589497468092
556873183572656432
8773326169576920705
1749993237330260349
-7385871771777660147
-876366905534418105
-5812883192820772198
8108147814420949857
2376799452649042505
1212455506792171389
-6747743517358449982
-1677832385083139773
-3033892649520820638
862249570155763503
100659367260644870
3793458439186489711
-2156901548626511856
780112274998980598
8474587296403439461
-4110921363668670984
-6198828324197726255
1780018886655355117
-4655464369473162114
-3501144917664459427
-5544826179149325879
-7375288482788088413
-6308500710383968239
-1946869755294654767
1898944308357475072
-6292706299322257625
-3779928934006544300
-9071517141125995569
-6423313857479818627
6158225482008431885
-402313033107235111
8602982280763709341
2442525795992102974
-3309575775302028038
-4301795129725931504
5364843234087086058
1695787953361346174
-2595811573421243738
-855899661315080709
-2724469741402499766
7359385247075857640
-3834264941452255175
-6088074603497234020
2936385202559960085
2623874677550668321
1902284815732669595
4514570476367997841
4870180625990960493
5933956966344742622
6574776106858419581
1875104504349710202
6412442333772803794
5761765286155498865
1888595482805387662
-5807728189347790784
-1675265751094789972
-3383487232121485727
-6897761003031601810
-2725949933381424232
-7961146843950636924
-6895022703518999719
6202197014150643392
-20189795849746858
-8296239752181914961
-324210471131904814
-412400235596523175
-3260636591201707743
-1763569672551351558
-2753712414491936006
-7547672901713369353
-3782506112128005968
405670606880917672
8136291373649878073
4471406854329029769
-5309895072734333998
3311243548421504284
6776178097560014600
5549726334217532037
3613687228463826821
361059607779629144
8603716233886828960
-4747131083212531439
8020799283334744879
6518043116980267591
-3781918883546358973
-8368734479262475540
-5140423537117792585
282537517661958809
-8140084193348829363
-4114813516995227465
-367683416267040481
8390286593640074182
-3628331972717494888
715817468354668500
-3120565271081844064
-7059003236667082522
8048107784003341611
6588828159039452706
861274373738480447
2660009221195791365
6482162344773518314
-2478237964789630216
3317827882921463530
2156702405795001933
-5928542896528240518
1413762549872802604
-1605577968682609862
4753879976684549529
8782546027534936468
-7978935861665256233
4561440833709550821
8315082169166190674
-5883304706156765127
3772991905893729079
3135456333769438035
8326484489415981187
-1672299435012536127
-1126593970923453194
1341061461857720351
3201583487928338826
1791341806439805064
-6186793416064209708
-5483430728167352006
-4003476596346691669
6227204440186934997
-6502369231634120049
3899908143304744711
8861773539160372894
-710809383831748283
-3130085191690173018
-8819840430525608869
-7767776952664392009
652518447589379832
-8713006316721863041
409577470658097234
-5266240520984991986
1105948024959036872
4881031455959433415
-6473066827284152481
-5294136006928879035
-8272155548846552062
3637110072586670680
2037849727381696966
7851472021740193574
3982806366312269991
4610326227957451755
3804069637460884041
-2717404274385407854
-973528151027352728
165983214317534375
-990550615080326325
8253872442141805573
5178484416243242806
-3794633617449615566
-6745754846552715288
3751764401622782370
-6513023585272623893
4544679022304423665
5046475875731247287
-5796012000604777074
5855389777069655320
-4220271098584706671
8756423118346709911
5543518061966936023
-4856153902068291706
7284568132079001341
-697474939423402993
8782182395386833480
-79548699676409594
-5969628137401943360
1944697982221289522
-3195938423528808858
8342575043903570445
-5444883512245033258
-4857403307369844961
-5516152050562473223
-4349607726999472921
-3945389119097265022
-4802456579975617166
6682427691308275005
-5319557860439592478
8912061800442611962
3522044085808398699
-7477542237758262633
-3314231899425158793
-720760162225824268
-6715399031765103824
8399262861562470599
1014664529001800425
-2807702149830348751
9169625803853935704
8414302087116710208
-7978140722785162383
6607964622929444373
-3011109750270461238
-5264751847701879768
6348975894474149708
6726873793818983548
-3038135911712745208
-1627345301088220766
-8554143185983045672
-7366690417225754482
5189777371900064750
-767570848636088370
-3476594622815561813
7058932630796888334
-690221326251941663
-3288783026838497436
7645880692971059425
5648380625909691632
-6134021117201112920
1202889093990352074
3070807664758517564
7345106522121186251
-3050465207187297883
-3082776806720204212
4919748166258446317
-1002439905306913661
-6161028347581435538
-6618307860229264437
-7483139016163794856
5082127824493084066
8561828574787382023
-388587561799788481
-3900827682257708774
-8047509573211243442
-8815276458139692981
-326685444764629675
7087634513275981597
-7458000965454115116
7268648550534145761
1985532048854459217
734707732000513543
7701561773311905189
-9020245527664151539
-2740581643858709882
-7954528389596977542
4613490880184108898
-8603480723067863060
3821830530081279091
2903481277147139513
8758553053466832040
6716766377171899107
-9099335608356632247
-3358700348093893610
-1257505767783474284
22763473445881538
-7709921776402705754
3405748241916225141
1841992968215736815
1031772618094833846
-6242628393994986008
9075399686981258046
-561673886555025398
5815551478491685651
8993467380993607988
-9095972986608551741
-7721789229540066874
2141078137193027441
-3400083574990663882
9064363240383177023
-5755497245050110883
6965776268957453545
-1779807925711015125
7574301743987132582
-7144751805952008715
2120873880966162093
-4257929869235575897
-5508971202629475183
4800843626346533285
-4643529523501139421
2835564188433915056
7142139446835874231
-1156618795570294045
963958861497757442
-328407443632506280
5645195713000415854
-1815461444911120292
-6085189812770830632
5864325050162263335
5781895509679018300
-3921613009687440970
3497314548900071001
-7908174451146809448
-3165214479013376731
6191003721892256006
3153374130421101018
-1734610100980434974
-6611773886008559900
-9105866048541248370
808030573623571080
-6131626322237064996
5530461834531875590
-4030539313883486533
-8498097585950159971
5627013375449922708
9119127117336618342
1028136524843437109
-541618046363223986
3529047833201001814
2694483588985952801
-3275143163891977061
4287556398728477844
1533041122738913021
5737047099478884227
32189678161860862
-2876387560146020644
-5304725021946129
6036057451925803345
-4975817137999641732
7947699221994133138
8943809332577223281
-3457764750533750122
7259125362118473408
-8356319949911963762
-2888619938301137878
-4532949179076466929
-2364054372459621206
-5273068799722290229
6666472716570831309
-8327952688728087144
-3742555593569151009
-6097074162080103068
932492158756065171
7889796775004915072
7792995969511871887
1205734366266312918
-2908291827024556711
-8902630574909117603
4517546778728524414
-8306461967765133081
-1934532168307195992
7767615851588348566
-5985134814543575835
-6011219183623652438
-8576117371534782702
-1574798114660160594
4114090221219090195
1359130963137361264
-893202651328952662
3916763663768278977
-7435407647755561612
-289254691226764905
-7168172926542785237
2326540165677954609
4670608576938762191
-6147140087225244483
-5894837155531924157
-3872247701858350046
-4788765428307780124
6907093352748463452
-2468425942651719656
7554684706456318789
8571279091616001744
-3529472338524216252
7314829672914444632
-2626967763208852388
9100829033444575215
8588648721491351762
6096338964629110238
1960871690689642602
-3456411325518167108
-3198407939785520142
2281778100465578615
-3721830982116372989
2850858276112257752
3192483853239332974
-7594462638646610847
-807572970463120519
-4377971740624296133
-2152256534442986364
8623205574649366037
5798187732068530448
57241917824461963
5791092883164599100
-4629546668327830812
7029966432064184737
6975211768862723584
8070516296215150762
2636927651339474331
690781733209295523
7255230255995057114
4029211040128864860
6987323476484047993
-5474962554188104142
7507169639190717640
6062442457758115568
4685192520793335067
-934888037938885136
-7734050422009097197
4961132749070226785
-3904189522508567666
-616523824361737609
6396193922659471779
7976305487542830224
4081845493154172647
1766102300441719452
901903468526167025
-1267586847492697632
7437974703282817076
1925304061965529493
-657593443585675628
5433769887201952513
2418420638012844831
-2320622928795377643
-6545629884847654174
-3293546693176351085
-1746076241956647384
-3085527141982377085
-230855234105322409
-8528854438607306395
-906828055565177433
-1438949297368749204
4828052721887543275
-8845789718355059321
1573843720882618490
5399916353409450752
833665325090877740
1953621289214552717
-5360310479979607819
-3638014084670114639
-6704233736645104887
-3944704405834974799
3106380237843255277
-4443376710368466620
7187543973602688660
1729866734744143714
2018545369014475957
-7709085472537936986
-6793944797916329813
3147098955927537694
-1132865737243690732
-6470730787018216616
2896395635078412477
-5189367029869306415
2262063498363035715
3834061704237896021
-2818563670867366517
1084323958529919916
399876121376432447
8162063170775663593
-2356892952669230509
8843658406981006756
-519155278842213388
-3867066424227433109
1810028070489741944
8754406750672458417
642525269957475541
3515399084148205360
-5291735766024904221
-4211385330665757763
6576760523588944211
678544994622009806
3703364246821911798
1471003693821954858
7882154604493323071
-1466175437946907317
3200416745988394044
7656628796117137922
-4447339401156761365
-9174235731439716577
2502360486524642569
2869872924650663499
5416450750954879862
8901696431793637344
2752259130168228177
5499210425548814997
-6875172133521254497
-6251447281488940628
6984131174493975038
654697528457573326
-7412857257931213683
1712155226344644141
6058500364670053047
-5305555919818113447
4338568245370546924
854520726334992461
-7730195624219082506
7485559253699951695
7428754643769198950
-6478259418571341859
-7278248594246799022
2335388825526130010
1878459335342100913
1525564153919793776
-1099050364812300725
-479089382780692026
-6634438380177281151
6665509388726674210
8871607880941789940
-4804177669195153248
6853667848420387191
-1965305802138240844
-3020455610467079719
579364867097158040
-5289729521232436661
7764886077813424650
6360069340865207388
549068163833019917
7147576783875262672
-857988730513340860
-4341302577435636712
-3117397108628165028
-6936244397141547709
4031327893422572357
4933012028861490121
-935502730765348215
-1348848768181833826
347249861947641772
-1164989613524496154
6740878025367746379
-4566392475582386091
-5671445306651499896
-3284430737227045397
-7296295586420741880
8281953553940993777
-4720107247585007286
-5408708338169828782
5262206242952131148
-955711685650933834
-6081484613127566741
3377801755448428282
-1769615747986854618
7728942939499388482
-1272522675645690266
9003108056466810368
-8034288960942760784
-3030986198354189410
5776548195765320187
-3941346384175658621
7154051410871820612
1550195546199687447
7553032461173900869
-1332810724021066297
2229937654465885242
6048932706231303090
4926813852865150070
794455278110765807
-1564526486662695192
2951184721251003187
8433742802230860162
742141842014828041
2242865187428751020
-1721279442581949929
5316036974983735276
1495612555099473296
1934119857705262206
-1517571506086123494
3352359982901092330
-1982123482469188698
8991048129507279228
5932152729352283692
4149923042293408203
3779506781853114963
-6631526748080662545
-474333556728797895
-4932682873115665876
1111185701531489502
7837452057648268318
-6402071525089347320
2624753472015823412
2803581796907830772
-2917594048926274583
-3535961726918016890
8290077653825409071
28484545694363320
-1929071611970749611
6471945490817894101
-3004146456266675321
837289060737620338
4767544356918429496
9071581350250128727
-13334885995019120
-1261816084904818549
-4329076364389726968
5906979573753217510
-2702510003234717356
-4281774254918170743
-391765445603947415
7789433230695846167
3028541302342736122
-6201128665220604007
4003548963975319998
1827749153921401550
4216301420393062651
7369974411760400680
-2839101495499778257
-3678849953113591939
-8392645456064073379
9011322887432981905
-6666399188201542939
1147899960165579563
-968484278265789003
5577380803225016151
621446436053215869
434222937678196197
4830533694324533893
-3322802568601037909
5706246029642941951
1798114686279823253
-4951741341562328466
-9189086567500562031
-8451769794231431125
2742548378402615214
-2392524676496998710
-3232867747083211981
-6805548913313707603
-9200501323955561678
667483680400747355
-7919640724963546133
2166883668570106101
-5816608935465595700
2954640086427399974
3221728682603000806
4218516076529998104
-2069883547998130170
-3391718862485259378
-8702634959105913235
9105438659885607134
-5454984031106342699
-6028652275769654417
8332802608818293727
7794402429873502682
2728523046602473465
-9030797341511833496
-1056504727657462995
2561180627686972329
1376872819517358096
4504471932442478814
-5329584065136883986
6206365666463258138
-342342563710433616
8552825980873933004
-6420807218194879720
1066302858281660057
-8499776955595795306
-7849550972303203891
-6702311469513203269
3302845175913046600
6245865247129383912
-7032150960260961503
2598007661511846427
-8719809782997068549
2928445690226720808
-375972773280905468
-5608343947020210792
-1110526590332034494
1111773432992721582
-8235139735546707609
6459269275093871967
-3349611771414451142
8820099630031302589
3565729048129329919
-1620575414777700525
-3913795937098148916
-1226625533586543322
-743073849355848837
-7673317550658680809
-1690481590838290263
8080641704693153673
1961066809173141479
-75884997861135585
4916727277946543106
6420577020100006139
3216262210871759631
1863563994341124570
3502392046510587064
553701190983604485
-1795031672167087674
-1801362012752797483
-3062654330779280109
8184228417025878856
7584025576605064098
-2723510966391088512
-4375781082004687293
-8577331692874338524
1590586827293619715
-304852317899172939
-4811951429978286595
-8532568121110931844
-6831399413226987871
6237978437143020261
3920651401952340
1303070950049427220
-3739289351520961389
7017938102166007455
-8049317058170658302
8366978449430403137
1428140989037229419
-4677874674304209757
6952411913476671535
-1026040495527521455
-5099522199665547312
3715881895858802583
-3945622167410255580
8929187947161062885
82597841710533377
-6807914799361189713
8245443215355681770
-5760012700654539101
7585622428329492357
2069209490975323178
-7793712733088648292
872146959941528126
-4323672456707311137
-8365960401322202230
-7658815580751225949
9049048545328628446
-4808517930189732354
-8776008557121237787
-714063646206296934
2961101915886299046
5810056370816827325
5152071997334597156
5173305723444231194
8126796346880859572
5453311144303905305
5989280215534858625
-9176486239300037034
905449453070141735
3095230977877382569
-7470469104304048471
-4456719016352277734
-4707289326051049250
7888195270391296209
-2983250579880414999
1141062465608787609
5600447911333535855
1490731987661302705
-7397469335360560809
2586011472206336105
9069335598734464109
7353986403337555726
-6477292862075729040
5842249366698368219
-2010239501607235656
-3872598913106379128
-4889040944556567201
2006642785171431785
4111166511924716450
-6616460061433981901
-3238279430851364351
7480967919681720798
5734164900023605017
4917323085022457854
7042346893342789565
7933126207385832433
112323375304015283
-4829709564581991450
-248546395825080203
-5820967663031693940
-9025329684998808171
3769742069884649421
-1594518513444701897
-530865246270903148
-3270263254506708247
2701388753333336163
1191519098693258508
5853812445804321976
3731641491591022728
-937351428861464916
-8021953614856882719
-3057665073734364846
-7430735742191180749
4967007047174858685
5323732770859740649
-4483078064563384508
3307767795239523838
-6478689967378388214
-3711839812764626190
-479919300704596068
7079350225812439042
4207111468461845989
-6525349840084355832
1820201245283856606
-7599513688458277415
4779147568556931258
2770478563652448129
7725451503062119541
-4461931385536981734
-3585697330070938759
-3288107362215276018
7399965084738914495
5341865014630749741
8084810101661566958
-7388474796315816373
8169124640988010172
-3364298692694323850
3693198903736660645
5875885998031086614
7436280600379138386
7303613891273738943
-2110760618472847935
5711579288386330643
-7607855194631580333
8701858955345962184
3335503923016753526
-3800932511694417034
-6820883285730022828
-6450327583932732487
2097387791619525401
6207222600783949494
-2006144528922538419
8200161744855267101
1486960520682306861
-7647994898382910941
-5537201756693065056
-5783609427229799163
3822132888818346696
-2471947672036856939
1661661649365950482
-8480942742163914526
-7232319261983209243
-4033734328563878723
-4350169163799036251
-4485250749317669216
-5144610200120005238
6854141312991934848
-9111825317349694599
4571400969712397933
8286526801957122299
1832801107329936145
-6952352765079566465
7868068321534036163
8005604908532959316
695908334445131655
4244241568316240358
663934048400560762
6802181441235645617
9104562110960370966
-8730907506964829084
9035598400862824126
-2703825376738493988
6104186161972906275
-1927412661450952006
1629684326186091826
-2589697691000824306
4873117117764921016
2562123968218117059
-981381187301524956
-4588310735657472181
-1252873778960777649
-4687985004525006629
-3777212848865263525
-1123412492602099613
-82121931683704837
-5430542351020894074
527856165407504642
7872685077178697171
-9134359740145526337
-4350322092863505187
-2629388907106598724
9006029822926988077
-2579224853626514666
5456854394761088667
2331665582752055614
4768879604391170686
-2769746001747522587
2363264370357277642
-7715468436278283781
-6063438503410190515
9177361524317389040
8876071574929053929
-5295411667563738956
-8635102857492217013
-7172676605918254328
-3940544441867861278
4241818361641651779
-3171647483767294582
-7568238736775109182
-3942004997910671103
1656910806576350718
-426150090407111074
6270615030516050793
Matrix_1 shares[0]:
-1092633449437396401
2567582416858705983
-8621535446324885040
-7837426117275894176
4612398349487647293
2844159302652189090
-6494116092143272478
-8338344904119226814
-6372032854237396086
7268729977673818843
4947788111080567631
-3866383595786040957
7078726784183704216
-5725760860896432184
8463194743512676513
-2242063735814969033
5345813328534605806
5584221340180024109
3002593759157632837
2422402148884023558
2145875852243564256
5741635871024984209
-4885976255824440997
-4162533326641291681
-7607640984444455953
-5267291987438461060
-7973230273928399267
1266143146459651081
3781048916876989035
2790584483201437329
2725436881812956033
-5813582835468581104
3822572519158933392
-6394860395631400145
8784710211611634488
5913885171392711565
854816660686539993
-9125141693909419935
4421695542021016469
-4115780136485566266
-7265582243603017716
-8885667895964988725
-3751216617149977719
7887837103022779107
-3613391486487593033
4809738095673966185
-587063790257252722
-8098672041518103688
-1875911006172584652
6768972234078395031
8350215716090242611
-5851160586186250172
-1931648987584579498
292618256934349865
-7855139548035942425
9098104433835286421
5278889374366039031
6409089458995293199
6241432144647939171
-1359028449438430263
1542894595296544973
1051358503958243148
4047436799986773640
6827822893458874124
5548100792272307533
-500833677723532600
-945889543862509835
-1614033346818378250
5499755461905679128
5873127719390453154
-5454200707342656308
-4892402050898531296
-6203992835515911783
8835575889105151051
8731092149262292271
-4549591393098379543
5754575779437864230
-151126671986200214
6103139136992665192
-1407716318272135786
-6004058054358272385
4931984925698167160
-405296174800205698
3310545086563351032
2913094819497891034
-1628738095759032127
-7153849549057465536
-3077905824720737355
-3435995822128906710
3756124737409257037
-4227371578587966096
6309300011088072699
-1446026219912187443
481416833129362450
2945456789936576578
-1849699175812662645
7060558595287496402
-4914528658316049377
8065236264318575263
3047244888072713222
-2172572607490775263
-6265186390212859571
2545765610781837022
-8548840413802247930
1755699607415793570
-7371974294699637373
9088805691676322202
-8951876536079422983
-601310529585340562
-2234689785501966841
3638885937201904408
5557678346998565066
-8814899740341814746
979423224568126449
3277528461827162109
3977747956070687213
-7715837810353760682
-2896902167951297500
1348429515981798113
7095699462424317138
5678251071238146047
-970120060032825894
8909228023476251841
-8839019696696551322
-4503073819987388368
8069244618677572870
6277834777450930933
-3671368870899741036
-3424925641899823871
-7853997889840924179
7554215869052807316
-7168583833770448776
9203710950697997034
4361995710841040008
984383321941690093
-6549788386946861214
1017071751384703215
3286733232105434468
1063857899705742018
6395572006138305029
-3850708151780465858
7185236543588941875
-7708965933112864273
1615092624725956602
104746729709570318
5824150675291783626
4801102431228638214
3310794201354773264
4107588390064678426
-7066296711529299102
3667915489098604187
-7812499836594972813
-5555622596271820758
-477879750728510745
-663365456554063534
5069046434894012122
8785787092333268391
-8311656256170783103
8581902885864900455
205309972176517290
-7093147599290824916
-7327173436734325903
-8309243250366399723
-3208462955125770338
-4263499527622159119
-5256049128268477154
-2403064869980362194
-8645150007690297793
-8783115270490882781
7754046512489617249
-6301933786314762117
7791618671764444630
-3647163197600365913
4034248072689152610
-4729352443033741748
-4926633289893679237
3750326936364432778
2497736806866463705
-1069666580012580748
758926430880097610
3721965822206334524
-2642460904075962143
-3628767180082654706
-883466709518109437
-8132245842585808897
-6349124352242779082
4025776615407766229
3344956021422135034
-2248056836740389889
-4402682051319813460
2557843583291531740
1428751524622295656
-7854873235873068338
4057807299266542758
-9045197914228369420
947882085845718917
-5993253098839889740
5876975979359607509
9025860697584252076
-247546817870055180
1530562075094553752
-1648614506025123177
-8850192168612963007
8589763235810688868
5933135594658572336
-2778377819797773227
-2793447281229104750
8808358810954779078
8510481743582000140
2872495145491064352
-1779926098166387274
-5703426619798438929
-7358645269990887694
4520472420232315335
4119255358579937025
-8580889461032687779
6303519321182164067
8823470434867025663
-8168351116308241921
-1340351062403786839
4981557717454750847
3458468842732505267
6926280779109530857
-8778124720234472210
5956527128123421826
5931719288474446445
7630568369402915175
2116017534597028569
5806042790411775924
6906511672140175259
-7155124311215024537
-6470919764023367247
-7469676965984395633
8627179050632808063
8643524224905631065
5100217559521463650
2996398324732206801
-449621414669833337
997966144437655078
-5782263983017979158
2986425589175230519
2518223608127254061
-3117929241659206572
2870774426054982385
8032251549201405637
-8013903384286092879
-1421582146664275419
2371534083760351527
3692523542070334655
-7058859813448241822
-2385583563045530476
3892633917068861142
1296714817163713683
3602573777937079760
8355214230035575762
3301378343513369627
-8578571332708398995
-581316445369906737
857034984909623308
3687822593035305367
4659192215507767626
5265619285132295429
-4883008396726154325
-8531781167928044546
3195686393098304594
-8333006458744449409
-6035980405548213440
-5964837283189102838
6124563868142258562
-4562242522955202503
-8201629773859013487
-8556008480201258988
-4852127644392087589
4267920929810625165
7184989374710292626
-410492761159475111
8173480046413726057
5884220848686833822
8998995237246702817
6490664648393861590
-3877887058638672674
1464692163326770261
7859986755283144417
2371640124946558648
5505423459554515005
5632029126510815035
5178067265680249929
-827769716405456037
4211437668426400531
864119839467865490
-3306776829576933124
4714642089369082333
-4862528658659377968
3847927467737421754
-7526552170867258183
5979010604235562494
6674221351159701431
464204055582780177
2286940968396955545
-4578397948598144873
1447460885179881819
2772577256355593379
2459604528587123167
-5367097603720577327
-8381012466054417971
-9036543007027134234
-8720790188125085397
3017404861570801380
6364056950275495168
6903988493446813923
5874532181942222135
-7988940277461424535
7100542260632821506
1074937062748262026
-1151596444369633623
1456590701231385295
-1485523494493234452
-5859080217760379035
-1446460102120420407
5976675274910072624
-7101978252583546105
-793914007506063236
-3447540099502097458
-5434546484099600207
7383896705005700834
-3179316508601822392
8763510656420815160
-5700561264503547121
1199237072374655355
-432810090200304076
-2615684327443614467
-3095034234479149428
2202979867644065419
1583245005885016698
-8276920556767796268
9074141515386619141
-2631201555761305679
2317918190186469833
-8597893557894793387
4579299354335341577
-5744153723638112146
2132526996068103176
-517966388911797946
-3834322842125052253
9003209966527659321
500111720106613522
-3971841426859877299
1140972232553948577
-2236200908073630493
-396239840698162357
8186199276368776617
-8873874776256865078
1423836759242835143
-2096787152074832479
6675526792771847078
-254536685604278403
7152966659399219341
7861366685334665186
5898674556903525365
8576138181433359049
-2286108829946758453
3897273611603113297
-4439801471697509775
6059246968987760482
-2282273249546277286
-8246533481054620506
8559877313140461194
7526572624045808419
6262830112049186149
7154554783304464891
-6454717000502104606
-7617428443020542793
-6201020386388129653
-8871640445632831789
231034102668767194
-8503599459248883191
5953455632107597068
-6312097854028809882
-5986807195019851398
-4398697136528649164
-1855630867295131143
5840202468671401801
957010103561243511
-3548906873455861395
-3945505042454103977
1535879880479425428
-1520639161697414812
7496049446251394787
6713942212064893201
-4294227412371748319
2546942527644636193
-819222308264095020
-7359332446026876494
6003433478329352331
2906418576851712995
1120462921486178097
-1629071395975094462
-8693352856400495755
-3451362598427759576
9042081968858840662
1362838071339504654
5973190322089200424
8439910117971555585
5507433879871805459
8301754817247123459
-2910769963465077757
-6803047026296304513
1225217047224330635
6339353072821193693
-3280536034046998347
-3891931026567467883
5322445759733647782
2880905542891671385
2934088852569667001
-7979737858459327868
2043377906611154293
-875721254933346028
-4470436725200856328
1909873539319041475
5639973039839449563
2702011610739979460
-602344807140656460
3446519900503017411
-7033534530899312417
3839340600748482166
-2485003693998268973
-7613313816501064447
1727324166744496693
-922383882106757778
-3611098208023042616
-2015383429559483262
7954901270335133101
236328788200984257
-7131376824134607841
8461249185690140290
827483179707555739
417095838574938703
-3542084945992492927
-122477100285123305
-8785981030215062087
772218145886053045
3200597925746340363
-3667767000809088179
-5754135204179572507
6969024835228770830
4902793971856666265
5333696669184060832
1364156405337064959
-4267394374755245016
-1169620528016243575
6063690626907868007
179356099830482238
-1344259705385365355
-8278475090679452681
5101283134925705093
3312834596263805355
1907943880073602534
6882107722692557072
-8936901160221077821
-6194821613406704336
348361873640362968
4138455781151845311
-2593406113410934769
5836941148013000457
1497049040890494612
-3242111730757242438
-9187837716899681385
-9063225932143961935
-7015046142452572504
3098255721515646084
-7601401925003009101
-8039632193106936887
-684295800113471344
235458897118105226
-1041867917811775306
-3426631606485442243
-6859880890049551942
-8460055506539081164
7553738777380673673
6984638948915005840
7393860165457596898
-1868282032885340815
7936035311423793255
-5674645471039471378
-7753330100932853970
120421954332889124
3371603654429668617
-2610961138739720103
-4234595713432720919
1504993550684231831
2977145240931930669
8749824081404534872
-307251617725986847
7091837670829328631
-7866202041772524291
8233679515372481471
8890131957219735040
7750528638841623003
6169160104784291243
-1671200008647908224
297103086458397585
7582507110770645239
4719547391324188775
-5823179021441418378
-5393006458642585818
-8439749807131946483
-3727137097790932346
438632144117346597
1860966499293322726
8897984683344612282
-4432268060005174639
7366160057178532514
-2456782750313347247
-543121797079926223
5150485263693706276
-1993237492146816569
7269420594705397083
7781107583968984817
-5732740361170077836
798393469106367920
-7139732012637193236
-7793619956164978017
6663351283202800791
-1634825732041975216
959111268612537844
-5098152700125423789
4864690289609337977
2730122096966802524
5097123310666950129
-498269581916757929
-5603368352024718527
52756998598589918
4431280947248020856
-5616292776165157388
-6912179511367101991
-7510530156311262417
-4384621474572630804
2525744112494501937
1506865744870661606
-6130436036123825700
1500967462319465188
-997441722001292847
3147067739004903404
-1007094509784070792
8788388317950840302
-1786452776267613
1937855283625668833
1443362023545899445
-5916741859943206330
3185224069375443838
1297730230155404969
-7378576514352030109
8284178079496381177
4864848349694072590
-1237640025434489974
-2027478271374118287
-8323531073843644195
5443049837091914727
6986960827310248590
-4222068309336983500
8190850056258599642
-6997764739798245914
-4315501592337775265
-4162148717034012299
8432119524858684899
-1921018828962343849
-8913269820610673493
3530200513295204956
4891965300609156893
1475094501442827768
-9204845886582130286
7270603351698937172
-5300908174595109052
4640225011075563181
1833299553524754453
-4282642077384573533
-5397135834806490796
8586570170425977163
-5066325799076173236
5699483360618414090
2876803468924879587
-1979382307146884716
1865521411103918490
-1063167786507974386
-8322525130897133512
-1199562299938145679
-3456896714957002558
2248844570418164567
-4830931243181999535
-317067750169120094
902445995418036045
-399799793505535415
-3859899386484832031
-3437410800813246634
-8681295051954873718
5732650539633607369
-3361454991329957642
2724791449496169083
5342334184274873072
2938008518110331622
3166931269403271601
-5776072493223757610
1198167169582580137
7938328426345943946
1513729437271271108
-6357549463728493854
-6801141743231038311
5183437597114527783
504391314589074219
3370032433215532824
-7163176873299892982
9188100026102473631
3790846226968692687
3252999951349558852
-6076396024793808719
5094371172267526331
785366209961408873
-8452196352166212921
302806047384379645
1987299975536430236
4209058617461841116
4273521647016258402
6014368132091430777
8003316128756134167
-931491355103307675
5487442391935259861
-6568015248826371881
4048107956023887641
-4324252005398465891
5486641370833051764
9121999761025932695
-3172757157106223758
3083143876815458079
-4706282366097828279
628400095431058387
-3458453065873875856
-7757034712478615305
-3534598129548806377
1914893967409721163
4708653025192406750
7836396805494762827
-5914663005250745296
6558527731546473616
4959281182649083882
-1432573653848018359
-8720391275262928959
-6508078265923592285
-7870575280448847691
7447748752624514642
-963533970815653780
-4290527446809638069
9027028509485459963
-3790999245331160068
-3781289689349116495
8994545993484803379
-4944050174121232515
2635223380600749692
8308619424976003530
8805390476134461349
-2757206378484597053
1884620473488015029
7792003994078644194
-3821969277993252682
-3007250177424349987
-6722518032084011818
-3632949209364585298
6112655699145508992
-172449897755296835
1378340754122313160
7358454875160517951
626699943703781625
-2154152749440914840
-7918508543513030041
-6260832451516736449
6781327026004652382
3552460823476977747
-4664390835815736870
-2720574113310961525
-753265332192582780
-9032032343093963200
-4935582924059312505
-5914121758268960285
2332701695137847492
-8912345441609581284
-1521873429040382231
4782220702938858629
8739330402893952791
-823578474009340226
-6153788289208531932
4884283856913458006
-9081867896775108091
4261483565071950845
-5752382711263715697
-98428747298984490
8906587795715802480
7692420311936472518
-4880302393415846862
5844126122591622252
3141443835768455300
-8017814531442186091
-3987999404459768964
-2083665616449178237
7098219357122407674
-8650981764955072810
-321559996754987917
-3349136001769978556
9099311709642274677
-1294756219580828249
4309589956955122956
8891667218474261966
-7532593039611987833
4249924286666767301
-628675762093720799
-1247840493203432679
-2226978954000440709
-251407187170235125
-140938076506266956
-1003722994542027940
8848222887798359454
-1438381494923951292
8685901365223115128
-8575503380812884676
7441664784601269073
3016957301205073062
3585577704361690541
295814124487520390
490055532580812863
-2130025497186318102
7975703958925783286
8240904508484164916
-544181647411942124
7377309075138068593
6075514643762231164
3637469358423353124
-7360320595732329499
4116512171030830104
-848271415047905867
-7931288786391668674
491205119759600394
149995587202581437
3917628305403371868
-5641856392953848014
1774973046135484506
-8966230089055606546
7605646847362690761
3236221795664146560
-4259727272186364347
7005690281508589412
-1572413178185661088
-3199533478819138985
-113911593421647152
-7986261444479760534
3002259954704617131
-5594087584243558529
2893230846067757781
5944290534381729775
-2717362290585945400
-3151707527409125920
-3992289598974937961
-6532224474469611425
2180282436171798837
7374992626443295709
4232187406943635530
-2210189984428350095
8940314482942814557
1215423290680572675
7352153684744185547
8208463961028967464
-8933954362579276003
8564089624169059443
7139792424666974096
-1513370817627218868
7942609543559992070
2055524279936980251
-1567138741014914385
-6771732917075187687
-8189849335051414186
-5461901227241888305
-3623896498695091471
-684019566864825979
-3323476641636567932
-6820401641302404082
-1327554528241662157
3928302763033503281
3828861022248184640
5427839696606161714
-544623831155209188
-4364185027815977353
9059777946553771072
8461705695629555995
-1995822325154751081
-3254207205888400622
8259221396671184584
438159172613127459
-6419095400119601887
-1707207033043879164
-1642546482257965769
3970343814540425056
-8762735492213915301
-4006480528807663667
5782722222699061470
863934584671960876
2189098458804898041
-253666691953099908
-1868814914187328831
-6087355066286359976
2130604306973696076
5331964818508793487
-8090186125908000213
-5426535611487382496
5998235124158179703
-1053417668264382944
-6767886047600965663
-8444807810617248621
-7580114204493692653
-5453595038709561893
3004492432251545684
-5860035229704435851
778908140912564234
-6256112160277941058
-6375467354254631345
6418491043152443661
7471957161347982403
412179771686665834
4987933608826240907
9208376062866453337
294619784459797668
-7659350909518622870
1754368871742971703
4510631759318982771
-6691715743571101285
8471351736812961593
5034188195984574610
-268813392745334114
6867020290000918332
-5888342621410493343
-5356495597373257548
-2368338295606879282
6823470573446663865
3918008886720180536
3692664275221085297
-7603941496069880512
-4582954926643022402
1398421411584075219
-7492263995871754199
-6993991410608076882
2458272768546859931
6128214124064331751
-8121104826684545124
6936157846317900352
4223845892251193167
-4833741723184434998
-3683949537258446012
401388790455478995
-8069033378261521792
1911931449461468899
-5934294994716918409
4770176465523070909
-1982178515514954912
5940278267965425125
8027452444869217034
8225399539908555383
-5795062568468880911
-426046148449069024
-5911835486526583349
3609303832456687390
-209833026334050980
-4980040097600465366
685484874220613843
2615757938403948869
7125314170579212444
7284135192954322167
-4341002492665662822
-7228643351826806289
-3119900431126726461
-5332761040760457678
-7369472243959318207
-4062913313090342934
4001837499681701737
-8210715431804162425
7837380228962433999
-6879893609130414278
4986580897202365745
-3224798871913751499
6743848503305487653
1038049526409986975
-3908382094670036305
8925769189787058809
-2850034430702991981
5097875457797605746
2611379474864374101
-4940972448512124591
-7351967306177457941
-8655481184008073435
-5330569119727269727
-8861666184535583931
5163709645223714085
-944756748054737640
853848026197941397
2518204854762452440
-7953546092987724112
2787091365952848619
-8322373339707297115
1349001945008399237
-6879133677659997587
4944099470776576102
1049549559874489128
1599917897460890599
1593267123422028434
-1481933891248045186
3746323259936347784
-6252159444036694113
6134242784985173952
-5509223105019251380
4601467947673263272
876335524157158172
1062910080253052044
2542264699090367189
3830458977029053696
-8708748911324067163
2909019272378493424
3695830492479738351
-1979257404030319379
8420673724023288287
-3706350696447431611
7285431033140488516
-2771737834329589365
Matrix_1 shares[1]:
1119057445638179032
-1576842581361570049
-1312955078470550938
7710197224418559992
-5440215542145986157
-1722227906733722940
387590104893720531
-6544677810984540863
-1899894158209077649
-2584582861899781858
6901663634403116894
-293815897994650539
-3528074811499532838
2948744397402410478
6167144952630018678
-6792518502457949592
5821906194732777041
2659626706426588461
4656515863176035750
3047091911605768658
3203579509040389678
-8640621398034038736
1748159837771818571
8686052377594627422
7347796973341645136
9176284616516637358
2176185631634347316
476162765787551701
-9104685596882098279
-7440149511193129175
-2984969163578463671
-7273860254428362291
-7072877382435954760
-8922238998092909867
4314372408654062714
5703458474366748912
307722289362795891
-5019899675507356119
909138892658397391
-655771989583931499
-1460482746409693435
2047709735466531076
-7026986691266389147
-7829705203847083275
-3957678752644805672
7685504895407281544
8332270177882189469
7591781029527744848
-6940517891697504552
-4643294014275156743
3736524919183227341
5176553539083097108
2071881667323668272
6399322008862092491
8452146142481944170
-7312115702993240512
1973149245069749549
6170301207555256915
4122828635796778540
8807064544356216723
-8414584702721359490
-2232646473343499812
7556512789232914408
3780078308738178245
4388660942789562240
-5025073384606215536
-6854692184515003538
6188531963681515416
2082520739246966884
-8753118569952204406
5735562968397939498
1512861085277471428
-6342949620946435543
4533713841833018240
7707859020496715779
8468187616125642922
912945035582865340
7738470339750592515
-3417509411025657783
-3394686396010191875
6935322558735752708
7001261243512828818
503999935952892143
-3836531550769256927
-7825615172784895283
5598670168826254196
948903651941497059
-6232641656208733698
-6045315803401758430
1242307531834878267
-7148243879533234645
2621837487172280934
-1276879003241465172
942657856412156276
-1461447790713253177
-5799498549691676928
-1676540114086099256
-6976645323928141399
4158422067219731299
-916778741157338088
-7881662775526923129
-6754060801210428883
8310659550511270754
-8552586552396713212
684787573719030661
8078661634146239018
-6391834130620369105
-6905948025255129564
-7595737098644317922
-4908730115124918122
-7683934636323143611
-9046589924321825311
7320402189405253104
3126410829342752238
8240132292323423762
3136391786537202111
-865908875790854733
3517781904318525926
-1066592857750193537
1932028184358487705
-4413421256056779797
5345928150597073606
7246451461555963621
6143468972990915415
4350067896797754594
2064715948478369097
-8319999386108183989
739335874013804198
-7876191081822863984
5276071547730922161
6071762822424929478
7971477536854956323
-3820585182565756418
6319036229043410587
-3972837571910293125
-946688838142221017
-837023186340805554
-3061644400238925699
-8680858352584505224
1090910979512524367
4609866086086865766
-4516506020044707458
-4015992047522713104
-2017507306787047818
-2815240464072298576
-8175873300367557433
-6648562158098243159
-3726912413081202925
4012279882768383608
-3650640080439522054
8255427925605281239
-1437840301670271609
4065225823752095575
7459793759786452777
6744104274263083264
8346822539313683425
8597868587525085921
-724860938589339975
-4820923820875860535
3764418974685847519
4776590060588971146
8912921962407009151
-4593841872920820224
2937741953224096818
5150565637532853898
4465197381832830978
7918663508546340345
-2828558358775421069
4072431777833146672
3130980180677662765
4709089544075583884
-4878560568906430329
-3492659733096772363
-6754233206057223631
-7477195782474524660
-934262213237184009
1129878891070602751
9208745562017895309
-1289307560333572560
-4833993364038335673
-6196406011088904603
-6888328688766200986
-863525558099321404
-5968030822535536522
4501579352368981835
-2910312865644376897
-1335756943023970548
4121849470828538988
4400828382110982815
3433765273412130941
-6667090451950025267
4955332753011909145
5085021228322545556
-7571409849153894103
-1399382164284109593
-4776703300246200671
3908681696668530807
7769929275417999160
-2590264533989783569
-2990564823895077028
-1831558756483476145
-7931878034548418764
-1456557138726718255
-8196343186163688155
-6582698187313676284
-3444537515041608455
-629417501624403737
-5256356129749234268
595877549778163822
1222319704138589742
2650280044192686061
-3549836596588334689
-6852152673963041122
2862566349335711835
-4440001381884804586
9164826409197548572
5506630138926112517
-2802271855634168727
6252012934724498167
-4051603918315050333
-2201412801194739790
-7373745428402488792
5197507601862682756
7914234081008144875
7550822061349960551
6173344095797917541
-4443662990023722864
-2555100763093796668
2864702444280176960
8881458448149512682
-3170221627880633165
584633645306478348
1921092592446302562
-7828436464478966715
-8196552009589744822
967306514326365379
-7299905772166439999
-4140084489964426328
4881253931960309175
-5541116019534475627
4148681816398439919
-2063910806235293326
-8726646995880044145
4789352979847813793
2000205876937333043
-3884542665753070639
5879083667670414499
2976515053915644299
-1226250553603751661
5804001020051094685
-8654849726025742943
3346555896481542749
2731445003924995280
-5578595863744431297
-3104070023875669792
-1174610002893532508
1674099599209596481
-7179388189674000523
-1802696579355508852
995903066299383148
2446963222010596783
5470801549466543753
1142303962122119671
9069469096794958748
7048321901699599748
4972736597611891651
-150905012073870369
2733834736687389125
-8190920820575654039
-4344687644360655383
-2374245476995307777
303545633969825088
-6560104762425341852
-3955041481676964843
4000042335713947626
5054918976741821092
5929047770523481388
2596227380415804989
5625029544201983545
-3901192650891562803
8009629118437042966
7897195982516992189
-6384815767790449664
8162091763682204451
-555525223834224278
-8355874889415954774
-4485716511120845168
-7767602743185970035
-178649723076959714
-5102683874496070514
2248569259711735641
4601818743287500830
1715210324218802534
-337970091668487852
7042863192665758182
-2483156194169219350
6609581604917713884
-2527839622992917547
4701992694442592167
-2031588249042340736
8292882386953074422
8906915365279826329
7131349087523903463
-3467251140594633045
1075835398425483511
8498865506895606641
7993798466241912212
-5120864425298339390
-3222237574179489137
-8049823662362229589
6855456031704263286
-1357998435864771639
4419347905570862641
-5500468721569298002
6166406878364169443
2186354778837977330
4191205724129416704
-8374593125447323317
8367523067153982079
1067391009875603063
-6256288004963009052
-2502450456621205960
2444273896112594299
5161249937662916856
-7532742870861653566
5935367122550501431
1179926515028423228
-7917351142248976190
2655370178456012964
3900849453793874101
1359601683998495611
-5160324387269458071
9093241929373594606
308228099388444985
-381259100001090192
8841469725313619966
1890204538760610549
1515003967931944259
2336365643127072224
6306600065665967539
-4225938285008522673
-7885803998256139614
-4434587960000928678
2370919323224783965
3542966832029435900
-7774402001052372110
3556585677119180988
8753624828248399621
-7507320650623308753
-6137368001989890383
8646386983633279119
-429960708596261877
-7224909840377238233
-1291945922048936680
2942646037824182878
7081429586417667982
-4518748542323397685
-9165059477919993892
1435872438251459499
-6691814087195513635
-3708574682781255790
2653942200926238354
-751362709236983514
-6741404520287492706
3791869025505623746
5146956097384144892
1525371662003289649
-8440947763285096552
-6416103573584044137
1756968118063023595
-616090508676016054
-5212004589967250687
3530753233922081509
7106936997685519815
3374178467862593586
2530285906584555624
9207765279121369642
130183456022953103
-7215348552912260113
-2567196672565636765
-4589561984802970493
8113213074545261570
4772463937755464238
-7883519228019404667
-3163688126081303453
-2494369687489036911
6560970256615485093
2095835186238282411
6423506605780363176
-3674021237716480860
2694295468115271154
-2555008316930821357
-4776092534873034156
1921347539174845839
9152995428180499969
5664909821734096858
-4423232612739078238
2795648702222027928
2890064150930766620
-2957891727727584047
-2981089519020002412
6342069998372169798
396266074402814416
3760192527215230097
-2856465849171489413
-5455933300038061038
-3638097922392156742
100942642212540613
4833753750946391167
906822815872220503
2590334606350951896
4469229365691987956
653147001746584470
5796104835215844317
2145245275615734433
2804912963142370119
-8664158306714837607
5515762908326350466
-1315285668492034013
-4657603855894927218
-8673042559228871834
-8155342066293787017
-6324910027208672163
2982619376703693407
-7215243357408578117
4279633206950519087
6291559577127144393
-1928268530865396285
-5307390012826328955
-2080318691483566849
7731461285759988761
6555983801981093843
2323348919856860147
4306817062444443552
-1458517113965337200
454091367478846886
-3369762000987033899
3951371956991675044
-402405297172864481
-6874639679406819213
4885528303400626933
6087523818059084893
-4787438070795478701
5644742760771451564
-258381829012393500
-6507881157799476568
-5013122831568275747
5712131531110839823
6851852285742906028
-7835173977731980091
-8507367121943761119
4724146570045345785
5727668467248028812
-4015872714615741704
7889980651488036585
8254739054102303229
-6644896460876474021
5300624661860505450
-4424166547141404105
-2655826866022251987
9113148312417866817
3112720226334281547
2220229083825205175
5421025262553840326
6698038357430762819
4286109381582177597
-852308327601201515
2948611602374868626
6585207364282676066
-7422900482539765756
513679195092374028
-1550778836042507760
3913077225152915093
4628116737456749918
-1103181703135254601
-5653905625089386749
-8290349534753356790
457028360962533895
-4867456697791785099
-6833855835050938836
3991640584880639690
-7062337847736816632
4465282627364851486
-2953015035845027963
-3924214131572902329
3406373461837610171
8519677391446418960
-2561974496933874767
-8510269633520270157
-7034629330814499302
3298840339294926251
165982595253310583
-3871228799904917766
4385767441522309484
-7299214287394318059
-5137512648412083389
-4289919191248734736
-6024659727105338060
3775627493370487428
-8949347412612250920
1683612762051221925
-7949931503012899345
2208879540182680371
5678009176814302280
9136925039922607538
7612997210492519958
5819638383027156122
8440220700562225661
6779799511749417623
2116056350406284357
7510852175095335116
1453914161556573874
4056431172049590431
820060698089937482
4921123953550975498
-4527358712682361079
3706652796441684316
6646441410800584225
4154682634718022288
811979380784571620
-5926239465794192128
8989989464388329513
4715434376175608480
5604429007273912158
1102430270770591782
-5047276528235569056
-289090634187318397
4623075151866861342
410949044228119229
8550209785459312796
-2620082798399807799
8559165619953822450
-6164483094676123097
-4077564823145793428
7761654818668819540
-8854753528283207707
2626634531174094273
-1303963012622043785
-1158695642219336230
-877001696721945573
4026847487927067958
1906146427948570764
2702305778574360979
-5197040015767366498
5383173011993895785
-4207966799567477251
-450559932590514295
1938111106682309767
-5853120183062104907
7704847725558036580
8975816796304370868
8495402460674320426
4058402121162628920
-1048590363206709623
5551113765997331595
5161607045994746518
-7801569783723051539
-5117136791168257004
-343525552485549962
-5307909849913233187
-2338173152720555973
6353967024414381702
6870312033612883534
2409637615079944942
5403371136198129693
335673230980728636
-3916309709990028485
8735950843715786624
-3906512159719994292
6391585014969582864
-6581381259375243752
-1036089409305658542
2035177459289422748
-1453840033275338886
-7424853083822552119
-5306007471211044057
-3222420973880364775
1899767529738843572
6111608203327401482
-3461450523080183352
3691697679818504737
3959242811883301788
-4937416966024996853
4708858487806612968
-3419950381104246669
-7510319922433848649
5840700699056617739
-7153847534771578924
-1838201551930938649
2922605510586945492
3133839658434219300
5613432577055043381
-2790115749923867293
3317481023160890189
18560671714733435
4618865676993416386
-4341609583317645523
-6879520911654043895
4671849627468648104
6342531483938925542
349591498279177593
-336371659331307595
-5516750442645933380
-4976837345161236079
762812676762482816
9171491552120135716
-8285109086211827423
-1513848351318016288
8007705849546205070
-8264838159382749730
-8678015147175578551
-5275159404753550293
4129356346482332510
1536394988944737422
66966168049858096
-3364552467873228966
-780373512098810724
3996599586933711917
5360840004738607474
-820882714437926210
-4371573918531995607
7415814158702597645
1731607645693520279
-3690657522625756417
-4445739645594877483
731329887122783665
-3308044771442747269
4486262935930733183
-4763800898228433409
8280029541514334851
6191148756649127446
-2725786542895032749
10793858209177279
735307976527867893
2547150457144502729
4629184655980245045
-851444599850617592
-8761810813320798070
-6912447122120314647
-2565087596278807529
-4380098055144302820
5941103669436495651
-8959350549842593804
2770529306493965446
7498001170213593961
-1889392947292278640
-5445535154512322063
3966233119355403745
8586565683105428824
-6016390787447973359
1142114842559403796
4221394547623286948
-8769337449479215334
7865482638288880910
7055098262894259755
-3330491205227268194
-5502994581906707120
7006758240133287153
74829457764964776
867710167821108675
4165381565541886620
3790651075432508267
7791396714631635506
-1591757296366417168
4088300774599484713
-812164297309532583
-700111570752187079
3168737758252412408
3892620966073800686
7411865843637684148
-7807011719066632228
6931955782317980858
-283312947241974859
-2420400216171903874
-7374714965831663900
-9210408620423697253
-754768963060354089
-4180366796301677374
-6595807883464067009
-5178387863809119730
-55099089336398033
5523526486975318649
-6363862507945249575
8875072841735550857
174922437621822570
-8176892344874149805
8360571641323786193
3407218635327817638
205640473427079569
-4369865171206226873
8153001667912966259
2092595414029140797
1326917030258472872
-8011379281331692909
7485360549759719651
-5357505346881351873
670521938363273412
-199655202409626067
7831730383924335070
-9022098812990980317
-2194186897220178495
7090683626376238110
-6993896135100688257
-6706227617919998074
-8708292520739223639
5753446357699250234
-6913054989209162964
5311411794327010109
5276727168925802898
609255558412143654
3876533563911299386
5560540286411525757
5532638125151971219
-3700233635405258366
-8450073566682335615
-8645285122624493383
-3964115859719413445
1318696605381312467
-4155415494987181156
-7954974833126094222
2495696855123911956
2826444296468188441
8912917577532431415
7938347901926597711
7627916842402788071
-5724096513036796092
6740425331413008591
8642311962166600204
3652138331931554051
1600836460896823337
1267830282701155647
-2601542989690045186
-8734351743097341880
8947984300314380226
3916628427256475386
-4453263235990275843
4136769983437378041
4236457814943350649
6030052796555293698
-5937670334382563698
3687988972130688373
7561744149509162500
192455099329514814
-7506622444165611218
7842528418687885282
-5729523691042562818
-6340765532428715568
-8389290612691813056
-8969549522918674090
3432567986040019139
-5067444459758242225
-2217482397645623272
-8268730562737550362
7261061029853454309
-3931583159775988038
-6283629845975382026
-4402217897114210405
-5891778407377159892
-6175639666016899947
-7819533747584974414
4467800574639013231
-7665473620426513555
7797341604241931237
2830851733211910427
-3094566134795158
-6649682908290067275
-886771054932173920
-3568045775087829615
2933642912050730386
941212252104284226
1371058284119871103
8615004333299537198
6039148579029929068
1743953638709305595
156474283388688612
-7242330832138223186
436938412479501269
-347767599470718690
-4977457546373743284
-6389062218289737427
-7962877078773757818
2827451955510696209
5464609465419909322
-6402758175049316671
3112127252995733144
-8118851609576891047
2970828696037702345
-6859266872715394480
6574861177781245356
-3794015905241011751
7819426912265916927
2072300562483169397
-5307894332781079289
-2817234193955652054
-6070411885182919742
4427392364381372120
-2750259229286694092
-8462729491387739692
-3279930186049201833
3267383325325678520
-7090034702749990277
-1066834634673303481
7386449135189233218
-8978963858379813742
-5118310866994918070
331570360431037523
7577161781346745191
5477719598487997032
2727974051580857420
9222658867911383673
5686542715810122728
-3320044387676336848
-5215945141811292230
-298440165447148816
-7152286158689159633
12048358252665848
-7630116074638928455
6632715370805455395
5088094008154330806
-2506704655127672185
1646335026931466262
-2577169665249001175
1569317506560463248
-8186595299968480854
126263977422541461
-3774185541589967499
-939701138344338821
7687692905231041912
8992895805646716147
4290918883150414779
436485659456867763
-4710724865876683737
-7000554353391291878
9018282128969372056
-2267145712111947426
-2668376165126226808
2270628796931027280
7453543662251198415
-8554617183346367795
-8085050698785463288
5150825014404361405
-9143731869458421340
-6178411316952342038
-659607755580535281
-3574197059464852834
-8948575724086987941
-8156608197725098816
5672270034318632890
-7916070805907528006
7421969408391719808
-756871120442338976
-3961182059892798068
4878828710374042054
8825682375687144881
8571256202360412473
-8160140580977703760
6226181518601896401
-931339735730812415
-3900204143618982258
4466688103881445327
-1277040277396292574
7538647889096413886
4060896075448776712
-9034627935991519161
6265056965802638068
6656969039151560820
-1962258532514020436
-483838381926920611
1302936738568334844
-2901373651092394303
3280292523342264148
7142271895087355807
7868343594788594421
1060589036013640494
2960084728680054115
5909387698579859687
5642454896505038559
4845632513857986572
-8840634830442611378
1132460870857032152
2738140566219408654
-7584548197787215043
-8063072524717681574
980448549313854512
8739639849731674868
4890454294305885326
-7063746363018927414
4956408526970698735
4525311051664027148
4382782819419670647
-4330839529390573925
-1622258265275380345
-5162043219285126936
-4719131656343897601
5701644128742723655
3416557388685706994
5195869506774159541
-1166025858944115663
-1448170831373437354
143288823592641244
-6091707611879655992
-1555940512123546910
-1451681091351795362
-7697180591150995532
1897871143435634549
7919841490903817309
-7357596330549735048
-2483328767546355948
63440348328496388
4696544655655423745
-6573013687176105428
2238393948812017072
4109065956722309776
-184427416185848051
5101967065746319775
7809957464039259825
-3013081321125743391
7229728372061937267
-1678331606009307811
3404911326858277382
-7281968088773850336
-8423126579084640628
7927753824533322053
4926361409257339057
4879112360397357987
1471884565749965726
-1308727334859863263
Matrix_2 shares[0]:
3778828763075475008
-4029001916990055654
8946657821972761241
-6462547898100277125
-8707480151409402593
7639707905993263938
1812052120848404071
2910905327494943235
-5066766161918686984
7629275507387149030
-8366692710155443539
88902532942903932
6520529508135729351
8841108143940959406
-1277705550127327643
-7148003336011506664
-4487276496350351543
-9040125269825511286
-7915668501045497488
-8060809983970671803
8243136166251253651
2882410719277025675
-475138035799321919
9167789132143724123
-620237965236092635
-3533954711545713891
5411513078950477066
-3825879782422809872
-493535794295270290
-4487197487739038700
-2802527003493116399
1856712026145869004
8290370696620938649
-5094980922315501109
1341886640283763327
2298555732124160994
6780106510887928260
-2887240124236816165
-6272752939664180039
-5503903946286261786
2398535027904210134
-8353675820838427830
-6267755889498897701
-8608823489429484288
5688466411662976008
-7958928342117686951
-7326446969128866925
-6212766672157095857
5073723793728624750
1518772050268840167
8858843653873948661
-3745783254029561657
-4191977643810106125
3922574101709405145
-312147033653831378
-1493193904089079143
3030780378386819413
-7932235681101027161
-2860676437901742893
898291937028376916
-5519076953122295151
-6364986993772513508
-2399830181189294811
7118674626842303962
6974123941788504714
7406748598960205841
3702845290722043878
-7279849878172271998
-6268625027278407297
-4379085717113068074
-1099679271225601737
-7019702426603507327
3222035841970565264
-4823989819935865350
-6687331893748501760
3253164887857829187
8872612901347299443
318202021060419008
-1839282990383573408
-8401200898700894034
698905865639011491
8842955995931035821
2971438358452877231
-7488021645368756473
7759680480635866228
-3239121690795924686
-3640996841195369619
7660760567044282917
4685397933935109296
4135055244009291629
-2054395412982711056
1334030692686467435
-8250467153975057885
4023212263691474745
6926947984322264284
-1677372796376091252
183296383627623700
-7870885487215520869
-2057411852331269609
-1729281341176809717
-2850053023294189950
1820184168580469504
5315639618262173961
-6115593366331880169
3918214362514443596
7990712684063724170
7663313250898864353
-74530100056540746
-2038759508419759291
8674664901732004099
-3196507735850491968
4133868341592833215
7108563225162470260
8304139146681479537
3279958368903114938
-8125704730636128441
8907546757693178533
7957044194923531253
-7819119418154972936
-7492078418975705624
-6431569619603325904
-7160328408180751973
2266911191833369239
-2613153693887306158
7855428678787102048
-7787429587647452906
-5183481745926340303
7553643411074458957
-7555697690142762015
3263445554895521294
-7027394145081003074
5582101879336443836
1556213791732085594
-143398417235152846
59917753361855130
-4638019880623020539
-7726505185057359724
-3701858385255997238
2599425762139763315
-489016496450182894
-8037987996508071793
3625851522209569471
5786635768802545840
4398926254368671573
3223972674428539313
-3239416694590908652
1995826179897916387
3241389353418224763
7896423297305348613
3191281353503266255
-8890142613572375888
-2101449491316985496
-4194445554457927536
-1662150204554725742
8670974431512330874
7947500604860841335
-8060140861838420246
6942722457565920589
-3541403732572908786
1726954628501169246
2762850847792142312
-1728868894414058264
5584233946456198965
-6618689052936872549
1962494214606480821
-5430750603979087753
-40464164042517418
-6605427129029103648
-2467380231578877681
4715290075120393398
-5435842504852089582
2718254850551487515
-8516266047245458047
4652388317660203194
-1538562193677740970
7773515667745595543
5073119533876621368
4550298291321592224
-7850966530144909578
-6328888384096598293
-3631593369058902994
-4410017760715509997
-4292866771873306459
-1848153496217661668
3642682855346150502
3114723779521611512
-2371885035000760510
6083703574083541320
6345456518125035500
-8837160491398089258
9209395424546611335
-8720609741866448048
-8735051906941286955
99593248892691646
7581637201441322908
-1754393943763614284
-8612851133015974384
391929211123128563
9087266825975350398
-5187587068023847157
7919077552825011821
5699023578975635681
-7659390058584468815
1443928263153166140
-518930882380454551
-8521616293659411253
-4154112056514758541
-8636550087389170267
-1066891684741247028
2114206887931858683
-573919128581701574
6143124724651440117
-8721268266712215763
8746480767204519896
3246745932669974240
9031059918427998115
-561974469237240469
-8136620646297982261
-8291229140583287081
-2382456327751550455
250189753622445891
4481350500359462898
5464100906609005601
-738758056721869854
1680646365717264893
6709774902079993974
5617569057194254160
-8215166879844179795
8337728056381158167
-8953459004070553644
4474423553354649714
1438532126867003431
3115498278194378239
-3042960871876014413
-7990694327401686705
-4279811744383696364
-1205696465064444321
2581796310721812440
3086252292743626565
4313733138110107709
3539987570956105440
-164839967016665165
1268647779984935673
-6978026013446661668
135075893877866614
7363974966867208051
-6834342568968679682
-8596545846866627175
-8418764168358683650
769504950511978908
-6935984450403942985
2429774753799313054
-6106617808418772355
2459085836014466230
-391031173928890289
-5143785704028727715
8542365285494863401
-3785205315986059409
-1461789356690486242
6055099716989336450
-5990728076076805493
-6646410614256055267
-7278515141539396507
2315485158223877373
5779224554220241689
5562335930873949098
-1438630237970488521
-9207596429902755608
-3985372980031723186
661082280973959308
2051068196944261369
8016821036495425189
7257601957611676981
-6097527070502349317
-4543507807351945342
-5991938710555396105
-9126125505359286028
-3503850151729986850
-7133867879323953314
4755858285933600299
7307993269661533321
-3741783084151792769
5091193820022579177
4784179888015735477
2573303341096680533
-8244491800192607243
-1865864984466588760
8806092580974026179
147261925708457672
-8433008567167423026
-8994706080962093290
6178907266005181005
-725338149797965979
-3478516562267756257
5315127353148581133
3292374687052244231
3776755962044803085
4821670705391750960
-7966914996387301849
-2650971928458206945
1112816596584594034
5269973562071973903
-7586135548281453068
9186334375944334295
-4895710762092566937
3950791328264581432
5249784607462859856
-785300886153442476
7419303494986331395
-4304382629606388803
-8358256153227634128
-8411660527686460669
4139066701512356042
2878654653555387661
-1032559413030839298
-7301040321442826761
-8081553902209978572
7736252102432651410
-1797643669622058296
6144875398210564712
5124400383819705228
194692539414082896
3130971583797738830
2561711679968068789
-1697188833917133057
4294622447218446091
-2954268119965038199
-20726781335609927
7319850280866021490
1951564688266826343
6223158574162826158
8284049993911479237
6828136098826054009
5858423857156105945
7421207468458882519
2135875735004308909
-3513293521816967568
-2638511923668887556
-8436052467811432050
-8462710286613189531
8526292755607859325
8086178694630473319
-7383690696187268953
-7801485889138043689
-6753058665344186242
3959396234014379479
-4349203172967562016
-7510654218969050034
8825014467484374935
-8489143660092084778
-891556545725343294
6152128022320948959
7732702944389270873
-4715714543040844524
4946533275917978123
8816571222907137605
3925557585460348218
-5651251157637921292
6742219593044468063
3005546565184730462
-3860997789094265709
6251555699109365016
2234045884342255600
5888559398624652010
-6518797389565590640
7365113090338636166
-2436991483939560334
-6783960081896951426
-8354114984329607861
-1880369673212985758
-6872031306631408434
-7182645017001527185
8439023034802632074
5102731135152325948
-2297862687399251889
3578608078847900957
13990336138133234
8599821951127386365
-2863161531956163895
4205222210329290803
-4980572894194980688
-4176813790593467565
8142087566532715602
-5925603529716187484
6056425133245284573
-4632967066816379288
-4039226154472108903
-1059016211930563422
-3585253541141528572
1889339416246904419
4985857795239356245
-4061473436711798941
-4917221489747930798
-4089172487938940207
6848805756396061077
-5849422117676656583
-3068263286490049649
7639179806670325900
-3566469993565142623
1943390246712347451
2885861706703117629
2276291100322205202
-5798753080016382129
-6676530011008971387
1285574334863929504
-2457343451718909798
6852984874355095919
-2660401128825078043
-2039833666400014706
2982378537134788155
-6710765565660938330
1019837653268751417
-370775119869643842
4263851145320071058
-229182164760206382
-6524142139581949138
323664300373676864
-2626386649086819867
1325221180150094014
-1681946343830176772
7569439264606184604
8821706928083017477
8956989533349638265
-5598361434634483661
-1905210904392348393
-655871227930172430
323174571627902220
-1990817715042010527
929579466726251065
-2373198526585065949
6651341282359354775
7284257473552068788
5559747796216777210
-6430946680707717563
-1501750600052733836
7402017767234296054
-2239006177358494837
8392331125374188577
-5615929720507796158
7122052062069111168
6498874356621255387
3592462610288534462
2100895224519936613
662072030301793727
-2663958914983095378
7188450590800982069
3354536389274733319
727814255676341681
6993276579612448192
-5415915451751562220
725634295921443409
-571110107386001835
3298623692970697601
-5126656767054982981
6734737108324326624
-1093011667734023669
8720583389296745529
2370622667302457722
-5922880214557948100
-5180716986155349196
-7718051583998291370
-6999170848792754046
5088843390107901149
7074632708060951940
-1082143455532922050
2254865226268160160
3227719589921062423
884273757921960561
2977872495937422824
-3281016716022035213
-8559964230742963428
5940602586325908075
218030519373262796
8783801054833434668
-1431251061643384778
-8787756861633429654
3683788001459855985
6679659377345322393
8876811349175603192
-818980446318449565
-6845258078392982835
-531223241443772264
8186122827866879994
8932095328996379904
5319144020521892487
497957765493929368
4175483512865350349
-3797352008971800255
-6201357364638980665
921837291160307038
-2250689701139841867
-2641162105235930309
4806925799052762169
-2002515736258725045
9132063118286410446
2870585564924020446
-7782439955659817938
-141178953875655417
-4676465600114907158
-4295862149007678916
7618522263714164233
4472824871469387081
-1326209534521141782
2256696000028077542
-1132866028106854659
1880748828150449552
-6331587817707591917
2437212899609708929
-3820460221288241779
-198445790464421535
-2001137032263164284
2292451598976112988
5106608039564523801
1351009205125343333
3127457451071765297
-6590811533251582125
-803151735120940495
-7684321438116998270
-3912821035777682361
4757335625299324228
7496587141658363464
9137503795924002868
-188242910945175028
-1811176539113855964
119627670135652990
8485746204183124267
1326039855875566668
2552026882359054580
-4167072666648983968
-2573633614890335637
3987566411681954048
5048810417955237640
266610672605674200
2440963025820053889
819907033065828909
198539410574265748
-563186361410355563
-2028883113688911400
1679361863534074944
-3420409101495677166
-5451275478565061262
-2448144323285961979
-3174297005870366532
-8698960148673604997
-5698136668498294444
6338800734885954341
-6940592471569407471
2370068035473161023
6881132333345059813
-3495419922663193089
1384927086805742917
7235798426531377355
4847698377321282434
2725840372973860590
-3216095056106323224
8062404154326102932
3760286329583005112
-2203250536108642339
8944840659402345355
-7742879405746092576
-1729139655551332109
367396942302831441
4195885091035895753
-6089228544647163422
-684963405023115420
4487476245636035366
3120076053612317610
-3225592373853431537
-6092557206263702741
8505084335065687217
263855784795727886
7075369161349682920
6941950141827580128
882117346652111874
-4688481728988404288
3098040133245713193
-6254608139162017545
-94557834574401120
-937479419498639805
-6439491712270735198
6799291656946677796
721915079375145742
-8029958752608940373
3528539866302472101
-6772756849884618271
4913797111155886748
200482767844427136
-2375039221214224630
-8085860779458693460
-1338563176858857901
2370848723369959580
-6184461059664815841
4614886397433209334
893360540064288607
4279975760420522205
2940473361530955582
-1609761191155926497
163509352441574529
-7852864123790196013
-5429883599880860000
-6333183693461582909
1522683205454918776
5398098324290448505
-1347085710131378725
343428858574236014
-3819608863644330490
7943567978040776256
-3828315506373977709
-5017400469435802539
7436935561609487427
7665237113955410665
2725104660779072038
6077778351867811525
3200969126674871780
5278409990401993948
8134116804558871143
-8993015562617655746
6061941826672756848
787597779264914802
-279215960494853858
8399819586184738551
-9029535323927626435
7998891311261174584
-2812528799916575569
-6059683260076084255
-4583648160282734114
3527057123810096788
-2241944331311118304
230553951691309021
-8650440767433726994
3700485886374865180
9215227397844983630
-342062029490972003
-795457915056178428
556202484036146850
-3480438395366649966
-4731537053647785129
-5323559184982152559
-4094506188303933718
3846957030483562216
1395886672514653308
7192034151769979940
-1933170587200626865
-1531865561385701593
5912005014497273294
-224404289630210806
8707426353525429078
963358189000692158
-4032259324786920932
-4406551260717404259
-1513998513661184236
897518944064616401
3807299970147706981
7995322240680247513
3436932660765077618
5263304433770046404
5140305358770164257
-1036580690927547749
-3334912154326964072
-8054267253691481402
-1742847285048688671
1292378436093738712
8630648007700690546
-8622476700707995237
5239027045559122573
-2484564918429660992
1964682157729926390
8302166037390183816
7122243562784507129
3695997546330988260
-6569997327249306020
-6856079962437462559
-1514677277415299040
8953624059845152022
-5835890061160157273
-658058440288291135
2743126814649127070
802904418708598556
-6304597161257389351
-3668776459732572405
-2052920238866731762
4710058705653231607
-6544327340572789040
-1306458784493193742
8328721185407536939
-3601067826917722373
7911201370951369131
3299562611574244302
771855518936765860
4178145826237477306
5251295984350595427
874268231080376148
4893364998147988675
-615243499416177121
-6770795804371866565
-1712485014984813690
8184500566428134361
5755143901103358968
-8967304498276437273
-2936670038298194620
-8782844825193750663
5965721637631737731
-8189177541067313211
-3510706511352536039
5227023158104048055
-3097979287270035604
954803080198224704
6142871876974312962
-5305782274131210560
-3749978951370777099
-8030245306553810150
626659182700440320
-2360472205425832214
5109946877252836460
7355734188424722962
-1330062156158658071
4852774002894616732
-5791080694351487236
-8457288250908076286
-1481584529048417082
8524791643693947231
-2346104525650005451
-9081235227494469299
4325128233277383544
-6112069667137096644
5490953897914843615
6571938312714512127
-997823464162942558
-8646896522891653178
-1098809965344105748
7539401069284509042
1119149293354039994
8157409108158254138
-3360892726956314964
7700906113262778285
-3463457005253878258
451899987701319109
5659568247993830293
7143077978148424352
-8285447823480386163
-1365700344292743041
-1080221347258838783
8881162618275487336
6810814969969864175
-390437846976009334
4201646037368332219
-4855533954022332913
-1993784909172688852
-5690592500407579068
-5046689131177179327
3058237856751792215
-7925251296485543330
-7223215546653109544
8882118620443667193
5954843128509405316
-7261786088873053198
-9186611098592518229
-8535040127457101226
1224333694027941929
-5784508886124230247
8811655810096282306
4579008704758998930
8814125130770392446
-1608969067964233425
-7751417511251209115
-4449693266903619099
2489746679172693921
8278036889617467924
-4422327732926999761
8814897496310831309
6744303844003303034
-3433983485564939358
-919393985280384573
-553318535503075094
-5103744209981429868
-3588963935290807850
250542060160978108
-6381741588089462166
9115451669839008055
-6635984913010789349
-5782073984748293140
-2737039357404482484
295408564209074154
-4182557483912692335
-353516528668550470
1135534565797436420
-8530514354548651978
514404661386443858
-269291756392686348
4831837988922025985
2908593085540738155
4293603474375823309
1662995226076442956
7506197902337334214
970791110664606402
7161878081630586217
-7485908859844744837
-691570354775157296
721159586275879585
660469381551672081
2130565219136996393
72268361149251975
-3021826314577398074
-5281511851588895876
4459539588730790803
7078005987181323673
-4848322368644060106
8154386252693130067
4367031116165672051
2847549315728772393
1206216643807513842
-3326651394275768168
-4987765950133745385
6745588320837924751
-6353782902068907568
-1504799046670871030
3623370995058191708
276712255584969028
3737207836520721556
-7673445995532403318
-1480527639026234095
-86250609936842448
373281068260826500
2963920700903233865
-6067899011090077674
-4333935169345534284
-5627321690250296226
2562877116177904794
-2955548054408916619
-6133412200805215075
-2791637118413915698
2823802568610627086
843357440639580370
8944583002026270782
-596465107564421842
1042896063851605903
6923263396167431432
-598603290264801245
-7509190971704723439
-3728255329649186832
-8785477639915168374
-2784426462878403879
-7722784811115881750
5952371159548215837
-3072057808893437046
7558422595413992782
-389342793194542642
5744248413739087044
-1263578623289123261
-4400921581784682022
-8249124195021787461
-3654765816723255056
9213111084505091727
-4350305917193209200
-5553642422206592781
9078207047986489573
-1769075863707947628
-4212115287238919982
1451667416389441814
249002454865706727
-8180348658272768102
1461245657820842928
584155732419039143
-3800499732782068638
-7654984577932059254
-8142868811651433088
-9091996401374831276
1058214568716733777
365825937333143774
4294747673196961629
6624249406462653086
5950417057525795089
-1107711959852736675
-7499875503638482640
-8467805644517626112
-7943897860685187109
4197066551823090981
2503648056526433745
7658355124090475134
-4836360723581963892
-6591702080741173358
-3674847475198713382
289524856272892807
3103850537357011860
-4087973792395545055
-9070980320295897194
3888597577021745942
4690573185874355157
5594591671655696925
8383540288077781285
3999170294593511274
-2684204250619607473
8642156655926659259
3298200475418856015
1050062481990905529
6514353672803722418
-4201409478163570218
-3600297052111258583
-4555579469642209770
-250165421812618652
-8890833207962106411
4571050193897049396
1964320302170003613
7287166134684947334
-79280823205531780
-2687093874803697512
3958458710864520804
471436990042443741
-5862082724656083419
-2415103402952008736
6708065520102213380
4943836306317582573
-9097700095813855212
7579858427578149772
5265045858984402591
-1673672244847276250
5431891340329011166
-675634190908278611
-8435591077657760258
6434894060582194594
-4827328009908662252
-2615787012708466086
4457540915429339109
2122888371789897843
8007031935662878014
-439351786698244704
8535862999763793162
Matrix_2 shares[1]:
-7879434039580775841
2942544372340763156
365524358735258349
225355273649107369
-7890367000207410209
631168179826336473
-2725608215084839823
5575583189876476307
539856456847016930
7919164303536587597
7588827660518149840
6797631921719626423
-5704027025297168340
8164040080261144508
-8011903599978367028
4425944127044472343
-1885690206799901449
-1913861163136543923
1767567205018001219
-5826618854374022885
2614315828149214754
3320442135969897572
1497357817112182408
-6582059418123133524
-3212863496172798409
6255655619384644586
-5711858801449530674
8005421795858868039
420801202130136300
-511001908679234216
-1045410408938485837
-2408340661811460967
-8092609094740300676
1607722672301597814
-5460588729653125370
8585590164102703807
-4513586505837375812
3607418679480638384
2496160567309982995
-9209670124314730685
-7760225367668618451
6001501357047473651
7678236801292702181
4229150302345566810
9025382605010968217
180544475501762718
-6006155352743673806
-3416582324664770340
3335963407665146973
-1186069701275733565
-4338530327951156323
-2424351814453430369
2026945617272883612
6196982802485869819
-1853630683966940224
6823000936301397766
4680377384922101097
7186434003270950428
7809662666420684233
957528559774373975
8616109591245346338
-3438715661984989338
7974981969816073773
1504836339037932309
3507071608723330678
-6298694182189902323
-8791526709768186202
-2648266132821701335
-4328300925217302060
2990960651956921850
1386323481548950283
4692959428463319437
-8480077331136960170
8208025385908185281
-8880529717089964491
2330722065680952355
-5698364241612170136
6598303945298588682
-6066500426305282684
-8912179585816491966
-1204496407273669538
-5732841196174351898
-7012516853056837294
6563165624910734344
5979474258979733576
5774085879805573610
1678821999419374542
7000411905442223197
-4749481299426697356
-9083889561979560044
-996270428705622072
1701429396360634050
3545014038090593895
1606652153038603546
2309617451331271533
-2947720587329594790
2396632952002022115
5794714298334106793
-521389944761267706
4614972105528945556
-2969159383513581197
-3251402321406088958
33025074061783192
-19180103375018095
6946343266840173378
5367655210303991540
8847834425391678713
-6109391099187285112
-7595149637105211675
1048164582938379579
7442014075450413888
-6150510879333225240
-4297426646433722589
4793560873380742703
-6741095234512735200
4751727513205181857
7269660184274151696
-1981427621915359897
6324230263158070202
-4015090073667303501
7988887858495999957
5213010151984561250
8176798216383256882
1515239932422396497
3468818331319376924
2109458626100274411
7519514747007547063
-7377033914040153466
8837587484178332027
699066126433118583
1391116192017759806
-5321011107566081340
5184505258308063937
5132536687602821759
1670509990297854493
7760851462076358237
-2608420014095574817
-5942226680606160813
-2538937937493505561
2872046584196473484
7841061092378803172
1983084673398429548
-8714890375344478462
-6209396294357025582
-1970759122054583944
-8102147955565460330
-1164722584832044262
9087429189844026035
1537550497529365199
-7407417274037530162
3734382606467638588
6819576375059835206
4113689824081697818
-3310948046499190330
-3645314535476390033
3937014740067529242
-6096564174126565262
-4678081472299792999
-699373786961621393
-2611227997548188607
8737186557855529462
-5436421484236410247
3450901424825635994
1947431456451286817
7543130868559459843
2917258482412669957
-64851752660602147
-6309333822579527199
-5270687630869976428
-2845804416752479054
-2641793195706078096
-8536520364602049160
-7993597978963721081
5163070834586893586
8197259501225024580
-8044318697216659481
3131566627721127416
-2394108033619224355
-5761403081428446559
-3953926719669452292
3137679321691885544
-9120906437256816424
-9052074010708919407
-2588233756470398463
-1947749440446009628
-8245998674934698971
8328000087103480296
8598392047916821281
2567040633173077341
-6345777404113923985
-668046125679617338
-8952043962624632706
1495005976050682216
-2966466508994801848
-3474095775033837978
-5088594305770459164
-8671260452809680886
3559669336493937819
8385191513461751112
4816521401173345625
1429823989096614799
3258435120518453710
-492978898323107844
-4521059574206877231
6148856880042996189
6705143533875891453
8730138253299945495
4708583958711043357
474980096830284605
6220868412163263335
-6208441731456043649
-7788824997777183401
3451201467780535389
2131872380349243083
-917603664628513976
-5853766217508654653
-6181737758868048818
-42403851681305183
4727882531667291815
-8103929696189813631
-3078849634565454664
-4442417317713930683
170534183353638850
-5881295071200236301
1123938631667647910
-2644326081259150802
-6593420172887486446
7755004169004069245
-4256107397736540609
8424926911292812756
5443735383601385333
-4272433709184490218
6814101292759226645
-6592033943254922462
3743939128320314552
3131697623818579729
-740821210508439811
-2282830099444732137
8915656076339489620
3069668352171993009
2684548273146012726
-5233994360323473907
189557806332118481
-836619976336740414
-6059850868105150349
-4660885906541732753
789093979038111571
2294115130909969822
-3023312525384921094
6159216299435904493
2625652642281572746
8738040006004294974
3130171682833810312
-977613417931375669
8096089472106955572
-1659830641090095021
-1404811698073660433
8155708196058193233
-6568212197728576529
-7393819380664807956
7697309093453237443
533766501506436983
1088461262655606854
-6914840765830964029
3317172305677534332
-7040177047841534328
5311684341305175510
-5965571943651339624
-4878383075359751896
-6684214228793111515
-1086330058343692551
-1912225504038049638
-7042419624683623101
5573543509995022510
-4178479317524484120
-8072736104052550565
-332783209803492122
-653137725502475394
2532213716677698240
8724676909392365369
8953040289279301468
-964076534142616104
1558345311991467972
-5527024474348127352
-6638504986913547548
-3153914038607670536
-4573658065926820600
2143059762938994148
-1432831000898880388
1140653569249510517
8839979092720414853
-1918983977014386940
-8156597930710474858
-1778899784678788216
1320024241938056650
-8892315354990252665
-174162337704343921
-3160672645377778802
3402221350872059017
4256538180555533161
-1038708657827328720
4084521315851909922
-6699383203262246646
-7737231490901275379
3238005216819799573
8149963148124774210
559421665606414006
3659459624802983835
1747710370698231039
3444434356301803019
1171702823773383613
-7378378401453565418
-5385857730739745645
148898601048950994
-1681231790888475158
-3433318269908971504
-7308882716632186310
-8887395751903619862
4264313619679405642
6688707881746204483
-7864942326779919532
-2204623609377367306
2849131092965967382
-7725552851044896589
-1354692320116516320
537518369888290939
8923777363715017092
3377511728949658751
-1341993678953704956
-4003548742618332520
171905333397184862
-2704246614690404943
-1062821154869858372
-112321585389690851
8918272925770418034
-8813676798192583773
-1510452571680918960
9110182865384861969
-3789221728945020315
7476741192859147237
990081342439122812
6563104162201180122
-3390738622224832823
-4546489131276694314
-7833768602143324203
-7478365328992128743
5514553478140944832
-7112873990249120377
6968275011198255646
-3782796607333380949
4761614861077890795
3743053528878501287
3376252040606483701
-2750536777539224980
4810140262031007952
-1215085690638655347
-6057666868397703466
-6164965055540045734
3570200846649640607
6611640839179975915
1456438605972417408
-1556577485450812541
3643549082376930584
-1886514056230483800
9058844124608013226
-6790173523758011031
7412577863915887845
-2953882579645206426
441775324778121347
-9100619996295121659
-3559125355565964809
5979071584920687213
8733443207037090400
-8461018661004884350
1413013143481554325
-6630758389219585737
4518117843832851204
-2095254433285819878
7938551610507476021
5721098792937912912
2418213150682985837
-847605077149427890
-47255331487939338
-1273395857920251299
1223732038500736614
7931841828578952879
-6923171213008090897
4938586729169331705
-1405094991109532071
-8716095066580460310
-6819377991910325993
-3235959571909581299
-6450191266598157556
-414326005425197336
6815560916084695098
-1311461940008406546
-5452784555362041253
-2700067167452027447
2994317528523574140
-6665317920068562318
525040197849450708
5536768803331579763
5399748025055730369
373675028718572286
-5459687301166006527
-1716342234523123908
-8407741176599395439
4632391393084907699
-4705302214814984175
-3497500390986069753
3103647184094148458
-226446781955569547
8132414936148414120
3316255103849379509
9151366721371051101
-9063793679420221608
-1012613389031256515
-5879673797135143450
-8377681393509219030
2090303980779532305
-4426353403796447533
-4750152394096274403
647876212138717788
-5805567826240988838
4098207932049633635
7158769005757604837
-7158719478674662525
6141503351849482416
5325671298721789879
-5943452762884421737
4827810405367835514
-644934544226627151
-3730676399582092042
-5207110287714537802
837751532647900469
-3277192411232397512
1648369313355049241
-6357824079241863405
1155210927947442064
1654631667297395178
-7612960445604079238
-5802599366339595967
6499470802976378648
-4378486008405542889
893928862231779921
-8764211433896591112
-8726747195051333790
1871533063722878345
5182636799705931535
325001670144807381
-9056394916670561174
-6246828730422065344
-5181011013601455126
8480704560679111731
8176025206901737580
-2478792416006105755
8345160879910319760
-9145324102445157018
-5517150034255387603
-2857769868270247506
-2893838248283623607
-6583216855768844329
-4656882893813263890
-6540594227964584365
4702958157471271703
8835322098945910618
4750909488581841934
-2506091204310701719
9129394487570869358
-8285998551839987314
6194054660333696133
1347369475049806028
3904800438570884
-8490621523773367696
3744652031254384611
4174410295470048374
-3536967119082988710
-8853293185965880997
3347172827525607700
784991125388772782
6552545521434908016
4751585469679719856
-2009521828639866667
-2313651925367839971
7036168029985236543
6285640957227247298
6424177096266152517
7228402003129518977
7068705558245401648
5490284423239168293
8273450618242696676
-3409035663629636961
6432313714560711195
2336145967477150808
-6055492957518894077
5827574933629720325
8044682633882797349
-1941938093712381972
-3545904731184274627
-736115032903134501
-4828316680417252363
4410557402332892951
6112107941009270514
9033817207397416280
-5349233879791670959
-4199367456228953177
5698529262760034937
-2567801665432778586
3894420079549915018
-2051411027141397921
4032628718420649595
-910824465580123895
-8879449069722398116
3984131945389637589
-1486769234014296271
3434093227401715571
149379294139787913
-1370782043863392076
-6710377794563641685
-6958452799531272201
4237396415093480195
7599260322362110927
-3531027747115493402
5038268441224222613
-378525839604050884
-6618350291920652092
-869646312240150066
-5414966776057450640
-56780101841967554
1872671291359850653
3679555567268302935
1697822205431522077
6733644723645765896
-1287225901995565244
8674092756012799169
4514901461746702559
3033750272009381293
-2736818202188866368
-1152019298049722248
4385059344637439302
-2807588338941871534
-2001250378099577277
5981913747101982686
4735891794166293684
-4909635365982591756
-6791070141305494730
-7924248103494192760
-7378009286075178848
-5442043048156185392
6018312995154762317
-4636697300447401249
7684258016393078335
-5238342520932073484
-8905200854285837125
2377922896357457880
8064550350010785081
4037693514074481173
1163737047421103607
-7243352760322843605
-5114335710130345137
-8753325832128581330
1599664351075997877
-249514688338016427
6383678111910236006
6224550960849923743
-6521762652528070514
6838880058952900850
-5021057055346018214
-5734528511948672494
-3394292973526434280
2497671716776581573
2088869473415114472
-7713448480318837547
-4109445195635610675
3834751906109426894
2082967900978174207
6546731650280035772
-1556333284265952517
-6395264202317350831
5088216795443430727
904583397894074346
601337007042323
7842507915347717684
1313412761889318988
4363402116551045716
5812462199345224861
-8994686879028435826
-4853682741792300026
-1608464999466541753
7138594553401731193
4786596669554271861
9202974574779215359
-3776091785605500160
-3960924799681699051
-4336696606008439734
-7139486745908361511
2451944944765946693
-5111733261941740260
-4295701857610601491
-8547214330690088273
4929380530798596370
533356547118175698
-2191073379542988550
-4802140706432545933
3059737045135556110
-3889933375967531696
8583349217438133957
-8403889374999215954
6630088475830759020
4337500147198806851
-1647662956654647041
261414554474614364
7314736255067706785
-6882258461550447783
7651609606433848275
-982315300003743818
-8645080285067812013
3514847797229131869
7243104444080327395
6986862606982836765
1898362875628625236
7025666712007565393
8542572106814885050
2435069617752608911
-6021949674581190574
-3331537357138833027
3537723487742863288
-5814900517316515617
7894048900523368708
-6059514088256434355
6060245993036484134
-1214374369016211493
-5314015453952221183
-7812473019393213720
-6902837292919831746
4808170827039740328
-4697047708977089323
1960831958669926136
-3900135967651141874
1132083750328623969
-3367641261616303304
-7548591930678706763
6487392102864197115
3503698518262057125
3464345584216649721
-1957937498714593765
-8609698765923028802
7504212597337858425
3863334768033413357
-3831414527071840040
869119560055832782
-3182618289307532904
5238816607924902320
-3131045106497557808
-5102079492429987365
-1809414987368016880
-2982870674132249232
-1421958518512646803
-905649565299874042
-6601333767871141688
3857621554628700061
8207953716272546551
3392549731276248312
1424747987010398539
-8896151091113602546
-5010192741532621856
3903789814306230346
-3992109743155180836
-4027434678817023263
5641428450591934980
-1395369095370761675
7521029555300119602
-4803831063215187404
6166618981032469236
8354411508955751425
6879207676675438169
-4877225146780894279
1749588228624756469
8211530102790441872
2009008317819767553
517825264924799568
-5036290247563212966
-1620607837745405041
8203279304674266558
-5860956804789520106
4421866586028275266
3966040827828052401
4085164465011161498
7907317033478641020
131334814569929286
-1321792928045404145
-4562561050428441895
5710581394236978894
3372618208516596645
-828374676071151016
-6299444993812403933
-4717530060877998683
4716683468111762077
1003658816349940418
-60460214872956899
-7109795682172996336
949002351216721475
-6757687459953988211
-951694384406084070
1197721903949088558
7777531537238626304
-6107417873882512064
-5848077207120717163
-4642973134687836468
-6808031409748072486
-1532084214235298644
5765645441023461472
-2302899209364646975
6520441905171145771
7281161937904285802
8963246657277246162
-1289234107883503820
-4827692899046088689
1013690752368656732
8332490633768940985
7991077727384066630
3434726272431256595
5004297921467764979
-7169609749778577417
6276507913362990609
464127209436509037
-5220533683100054447
-982281467505622191
4533889844667884303
2695631701988768891
-4210999951042008939
4552200807168507274
3361330646035072391
-5189219519351706481
-264898284063180736
4170514736927883494
6869328748815426608
2610667215873894922
8317719173510649685
7446108792180436354
8580300230744235543
-6810776111681628051
8985948975765925625
-249352179192990495
-4518845053997632171
6429884053215143120
-398964981690422464
-6659982208801874477
7398411393716966579
-4843732309684759338
2062077076540294741
-5496989823601430403
4584392215133426
-4703200503726408097
6999423104825646559
7259880881744443047
7656082424022007967
3095256413060470750
8980161705452223482
-3513443883175650041
-7763034087091567754
-5933685187964839181
-5599240913207945786
-6516587390488354452
-7051580541691813615
-2651221012004885190
3994936983423731550
3609747855871624937
-4465940023273831292
-3284579605610644378
4710667773662674752
-8332693160388163460
-5710397322502245623
35782557957338662
3083565927824555519
-2379985571120986040
3176772549055768379
-6416811206654013482
5329904069068546393
-5667311309171550696
3021685233767848549
1573682318634173618
4813220666226371502
4160326783047782851
-8215004265328044440
4455802706419104895
-9165063415477780121
4193436297679352363
-7801618620271362154
9088373647600375236
8314971242344876644
3356949202041211188
8505235799239148593
1042555325849239357
7834250586431161406
-1208513103329542534
-3405733884962692992
2403937975034125863
7157736343648694453
-730329438471247620
4759458087199014304
7474028076399457042
-2163318498998704193
-8896010275278781145
-4820870176733658767
8022629318497483227
-662782922422857185
-3443320026147355749
-5242211096038432371
3409899527720084192
-5200796522261502890
1174981520968125648
-4764752932705639315
-7010282182679097462
-2355651905757452730
-7513294328703923677
-9068636420511140866
8250488962108970159
3043688872392634785
-4317833173410292191
-2391012796341508866
-7651227078261939225
-8601210206360610428
2975565155824489286
5849317787725135723
-1774793098121761761
-3762039705337839049
-2553512658962030037
-725419133922220395
5809400620062263144
8776481785767451024
2061202042360660118
2418322768129592431
1978237570025698167
-1866217334894088888
1570418557605281634
-1426823575182011134
-6512600980034062690
8200149659850321650
313530840306812370
-6949009828082796069
-2665753510149048020
-2418014605382444868
7053203513082339508
4941917777189641699
-5419017809787866095
-7855979379245795882
-6653826224682740364
7110934363240290374
3343302239209086501
-5544606461859233807
6936232262785481042
1295393315592702396
-889555338264066349
9056645505380099286
-5526639196548584914
-6731996488206051102
-744699472657254452
5429314381978630546
8188845529730790280
-4533550898960936666
4279158882334576671
-4916054612676585277
3056731401090220141
5407589139511469328
3159930369078371583
-2567212737095808236
4851448511487284643
7452379936588019599
-5227910648438055457
4267297615104558694
8583717285507676174
-7079427273262221386
-5139513535085572311
-4461606131671793767
-857457516922535600
9157344078216701940
191556602295264042
-5872654526188443727
904534023576133632
933454824553915663
4552430431639936958
-1222772753374218276
-8886069565163456839
-7350296787239926554
-7873129137504130250
-7144158067311566596
9186143732456675115
713650421038063736
9094870922843943401
8401970415963926882
6594665021516519091
-3167610403844309678
3310403354519340397
7846078529524916655
-6025935438870770554
79754710061492317
-8837113855388838873
-4972378142705589635
-8342788128950996839
4715935505281653162
-3480478316901323099
2349220831711235573
-9129740060374835603
-9147622576599357396
-8590391738298870377
9098910856887715665
-1959814822709474476
5464887747197538001
-3264705113304115478
-3103666958815427697
-6334659441227650890
-1380514341057120020
-3494117068092630099
3489886561164834349
5171039908277396340
5084564466354444108
1878914089337818956
2506794911883898902
-4365832928465448964
-9062602431244417487
-2507206121924622862
7978422787726502533
143075498528752235
2503248535721033609
-1693464036210623096
7882544818940092651
