Matrix cols: 2
Matrix rows: 8192
Matrix_0 shares[0]:
-65076312758574875
7830726408450974817
-2833940611939307890
-801287141687101837
4958241349146113356
1184929758950433402
-1170456462977548545
-2470102076998165422
4796741549201638879
-199159044830954393
5930282956033924463
7649545500581978407
-7444228330483434752
-5668925342496220967
3426578756157411915
-8068211488823495742
-4419185070272649851
-8510098721486666401
5592355664246180716
-3434828558255801041
-5648409717851611503
-261553645571267884
7602778444503967011
-6411460694094809145
3612576518637397237
7188823636408162470
223647541133904896
-8442055397413821093
6384959127331133875
8122419446775929835
594170229888858045
7852781186273807289
-1307036377289514922
-8442136987145400071
-2913522059585550051
4769668494352951576
-6178829665358388573
-3589832303694644824
2104834099305726989
-6025732181016974280
-4100546023483951235
-3334018992082207447
-3647165997021387223
-2430712736132165565
-3941731671616376957
7285307395023337819
6441100796505035605
-7187448392733899347
734057691395972259
-5485489228677909362
147702762385235633
4049779129977248410
-3242312319846777456
-6686269874940708805
813650172198558250
7406429483286474594
7446759318422431837
-8059705427665875672
-3178583774002126452
1765272607136916137
-839171201265077034
-298470391500235954
-6621623958340785558
1305823496158014754
9163797111675299774
1970065526764271619
-4924813614394479577
3438262330006615169
3241774354995156717
-6392542827758567699
-2937535506251918853
680454968521913744
1976804543126022064
5535703887230411573
8687779440789878506
6990446272351256323
-3199062219205383175
6061203112150727914
-3445410159359196475
1696449192094492774
2450847464493917221
-7597470539120471684
-5955340642856696189
-6051249463946933690
2537084687257141672
-8302256919613333421
3647046240055541052
-1618614095589352372
2182590692529875179
-1361227331043325982
3301042738093541340
-1237413689863254316
-1173147933456124515
8537942454569296471
-6647635311655053027
-4499379073758285886
2368801810495658720
1007344829143401427
8380294234325851963
4983521419849413704
-2778810069443261140
-8572679405061210653
1468960617164747712
5086429517949136849
-7828822722729414864
-4979594853655258832
5918735517967318893
-7533398454866692280
1674871382498994553
2104051141556040829
-2993001586939229827
3039499226763944127
-2648290159732685429
811803326064006726
-3351910195049887962
-692988242697330066
-8157590154392227193
5983974354764377437
6333497867240245830
-1440262638367523980
-201584381359925998
6718298932406558157
-2176591986645063024
4967112889184568623
1629688847075412273
519066618434166044
-5271513754673033944
3712868287977917308
5003842093419949027
419661001803400172
-4400098308117218039
-9183608216176574735
-4916788397343761372
-6954201691698816610
8653929670517102798
-1553416238121428071
-3697822175801524222
-3221066880037102019
1371585425988538142
1481470315609538533
4087056655916354576
2915055787731416087
-6679689919496522805
3921347087675890383
7950075455603628658
5107421898644918676
2096355210701344022
-8720479642132413074
1953811319602556401
5691497462452264933
952931441353303886
1779304117452832998
1070639934498583405
-4566916183851661806
-5598028056156344947
-2594302730093274536
-6430495822116426648
821152628384803481
-4093457222341441994
7230085410818650922
4614158935561952749
-2087204273975342346
-5689828356718039832
7712886948204770378
7649390041954983924
5719163574124118488
2047398728570861814
-2601741906817919678
-4764824382753164905
7720996299261903221
-2080978349038686958
-658713216312207992
-4432387061427430313
6177612950012601372
4604187294325170295
8182246280400107434
-7750181436261939931
4269993489728132713
3817106723840167403
-92967199689606309
5834291345675589733
3038967948857312204
4141627548424168854
-541598589044370014
-430384193931416092
692252149227799694
3570582737021652847
1808799129902254254
9122327981126525991
-3554637980023711124
-5956195960279763669
-3853757866857354161
2876925858976213033
2183699859865568648
-8646347840505556810
-113535839408443076
-5684483519645877916
-4243961103135505998
7128838742421988299
-7755766251780185358
1420004128971222093
-4023687453571100925
7876344476734032671
-1044032418354967349
-4711851105036870102
3832374079087391661
-4092697698456348278
-5761360095375565795
2902240859070895195
-3743555984195596348
3359463348992387418
7153925103787983865
1745220470572638404
3875786870689733417
-8182928935566839405
-1531477424910223403
-1724967290309253175
8201413307996454062
3339316721617292626
-9207200041117776718
2006615069425150673
-3679716165771205420
-1929981982705533037
-3260274524675652676
-5110918595048230718
7728531186213170753
-2286860473599553030
3195640042050271427
-443180909581126269
3551236908100188132
-3521758100683428204
7631455862252437846
-4782146447369072305
-796362406714320654
4297280477472378921
7257219129854511752
-149383075144918000
3760210379441592589
-4057162821288510429
5864798340082012521
9088178780968618569
-5189820629100409036
512355439101594598
-6781754994405919170
2066142356126555809
1701861624864093786
49529285702556713
-6946190108623441165
5778762130399040593
-8287281677085934241
-297388562214593740
-3620503882899578414
8493319923991470822
6926696727523462662
8385921481698903419
8554832130909228490
-721386031845642824
5103317913621665685
162008257861240682
-6320818764891668131
-6086313737210219334
5863003676663457837
-7644877508418154442
-2365366127644502501
-6205259013839199751
-630220544169552138
-5336773044761736920
-7235083336867418974
-2174719681086385686
-4819438431055769060
7884095627854034792
1502099598519876694
-2491756276526031629
-2436571817001424134
-4698977756909105404
-888943147102266408
-3497713374838792472
7539743305295628687
5523040631306378585
4396986864436352625
7950466195937820189
2832075868322415318
-3099605109741271366
-4077994128967357092
-2242596801050075397
-285368295238277906
-3473136863240918657
4484902498694163639
4660666666449522956
3466501590053168617
-8094654018069184003
7882855467539282791
4211880625456772701
-8639923074859623532
2367573054656810976
-1446533813996056532
5140330561938560270
7304234458630382587
9171752319824599293
9037400515063750043
8398250456970458463
-6115603573829532337
4405462647113482699
3123262256986584337
-8852646642719728625
4076144400854135189
-8546703820458530223
-1644628193461252947
3470883712453020800
-3387505111110322678
-7060603842435895953
-5496202583532236110
892063854174108359
-7308369955820890402
-5291037263424627090
4099075402440388342
-5250177093089113290
4342534445888127354
-7300691144425166910
-2720471786282483405
2441726588491740405
3505864754707751165
8276458926895858708
-8282618102729722108
740395238184111680
4160183127391877806
2202081028629688517
3784026325524139446
-4060547926700913131
-3039068307919257592
-8966924432891608527
-8059389328284752579
7283809149621594340
4768237066418969609
-3450389202798560870
389207957502042188
-1271546623804293535
-7225350215125353868
8494142667137802542
-8014962972311327721
-8782457631510113599
5851398624225899836
-8539538105037219659
6342855891478488031
3513046271086308658
-5471808859556568940
-6053469714860535754
7747934392974482241
6946159584986552311
4464191053067480108
2098638669955804071
6161028824186302208
5810215119690592274
2246280440864769618
-5695292874069244656
5750422659938216998
-2899305871210896003
-6717188013408314818
453569991419005805
8596272011372601262
-6477757983659822227
-2029466544073281359
8693803534902651180
-232650681416525995
-610110622446641208
-5763269763373853418
7338070415199875043
8297314826023239534
1452468936159600819
1192560399689453616
1275069407734060115
-117188057553691597
1415964246197895326
-8601075491028195581
1567651627339007244
-3077398765503408250
-5366865308422333312
5629936850155332940
323027953763744993
-350031906596229551
-3035868623305358284
767225566806477591
6161837178045231807
-8030948399619260586
1128742459251381268
-4048462502960591506
-8949918508017922858
7243845142491562152
-3776386092153083504
4208712097837397550
1123123996119707557
4391068475687881382
7172344065969456939
-3174639718373873486
-5110469145015238233
-8280575523327000700
1826298891878797823
-6490137875622216545
-455175849693442428
359834898642647654
-2560099928583049923
6757402088000003758
573971706703349498
3769235980531824282
26048016029195512
5895404327496240788
-6626258704637863792
2062337570124444534
-6995968413043327086
7497413133632195734
-2951464902881862096
-7196966415605133790
-2306825671392976888
1014434738884232337
-5625842117940749241
-2551196682954945521
240039262744821954
-4707141765903876852
977485335194297915
-5955985385933759578
-340006824129542105
1092677877037927630
5585342433255867935
6077372722187955140
2059333380472608779
-5422700122741816296
-6663011942585078560
-3401717255995841306
-1971303952533234499
-644977143045648544
-7292367772585414621
-2192642576366693726
8558522033325328066
-7782630313528182882
250355032250116996
-7478264577924991250
-3447085239052706670
-3182539767867251655
-2495226297255784535
2732080130250950147
-5260755907645091697
-116364577596370299
1090018697192225989
-2464982573903509144
-542286818817317710
1840693349770955257
1344581458239556415
-358539163135916116
-6388643457637048341
-6898340299862769515
-8083886210386700217
-5531968847553621214
2269039129433493811
-7041387732788933245
7549277184330025037
7649875249718847349
5262096366768785800
4955981917085775645
5123112129836637923
8045672624098857783
-8771827671352420564
5550665363774334645
-1154696272483422317
-164047775028009908
-121634599926693980
3673619809166410486
-5147784054387384679
-4709590568660884862
-114986646367998103
3662614533672944459
4906903163638892931
6624491063273896292
4194397883093773750
5220172104199067644
-3953310003151890205
-996359944641474171
2990174659058085375
4984221612153171971
7160593812136391090
7976625855495163301
-3798361387529405963
1656739136484740820
2427378801455580781
8636827283472999699
4540224965568647729
-4597749308374450016
-2146295046532941182
-2837837613892492242
-4989285950749884752
4102803908145904584
-6233199745549185616
395800992067255587
-4834537319613827682
-7324775268022368043
-6155398255750029581
-3501806972323830604
-8217513439746740612
450728372539222310
-3783242163493242968
2591393287231225420
7277289257975284347
5126855825588812257
-8804816994813060020
-5741219027298940968
4719849351202968362
-5644258258450558551
-6716725750580695828
-2311632992211510515
-2466391224644381151
-3815194028412608011
6821459323336480840
-6254079970650602403
4641700451002958774
-5510634660365645475
3957589273534039559
-2813134618829446563
3440428429435738942
-2054779648047313640
6423902866013467316
6573776155959060014
-678889060459544877
166680130659667780
6951120126031829547
-2186729576345837779
-6857749334864025806
7052789945834328478
7857944481265754181
-2860941130641173601
-1763094810284519034
-7768416503254730600
-3132807477833934903
-4227941302117531483
-3253108021997609024
7469629389003977576
3235553027986217183
-8097890746335335380
-7563122983364415385
8053110190479436978
5710668050486586687
484946180004394060
-2245336823698190798
5577026245248034907
-2417068829610750433
662614790195175878
2984569584396925179
3656016217674443816
5218752792939924828
-26655913050887219
2453892313757685878
-2049265836119300921
3920648926837820561
3063792762587231054
-7227206950390952512
-5062567387540794915
-4541868235747094650
4444221124997109147
-6462907656950351836
-6921675920287046838
1714463229920449880
-7166632510158968288
583282965275353752
3054379816846342908
-8455174985222940815
5874626979624260871
7268570605179311355
2165035263767256352
-2505544124166095969
1583450286940949809
4833511869126191252
-7156651603134378993
-3332449813147194622
785007206879267171
-38920300764772643
-324137854780746412
-4603000459072362483
-7513722181732117630
-6137695186901146339
-2742146155302312636
6092495272374714044
9187749322435775863
-2117406342665428807
9199639472722174430
-722571798481465432
-3408828927214373474
9000841904673709
6527404007659172745
2563017005160594135
-4522250862421834080
-5649164295294933742
682532511419539572
1890234002814627801
5295807964785534449
-3563976016082597441
902077052506403422
-3297632771603826361
-1280922483324408556
6080474749867212692
-3300304604419280277
2322266477375437369
-1735992471116107706
-6597965847661880201
-7434316976041984644
-5447167534511220592
1652166559705888998
-5324435463614694639
1386022104729898482
-5685236405704572494
5082902347334144723
-2266167416890921679
-3053502699573046039
3451170847867991752
8008716834936465223
-1933765721661243550
8215396146295271784
-6717565534121555442
-3005929112909671385
-6189469577229687827
7086949820445379396
-4291782525499913111
6424660136927105892
-533366234914816756
5144981789143287166
-5753467183647604758
9164022902887878307
-5251804853967268156
-9111878695136281037
-2281714965021416342
8228620033593767853
-4673856221571111653
8223548485738246381
6401303157663343804
-5898593525850507021
1093077325604326980
-3810888431598834364
4731860160418029992
9136859390548619005
8120321537426082319
7977661088926449754
-6902105882993855131
-1783729508034638455
6537920659647999436
6148698911863399112
-4269465340023911192
-7156964256073546020
4079825070802247071
4972024466048176689
3831016182746408808
-5157840658902115083
6808821379937847397
-6570764534790150128
377316400949820864
-1257748962869266399
7155565362443860535
-4417687018874160269
-8220298652505835878
-7941017908745006745
-2944954495488618504
5594250826508829443
-7592112784513064208
1339025819305733917
3079120065918650174
6685570454144276546
-8564881060044096353
5884101898460466363
3296642907032252486
-436337276753148129
-1125186345203915735
6396737800950709749
-3384615686167111823
5231691464209607655
9006167752660986021
456821660170797806
1095224638903654643
-4538954704732293032
-6025158691390105691
-805516089222704901
-97596213372256023
1945261849483036001
-2479241171061517060
-3555093591313694409
1859459626871440610
-3593358081887408189
-7069910715492341158
-8196244088846111236
-6378060026541436621
-2552178371440263340
-394574511579907776
1302105667285546445
6093732625986556355
3095194956487249673
-8918754844429639081
295802203497089582
5168692283066303244
-1775520804798551088
1233713507926529270
278631599359866807
2487688581685996577
-9089451772719388433
3598686238799552387
1848441607636092077
-3690285942369726181
4695459535739646690
-6713497009661904467
-3567953220196432035
8781267906887817768
7523735215784438283
4583825519852069080
-8052080315794948261
4585284873346337342
3665564998326592537
4123974318823795770
7952463312571464650
4304255322001591051
-3591002197337355707
3592189792534141334
-2338023078814523961
-7521824994437774667
-2320107043222629982
8252053219072635692
-7213662885988734803
2535707083453356944
2770237410776433945
-9008281900284632995
8583402396111627109
-8428696737447720278
4816654836962897142
-6728288862126071893
5447441192730748207
2234481148781668242
4182613111491736696
7300275442766195622
-2181141961776303341
-8933948014620124488
-6041177752377414099
2643355937665274324
-6224185367941431107
-5750921936562093364
-549773548639840228
2192412528587058536
-1488461230240244708
2609178350260656084
2909051579253348099
-8266292668203333601
5111531168362488703
1844517628862427969
-3430191269225609797
-5243735878120361769
7834830361256777250
8375825700564381697
3262789591708961124
-5576212624459725957
-3384762445262759925
836232198866098397
-2400293344399775478
9093264632566145253
1089825406822536294
5990981802255957095
6483434295975715925
6493468977816844891
-8858543219172994511
-6661256940571055899
-483420987404544783
-1947230764706579011
8269691718372964695
-375208383670036410
-2555686654941751864
2595640358814098011
-3167453757212147482
-3278454920824513524
1576111888743898653
-3349366529082572503
-6777958435287090163
-724446070733795717
-5796514974777753816
4774773378617419314
8097169648815116889
-616731289894761404
1040374544352823370
9121575981182822953
1328949186320471849
-7462967730409923447
-5629077058480239912
5062705749671284126
5021188709429268989
-3935764262879056239
5879381332703617082
1081731736476435045
425089245555909254
692302897326664574
2438392248036242456
-4654519961414131657
-4057985514586733846
-6587061495864456071
5751275725324000366
-6283347431964212025
-7171654153800331033
-7364435568593398248
3030141096602342867
7733749075642172248
4383692400288950565
937721844604579021
2309685880031883841
-2646859324096121186
-701970400257226221
2279141402286241725
201297946745603980
-1675926607691392645
4342086297372598236
-8739056271255240741
-5112758171712041277
-2684187585942783106
4328712101763195307
-2199649007868076119
-328204350540429400
-5342270857596656904
-3344976113190062566
-7472557995812706713
8822548955115282137
7380952284159358538
3311701640148805398
-1956929652704495018
3512530706747688108
-2842834101337753974
-8247744370149955775
5491508463432173116
2265507532241748577
-8044926984006424386
-7298769162043650238
3937436714506117930
-6039120994190269245
273109497490834114
-4542578400566746622
4174917175697258041
2897620279431370516
6334544378968028957
1282556189271069859
-7422616932453825949
3769111538288224762
-8717617693411283026
6383176680117150396
-5075153285169932353
1811049463405054337
8561903080692639242
3394535988507681957
4572151477099223064
5183182296942832457
-4665141342447461915
4571358834467494851
-4063282577913778610
-7090369736448828276
-907224649719212932
-2837311766317854598
8774567641115412368
4567692904149279636
1775295739321618372
-3608174266459117159
1043278369824082542
-7224850146457754586
4237069709994549569
-6592105347953030261
5627108292143082345
3201936360525642813
2764635242378210488
7178367039749361741
-7248767679011409855
7095821316116287971
621046786142026711
976769367870934531
7475796818973364024
1273880389960799505
2233671364699355647
6375714498293017712
408231476803165522
-2107759295532639977
3711257148144489384
-3663873398571834006
4276051570605776428
8489477018366980176
-432984457582152399
-1297730757996128237
-673769887451489968
7710418182370920219
5959844256807991366
3154158206800518497
-7237892662117589631
4634888027507643330
3457188329969106627
-4476628541843628658
-8377284376917804780
207787328423272231
4988755673793358794
-2496617350525790830
3089942924823793238
-2319575936721388632
6894934584323211556
-7523306289430031698
-8185251316086549011
7334309527791936562
5584411369258191922
-5606174509534760428
-2490991313948612084
-4810876705364810075
-2500639868454989248
-5072044273949378572
-6261531681032463042
8927747269218134530
8799195220711178394
-4552659934044545651
1860236627247156269
-2804207302101917747
4883532546448007120
6155148344787874389
-5902274502608692134
-1761211027718957057
-4289701251452928179
-680675841072225475
-3484160814249222283
-1214323454047854545
6549701657673668902
-3721722173803399906
3204543615572519774
-8085278147005637662
288080911533980386
516745552211701337
-6116697835859427252
2691979971924002887
502642696594558401
4220856886567416563
5790834147061315490
-8697156278554328906
-7896183924925022943
-1937107419324940386
621988677403231567
-482864234467044293
4192901937724606721
-8812104483000672547
-4001248937232015543
9084954238270911242
-5760677722716222797
-3046922768915864224
1142416388425396792
6831407882206391880
4948032525947754114
-8816761427602259942
2851038892448345737
-2209286978365200560
3876195259391254889
5326510420173721148
6547453801049157747
-4175218274895423267
1622496085430538207
4583067450041561234
-5321498748768449310
-7811413892300332636
7227256425686062871
-1379830254839029358
9095617757406527913
-4833062970524674104
6028123892603782512
4045692480349544280
5929103335494236635
7373636995876303944
5756196483656262770
6337790454593304371
3321545150852812683
-850187040178539470
-7373513867220605244
6746482290409987613
4544866935445900886
-936696524777880695
-5964624471329659798
-8197647796747455613
-5742872464976351294
-5910282215463810106
6052372825087679559
-1416982484460714918
-864247603049885420
-1161132607413066478
-1075088488632764437
-1262084104265156989
-2328461214492229901
3209917378794048084
4690291534440908026
-2252974857256547260
-5901195894323920286
1015675716616139582
4076922132162111994
-643501814067220446
5266742489508868353
-4645926195453664855
-6345021050427118447
3041129585629166980
-2382017968675729552
-5902009754573046109
-6582297995634012090
-1749399757817508617
7837670650000041817
-3358096921855022059
2545783402562260739
4556612038484051300
2327512316589193575
6903683545979056079
-619793617208244479
2421934192916181452
795957546593289921
-7508412111997220737
-7860870292890567391
-2166716040805756846
8139845995027591024
-5521315560639237231
-7002779006280698331
807984352637640061
5106838107119308267
9070354551061612967
-1262426532197648613
272658332675374080
-5378846212893632379
3064250179146494750
-3475014213580986205
-6415417309990385044
-1447003146328291369
8631142960263333276
-7624249357518669804
-7597973002892538996
-2748159882561527790
-572414366954337919
5150055481818997193
-4449033669967441670
-489253091009970148
6459230131375112700
-3902186056041676640
-1662484355907629870
5889175485458219101
3597876139919264769
-7347745462719205934
8469094717103919555
6994834281143920020
7657176950055126730
-6710595445416973603
5960319304693507996
7642311091793120283
3163806325765176515
-4680392726943574756
3542055611327602296
7291623830602214008
-3131978243800447893
-4708383416408029379
-3654250724416124787
1950695074053197507
-5537489375424709452
-4883674195067972211
7468870910253645087
2632076828772783283
4403240543118367800
-1486199084075919395
5373587223537175378
-6261652074903073762
-2620786249877000828
5235433709265247643
-91311528871324233
-1304282603566374713
-5345357469070574501
59928049050832678
3913671261400971612
-7593161395636189794
-1218278727518895398
1242871609908762781
6292723830296775961
5379940559328613086
-7554598585107704622
581984940412569229
7316871182804022375
6417457485415755588
-1681992278525597459
-6655590187913526942
-1288754014835910781
275576482464997667
-7561210054658747880
-6501648881861788170
5302472293135012961
-1492842003515261581
-5696825239174291809
2796625196805328440
-6576470915709078693
1012904418996424918
-6898208606475151646
3278438769832392481
6653641077580711502
6559061768651604630
1248773586206296736
-173829718536416137
-7519550195742486815
-2470028354433040198
-3087623175644920678
-6356440507770422826
-4796657965720230817
-9049089518595975154
2437796362388037563
-8658304120422255361
306658382453531020
-5753561936352403794
-236199423764245152
3450114103931404901
8373784565348400270
820574471364749786
2180294352760297997
-3677247575137803240
2089472024874090513
-4284691885450896307
-8031955371294359789
9021055612405237077
-3289054545075623718
-3418697081118356580
-821788834779283399
-7650741539014891565
8078163983404533594
-250480493633944808
-8664133835356704170
-3965763637722529713
-1139793924111430783
6707330567746216737
2954282820260315416
-3021161016353956525
-1635509629515893573
1556580118820601502
5272854766214721258
-4028448073910046531
5401111047260990351
-2489839096616467576
-7159371945945715863
-3451130712155183314
-6575144960977632050
2536150344837776171
-4516360963135578473
-1210949163836659717
-1570138423065766346
478617652435612088
-5870037836963592052
-2954816966778760921
1081371326084687851
-5368016144559394315
-1109469736791741674
1336009455196223061
-4270929303523613903
-4531712612523766875
-6047222408115308992
152215500797227205
-4036269573148323669
-8633318986329965728
2603861000774560948
-7657030501207840872
-8152398854598099386
-5587768454459909806
3970661456891952751
5440748869075996092
-4119530615794664014
2322465947023708873
6060982240353138116
374818421928699633
6926246770153887761
-4737974437869415822
-937037262754616609
-8409340180833820458
5232703265656658298
8498540768251230722
-8940127428818176120
3500739452482781566
-6325494290559776214
-4534701878662702214
6357337459635398115
7188486786001753046
5687897521158879464
3053782987126981198
7807524344468902895
8979245458502475086
-3142286156787203326
6418037694549648122
5557183391615994713
8328543575604721422
7262314478412208045
3892104161107387328
-1368080265815749623
5870485648960367324
2250209603058130025
-5808911098046636316
-1184920000401136839
-355654500513295614
7889372053886934228
1960787841462098987
4144568836462997300
-3774514305523340885
-8532442715688873112
-8249473055612786535
-1648714682331876791
-7445956618992963811
7827887040588182716
-7195577288318747591
5710727690656217354
-8187836645663677438
7713107590415527903
-4675352153884442147
5778044782076417883
8369694755218694317
-7995674924693741890
5689034405074681886
-6369809216474572959
8982541640643148333
3570198941169217663
3319389504562207420
-4889766104581043460
6245688925490181511
1710369859663461433
1196298427238877432
1982354498949221937
136255578649412047
-6067115499835893947
4424140804347703150
-7080376193148647650
-3656979560389124717
7897932974356290875
-3399987882111725232
-5750866564449865606
7612357282977242053
7072825518512374839
4353494102988489087
-7867313489086304353
4675954947498738030
-6623925562538374128
-5515490697706297152
-466677424828345204
8520687292550138
5944184545057461885
725436164903403335
-7529978715020190308
1844103322868645489
-6177183962096831104
-203665423241743873
5495127789473586583
7142183262808836782
-3865711968323040156
-1861409215854224888
1758710755871967772
-464113804270022122
5646221946236214219
5873870131664353816
9214230320439494957
-324668315493978003
-447910873897630857
-4181518868670480636
2831235629307522964
-3935201017895655685
933145982313754957
-9192265215853643027
-2102109306316238876
-4131864193378679998
3177205351523740239
5097671276304812971
-7512596152285256531
-6843398611381564646
7845934603223256267
-2485478902639627207
4036971446603748700
-1679010741738635130
2358067025909645739
9016680621197061617
-3760277955516892144
6895421479362637173
-6518279526063162634
-1544977126173204716
5639825879839248816
-4502359719710632819
1946111187137321210
8622168838400814673
1765411785768003344
-8708470633530334680
6804912661489336594
1484278942828997254
-3752025158820362730
-8989875974179173549
7170104761737041090
-1949741489249133486
-6270520799353458182
6931046498947294075
2298398853969145411
-5180904938480644445
-4673221602202252227
-3717359956242128707
-6905421831830893291
4050578796088705873
-3063066171742536189
-5676507518262761249
-7228552509795054620
-8769612188673445306
1006703007253666153
7539027366007963369
7672803584069054363
1764170878170702500
7855022279777271584
1380650842571459099
-7447208281178164438
915502336661335039
-1599171962039757121
-5629312869068632486
-1224517167429445924
-7588354480531995276
2657487434651214967
1127127536742965387
-6022636046822056805
8214935136000620919
-5902897367264189780
-2768000229535873896
-8434595006617766871
-5330894124646009470
-1907937394125239062
-3317709940329307700
6762459969465582962
7556953706384216152
-4486153845697343678
-4092300359925026485
-8133727600604706418
-2753897368091096450
6062911477120259395
6193923243100839476
3431276533304754790
-5068662939940719220
-8333069811456070987
1364502637231294302
4195894817283754403
-8880461666362995105
8950082795076365338
6550469506625524055
-4285995538547059769
-6121149489838791505
3782685349084052973
1178295612553484224
-534253388155216546
-2367595427033945009
-3886047066917340572
-7684915634478407221
6843174931332433510
-4120329619151598446
-521829188886027333
-8929882150614193773
-6338794450589633967
-912886076433985522
7462431384885196964
-8236330803412298958
2215096025715709154
-403743734625860838
-6548686765686241932
-4737561283369849864
171455656544926827
1425962766324682311
-1772494922337874191
-2767576432146359402
3104896411127887088
7711291343486522890
6924032885226282727
2066578891121621368
-3680988632323276074
-6432777091758032030
-7651937037625340585
-8231956793544924030
4698215071018686992
-1350653754419259099
-4904458994023597700
-4482169764112785026
6304802015863457322
-9108377557359963750
5212321889323394632
8782348344551261641
-5631936167807604271
3897537208484041655
7632283073513322523
-5949382048198117735
-4107272388502892247
-9072538029491562336
2745956088117245849
5555648117058318250
-4673601671907429497
6622880573013722413
-4670155793410123628
3678481912712751114
-3172925073632092500
-6226753488241961653
8806627141672360778
6878375498509915722
868941259574925825
1173829427706482223
6514292680416820428
3952451293033608783
-7959669214721812184
24654070771651185
5909343685472912389
-8813496320297849122
-7505657148757316011
-1075719752601886424
2547134925463836984
-2784377754979970084
-8296942394307604091
-4628249568447765532
2861720316991167162
-9051200601819483868
696261258048309854
6315954779831726423
6522458371873156545
-5721771353361593266
6116384321467360783
4968771082532502876
-2961836225571725822
-6633478177395286693
1849096278208846479
-7259519091045126730
3788426796335970832
-3291085965761817938
-1557935507340000231
-2101514528300940112
-590653352333119297
7415432175606975477
4124556965304734430
-3738905267307972004
-1334885543458265534
-2665520182979135254
-6723979689829721048
-8417473266547291171
2092283511274385478
-5659918103077237167
2062537066038080914
3621386708244101248
-41530313658495802
-2292661990189219213
5322861973950836613
-7287282620211483040
8739145236234695759
4581292253323735492
-5387967599151049500
-3424946889170450175
7045688541894257392
7747392554949126101
-2133574881013915274
-2415440817781340485
-5614089989810312030
-5799486871259280411
-919794156347938447
6028902106671615996
8110028420988599040
5902047318250928132
6748893282746151512
-5145238413148421741
7736532472036487835
-7398103827486256630
9200154941838625222
6155716328878418766
-3313630624260234435
-4774330953622724010
3673481838257685924
7158044571313861521
616675896600862709
5757652503824138565
-288587356046474499
8575001989444495356
-2914364351829979944
571064653187664194
2738176215659467735
-256510363031710881
7482540084195850736
1894407432753675817
-7740687427481651413
1351667124646865051
5838405625917046412
-1248244691978615888
3979382154991913697
7725104836288322755
1283904338202951219
8687264786396603024
1284651168792487518
7957583569862681457
-6387071359242691105
5257419573404316867
-4904460806010546699
-190513854790097014
2738415392672899778
7602825234045909599
-7046030874791870605
-8586109063889129948
6811678668170192236
4145342755290857764
-8757150583242523124
-2511142610665792311
8986024337863402242
5497391899286113824
1185498013053930628
-3544866218123317441
328261544080924215
-4507445964051297098
4468362657154652731
1404821661051446747
-1635653053059468640
8720962316064715183
7233258636057734871
-4733932015208710846
-5394319025998501704
-527801677675122724
-2414561113448358980
8661727635832675155
-3444816761946911117
-3290175730596751013
4735754124274929336
-1366531096179033123
-6873609026288215496
7449429105452476426
5593121454895158467
-9132247216980494520
-7221947025862352022
884267242770846903
-1526757885992576991
-6358414914321558372
5994256860490893578
791662230746304204
-4633413623238098579
2121347529418333581
100235171061148375
7407950651913639197
-6488387795025960747
-4001257319334845630
-2445740680184008977
5724485163832329136
-6353473214444789761
4015922595318678379
-6630888490943424488
6704348478750618945
4221681903645908416
-8636386356944655728
1497561100030319678
-3058680762850989562
6890040456661490736
-6173780589066611564
-1452203408620362425
-7026035327056049754
8742949070780067469
491319507946672030
6370263055051251891
3962743220948087819
-2514222051839880531
-1448112096801455400
-4292796408811629698
8045517147787150272
-1713809051706827409
2661940362256140979
-6970977773021523882
-4595950345895489457
6656050302043246063
-963825753406064690
9058733995133982304
-4554996276336179621
3817767743219922738
6136944156771422004
4483833155255698765
-4458385104739715317
8614924494920685750
795337856470816963
-1816875833906632837
-4187204221116639245
-6301658784818899221
2419114276178504500
6414908331060920637
3850001981966563525
6834259028921354071
-3568931948883973568
4049533432577129194
-1283076646844515535
-8731681471470036266
-5339350338137623983
9147800139273675100
-7670852011553778618
8838829771482867655
-7470227500476159824
-1078176264188278393
-8710863173090421135
4695187885968122222
6290243517010930722
87000485520282043
-5807876304806486408
4639735185541273597
-4119835934931779587
7655697679544287704
-5590741021154609540
4643054343021004515
-3302046561520011546
-5002639390184687755
-3381505452726641098
-1482651729981780894
8679688690920223543
2610589497520844901
-5707744052929069071
2067888611665773803
-3784790738713957412
2878354452004418927
-3442991216163990195
7584579810375689982
-6735172623116383649
983353657200825456
6600982609283431617
87406129116956015
901650839196196198
-7556582410284762905
-203327202415266954
-3330879738917131720
-2799335919317887883
-8758761823021634268
-6579900888308169591
-3457837131632437017
5413604811461840641
-6640728991774435059
-1811731729217147546
2516674448688522116
-4301741404095301348
-7666865543939614205
-5304538216511064847
-5510202317849354676
3762631301411779169
-2075236101802438443
-373657409552846892
4370746368049886614
4621308473624668016
-8166361617394813885
2790042143804204261
7428031603266526650
612518679633954814
-4103472450782792659
5952375198859808129
5890551399564832393
295097637386407848
-4809772189965605800
1441408567944436169
-4132724381294639927
-7211689682259989738
-5405106671250146305
6626149697117024560
8338143639782033040
6711841344422717450
-1437287350209658145
-2505423460611311500
473470106681181767
-3540479271818216518
-1675457935545222863
4359353633274483774
-3537770967309292411
-5504501662299108675
7624513518096423028
7377628237107194445
-3665929580626056383
-2968292941037131286
-5259752488022548681
5391338984985558197
-1507455294430083009
-7098673581033154457
-6842949851824887483
-7151511605460177329
4277710012667194668
6100388643500206029
-7458114413496331899
3194425016894962892
-256813343585196475
-1164970410133953934
-1943595463607612273
6451868635143190124
323555753912876163
4881855787215927130
1121846783650326412
3862216462332293909
1634421273605784250
1780523879258886807
7962589029665418649
-1516193443145794114
-2878232405020530809
-2066222866328771084
-7535385285340601815
1471381627410141601
575785675204460
2836067101199391231
-6591228688667094604
3263319982624043656
-254737774010559731
-4751905573876746312
6152782886422998831
8154506827237831705
6992113314898757758
-6010621924846952097
6848107037336124680
3612757078429888337
8981710311535148745
1529560075152705375
6260555409212227506
-3901622295534156309
3372010388654353792
1556017579037543866
-7749888644516650985
1174208079664126250
-3053680353287298875
-3643623219465139109
8613313287194644771
-1875337901649866268
1432709331676527891
7145174530105331082
-7915681064005681529
3810511748575745057
-3321591225249379155
-4259287150014375975
-2988709718020906411
3169580324612842559
114419533595981146
-1200606700398945279
-4749770641835232205
-8538572873398282723
-3729577477344700171
6239615240269830316
6568415103212818377
-6963594837978551948
3752837255786892676
-4702911048579479857
-4343313583800629851
-6788897390025272745
6480651018611614549
-3956591068378008967
2622462506403625678
-1473371822335464636
-1789273087289535727
-5974125016881090039
-1062087562155050201
-4795329925400594447
-7384590562456976642
5502179048900119149
8846912426822265638
-8672875714903629885
8986105959704860181
6290090808922872603
-6344011928942822176
-7885704726401626000
7967101914666958213
-3783699365894588756
8054326090351023489
4989121707453091405
-21787389848440910
-6010278118755478607
4853393891941106027
6737352871763669330
-6719617733243465616
-1308432979548110054
51042336636237084
-3528242890276816413
-7338183392081384342
-4625509224835999540
-2658969303341672351
-3968216802530967884
1597820250301764300
-2185961518703750863
-7154802069754394567
-7378613476302088079
7368397604598499855
-6813222784344451994
-4589371912903386959
-1200566424132977920
-3240676815488018460
3480434328612392868
7001213816304035796
3632471317850690457
-5249320338654851691
-1823030969361449576
-3468231229455714215
-3700053923863568929
-661800968874628350
-8035307684215435238
1929728715430091602
-4848291878573573290
-1328948794279403048
6576618973528109440
7157918731878665633
-6506477455738260186
-3190608536580385353
-102109615874161237
8223588704615449279
6107021748572028853
-5067572603566212846
5117379999964999484
-2916388660327033346
4644905398986775324
-267829956401805703
6648077527721233163
-7597957549699033943
3157644779243669628
-8564767140769386079
-6319320936365669465
-4608705453106365685
6428270349468816946
-4392784058451982829
6682592938162541922
-299125161636595661
7151843243854168623
2761686615991664027
-8692761108921435472
6168936003307451619
-1329351687479149322
465168514848309911
600279756464915187
-1169048359819704014
7912633864770057256
-4405385956297388068
3796589066538305357
4280518656902432842
-2723312110153794683
-17272478567909228
7990721997344468082
7796629262607447311
7273126157807651949
1339391428897521328
8423392142935680654
-725813166878004187
-7273632275300230174
3012413499165511002
2222850490053074697
-5443115360514650489
-8732244522919894669
1495635463776390653
317179127029508711
2450794905185663450
-716508599808745319
4547090362712866526
1021576379407798429
7731439324730404717
-2810245407188420919
-5423641178675296718
-2738422457086204905
3946097982415087752
6372662696704220492
-867189411989242560
9072716875649406696
-3241181000730988937
-4183766477319620066
-6125135262883236932
-6773834158248799887
6092361523941283877
-381709077711106430
-1243131900219444274
-6932793953604726908
-7296423835060155764
8474153916532769042
5536185795062419306
-5567934433945635176
-5116125970684872814
-1452694244728995523
-5437435142832866143
1806654855278777647
7115373117590360957
-4046519399535089182
288163427569586326
-7574653080762698755
7329870052460922269
-3505416064391173764
6911749352132647710
-3041979520444164594
-5671081441630222151
4109616836536499133
3493783239766708209
-4514955825773516946
758336140630601269
-1315117459832843458
-3380023242119894214
-425212376150646880
-5690002514248121598
-3867270293842913441
-2790299592620501519
-8224592308006159277
-8709906245262262642
-1904499691857825340
-7132589531607476191
-4795656788569060757
-3338081539551544547
-6270406837710293800
-3744268043004406079
-7690239522756731807
-5529796897302632776
7291429484908856437
711133560405235661
8250693927800141833
-4960762844746518154
1265504258683387485
1333141093142098076
-6432339496218392087
-524383251693298843
-2890598386164781201
-3126654890993584117
-456976011463188971
-7366356924418325195
-3268488494190751734
5426370191178952323
1992449638881451018
-5431555743458320280
-6571103143889940785
-2001097612580188256
-3276274943996968969
-5863831625863204315
3803406566040979430
-4288112817769865225
7235769701843520566
-8676550050016447326
-5817130063856821348
2652892485208973477
-995889991619890822
-2127962605884312033
-5356583257051324182
-5063237400820802625
-2543484288645130186
4454443265070108185
-1171233627464385322
-7426250758737493645
-1382220663662936360
-800907525445448715
-4609536586474732691
1888258641681596359
3269214520030745557
-3520638609618825857
3986411671848320531
5275373777097765874
8472548164270382323
3593268397940760111
-7289856446103536378
-8219501919761818016
6473157186316942941
-2910362239278595077
5341041659087994842
-564426304351126642
7093516868583567143
8779850520003034645
2866707909484534470
-7680673843660007665
-112141057194988360
-1314277981425443436
-5823349889769960575
7608927675185450219
6764382379578283835
5088036357976442039
-4224471429936332513
-5250615977276870393
-2522084666183736799
4995891731059914174
-1534523261705757080
-3631590495476143058
1562054085205947229
1983537794062845896
3720842020927234187
-1222836784484176044
5188982925177032578
-6516409353174762233
1709536138771333481
2186813948271758231
-5705802357442243742
-5794281239401305859
-6300194309961399421
1793519145070347182
-2964459327125910108
-234697076438502444
5122688060081052266
-5843872865265579759
2014085047597094494
5752553890378885119
-2346714433572380376
1637523909900715145
5251881364695973656
-4699284584648666470
6673875042042608560
-1314549843175151990
1784087383077447
3762209220844949134
-3415078884289619021
7719155989965808428
4341118110544030784
2686838181914827068
-4103657518360950468
-2307223994501969271
-4770461995009362548
5147909349343500931
2814514423452804719
-2858886519217226318
-5565961239049870932
-5738495407326812655
-6419631353813162636
7152439029275819483
-5694886973086198450
-2244481679397355464
-6355853305430112386
6781814328598388
6466447586824080672
5487615550267798676
-6143202492533364646
-2104675070730801578
145867349070132132
-5452803131906766234
-2075566996485442517
-5745783307170934445
6561139797118029933
-9067455502181533431
7856046027727378349
-4584466545959649526
6704373365631578321
-7563756837362857713
-7288578201985248467
-7028894636196055559
-4952806763934241201
8205466168851118996
-4419973579809156004
6338707747727506339
8227198089416171470
7852710928689749706
-6060356656453292480
6185201940036415862
2595547082289444764
-7660224398280343844
7847708416027716820
-3000643247197475263
545464811063308351
-7931100395003147725
2306392605818170737
-6938708104388308631
-8642557658266766455
-4143149568460055936
-8265338938514769170
-3506893499454637595
6183410051418821823
-2930219377446041215
7742865295074703606
223064621146359992
-1886154364345367731
-8653251282317093324
2024970844929387284
-8931976035544401222
1694947422913351153
3672190599216658340
-5100800041894102213
9019234640381330283
3221634987072771414
-6451283727663831124
-7291120609441301561
-5048712235849460825
358734570391307150
7104669335488767987
-1680925477494050249
785687440960154940
6778069479217640806
-2176028641641832256
3287682234344836889
2863023230727439862
659117233053733592
-7394758326218459353
4848382544963799657
-2425942721955913168
-4018073454750482921
6745874151855296128
-698437950933951861
7465675758129769688
314787612294480168
8255383012451820442
3025845957276759515
4167966921764897140
66697821094118907
4807442872380033901
8483939152821310000
-9204644441085713872
3287648319598131269
-4007481548385641341
4132353215610190975
3643302912877070567
-8771557795156299524
3703123205851847629
789312910728672948
6278836632136162862
9016513245981877764
-6704336724587631895
-6811046032778362689
2291731569092941234
8920595402616990496
-2560268626425515414
2621963362663586651
-419420725535295454
-6288221452582655417
3306524553472282024
8251309502208751379
-703783991036638926
6446559297833060145
-6900589509757088336
-446026901184550339
-5799370360474825106
4863223036827117580
5554627657003431873
4252475225396077927
-6247935189603005124
4894512583597443828
-2269122779532755645
7505530398204171161
1908137570700737796
5014002840345161392
-4995975774621134761
5895277256742545674
-6645445335259593981
3144662710584895541
-7019898162291111130
6160535334357190736
4124486640827825213
6799313609914357731
-5828821558689171808
8127034805665439308
9154442780005147525
7075109123960635072
6739639131553317240
-7925225311949199936
-233772719886723613
642455436258664583
2746537454825475917
-6697080683951083931
-3746111597796835595
1737184582313521769
-4630174618971899085
3728843923027726620
3715530029397141720
-3430214742861191439
333122652011411945
-7285968789737009156
-3773246152867164761
8278347698353624146
6529935814715718854
-564777945248110127
4523630652734893728
-1151652724466729359
5475129778194159101
-7327232564569925972
7523825774019417253
7742313319258679334
6615375488686089825
4917705768810268461
7047814537191613571
-6324657286169679940
-211022895892723801
1514037305288508863
-5750098998836831024
-2494795326386977969
-6155961792495988364
2875540277691950205
-7310022839044584090
8767728362148629394
-6524629257015262898
8083127388073943776
5886559994406778867
-4740091994112075756
455654728797745951
3763497266431108197
7899718193021699071
7063535870235933646
-7930817185263709868
8212186824256793860
5037621864229724175
-3869908374562725634
671348800144694778
3938651179525769216
1799526899317309122
8627390312676357369
7051858710310547489
-6640976099045374864
2682481023957458976
-4708986090001523843
7804808864383663556
-3577959385944445440
-6993928522814352089
-795871732623408062
-885830247305425193
8989877342209642903
-8565139315302113158
-557672495963711579
-7865216549272399953
365893076152259005
-7588776355293821647
-1821199812945654046
2975969972952301039
6174559834550652903
2785194451285628093
-5042315696706183921
8899918176960820225
-7110507617008783254
2349353678731831798
-1203703906686741753
-7158021220946898828
1611538600966358964
7241714634356779244
5297836520900364565
4806107263470736551
8036415448299411345
-4791163547197630918
247863517561169500
-7221349012270602090
5600660047784820054
-4366458311452189045
146070255864858275
-231751359921929822
-3451262359273402679
-7484978940985318455
3303093867450723616
3492373604302749580
-8299207920713934165
1059256967723239807
-8685769906356023574
358837321401978695
-4860012244705471052
-1556774694479398953
-8430228559822408812
-7797275235069830265
-6156404859998371866
6705990570916995946
3187964614602276520
4501431735650878982
-1211981581893107632
-7191362529245752933
6832462888606011496
8283221814628536298
8297261988353929545
-9057864589674837809
-354171861124023869
-7826231339236099124
-993059493610091013
4353925456014536489
-2377658185674071550
1809802233088326793
7350594785276228745
5486817587487935416
3797951345990151338
5530724254911497768
-4963345034363721280
80732425272204220
-5551243410310174991
6514079034395515966
-7290343780419204861
3462085433384475254
-1094269845927266993
-1435014442639062085
2154710832339535339
-5540455590239143000
4121699567098998489
1091690896678146900
-8596114187887513167
5246741687995124964
-1050659305809332264
8082558671327394975
8650039125609036524
3674569252098620343
-450665869755954778
4212104263143833394
5631227011860549156
-3256652120727996355
-4539268523360787690
-7804981491000091082
5399482450015292611
9039528153642679850
-8407425519685231040
-2845938243711910860
-7238892531320985155
-4715581813908250992
-1215583124844755426
-5635783813191544159
2204392049515297520
-6879835083806250202
2579793754202367525
4719914830986468286
9008848972808626757
-299439705061387363
-1592835916600615691
6996406662545072461
-5339029958274617601
-8722687081844247696
-4594346047598190681
150404405110866628
7367998588519924670
7655833777580046938
4479373222833172498
-8940714995400838480
5689920116473610345
6619833479750948272
-2416097383055828477
4880859373780784524
-8890709248877859617
3919275152891975073
5384953765934983718
5114437790401400255
-1213499300884199743
-8389574251497136778
-5223189136272271280
7270084172232911594
-9049698479590020467
4333267850045551493
-8522256265783243769
-8787065773137720745
3044023684760753147
-2928112854954206641
6612797529967090941
4022862088529130350
-4380407201282293389
3681139077680701857
-4169627779150691612
-2405130874548802557
4638798825097212747
4296315639807588651
-8288708737788815158
-3938067849045033648
-5291748369731327383
-1318049609914560663
7180945112332234257
3905487107071032381
-220590170395822024
-6997046409048177249
-6035251987835572155
-8693075893337136037
6858170583420008054
-2650842234253725620
-262014383222958822
-4462217387738870779
-8460515570090963158
-4049294835756912746
-8703072465520661891
-2512983620399909937
1222161599390811038
8010378460762574781
7227268088286046601
3003613120715607249
-2621478783919093458
8513562822935630931
1890918387641094320
7681741539197303271
-3239928088396813019
-8430381754978821025
-8806851435978317776
3108259864489789331
-8879874039175755548
4933580014827807782
-8874832657223628097
3967260852893256732
-6297404623578481472
650144262062892547
-8074257216935503165
3753213003290307996
-8042308078149294521
3327908084054242621
3427298419804636465
-7005727519478582048
3750950704459874237
-7601061876788272954
989559198814769483
6487814294225243382
-6621421874560469486
4876032383930458174
-4847240732666881521
-2711220581409494637
-946100367217610988
215894190402566358
-4494820404972738680
2998828702350699656
-2045503151850465454
4492131500200701114
-1034240532301744605
7121670807804147353
-4867279706571233929
84301501273122375
-238805043358961803
-6062157877630190624
-8016097493057387961
-1823725404004916422
-2036745915808366674
-84358002214712
8636365830511933213
714032754576224490
-4056213378647920146
186439392619948477
-301095689936011629
-7385083016104184259
-507387244653836560
2565902694587669049
-4612819984406635133
80546398557466016
-1973819436581934621
-320127302147776782
-846053826606819933
-8140340614690927338
2964716316472458910
554388946024296594
9078824420822127078
-8737375992158326933
3158756519013231116
-2361432337948081711
4743869151667688613
-8137107927840641847
-4626741193299540059
-6066767696291470412
-6491503709510392006
2250727217357171155
-106906501683426808
-8755580277672253905
1699206332212680306
-8331992406063025644
8811818712519299768
-4939406672259444170
-8813151364415990669
7853035205650057994
92719665907533429
2351955058401857559
-3807844172707335162
-9113030716741780199
4307486954895679374
2645741964091189788
-3706925529099424871
7918826965490760887
-4453147275330902976
-8186494545522250308
-711323398414525109
953352807561071422
1577026940844070770
-7942409724559201794
4862118069362455334
-5664841311170426860
5569614483783415526
-352195538112504013
7733142356791124673
-3188968846886689138
3870858681532819875
-7379140723069513328
2807153139896041164
7602757001460080502
-4194345485187762850
-8896695381117656085
-4516059877469582353
3830975050773815874
-7587190067933865467
6656920510297639426
-5665276949575173054
-5889769363476603181
-5070741733547120759
-6663055861461465055
7810936939314585401
1286860725189902364
-6437873795797467404
2626926373764057036
226126897746773504
-5458979966926044891
673824061637283398
-3641525259119668030
-1695865200023945297
5486531710931299163
-9017513638141672310
9094344922475065411
4508659075276990026
-8788737765895499986
-7204772359037344425
-4683808993495844572
2927959131318672686
6790130377660690231
-4467708313381422111
1099873683774587688
-237918344839895749
-2398617672635718821
-1218750033712427312
-1464270927735843595
3533178314857037559
-3074350042622065212
-1273929128093479702
1665966413847758316
-8387520391724208677
-9189886686004314750
-5109541613393647103
-1854729685401835026
-1206792300667850981
-7902585149017691232
6164948576712479720
-5858865363802776526
8088443182963817
6374774656543300279
1236196417588579433
8423205091110302714
-7884822253803690135
6485249958880834184
658201181002244701
-5669415303158463875
-6994131057202212235
6511040946553928828
8474187446210480824
-3536114758184598338
-6238257019211628134
-1426023059600546349
-4681823397690127195
2797343659537976259
-1182651441329583850
-9074162989931372442
-5376631874300157255
4512805511561246824
-5247102221724655057
5777111773491781640
-6108134448473794286
-1083128131610737978
-3717753730015251578
1885847775335065237
-7584951851749540540
5617765764778736265
3955149654534116131
-1474219420710993389
-7149252475683455152
4439469580786811244
7610107793861812969
-8727376395011197341
-5337083693124220835
5925561672499924217
-6574693929838735024
-4837054183366539127
2910186952959440295
-5498292242160947356
-6702722614604305309
-8870049180014254265
-7706021233816785054
-5287104032902815120
-7383405922562530874
539494263920480528
-2617450970309886982
7848429385202244497
-3528883876708857923
5620459633043455718
2506478782754899049
-1039188784913616675
3678065507806342785
-7401062501438650749
3221458159841938186
4040255708361409300
3999411841365701393
-1982490065307414052
-1738579311450814011
5216327872847724526
-8502345005003534418
-2357061892729884468
1097372561907683955
6959236184110264914
2873646663298499162
-7512519573021250847
8331429012608567884
-7434631263518311864
5427473955122026529
3681166414722450928
7365955472326469755
6690881593703675080
4362704378430251671
-3731293125886518731
5221408780953319586
6493615401143325403
-3279353376126599041
-6701974829459226563
7190701751869920984
-1534199499827627924
-2359403199313637847
-9149813647646282109
7938621709788467385
-583204555918987691
5003478095713565102
-1103776317218977602
2411728393604937152
688689321824721801
6568548005963287373
8890815064477382312
-1060478219710519511
8228199030518540443
-5299811646590054667
2491889109963713606
-7310334074974767083
-8870546702230464227
-1530856047984051414
8037094011173448530
-8736035483945641281
6819812770808539967
2425472730750970969
-6998278839742917697
-4278480765630832507
-6629970594700195861
-756358381633030491
-4758729968717468302
-4096121692250780269
3020807909580301823
-175009847122261403
8689634682238618894
-7135421224288864425
-9088494960129543476
1161067926742702294
1565370645329347967
3008537320503662722
-5201779139279513982
5914164160042069301
6131172361570192465
-2114612156718766485
-6763777512984178304
6838879640096784522
-4238691456997486071
-3246543234215522268
5780988600070298382
7695740417453690881
-3669371331332720564
-5252154054112603694
-5718577098706596336
2668919521675120214
1027190749468163150
-4097079155146305711
-6446975235400797380
-6671870471847714566
8283599986437786932
284469350782352939
6202500029127436556
5321469993234741893
-1992380138425613799
7782034998361600810
-4842091983171583564
-1598212325414447439
5747888338422203620
2080923405698227034
-6208964021103662860
-6021453851720204746
-8035850703088839741
-3656155215712184266
8694916143180522215
4812860526312878684
-5323748249074368705
-4086160315312794478
-8262532503713240002
-6911898196413264297
-4185174499807755944
7282607861144510247
4719612420861640215
6240671544547949320
-3814330524694520604
-2367745242005743176
3952071757584322377
5522260640867909676
8178088274503271163
-3446002726695744194
4691395108350058953
5183051087369627084
-8525770959843663708
3482043240160748357
-6210069263478502152
3900145706369836221
-5660166323308173099
5906590436607820061
5888851330905854404
6738541226878657119
750409672260016766
5442642861315901221
-6813152609914960610
7839567096557299265
-871615646252940645
2352892923491250558
-2125117789119711517
-2981145708854134792
-1363700427905070567
6813472255850761931
8057047069129318988
3836434569266509378
-4633279538031523562
-8803876925038221304
2482764537984773585
-2350152894811080821
-6135001296777690877
-5834205619922799692
4860469711811401435
-237732827081669372
-8559198955779501151
-220622318566868248
-4178401793447375223
-849832789518713054
-8750424787981188117
-6414417793128049569
1112969470847446312
4127208544524919638
-310028487968834726
4239698186665204609
3913296242220632505
-6839771364665378749
8951268194894790483
1553102969432367327
-8544365841344954503
5983413467128244304
2606573414391918504
8359686088291173315
-4969011731185417175
-5127417705870053998
-660233938823087457
-1816690255862625962
8666358780753838773
2356065772500927215
-8332079706232512871
-1050063759931058094
-8785225188366827970
5890600195665685489
5958165876981979631
3954675782181365306
5637607475727776708
-2443481631341774880
-4127932862336287337
-5898939544321434326
-2827832724672011506
-6976206684441963543
6942617863514881153
-1455504060516673963
-5882775507964664280
-3010056760816352508
-366618226506681071
-7934295304920174847
-7002580895434877619
-538225804146501010
2444970257044930682
-4794112078847342223
2644854015461201506
521863187853829282
29365599213380594
1651065792244361100
-8892158191280766495
411397516875141477
-6133584864804481692
-3868107756055973910
-5925931072713587618
-5810373906228377167
6903697014818810480
-5965208016594993304
1746128959474298438
8863634401275746764
-9181937021400087346
-6218326251236500554
-803510984247228242
-8961823982836031647
1532504676810512040
2873723684116322875
2172093279670166324
992514901831268265
8714776171579761169
-3895475161386639769
-3024083753915028665
-3688911705894660780
4393732264906234772
-705175464976903519
6329076720766488189
8532887480526353378
7310666831475035335
8308095154267364526
-7268720127039328001
3998613433564604612
-3420890058999067313
-8291418926763622271
5887137369376335999
-7920326810533906442
102661788077387015
-3578701554874522905
8247146229739999870
610082944628033670
568745588114634260
7451959197493494486
-1669205025913971060
-1495653895048014050
597646926577689189
-3248967780774900540
8912088256640602674
-3498683419879150043
-7996494690552512546
-4822603860921389440
-5158796109983015414
8187927369476750454
-735014258048910682
6414553188067815978
7900400199211215892
-2435985279956750899
2917989956890435610
4869450806429292966
3069974876126723767
-6447904945654574143
-8937966153164062639
2504428286900958735
-5412366082724080434
-8899854541200274494
7934113866175040836
-943800223937103676
2747801849089544543
8366578789392438917
1161231981083403757
5502454275894262800
4550052141950713069
-2570551285982446199
4412676031970326195
-4525439903721018470
3353647064490337879
5071795863731054743
-3024306465880652368
-6026899590035083162
-6640077017272319918
-859414884224050319
-3101280145235278447
-3329815393503221946
8916455275772969025
-854523441398870220
8668474791872130897
8258378592410879338
-3172454374175444496
-1093412141272475126
-6164366295257576285
348370791434023399
8260856810170872193
-8621080096652109090
5707007603729009397
-1146678423903556021
-8079987888541517031
4428061442351003646
5037119925463102395
-4821352962459626065
-1011274877975562262
4640648651928985088
-7769643308877704067
6161914585773816477
-2156998019320698421
-4622156424477559631
3425213318187335086
7044604692095466011
2519243046369426839
1027791789956354868
7371994736652265575
-1786530165949750054
-5544700510391830675
7135685035545630334
-637771380827951854
4815747068201162705
-2752736422629862128
-4411037970622780132
1140400556506414586
3888963045821472160
6857242318091102478
-8212669933820055778
1522767635249477574
-1998529052121303973
3967667420909812105
-4252449759960484481
7087343109909421112
-9155207704196796106
-286055211318125842
5983669569694941521
2175413302237940300
3971155493012257239
-6838128409036307228
-1818375244833394671
5089817386514432157
-7371378201908188509
-3303307429406285065
-693168583617574196
-8183962879847506965
-686240838049238678
2574988738158819761
995252582448723424
-1179524149928068546
-2627257302870270433
1731280508964080342
5536348453647405997
-6636410160272600077
8438826845147681634
3577505801539775992
-9000410905574315253
116646476215495320
3254869098367347254
3929237119719196032
8629609145311991290
7005153582581248596
-827401326070688480
8169820097319977112
-7818858652203069438
-4868728153642184072
9102784342784081637
2325162900327883139
3350075588002104993
5209400456905036435
1901042847365901412
1082550140042056632
-8305303066093689977
5354932674903098664
38673898706398876
-7222187365065989626
7958547873679032015
1414024885787811310
-5886828512522206986
5782731698016489354
6469860233220573852
2483565627253340976
1263380155995427791
6874746356741273810
2236953015174946646
-665865253335094820
-8315777752286077138
-503996182004209824
-654040409852414215
8963375984843216824
-6429315357657438122
-8366120612443793484
-4825715104021771029
5817840713169684034
6060655168112919582
-9133388351001293333
8941156157342295996
-7699727017005797811
-481813051406560455
-4374468326561896969
2576619244438943631
3200543086525810416
8092179649395467688
4742355326538293803
-3569440379264866895
5166823808894303242
8181734964674059873
-6492210927566877257
3667746863089298412
5704835964642561636
2364591592759202514
2594148087449105719
-6020449528962206176
-5069371934098079329
3170955794296919741
-7326787060244126448
2633175833285643105
6444352557490629308
9110246316752757121
-3938936009185121243
-6442940066950640750
8702328077118921162
8954628688210104426
-2947841320099481018
-6399380715451752810
-465189642807681674
-8762014470665195402
8483592916880111359
-3802359799533417358
-7433002395500139087
7857749054734165183
2656345536849590386
-1285197583240762113
-8523487766079600996
-3313272204788278233
-6949981715844715717
3838026023798638872
7146355484317275336
-8881167297149313817
-5113336762621354923
4551391227540466939
5890316844186795540
-5142807215398543496
6457963669520937389
4543641563801910311
-2424719682645929687
9164491120340558605
4217994474940389834
8207909962438541729
-8281078360708542233
1710107824990512354
7589486567649393899
1086874377093426548
-1157511664668766653
-7628861971579431662
5113712037823582509
-5594638547109431978
-5598582258619248839
-1780864197984753692
5401065123649411445
7175391462465965885
-4316282286119104248
-1544539709009372329
-4845768568916622981
-3810209826658354083
1234173099088424141
-250642345206869035
-1449437586683211435
8402084032891311019
2841389314059080204
-577395674240302160
5142389877309943270
-5043515105090528481
-1595736083954041028
1378277668694525620
-6141988828931446140
-7492350719524444288
-353562767255102312
-385216080601749834
-6510704066930375851
-6291782522084912322
-4985488182813285216
8814263985507629610
2945495214811076951
8407963467048741333
-2921628454686222379
1101887566250376663
2125821637518607337
-5135821299802845923
1681235426156298451
-8689142561800861703
2992972610458692020
-810794643842430153
-647121046704711335
1914045786030510973
-7730175293536659217
7772387392774220740
8454923655628347067
-5264492622275534507
-4429686641551042727
231712807899765429
8564161621564903965
6449908764896566941
-5484618242695412408
-3907918349775451371
5201862718633000118
8236458220570659110
-2946283550176309661
4746440023418455065
2557895158122188979
-5005178441477262752
-192351084179867267
6059041765088501112
-9010335648104370494
-1612247688523061853
5746961362415083996
-3856495195368077973
4680876690058070318
-4886161813736097290
4129261545639687151
4790170554768546055
-1213207646814291515
-7606797747205232852
-4820805661565560062
-3501247641343737900
-8740489586168011998
4813868039503732931
-8912535150678808923
-4946738916983576241
7242527524386749724
-5076837718776549744
7788483128159015813
-6210728989230768511
-3642648987654981215
-7901285388824657788
-1391595884911110472
-7476878486221137883
8413291271427085276
2941094485316464021
139811812869645597
3095266158779294841
5221491044785784737
-342544736418561421
9060102374149350097
-5210867360290102931
8149610596983622917
-7598921523345287513
4645699131827949328
5321705483856547849
1508626594055536816
7821300637255306707
8110550010786213131
-6615608253010357267
-1641676564237138999
-4002305615212770963
532899667357184146
7782930297066723856
189946330883637601
-3765149034976426026
-4504277715745492515
4589720180916234623
-222898828579597641
-8177721435115922982
8968064686746396756
6847536809883103851
3764575725474681134
4347078894618854566
3745796672081287705
-1722457809156079559
5854961312107466128
-8503329882810548420
-5233320330464064106
-1351326542245892316
8222352056948606516
6009390068358009775
-5430617728086759562
2503174017974639559
-5790373625906786982
7365897911912078643
-6539528397158709619
7945370224841173324
-2131776510780014084
7921591903403263815
-2411302678291949475
6823870550324338925
-6165135030573113752
-7652938342188064151
-7115980577359804565
-7504486717365258991
2246052170162402942
-2310802392288035403
-635953861734289576
-7343997523502542824
-8830146546661310712
-8237839374096790113
-4314609323475812603
-7981027420305883222
1594718166775825071
7414742623605004472
-8786335053899117545
-5293298508976632673
-6861815002130811394
-6799813103782650888
5524117867342711654
3443799526734112831
-4578640583419113860
1787892513258461687
1309645328224656531
-3145889411475998257
-2772616871501298523
-5209912541134215105
-2980319760682819709
1639533498764927230
6258071869113842402
-9153406970464069938
-9116942481345934745
-7255762311013170844
678610689335543958
5705507227068014527
-2683760946419549844
-5273767949998899508
3486530363707390234
-7566601644566481827
970593470647481061
7634207267788433465
2558682704787716944
-5397393884653992825
-3066109386304930017
-5814744197764054691
-5456056607095814758
2816886445608666979
-905604381009632071
-7345637640087721590
3989149641203802348
1829590623897937425
3253081346815476235
-4234021961393472838
8623966703486112357
624325461506240461
-7558421069609016138
7842205201749401716
687086516266804459
-5360596055643974703
4269907897837227581
-7384755973309909767
7392030424303495141
6380807279810863816
8858097068351233065
-3261717517384479704
-2930404570629079264
5880837402226034069
2013898040772961378
3750732377751661760
7150200534200106713
8462009532866348892
-5074448221261564826
5574297107076495783
-4380512383953295967
-6841512391024695597
-6181721601389347125
521602264880042806
-3462715987071461910
-1616754336845533253
-8147065922605108138
4660282055301381942
6661415866293393191
2473528087307794311
483354959094213749
2370381670915842670
-1994405122246673867
-5826619035186617791
-7330429377246013039
-8219198438825972745
-6865307401071240778
-2066574353866926804
7601162012644791182
566646400834621391
-6925564473885160443
3633655418703751728
5545428107987645385
3099118782216066344
-497174911788442882
-652474527519509012
-8467688419250701790
-5317161413769787455
-794638452886192411
-2817337220859410407
5504364698689870822
-3636893149965165275
4685599657716583151
-6192553138937261505
727391288179378832
-1718706673333530569
-6320430744417866029
-1748735429451613783
6592704008480272571
5250637218073372500
-3966900192467996374
8456852441981401129
1263548117172755209
-585498166068582541
-5652841192212441419
2555281285093329958
-7901585980383163848
8065117377346614992
-4250032383652000059
-143494130378924117
-6926009477903444640
6034155551572152939
5929874670017154689
-4459577424891421948
-4042401958340325853
-4621674091675152825
8278370091241310683
1426122236493868614
2108894314092050953
5665338829605014195
-6227199339802807189
234509153590337455
-7252637151181122772
4208284041117021613
-8158528781109309624
-3072807540072665156
-7364789722107540932
3063144191313401345
5380019920112597075
-2414244222533667423
-3321343945211343659
3844976147478458481
-5755294492154542418
-3651833320707831576
-1585484783176075835
5631306826734950321
-4668639147188804315
7958381683727299630
565297993142511868
-4593478576770065592
-1854141802762288930
-7623151171026262176
-2073900855129148872
-8507097127981834808
-7675552382393951220
-2472913063812228328
-3248012652539210216
7636209119311410005
-5316462928877981070
3199373415194278917
1883649689896282611
1036335158553335260
-8592614234781003023
-4071970002298064786
-1971601633533664415
4242831046824796460
827542816433968112
336101037342048400
-6917306027644719535
3175131689124341639
6942485320317666173
-4595951364997818072
2079455014909062137
1156629809066983318
7428590476412403293
5690672104618229381
2294939682857549180
7698926420076394808
-3559304609097850058
-4878019020816606543
6164920290483492736
-4976478115642067805
-6727345282029274917
3784416997526756324
-3036984968944162142
8256756718047897425
-1474704722606238445
-8721371621715536456
-7457163496917335165
-6193610616590659897
5327922928265610274
-7562457804327894754
2109117879308868198
5001706006494689767
4988533581655805560
2753412676891567419
-6417571208385568233
-6333321318340436922
3208968908518183610
8594426106139418350
1253308433292996616
-3801074644574629050
-4513246721127354163
-3038814074918172124
-1190105469940019711
-822958740530897453
-1962507077609875258
5374724894449028302
-7362929273103594123
8881108590163860110
8813701788822908996
-1780103114309717022
3251343251263340077
-1054807136080988676
2407181437602018550
-7541986376609693057
-2670753060453488620
1542318543614714269
-6370659213007851558
-376873457850116385
553250652096753269
-4098880250486784092
-712527527824157447
6188941056378786044
-6286736068759187267
-6582090776555414039
6743788788199021306
472884377843009287
4690478115398808907
-7433759918970521550
-2891943292968558337
-7859672973178120944
-5116417775237471639
-4891510011334467889
-909264022968326437
1178422272027541910
-8418905299201579447
974968142478605115
-4804518070789058380
2274885969478547210
2019816907618554077
2802434627345822961
8451362595142560014
2075598726627868934
6070759190691848278
-1186760856850365556
-2311406131853937672
-6759220665106775848
-748964431823420834
166485112572682241
8174023265927817791
-3368262842665444659
-2722048117058431206
-477901973349289035
5770957578487445916
7052135092506865466
748494053554734990
7484317234556766496
-7755083442162187541
2876803900942093123
-8595430404311311400
4619127677656243917
-4315519473339607020
5223334398245272974
1013692121490077208
-2533995968887717356
-364190828234997211
-598642289712986175
4933538363651668253
1485188650546566748
7062315571843657421
-6447941314689761510
-2355669624323464390
4785291739573725881
-5604358776777674826
6728802224852523209
-4081488947486636373
3041998970953995330
462855232448577782
-7048210054243567113
-3072467693683719299
-8251332701269009237
-4473114559890413013
-2774627845608986394
-4480291337411168152
3665658373121225598
-2392815729419328750
6598193296770658469
-1233300773246310942
-3892185018699305960
8981999133630017906
6531506151194084037
2657809252291457749
8162726496455273771
2177374922094415139
249427746676905118
-5059495252600772589
1995591836326739607
-5320793570785083770
4565920723876264801
-4618380686160432366
-7779569419403499419
3755414370563983560
1604287949329279953
6021715120365561772
-3424113473258102709
5728504015666672232
3682775683062092006
-6679118908971402352
-7263361995338082468
3823120708603021275
-1972828617527913639
-7350989576366549460
5538900402963411275
-6885424534703355844
3348904017866885775
5908467627198405865
3012105421862018922
-2766076251643262675
4971016106022371193
3598645600364884628
6584183236781342489
1847988190930384240
2803617121737685948
1153125668895956173
-4270713186639840800
4653452516165681158
-3791864864273561138
-7566308494014394407
4761231522027050818
-1133974457615462437
-3245741941411829898
-1915992276537517592
-93907209913872113
8913606146389133731
4775504938009818761
565255988400988404
-6854398179379430620
-5299217020988049921
-1866918431900175180
4729713642228142243
-8818388731117292482
-2930905002314800404
-162864081451833625
3389889103527294424
-4314434703722690867
-51316045027277759
-5067904975448183305
4510064621749098118
-6212524954292018757
-5844786946897698486
3726145468296880334
3658058677960353916
89676238388553370
5254112920995294351
833329103284484836
-1480640829843631418
-2416374365117729836
5295273178573737396
-2230849535798249058
3932286977310367702
6165527168913545571
-8638949321521488124
5274935338457535544
8468802972265906757
-3595950278440227593
-17914510263365979
-3836602579110035326
-7099626511235395509
8266152708629490295
-7363015507642206972
-7502888623565967674
-3843703217607070968
7391461947934546599
2377324578892136457
-5575806465149966631
5971272603988790664
-1739672355606854510
202524561093047363
8305756253272691498
5239443401860262541
-4678015513861115965
9012709401886874363
4693393068428729007
8898124733909155549
4081102603798181983
1102209118194001742
-5288643420693304309
-2429027471198227855
1235278280248414569
-6282672336238216959
-2302289330127909672
3800578748211348843
-4282020778575990430
748414944881217524
-4821604443765223718
-3065314712385898052
-7144536572686948790
193751106237548516
-2655535407751405176
5439133299144656056
-4876996872514997597
6198017654136083074
751105559758258788
-181967486640554597
-691131178513446473
6651558582961469903
-820712775370570544
3201718778565457352
1912447177565643261
6754231740282416949
4229263050925208681
-1550327594319283289
-1172272031846134750
7966919072268359896
-4026227990323300272
1257279790572402784
7208792341826778841
7184610848690988371
-1634422713105020112
-1169148239482904200
398737462197817850
6611482303150368909
-954122429562945300
5371625411102497805
-8886553693155320275
-8067596519621026253
-2756139380769314898
-2882873014198113585
-3942643551367679595
-1378273621957015207
256243577459828656
-2626153335916024901
-2202079518868522750
-2360284385602999878
-7952729950499047766
-5731224577208908916
6752704133298502791
-2914992141752037928
8500695879450197083
-5742220495230657778
937878511247544125
-8347197620533005815
-1328333016382867505
1660551326148212165
6258068938069311790
230212611173810031
8335971151401940650
-2093079090935297155
-4260563889795401497
-6877909022040189614
708730523471641103
1177767048237270800
7342587152859915827
-8288330612135885415
-6300443968316746867
2641073545390458736
-3079709483735226574
-8051113361514975235
8958556102376537071
-3615532925986783472
-5850146453750122884
-1259051247665925782
-4030374260473950120
-6150001163900577867
617656685709822739
-8851690006692734421
-5806816517972240337
4552286462714855708
-8137479844008756593
3184630209329638873
3412021900467944255
6536344253135286748
6480394383989238499
-8246976483299474914
-3918596533804109641
-2947539800875623111
5124971405256254984
-7935359473749656261
9166480920725984267
8723301241430826953
1432892348196154018
2960633105015802008
-2760683716660647687
9038807636151786288
2598708871311399718
2586148235163859709
8313674619248986052
-5873670065473309542
-9084908949662254128
-4459989226586209073
-1023703327583247023
-4376176942715178169
-4068159702304223914
5031766855653613782
-8320958400586380145
8083069439601422986
-2781379162420778952
-6270674408888665609
-2481185204112999785
-6131205163373317838
-7725630536457351024
6005823949761075970
-1575610498771882199
8140817072480320738
-636958787450304685
-3761481879254161585
-1283666788545011570
-7656806652245617813
4216855006776227633
-1099552637789514789
-6750000715776173218
2086406230211020220
6166293810897122959
1110280079577250850
8111720128559279801
-5725966529408395074
-5897297336513957248
6288913176315691497
-25152534833327285
-2162646771954698711
4470734343571332597
2910467768489671778
1831801333872025948
7321721505746862221
2710009351915495334
1800299586142379552
898761609300705944
-8216760507941878297
-3805642947774383010
-8814790175345928890
-7440073843121898008
-1252917673527627128
3123152393470730673
304482141206869680
-7112217651883397651
6772120298543467035
-1374119164002650827
-2315344003921553012
3158996756803595238
1311358846837734477
1774713549296303221
-7970966944481288374
-6304743383682581125
3248399344065241810
2354565470809376816
-3165296535110351066
8658892904971463046
695001344777726649
6649542274807588586
5141861416679413921
8606614780413095895
-2227338433541496781
-5074875712491459741
1425118641897281021
7958680733531074000
-2678028391905697633
-6586185837831986940
-7035088427086313567
-80321707211290792
9141325260226501514
1469097958465374225
-6308453777263317933
-5398500532181176396
-3966452500637576440
9008760181705378276
1947346974340946639
-3943866074653423889
-7634915951871996943
6891539298264697114
-4295386247740621484
6433658087793401549
8221115119479813437
1329658568964422618
-6158269717199126545
1273625606860633113
-310935961522693285
3551221661760533439
-4213504440897366395
8956730965232209649
995620225797538034
-5309293493702333437
-5660698847018628653
-7498825830800720949
7729371438621472679
6884669224632321708
445699306962292495
-8179542714220361643
9169103511681059909
-1988562275970111198
6261902167456041709
-5712809752585523744
8208216042618741913
-7479363162921894101
3653797482078394488
-1107058838099311932
-65086668953336135
717901284349310110
-1892623781630209683
-4336833154808120055
781172793576462840
924408122887782669
739890809979070741
8288076743366256092
1641580521743604716
9142965659143058106
7497838688912321077
-917176808402840085
-1173514039386151924
1350470705829862291
-4379211556849846212
-3796956893873506417
-8415483437037609174
-5355664372393982172
4639020417722393265
-5841719103434051734
-8960203524677682235
-663742793415168256
350791219150505925
-1368827496643815830
-2847580251808417430
1283765921700376593
-4479862302284282782
-1907993012650116275
2708262383439357045
2035865472095318315
5166729303490445936
-8100282204967487229
77436852519664133
202615135121093007
-6490258964639072893
-177026663478285063
-4990880063824649031
4856415397486125177
-4351766302425617667
-2832517273193391538
-8476394127098184428
4796845398705027888
-7621549527007611185
-7493769538503880202
3820496620743824853
-2046334938735447681
-6328345498483595825
4555324634871499883
-8260219014258965951
-5769411418386247668
4703754756732258796
-7600343468510326501
5142247452960478945
4049834836114995672
-3851801673943877142
6960921025421454009
558600608685779441
-3768649240152916910
-1885736494999614330
1923303997986495738
-8440151859269613954
-3291592169652891823
-5918562803354601880
177608381888164802
2271098876175896678
3418473173059732803
3226932780256053243
-1250430339456078137
-3591783947233322538
-3612663408565498694
-4475261178344514835
6894021719140317374
-947999451522215290
1184070560521839430
1894566642459546987
-3962758228638467232
2807108459357414353
-8982168792570654001
-5849033396210164215
2244407208584643633
7894556716314442110
1139552861848110161
-1419185287532674822
-3868425012703966098
-9115169441639075980
8605459941823502807
-3257286492694021741
-907561085049820114
-5207158553786578090
8367093577398986733
-3576366183484458236
8222568557490925320
2684600656390812680
-4921396441991362582
3075277086355233990
-6885725690865994779
-4587478866284346979
3861870520841782719
7209644942151185225
3785593703921444382
8242408913853421533
1693646647242989239
-8547476897502442147
8257384182197297406
-2670183928709804769
-8081613986708242389
-3918334688831161097
-6421686916803201691
5548672528513795468
6577860379388319963
-5299826327869998807
6381713523907094829
-5839320279636357227
2677848152752861267
-7549897315287782990
6892797325345356216
-2117174405847973597
-2664581463340265674
-320828213957032691
-6237467678697466270
2030148503892641784
2926066578900780365
8779280275056222478
7823089303155296128
808388975886724213
5931458923588578475
-8801432989415167815
3597047332754392567
3767023381154796985
-6890488427701396640
-3298968334771352703
-6455432067255570054
3743518749970115102
-8909164729150929444
5549359828386450473
6206118689470157081
-1384190052553481307
-8968727705180877433
-897730113624752043
-8036437896908989794
-1574348197053632806
-4974117214591366546
4262476949137434921
6252526427312835584
-2816414516577158061
3090457430085308343
5042271392080578429
-3768104089083061559
4292656895563320443
569611780303978238
4675351519568994195
-483300702729000339
7387564607975138173
-1380999188408988931
9145887667449344129
-6672050825392584650
-4909729803633516292
3187533691807756117
-673430580002508264
2155152158895220289
-1679156130300901226
9170278011201533821
-1486589800559885878
6936230269922132248
6752123460489596825
-4740188858785636132
899108375012980306
-4662825651514431653
6967162363134703188
-3065019227598225979
-718731427231145616
-3528054518873496723
-6877609302981503489
-8438669027612292997
-416869631741476565
6578164064255864704
-279561434786592618
-5282906437254721710
9013630137916199571
-3815994739568105865
2461311526927685210
5567559511424329527
477145359713818348
8867132184262908292
-7115994952755929195
-8853931365288898768
-211946487188921414
2267183017228770673
-173634325929523712
-8414478283132657479
-8649456968230513049
-8802924187610106376
4142866431040307597
1274208574756672226
681544885449656449
-5004050120016452372
1915192771635441498
5977615300858943737
6964647307070496021
7790523520288590905
8486126744920427480
-6673570400816536949
-8349834969090353202
3117080736609161706
9131834079899416538
-8759177026179781998
-6692555728279756842
6213480963114831990
-5777322961407389679
-730550192533688419
-4833930139539983739
-8790934555929456295
-5011635999322791910
758553538699541048
6982513721462193742
-7127026005473748521
7489008842721554280
-5672879087721002798
1420499398979269271
8163212581128023970
7366283615318136441
541738518408123327
-1620148972765541174
4322522606255552663
3277724025592720005
-544023195156706412
-6534387766030823623
-2831397393671218934
5798512742598068370
7060627448475136468
-6901122200897329462
-5409987725700895439
7663125923597618141
5706838234875654591
727698471174253838
5631621076960479214
7593464625956631869
-6297812933997570523
-3494876980744566955
8494333722738736165
8775277634193890516
-3290046970336216741
5048775025600784265
2566213265035226562
8428029232189856602
-5671065798467676024
2987119269379993172
-2042090334370549522
-8494927233379585453
-2873707856805260509
-6240516387853574887
1502738865406591864
-3131343723007457384
-8500634677635492187
-3833169263930893383
-6811255319564175429
-9184632386089667380
2201257630430533855
-3401925691436107332
-8039957158517380062
20563697724929592
725931477281305694
-6551381642369061004
-7304151650516674481
700428838518012818
-3412253961688004938
-6036552745256740473
1771300878443440605
6341532890017851267
5324637554139899457
5605800764105264691
6391190792866919961
-4371616558259497297
8499989057232088324
-684219552731495899
4194437964728334253
5580674426147664222
5661116302628862928
714869270653254070
5853395516655127340
-8861172021909572715
-3018153670890893778
7787849418413145651
8020832387772390538
-7437845696878112985
1230432407790835706
8958878994571869851
-1011450332937793189
-2295844657716238994
-885745820672865522
3158340334630714137
-4136206007738553036
-7192381091471478395
8618935199158782630
5986647249466616926
-7341925606086101669
-5361132991481860124
1906595481661701092
-7898350483667871668
-2090451596325465899
4355225573219536301
-6051915146964641149
-5839903855155230786
-7710345238152645259
3566545844314153944
5941645681873045275
5278873431709028797
-6326190678971146760
-8064935997453631490
2028225474177958911
-376708713455448864
-8269252472304608125
-8849700553381095639
6101359508358252501
-6108644743610392563
4688188784133010017
-4884864945310909941
2699302197392821828
-6240900778063772902
-1233077370599235686
-6134869968732858427
-4680666734370767459
4037978807890684756
2534136119289831798
8714381876904583429
-227196003631815650
4641337477401605744
6366518845621204272
8648044963625626238
6848474214845932499
-3960879803557692049
-2127179151006742126
-5994957706808691213
6573568478503492316
703556433582631574
7978454942402577286
-4460805560080483769
5450029179160638072
-3037086545001495604
422454179487852240
373050282672288478
-5417494090051540961
-3433594410339403260
3687642924854828834
-7276240236425292667
4519742051350819289
-1239357246313483884
-8380120149532471543
-5844415591570439957
-2110227099415365336
3250077405313252448
-5845891505342243389
-4048195275794972330
8425962674272279879
2959028526844551481
-5674631559696889040
5654765485613310209
-2798582566801771122
-2511973472126274501
-13039996890266050
7854377371027755245
-5815302642363121544
5652695172001138060
-5659058239567748015
1003921871626071083
-7673546870846301020
750344989942546999
-5327736695457272390
7457115142434487001
-8000778839850684918
-643587735422869808
-4912970672928050155
-547323724501896813
3681330730429323806
-5522855418314410151
6308009014249975577
2823489420431389876
-6106273655298800921
-4444737103710398612
-2141244452479566679
1829959740662148059
-3852958951209619042
-3909191907341095585
-7703640633565336731
588854433056167862
-1130339072268521345
-2333332160453696453
-283348343814778614
-2000573697676604284
-7565597372332408724
4479908628830141607
-5981009552998257316
-6217327650895681576
6210251382076795116
-8557063089246534991
-7551375578922136098
-3462826856420589217
2943234015222746489
-6224231810480832249
-1626788134881291761
-7448078112738818792
-3326389541917787892
-7352126927460338580
-2361296281834359575
7803255802456470415
-6883860133194475459
3117036466445162966
-7352870596831287211
9056299056435527179
-5710563392420439070
53020967054736172
-4546607228832074924
3028869728905895216
5123177327827784375
5774907645317642022
-2623108364719372516
8344102616444103467
-7852082339686089743
3305830188661105161
-7197850544148346161
7596466554414250663
644282081220413024
-5924972977434136939
8631762431337974796
718993426647125750
8144474331871097885
-9118814434415507960
-6567287424008570776
8241028898752383899
-3777382715204983757
6801237586158075797
-3549322094491265226
1766835544396402643
8951112389026651271
-2946235316100623357
7505065820247632969
-300516809063132497
-8534595763327838306
3602748821030231238
-2028491530680193971
-749752074472628965
-7457836688797494407
-3358891154648599500
2554442178716726278
-1383276510668881015
2030342773300419666
9002288298629810399
-3763922378986315190
2189465185235177212
-3468915637919369303
-7774986930437308968
-3240996002920159054
6485772328163407874
6315118285069431046
4261887985798023964
1940964108806487538
9179095680746211106
4146862792651670866
708931312887138992
4815859848263714207
-7234139108130314875
-4478077054525055465
7918983178727387406
-3546733078292737981
3584879083770937200
-2076246851722525258
4805684988941523095
-5750778704960348243
-8577885330573821091
-3413444248873799559
1052408018392826652
8682022491625224476
-5883417900551624331
7524652981517233762
-4036417544964248917
-2211975995972443307
1125130570937291413
-769996475222532820
5526310634600602495
4937535830125590299
-8851833315325787050
-5393269790008086857
5503030228697543657
-6105786336908248795
-4700302481261637612
-4115491593468679838
-3003259915277112692
-7070123023072398442
-3005378882461885862
4654224568152967274
-413899338121535922
-3195924857215222197
2488599985252428311
5199906922492560626
9190293554472443399
-2033745613531477410
-8971927787870432273
5700350522459410984
-8283005706473002283
6035039568967821083
-8359239676844204238
7174008007351783252
8829745656861988639
-1895202676504463960
-1864721315760078797
1126622006402364482
1101550821128549490
2566560814567891040
-4253099987176166253
-5355850829783471
-4040807942577791069
1774216480337986080
2071946942895118388
8512082522762319250
8677957318078906918
4623842535728998698
-1817051155669230162
-8314643562336877813
1320949786546572384
-5943443236513576659
-909387835971254229
6744136582866934636
-8148083062396726220
807878735315952169
867738025890257339
5054772337833727858
-5533823113357276216
4534020733868072911
-3783386546807881902
-3277856133898927268
785889614342298981
933941915337141361
-1518216793362398517
-2347057071858179738
6884416908788356133
-3348753263803803249
8667309250004518272
-569727775511186264
-4052798983581670906
-2690723090103387780
7001168936007612712
-1008642836641704430
7590130635857314226
2119097771371573727
-6657009106715890391
2896163197179169754
-7432705523004387391
4374461199740141019
2762431837378703542
-990573826645354209
3139198645907519456
415780583672086154
1705426196160623933
3558653667323996771
-370622018123833842
6208805129344231128
-879165974907566876
-3521605753794275196
9010384623540454505
4076983056807239434
1234055006656589371
6052534308224491840
3335852717965250833
1219981338215409956
-4810460680491139047
7271718114353300630
7370190681473167026
-2967145109604324653
-5551522321648811494
7858261430034549643
-8477687457051094548
1627606430066643812
-2666458935375049811
6932172366544098315
2245485714556711178
1672567891888228241
-6227746628855944555
-557151313331445951
-2708130617713348111
-138286122185765980
614133404903871819
7338014053025195412
-6402119059942892255
-7320446665779015294
346040775335499031
-171111336012354160
6626963514100868637
-8101454793521278882
-4295334061741100470
-374152083226288406
-995468969839390361
5355824313906892272
7436309137780247283
-1542061462689765745
-6799255011250114203
16500963576671912
-3238152878437205128
7614352094329858971
-320045100503757627
8927540971343752034
9198962744551438829
-5805987235549439367
7010744152708312649
-2804972620243019763
-7000903426371111935
-6331949515586464187
-3191094812217800244
-5834262726943747610
-9042882229259027569
5384122131001525165
1211214544864053406
2116546508742872397
-3846799386476440357
-6654177306526296089
2213716938359188132
-3026677573380980713
-2029002219271765622
7104999538825766419
-5305887845486370463
6983714961568927856
1050410892326399007
5021590847742483482
-8274558417511706942
-7993550581769752754
7499794638526520298
113583110257103251
-1339619328473550154
6230280214144967683
-4004859026124206679
6722902107538850034
6654086740975987532
-2090122811410297351
-6057044184067660648
8821551136135001529
-5771976386969172476
7421474177658394155
-3256447088707268919
5835688875150324486
1153874495553108103
-1684166643465211892
-6841846847659133272
8349231840338002114
5054871574436967947
-5345503927339630709
-1705033541021945781
5897233438931069744
-6583526917588886651
-7361014302949896817
1959743235455068694
5080487103771395092
-7431880421600594591
-8621070405494358135
-5484405757015341429
793139284417919992
-7467691995451353198
8131009571052943964
-3197488175609294217
2833770341625253953
8693280594488907853
5313212834880322114
-2815608410084483014
-5085723313502528132
-302833487779690165
-8788637321797447636
-8209418022920145430
5604820641538404773
7454578409508080714
-2590413975628493480
6210316746043410432
-6546950936257028029
8574004746738492977
-4695513247835735901
-8951412422946996909
5474820838773880617
-5445415579422291376
-1695258931674776463
-3290615635992080155
8687948598027312511
422104349793994115
8328408807928817976
8550936941924297300
-9197803050083912791
-5947781398331720318
8862278426618565367
4885112251917890622
-3780525404879727018
6148715064700007136
-8162596379894316792
7877950532822621572
-6917266710197988220
4850758585383813392
-985781661596584124
-4174096599408599568
56312395073065751
7866675616355227977
349100788745402033
7430639495241502769
7838114009932605602
7242222084618047806
2845388340320046257
-2947375914005852145
-7281875324445546115
-6094257258984017429
6437642797516942825
4248975130839901515
2628794054493627679
-3100271566973383864
7831831310792590818
-7210595638454787144
5931804215537700163
-6187530421833315882
7924097679968613671
3540979441882706880
1587193629442825328
2084083440596820122
-4514929431153016724
5308466766900101724
-5906437492146456615
-8094739297592819451
6084073167075965487
-8207443977180764536
-7280375308649817620
-5835812122798212417
6113969801383757931
-5580014832197271795
8638369202362456967
-8537247012297763690
-7267119744062347480
3474977249855784270
-7178037004459048205
-3640878089229282603
-168334409567282284
-7521505088907015032
5865130788304862830
-6035171834364732727
-7237789392095517550
2496270238849022959
470292677422538933
632952182217750575
-7049701729122962185
8410876427215759615
13919384720287515
5368173048442501767
-7421227256346473311
4381015302852766999
2208190529055246946
-657175052267135818
-7888634001582590778
-3282388390236425018
-6799957432139142799
3071846219684432004
8066224592610059563
-8732358847055744100
-7963746198953938482
-6686804603220944250
-3694121615319136164
1985117930783101552
-229668519976466191
-7562052890381882946
1972803136058622323
8468275122414585191
-9099536326005724959
9584699289200200
7804429514168536427
-6217987469025292064
2912718874521319644
4354529721139622020
-8927725494156027386
-4561227313743083696
-27434963443935514
6292911926149678965
4762783793364171594
798315263697000454
3885063378674915257
-2214654858501581681
797033044786382826
-1795572954922665893
-802977160551257837
6336039943266841653
3142273312050786249
2253229108339425096
7000287525726368890
-7846924942607161351
2409716715440137403
-9200997184002341863
-4673559114279708928
8153939791210846406
7670051933535713691
-2524975570690816676
-5468474097935649233
-6864793019919271754
4409569476005744273
675764850131127877
-1167255010348838785
-8354690481396744307
-1244556614472304923
7848314233859648047
-5357368927494852167
247501047001373651
1978959806200340298
-7473896350977795627
-5899712309463397106
-4700488634619538613
1092238865697868067
3107917020599686808
6887443439852162526
1033821676069066268
-1744352290681520692
-8798490364317443435
5450933977687009523
7587136987855203192
-1561323387783448567
-1067494172817853918
-2977443415903662413
2462632058285245568
4864736604739616531
-4221013494938100269
5977671474294498257
3606861191173818521
-1330102528601187944
-1126723544978476888
-7850635391554818708
9027398376277818888
7596072099223241347
-7814751708118969064
4989345914801820098
-2641328716056128202
1683702774889985037
1675753639197443654
5280507841956597445
-7042200292172906773
6263223738430981731
4539932902969278914
5972686894654882368
-4420911202846210032
5770462478051957390
-1471376581439381250
8000850747404754264
-7145044821546523676
8030284542588006864
4078148667439987549
-6994999914198023947
-4231069446024529593
8450556377948693362
3117498996454229410
-7965572681696061415
5621202216507472793
8739747950923625866
8193953405355329367
-7386260106610924907
8838614981646203403
-7697280072308803225
-8209164512720043737
-877460217534475135
-5052696375598407310
279392240583692485
-7307733968335775801
3178122030830616779
8310417356432162851
-1187786802321296320
4074780580434138827
5858168892141782401
-5687754393180064117
-4184797943779263122
-5193629972614041917
2178480283204989585
4869482125581865259
-4521353490074880972
7772645677154651163
980504081701651344
6527297525414663069
-8225781398372600447
-3020652155784083764
-6069034347357954727
7474893761628042690
-7461512090786476277
6603482893584071185
-8524995874736631118
633159475802436389
-2503596468680817092
49880274381858279
1850496323443747518
-4184062765822659399
8966602176916546990
2002827296893616612
-7816486976381089572
1227111742498987650
6767490368080109921
7314907582635833243
6618613432798196372
5261923612519220153
774886938016957009
-1784811507541827273
-7489857831097195274
7764082495048932994
5567222344251165257
-7467311974627394112
-1100154603504657759
6284833206764801559
7984116789424792889
-7611077834649834930
2143668072014807297
4962928633384400525
-3270144687123248375
8383645367592773917
-15901194701434965
1766587480262709250
-6433180550675997075
7680567074973917447
1253535724781246976
9066463064722293461
-8539937402850288022
-1386978429171784064
-5988139687307592753
2671387057882521157
-3466569047514828236
-3501770180670105264
-6438460029795317235
-5994972665360387546
-1232664591909970552
-1199767868476124202
-7000017325533728846
-4903986145802577010
29612384463434770
-9024692353820208148
-6963613319423924872
-7874947922943152181
7994252501286286331
7310343836799061308
-4484209037719155311
5494386301118467636
2789182081257269825
5094486048148542943
-1609315993398174970
8685792250345306901
3498764881337836749
-719280773108157825
-5136530637272584570
4694377831096388735
-7184583616175466929
-8595843559554957505
-1640428369175647068
-5626602563110224535
3816693944718520742
3972372655930243075
4601603748133406509
4864050678172756106
-6950660077493114429
2447346205406807922
-5461886296488339835
4050216464340074666
8469654980000427213
-3792671763101249947
-6551896540176957246
7774847587859900749
-2124627636790538317
1147690962953746929
-4270252886057721247
8044412606593554961
782891822520109989
2632049472989535578
-8481541191905750312
-7885077283891238638
4225803724137962542
7103692157292428213
3419022231042939887
375944411284355405
6870036261408372994
1945841774584782129
4464312809241253154
-2750267881177191671
7759302289417164721
-4948120647235574902
-428363447386439686
5910253278804190429
2935486195439852841
6864651134220701879
-9129813292831065369
2058070580635493487
-1063074787968524942
8572605384515542782
-7895049975042850939
4646869457160771023
6302408186827668229
-1977546910036579431
1245399507842983970
1405135051734580643
-4390422758740835840
5669990790337328340
-161369620605280951
6918761318734370275
-7364042841055873242
-1614409018689587703
-2204638615123641923
-8125385641723808272
3858773902788675044
3954105446550353443
6832379613342266521
9222511411433113828
-426779019827444766
-6450471600934356622
-7871697317162588327
9088061093129079414
6686955472074126813
-6909405731399176880
3229294975954883809
833878759602904146
-1335171799708369364
-1445632789440997551
1956106065718563989
-3699595415608170199
8773971053894330138
3534228828435886284
4795614989297336659
6228934420329286514
-3651499403868850496
-464365920498487536
3631156631163673839
953773442840420342
7251592480426998843
5701910424382914159
4646889388287853888
-7635126805629017317
5303409876024457595
7531118969180953817
4105923398460290318
1339356886079361373
7513228452705852013
-2150396158015695342
-477031548541739493
680022403127437866
2127005746052227707
-6672249667454575301
6344881026430327928
1420002518635458699
3286327752041865801
1579042516704976960
1306619145679748762
-6157664007181629841
2332422082162215993
3775666234789832107
5985005072684659213
5804330079890895387
6687214076138487759
8436460326657242067
-7887682930049626610
8187459062740658397
-1008598765739592624
-3600577332008562187
4719752358171691339
-5007114423481595597
5837920769268052195
4008422023825563958
-6702087955285357247
-6725620196359294704
4858638975739795812
5872537972826299366
5174443867952693347
-5343789277030119738
-3124143394564777895
397763691466082796
-7930747225567945154
702345621378255114
-260172803050118025
-2868810828449323722
-4362977399777447902
-7344391022150036505
-7269177440150150169
4984406281020320230
-2137237660692779395
-1163683917170038436
3856896097746127472
79440104564356261
-8201680101933329208
-7734519612143259780
6151929765906111569
-778557005962952455
-2811163896549057327
375053447201229281
6689683919314432940
7409068206919316220
-2235513103980569583
9155722604642728353
327995197557696470
-4629670406711351997
8001422028712425522
4186435237997364354
-5485794839436920193
-8090556943965387100
7487672463200554980
8497897181148702333
-4017393059900457599
-2931911432157684615
-8211365164781614656
-6998241843932813634
-4532849448741534553
-7619804337166297417
4146826358091882173
8634460093002791262
-5693233869791463724
3816732636706412376
6876517173933882624
-2955645466311083988
578223076345245628
-5953600572732773294
-3554016707025023492
2059958151864828875
-671647675612213012
4194855895643177256
5843811405968470341
925916663045465707
-8587666361364270129
-455813285058247121
1210019217403711569
1057003121485650112
-7612331239172590849
-9180142840034208414
-8047866762052409011
-8495076830944354494
-2586510163207770039
-249281592990575088
796475243342530010
-3647953982962724022
-2965835295415518935
5695218370690827809
-2211083811762502814
-8652720777419895481
-2620319850381902027
-7744703531641527066
-4135169620807322701
-2181393035754413203
-2032877965255805076
7124817227413700795
-1181644171301568800
-1721952134588901541
-8514909116825904309
-3150458816936661118
5665800700555803351
-2846549064664270884
-5376555196751221338
406651428226358780
-7542821547456540745
-1879976344503978237
7664147887827479574
-1106825949750562450
-4815043740428358510
-972100995330444684
-6183046388050232198
-5665381033675936470
-2402376368838438655
-114294361328189823
9114848114800496418
-8649616025821857822
7146795644927571658
-5389174651753906759
8139558613917208588
288652711836308983
4094794490952076949
1910257535496583446
8310594374473500686
988834871045639706
-3550362906364046201
-123645982732708195
1799309501363094295
-8288620552627046910
-2646396466432065539
-109458403166702958
5802397060643494679
6220427972573864830
1832540137450161326
1381270201409035770
8869099234169656717
-8675413353428689710
-8664868519351737440
-8780714318666754035
-161422813496864042
-400017125719558035
4641873994804075623
-4829562222702970829
1946968213911753071
5279737086763533414
8335595062185490982
-2976282469843297066
-5046422257019174834
-9138829604146060516
-5002455686740571477
-1322461984242601304
4199587000950798328
1139575823771363992
5457477805304907788
-8681956506293987802
-8758646842910601129
1127669314514850688
7919232111715286071
5110042709879830380
-1199603348008713035
6364175844160053491
8358120738535852908
4895981783013341027
6402549795084195941
1917535821022787095
-1652776650268519601
112292056407266549
-3975045373059659568
-1242214545130670172
-1289151541459095901
-6636425254238413782
-3511462614333485197
962840363135823346
-2153972899449013153
-7629600160082902497
-1129508862222061743
-243982353602853245
-28942967802522140
-6205014629475748066
-54923029573870151
680109049896665761
-6709187059633468510
-1109896466203313192
-8699241075681066178
-2255497220256475344
-3346032648349904272
5986588203915653117
-1647015758685104059
5622327433401734200
-699106818910463463
-575824501038920556
-4427544912057073677
6192140655835917259
2379680552024075369
-6659164266377506312
7868602656827789561
-5861796785470704908
9057626132954067004
988044093824449654
-2548093310042509360
7282939528158191902
6404014723561966521
-627368844989922321
-3258613860312942538
-4861694932271584491
-5614097433706950864
-7915336430326505423
-8198336389022138273
3538356916114791923
-5672073090366535480
-9004545205410983421
3837573657949854279
7758809086898533749
-1592577022575468479
758746810511748519
-1536737935251235565
-499369163842096918
-2727764128358543317
4538229981559174999
2353426164183890686
-8747962872648523227
620335770239897624
-2710073448547840770
-2806988881236005758
-4403702568745392669
-4221117218229002949
3842871117465004010
3007944133837290802
6950953477859648255
-2137801738256321378
3062310550044594349
2603407778415128792
7031147127597091607
-231946544074598524
-5404396508385212038
-5042295210017144219
-2845105172198147238
8801806165344646060
3910888521679534711
6237502170734422823
-6572935347288967365
1324066202966302541
-2012619968725131605
-3732359191222832240
-1054164690323542632
-7404046146582005686
525724849217981525
6664641759833111441
-1144600383250185830
-2612145765934579484
-861772884149892151
-7761375534311978417
-3864417128014968313
-83580845800770896
1412017944057193623
-1680778889735994036
8385320702958043791
-2165003688795124887
-3965049599886061068
-2435190693864382249
7845811878768577536
-8995460938037151519
1173780400144582508
-1813735362756233160
3684447941986164145
-4813846118186845972
-3136863292408245945
3689157841395885008
-2228687172523232703
3045821099564910592
5170807035186335986
-152296277114773675
7269754794917623799
7751396979931096784
5836414404616008130
2425953326326033943
5338322052784148361
8167123866651689133
3211253385918259963
4866858751330585457
2002696488197499140
3079715713001276714
-256595256587204971
7728940969202416167
-7425694078782927947
-9041276622281027597
-5309818313077397274
6308781851237538293
-6121224455601796381
-5022081013884472006
8829228638612752266
-2591539116041471392
-1383290224282166980
-1107862435550225922
-2594700712802294100
6986621859762152822
2893081559543666165
-5932311156246894641
-776892131426543540
8516765251759565299
388541047503093585
4655000973003461889
1371425714940879784
-4142763123452894681
921625710547583205
-6399590548169655920
-3430938607918420568
6743013454376967027
764339170140516423
4296312938822033558
-4955188410875299492
-6115892449175413226
-4758426916336798175
-2575328165869286463
4486800282040764808
-7063116179932678909
3690029367662742434
-675459605642267089
6679948291483548868
1648153261889033687
6523529072446323712
6031581346835196837
-7483362563336815411
2551574597463599246
-5279725377242258808
7121836201495416384
750809995795445419
8232089235534732014
-6791145079715772673
-4879509999874195376
4046711713954007150
-6556374523024629949
3450766339848056530
3253362990967814480
8620376400637325179
-6694082786816536946
1442440243435306208
-1331553704585276513
-6985461633898383938
5635275532697524304
-2462319157085550266
5541524342822119047
-1538732199391620548
-1703447922044438113
6157722174659762168
630565774017940832
-1660392770878869247
-3751238544305638548
8505546996882004137
5640363117979110052
787087605877098776
2181948338597546837
-497407189098038516
7901134499660748392
-6876329673513236649
3367056707583781304
-2711045262651169759
-5983882682145566702
8034815517843184662
4549189235940785147
-3096414953730129580
5117576757745670039
-1655132311671889771
1849111530081764797
5208412268219085745
-633834985744440767
5750781568427530312
8259551050579263914
2045680881598626718
-8820789670804146044
8535684415626021372
6978015881236621148
-5510532228636703694
7954951076931963227
-7098593773550006140
-3362870248173822294
7975394543976146727
-5627532842151156404
-6441954902069820480
-504103305769969692
4188069124465596049
1252919153295704700
5918208013004442577
7391082873668320058
5257437073701230014
-8106160021927388646
2866609070189689521
-4637636357537272546
-3635494264932455905
8021325589767078492
4788247446663948950
5947940434351100439
2421682326582333955
-7777268445763141438
6858405266282096035
7214642844490088853
-2017136420434857410
-8637635900021098265
-3113178091400891501
7878394367146644537
4009077057067088156
-8370701226635834739
-2225474171091927941
-6948370122734350594
-8795222874121068478
-4718675864025556726
4028543166797521845
-6168668461050223811
-2863242969288454680
-3243176996280838478
-3794829484694509689
-1871384529773773669
-3007894425075179078
-1575939475618111037
-7283452398113637578
8403428447839262709
2982140350223041896
6118543155288059902
-6201941816842748022
-2890556532916889422
-7048809644075775450
-6928718135690314492
6189232925913652141
3263936424437347465
6725653839508430215
424360152617851155
5515197427802563346
-5203034227444877258
6906729081272234238
-8759703911004892046
8039152939861410569
-250556048055406733
-2270355444892912343
-4086116123955410886
4414658351767021978
2675938640720793186
5573888633026759520
-1075712505499886597
890021170200873758
-8459177109668115588
3206443060800589938
-5084343982871208601
-957720407678131319
3136812006695463531
-2731513794498370246
6972362726537915628
1509402916210438551
-8996088457904649940
-1276292097011837061
2208970146749769425
533497693295357518
3856372094760480209
7430905081188372034
-7047568328789385783
-8084228841182357645
8408529683576607955
-1666908632983176636
3811486116600617755
-5920530569227990030
4863843102657142789
7289797966834793614
1893509122424515610
8488417109497618060
1317831227028674507
5657862042703658582
9099689285106408780
1487870348458396113
-8721567731042556511
-7853131068023921866
3679119018387305909
7719808020585037237
3911772410652878769
-1209157660228645873
4984213683870598453
1617975804905510023
-6117997461640174691
3488896638899813477
8691611648713131358
-5990414677286043408
-6884805442864599127
-2210163017935884799
-3284433407709689434
3010150350320545860
-3526818993039955494
5422638121275815952
-4425980386158025366
2261569307749807280
-8291192166258707907
-8997080539622039271
-1383426175603040172
-7076681655798993815
-7549930076748645771
2233425420871941302
2453464213957722624
4643872229076682655
-4561133752839393865
658728965899105979
7049293688238699421
-4388795296223391483
5789632289998542865
1169816533882624042
177021882708491676
-4603381138081525454
6367901900819385132
-7987681989079098741
5476959605159216155
-4260922949689451013
4081773079157888477
-676295668047606855
6563638869152060285
8342677969938523906
4697576544824882363
-7256164975336676254
-628707632610560253
8275703707115215871
-5309023556467620859
-8573841072111993861
163203531851744491
6757134943965462796
-7052540123601298573
6434213756392564044
3859530976545012222
6205264346655363031
2814845653621584180
-614559922600654741
-4749740410901657717
747892910207188879
4645047303435839290
6466632894540902781
-3193115359966820947
7409834518765548867
7383298775936467622
5605675902844853972
-4088347005794388852
8725427307943428965
-3674198785477878878
-5659040002406215478
5367122285832310721
-5204969108438208904
543678502195161467
378205414232603462
-3754892320266804999
7932570663735266291
2247860110986011800
-3075730894336912875
562180007796431561
5887668128727485039
7023584206608829065
-7748759084480049684
8213124455315591049
3651284507337494200
-6753714154773631321
7773920675373812685
-4742675753917119196
-6586249735517797592
392042441300907528
5701142738213890603
-2565611344156827112
6598905108348935368
6361646041956587003
6587069462984281833
1289777037286017174
-996795332989468405
5524721768318099327
-6092109628715813935
4030815071074555235
6346582155647831666
-1628145922011025856
-857165972789782132
5470955134162709229
-1296486459560700340
-1888171167817333820
-7129364147791094757
7685080608115500431
-7374869740127782725
-6807522999595106865
-438209644775551207
-6044230198870854786
8900713442147834272
8689046762242981981
-5929602837161724477
4736110521014236937
-3972655934080805908
7209209293191907200
4245907024592472509
-1188827099327945802
6753307725327448463
6405849482569024106
5178072708874926707
5120201176340116027
6354410437955110404
-3862677533314274054
-3402179415662393290
-4344872548829276801
8554580143296808329
-5921519016409517356
-2551598734106111956
8853178156075003206
7531804212096289783
7618275290000998156
-4912837254199757426
899561268466666885
7270963001487210545
4502741883043387645
-6882203380107389960
-714376128594149124
-4598195511047629773
-4953668216240714730
-1585836086454746370
5330433105721190662
-4648649888371789275
7488856544311556919
8697819648576272824
774132103848403650
7154895329215923199
-2629749959245196329
1465285974178036294
-4767313278855222333
-6811307142808159391
1557082951755725506
4230754070021816070
-4803402701307336365
4667790899603281641
1479808944721141503
-1094541901149233902
-5530033077074335593
-6382193196025187970
8822694203456149961
-4934197673350065837
-1048839758111050553
2495046316756616032
8832328281626332497
-8268281807701667808
-5797219823621698767
-5250535993803712318
1691465611083667850
-6450721885712149520
-7195563976971313215
-3737349022604809974
-2858662907263921170
-5088580646029403679
6184960853523156996
6137159850858392028
1862024578027194192
-9076565208826345575
3864320066017015501
6537337085479447294
3803838428828389268
-3121299697557168881
5764958697932453474
-6632755226924334334
-7633319018607339807
1863992420881137706
-5165206270861321463
-331180105736396764
-5686933487389107437
7578798058172581423
-7232616354490881247
8943862812293371600
-7505797527274269875
2657790756533575286
-2501157757114341475
-1690159464859669959
-8517068079229901797
1371345364950186397
1304061019669474813
5823099717816549920
3391650011650841932
-772225890680018367
2907817562249350240
2166896406491718616
2815404573325999611
2666096288006578589
-3717560257127858039
6218222699364847549
-8869800455384835302
-798556184707470072
-7991154626511365208
1456719968810286672
-4214771074049323073
-5743335753666342826
-1192335091366494762
170113835785614953
3797834364459353023
-6883998234881011223
-8129419296358379681
5053023737913623986
6583239301245748972
7172329915364073910
3457737267402211364
-2306702772507118419
-7522924577229525127
-144828494475723793
3357984945033665885
-1177514906322075903
-6159821836365971093
-2362524034819711501
1643542601639293118
-6892287817820795367
602201961487668066
-2413780885432956777
7465670858783536520
-3709161987312331144
2654121646661399758
1747081188665516918
-7494148175856435000
-6304141970658095810
-2085848491063719031
-76790160422115383
-3597182780710745739
-6917813949609936363
8152886477550699133
-7471206474473485284
-2568749979776357064
2087931332812385630
1509293186064870896
2248525210841927605
654293626186233028
-7256153128388933598
-8665776035232611848
6767383060929845826
-1763883372359175391
11436805810454572
-2881722476475902711
5289621765237150793
-5883621885915173651
-3888093660499672459
-7544399040350320822
-7559413761218034695
994274511512876550
675907468141321307
-4892501663482247574
-7918226401668023699
-2870539673284110793
3150368569012336971
-3005566512525332589
-1364650858844666427
-5251855675950938615
6478714626588843762
7822259738481116408
-2895076471584230298
-1756188600001862362
6710265401451932055
5461977343866986283
-9031300761257580905
9090092047863102563
-3915814102572011018
2707379490635021178
-7290273951758460693
8510421558113625953
-6944107549191593754
1932987844436788900
7589853659061319405
6075609548422128421
-1800770347329273049
6278530475446707104
-4681565801365750329
-6048987424991955836
-5278957491840987869
1218559748833905175
5300266491962193756
-5054783616318447351
-5963886645944017199
-4782960112769660422
889349487918110863
7893771659468226621
-3082352560261024153
4128109168390942537
359062645645349077
2203463393714986936
-7057397616938549013
3872288607387294833
-5036604376868590644
-7521482989038828756
4017117982401763333
626597856650801207
-7200780433009027581
5479208200639968336
573736840001101216
-3207188917298132957
-7640849708145669804
-4767668192428881723
3994786123940662134
8561557208964069833
-4488487831044274824
-6595103682659155089
-4000779701158771178
-7073081320517257240
-7689407140883735443
6550099823048463024
6511891140207627452
-5045855648483395015
-4490829599735936488
-2097683472711033413
1451695550443220364
-206994939481975200
3728151723196443063
443307690149179149
8130961716020152404
-5623157119621125192
-5885123776333936581
2036252232159419212
-8266466034124138266
3061355809810858865
-6502781403741045355
-7157419111346143439
5397351671204074016
-7966504009013531672
-3410521208009665488
1682236430279478590
2032042374030038656
2859331959932465444
-7509687355566295514
8683089078564724665
4794450716079556679
2924035282049132148
6351992109526979116
2763335288282658395
-1329348881165527869
-7948224762595386975
1025202787921614224
8321679652033705109
-5824648066303748646
-5698409117740561563
-4170429180871464335
1571231252633582003
6776578001282462878
-5261343119490177651
-1617434711448648646
137385684489446975
-6184955560923016308
952742624488970514
-7745335126362527303
-3946854487056395717
-242251991657356638
4360630227394814750
1891750704554961909
-2518874876541510172
505031167901912598
3058815130424029717
9102419283693378286
-3565629782632673678
-7866440345833032117
-2887588170428905289
2279690710627096957
1778123906637491628
-5404167482385818970
-7431517408359851368
-2825995712297586483
-1509925112451930581
7851932076447196769
-6888566166855110008
-7203147663497114859
884321338180388686
-1607081327147749039
5046502792854154852
7216300704396859154
-3369007872029852918
-7301858207145521958
-442419591943223472
4047720496269307387
1437664186702578818
-3323531811077096538
33918995961100272
805457394410690271
-3126123799938449246
-6090278693711777228
-6268317924409394064
-7486626614950035991
7165271781284077974
7041972609388970139
-7187591276701600880
-9155001893263381623
-6702092777303255469
2820944978071404174
3841474708810732576
-514842977445740161
-8585634292551097885
7261482304425178622
6349832036153204990
3136313944593599713
-1445865604675770157
3435477329944664277
7639477034879776089
9156543836037550465
4352677916828163918
-2221308199232175641
7487152773872628316
3638629293964739006
4341191760944218023
2660591645416103417
2487912942722018658
4377713196127992207
-8569382027852764594
-5533082881773660714
-3921548837396898471
-3278231615162192714
4515757178367088731
8316635290604804205
-7114586482198819425
-7822498719274800096
-5546750636568318707
8956774709378999986
4016358153931761963
5880663398251717322
-8131066166308875995
-6432709472450411723
709681646936112015
8904516983243053904
4923294255566826016
2136903926559420350
1778427684130698826
1247426570528000396
3887813391774761971
670684215714327958
5011966742958618978
-1717291946599436504
3739275305402365290
-7399525171032315327
-8816149335297708062
2041246571808522483
-3951047437044203823
-139519226165440138
3483050122315491081
7669956820556870863
1718235379150435478
-2490995878504252567
3829390043999393526
-2585713805738829703
6009755222498896281
3184082252293274557
-8515195608762503107
-3504180417182342878
-402953358426430868
7025666651896783348
4825614257691256120
4677384089091116613
2860784318125467418
-2557649340901721235
-3316139732768973340
6456901198254090743
-6066862604232745797
-1526310462234934448
4595388833062731322
6344314218169828349
-893169994419534262
1310426929004503649
-6879301602775205177
8275221694981686705
9209984563851502163
1080517079813230415
7519420987521965500
-8590531842418994726
-2413624784295485619
3202429990296082977
-4270713687344609918
-4514685730629261476
6430760310975621168
6756706821743530147
1395246457985524107
-1762108868796285841
6407603957025747739
8524987168952693861
-2294484717220640598
2248926052635950733
-6102196188669667563
8665198039492851545
3227124747008712107
-8253561826136403706
6954564029436183650
-6759278881627369208
6480342020517736015
4410925741697824322
4637165564435518248
-3901774426584489198
-1837727480893208257
8830730247881062112
285965332425879883
6679741793477865803
3246371036629828380
-3154126282466668735
117220495007466681
-9107253295736471014
2487737900960516314
-2434342631089746214
8588815458272885988
-7493769925206796801
-601911716384369274
8234204484001013436
-734657970066955359
7973994805021574209
7357323643246715762
-8051159754362176090
7530894988003197729
6570606286241956284
-6108923969076279115
4316083270352064199
-366085058999275772
2201001179888704247
-8493703724183337758
1234233561541053205
208651245060608394
-7397374470124865757
-1826934615557200797
2716757195966064918
1828180407972354504
9146400005350336458
5482632161133652517
7881474116471335867
-453087574734662049
-599042517825771186
7036492647547399530
-5187849559237800895
-711786160971637219
-6075444199981310928
5332176056299206004
7119799503179064586
-4682870122264097290
-5732775803974614485
-1639595269674634726
-4341941787518176393
7978410968490789790
7202141460996541484
27326596938120899
2871603333402678403
1017121879136213440
4768723889363618211
-4345089696163262442
5528742822087131238
4074607934115802773
7346643046019428832
7321403593117174374
329039766088818679
5651429732410452415
-7153871950994819223
257376325799887314
-949035149230453039
-1014736640690311018
-832311719189756372
-5031470688793598970
8110450179454468155
-438787723276548974
-3400932598679354014
-783443289979153178
-7577035061087926256
-4193661890357647479
93359167849282559
-5898323213862916091
-5108985695808920065
2098060147328387
9212633055798582246
-4152715374465150451
-3948076856850066488
7320258508133790597
-1120171763725014563
-6640832298385198069
3204061581125444774
3683583769971592919
-1651741977965514584
-2234013157925273907
3524745537788219171
-6640273143178662946
400814567286730457
5888202618629260827
-6679293327710223356
-4461465784403469796
-6408754750878717976
390687126636878666
-6600431730455072183
-120145777120312669
6552057921825792856
-1209359033972184564
8270212883796520979
5742797657895640345
1591246067449082751
-8389798157980414390
5404928199074087968
2306538334394849319
4341990363203663566
-4647232390242040351
4018850067613277281
-6254306476626643379
-5759644380843101625
-6216222592346097162
3102597204958195314
5444445434030452988
-2742760912013973654
-4971309802655721253
3456372427106947482
-2306430346978459565
-3843454203464843651
-6125187800437266622
2495613248023018391
-5875825225805762210
-8843864868248637484
7416613824325725795
-3704649412122612234
5505718789405630360
5309170074798352507
5254172345271443887
-301687690097080681
9123453903614610834
4871617878384534029
4345569944932614904
-1872340400820280950
8223536129684449231
3467894864099007055
-7238230791623359683
8670120331132647434
-7850504756688037571
1788260443879193040
5701491400015838851
6334973712686783580
-5538403405837144337
-3590038417840318271
3876359581205562510
-4402561796061056038
-3952228499185779637
3041058436262091736
-322405086297235342
-3598599682081413666
6734937041353853513
-3053699303817603261
-6022054168561545537
4242037026036048152
-8765391232094919100
-6336083930591966637
6200051569810448997
1150351895745930341
-1236222681785565859
3700302049058677622
9167166275836708339
-2532907917558086212
-7819652338398653563
8122555596059274579
-7387778318524687044
3974136011800868399
-402023825979359855
-3510278349832455736
-1773812546949430780
-766011026191031012
-3212335307188739623
-884729171215230853
-8453716781119993358
-6743855397755871264
998893741603726081
7654098835372481894
-8580045014638344498
-6895200476301464936
-5854457592925624850
-5738557209798074685
7973078281901308477
-4205731262793551325
-8353098512506569584
-2454755963264942979
2986281767459997553
4542316301703502736
-8923709147694814484
-7942610242117372321
3787996409505590636
-2744787121490275027
-398120489794809467
5459440267026752199
5596134780737926369
2894562428122927589
-8818453004887697123
7132139235913873522
-8314520354089727707
8045431221452313338
-7964919774306889181
-820702554859378510
4447716320839074264
5499152359124766408
5440817120339007578
-4007938448875893443
-616849868494994029
-6911448131289801507
6808978394755036226
-2241733587809707732
1511797069057670974
3676976757384159971
3048451346386574189
2434986983619883414
5516654335672016248
-8674090468268027134
817320589154287907
5090264084991813290
7414696511936673827
-2057930078500982352
-2058160213195613070
-76254081154297340
3633048041099039325
-1657222860470901596
-8212248986397341262
8333496921905875084
4625874023141980287
2470462858116763227
-17906217095087348
4644847457799097052
3231167853302156950
-2631655791615720876
-5203836532148265910
12558266637367307
-7685211701080182510
3547958725547802256
-8724106438976133689
-1784753850152133845
5413040773936392643
-8340092969083149766
-8720274422486485589
4667228805369831756
5205837727416778327
3278633805892966626
7640431802084563317
-2752671416434742739
6403022302096207450
384195257284209680
2834649230905306562
-6007744067580207509
530701201598093233
-601254145207442276
8062417178361737578
-910322286828588072
32895946159918559
1807973808273706258
-5727980802036794408
4111597820669321218
8749261662723988439
-8744064384250880004
5601191722009081369
2484057870559853184
-4014824584108235924
-5612592662626585352
-8969250923454129506
-6828488464661146989
-8807473451956213897
1080368906993705037
4709598265377645276
9127713593088616598
-1939332811900080815
8773718350188168363
602698702772450684
99454814407350754
-3483746082888434435
4232379634312416924
2617174777145374562
-4712800220457966554
-561131270940677286
-5121773289371634732
-625011953342337778
-4579810449027151180
-4096716821532663129
3726061622161467203
-2928588188720530694
-1516187405936200958
3271362946714502204
-1865527563823084857
-4031510643587296131
-5977981129117393446
-4222550108029739817
732356136579913302
3331881717980196651
-8340848582550362657
-7756223748660343153
7490133416931819041
7841911758914165781
2173314323618771533
2821118363254714722
5825599175285348328
-8315155553631622036
-125316599884900015
-4605394657209405942
-3788290245516833009
3637600257337408746
-3909818792098787890
2622716113728417300
6663973814989275806
-59869929451582044
1624195497300922260
-8836906626387780116
7906378289048708963
-210586476015540928
-7635957545502157747
583554078638411624
-8003713038071621444
-6239982433522435680
-2252844566322840203
3650344289219170079
9043124917014746528
6739779260326559922
-5885562110102006938
2793119827519729462
-8758016462591603280
-1555751870172737594
6875744288926559753
3435956498090284009
3415449194184358914
-6315811308660497411
-1611803982081131037
-3753506757849269438
-3435486518617673651
4449552742288936666
-3228413406539635112
-2056676953667200262
7237484537695623921
7324851928498274968
-714630797111865410
-3412370909739607778
7512063445444443880
-4614360636791923430
2227012548672836963
6116320712632131212
6342059681425589959
-6708427118775969961
5985401692715207219
5904299675548391824
-4615262842627981760
2706961127646486626
5126348175049047836
6244795381072728729
4261342341137936783
5602448431578368142
1957043328975107547
5394829587059045859
5743478689745005116
7816880692390180482
2791005590321301694
1398478699001684760
-911928611896203918
-6856109878330793534
2956268326897683725
-4782194676656264369
-5742049102290249403
-1434470893800015857
-2732931707075126781
-3580141145072207796
-7837903050716492216
8631959253883828393
6595113387929931318
-2961083744627881315
6736154675597980725
-6054745502903137309
-3479715425648337266
7027762581783857291
3768731073881803698
4917349551135972296
7608758039052540179
108960512264541886
-1222213195251128683
-2744648479087861582
-3929494448997475837
1633845135728604791
-4324252060749168324
-1904933992411293057
-7530276072564592090
3805080439168678768
4146448361691088088
-7305941685080249525
4219088868229463766
3336340103527450362
4222301131075971425
-7784390051632160032
-1298683802827168705
-773408455299146910
6942443364806334598
5859359476739703684
-7691893282598712398
4319119174884348402
6241670833347927400
-1493918766279430652
2406432007711740841
-2895117359444386772
-7919961338778921560
-8782763826048319266
-1035491916703188713
-2387136905893146798
-8026259403254287920
4408723707133092441
-1587144717411545412
-1329700068055279268
-7001352555268706267
-6353448802085991878
4765066332026028713
7827444963487184955
-1935994262558468357
1750694081979616909
1243025216936941460
5195794070389055257
-5198186966546271265
-4916309184225874734
601587582892088453
-6763029393742041001
-5323900716286999843
-4001633390336066685
8819031851666763826
893439901813947604
-7261147230937613887
-1574173814079665147
-7230725229482111238
-3347978319433150022
5243057701628708051
-5003274648674439799
6605779384044257173
-5923370292235619160
4074140902916992359
-764846873403684120
1681368780340954638
-2283362322543382391
-5614084744280837618
-3408138092570920037
7518653601916596012
-9148029787383240154
-1449948231311914631
-3536885216157917408
-5840522143960947096
2361687461438496178
6889542786268559191
3636047553992624765
7864339604855772755
7334481038072147276
-3887806633821370971
-4258752860064795659
561048664275109762
-3649508175109203297
7220613917036114774
2038942982351342442
-4363891454359652170
-8481306518855882171
-810101750122782422
7051918681177955030
-6394578655727534911
45102004242577623
8015671493809762589
699193263190941818
7728664893487520379
2467134179611642676
-1535109794208934351
2550124097948860593
-4302093135334250526
5985985518114419319
-1904787840487499597
-9113539934740976271
878609356140678995
-2279097082991451445
-2937763135203975790
8754297368657433460
6345426107984714727
8928226069925532522
1662914475945782462
-7805540947382652113
-2923379870865842905
-8210317505638564371
-1621106066999830888
3647473329772278532
1101910083030832130
6640111295721913355
-961212957442246015
-3210906795275153264
-5531139060325414193
4443076803946352666
840608346858677507
7135611980309359716
2031085114167229770
-1153117681453104767
6502380570120603626
-3777172571049358867
-8694124535277769892
-2325145867940745071
-3621111833667465929
-6912575037264254360
-6581978257090567586
-2490751669686585804
-663033256465411933
-1435155307212473606
2988155717072785614
5748732882711975774
3807521128634443649
7834855621726579788
-7364126021025330701
533216335429617048
-2525864536901422088
2804363638990609004
-1087370244765236011
642043662376218354
8498634729074111221
-114114587665445050
-6367582658321056339
-2701158215825030957
8033991612247180084
7195964232889022005
-5239917261687614255
-2460576963213847732
6249511205678986959
6417793515602763535
-7335007235729617289
5347250317889382897
2160025011704879813
-7198658039687127178
-5275105238420265354
-6305123722829497374
-4117878760500158925
6192853841926438976
3795406284708350767
3373726421947272496
-8262095799012896388
-7916625743242087489
6331937219492267978
1062058213638370254
8162830699824844784
-5064942749906604871
-4340095622382469836
-5875924334101557600
-9092017931872206727
4889042804623164052
3121137828840520773
-2332238140496025527
4035143970809229710
428310614408071390
6353924467597453388
-608542740702654572
3198492032449258106
5028430673086225704
-5663026359470390429
8702121062729701788
4940739739369763239
-3558872663906851441
-591524839983946939
1461745129588423393
-1349163066848846965
7131754729579813472
744797166474498939
677743663111442643
-6283075854997039709
6890664850629755208
7494530504143208153
66382016799004197
-8414950797743179058
-5329223257692619282
-6162403411239270557
4562216556593056024
-5592373198009282563
-8682453853454532544
-8757441604961912943
-1485677116681786549
-5999178321797870519
-4788049726436738910
-7916871622475894625
-302470694921018855
2562212658815681950
-4812081087678873384
3578236074539864421
2390569015310968189
8980236110264617535
1154231735968436410
-3309250005626764268
-7469845103745998777
7508518397134350185
-451834719192962595
320071860060097156
5319775600351710268
3051653280769858958
-3144728240974365281
1560239187163255220
-4726317414800421383
2201042380043056387
-6379841348744796865
-6188092962028517521
-5022527679902866784
5046636384131831520
8132826097106431526
-626718296648986025
-2528275723004745669
687206948809067097
-1486414429637418876
6723472447840983724
7980666920228488367
-759488894541310947
-1624531466872171925
1255343659149579073
484265746072146738
-4963352118814390168
2108458922332156971
7189749376963476280
-6458266956673479839
6489180374055258811
-715054366798574455
4399393517227550514
5612430058604324265
-4430750938359658625
-4600631068932932073
-7210804608548201304
-3407854778245924836
-1548146534687486951
1494465221295745773
-4329583024561731997
6893080129449272306
-6889832620491781940
3080517841929132615
8693761858682160726
1378961653996841258
-8851328776903547451
5350261060814766556
-1948954573579193629
-8247401433607926230
4195943659696552598
-3633745115985343864
1321565257675524077
5082099815880820284
1352357899372642759
-5168050273893851173
6350553649397634789
-2537121941340908247
-8078491301938305040
-4104014247003997337
5314415869649119340
4169298269128869563
8127109761203307255
-612885944874342203
-8861947498726145468
8682183776012565800
-3834696178495969184
8529417844632395511
6048850966979636802
9092953688396843359
5935335892033881717
-4898955998780872942
-3003138647194123459
-777228738576685710
-2552702844440732390
-1460532186326841714
360717965415761507
-7908013165070138014
4869885213667913458
3349572626896208659
-4684856001590159574
5044952372194750843
2535384840762636847
5133639332155632194
-5526921039033975573
2073279234541535705
-7375916832417735033
-791974151093744135
-6519888239801745657
1918884594331791148
2320367930626713298
-2089257202001186213
-2488068274251444875
-3952744972419944334
933997375742592162
4273771245904591784
5334473592169917493
-4479520975674156882
5924537242390984993
-5795173544886087276
3644118241295621934
3452650412079075090
-8238425807638002497
-7827491755146763992
3741690617553821683
-5816530919748896307
-8093705965650272335
4017123312698117615
-7333985254569507607
470091561995357053
-7708320191666987394
-162811388204307195
7625004549715946529
-4451712381636368202
5551663199931665219
3582969244052325306
-8064021674020110238
1266030651617282016
2835418552888227239
5304169051591249805
-5039496420660287843
1660414115354120485
-2198623624691788766
7125971237974636021
8119755038882947087
8112990892705185675
1356747560984412982
8179348946128255799
2926719029870284467
3425862653332922816
-1233607201119297181
6838681307534139571
-2194938357858708819
-5341474739926489550
436014006534225704
-8768107171986303281
4021977714009643736
2108202788203438243
-4872528435096087804
-2880249778608061227
-8634136975270889675
5469182060570994274
-7802765442166644087
1699398987827943996
8978709457183958356
-3648039053245155790
8126799882523480538
6880851720756152755
9076566357046720019
-5198856007723633277
3751415288319183438
6478406172069614534
1928815192030382060
6966710706602563962
3034960070919846848
-6120805922628859758
8743945350652439525
1329090837775375844
7561989450270647126
-1597416653003331520
2580376569699638725
7887527755578175904
-3285417426342197104
-6412198547030797399
-924708947924460731
-4083851799234099592
4354393649079138737
-1965691360390571777
1514964312811919356
310775443433349193
-3502739732555415153
-6314330391339136048
2736389881929965273
6648405620645614974
-6984066654836180959
-3244728113488725502
-4760910996650088010
-8037839601341790965
1864048390094565741
8278784043223719295
1053235682810041102
6388041716398866343
3802490490279145820
3701046760304198419
-2115830184083957203
4865426310475118838
2785156729429008266
7685721931582006713
4796484138223198296
-5374580493150693579
-8198897112796799387
7119787606573446875
-4491285330401003078
1056775476728507049
9076556197202178064
-8098431626341536963
2215805599303812306
3312358537899779542
-4708002426659789086
-5810567500708132102
-3654396341015286916
-1670300101756999166
-8400509378368306816
6369717857092774725
-7718756502265332406
-5870127944396234829
4870020989841947843
1519862082149784786
3552293109610628479
2295805227764314833
3265737798655425695
9058799362511776922
-582418464069056740
-1833793966677271168
4511496465809115037
-3496529334598401141
-48557682647135554
-4254267313995320105
-2722442861984983713
995908072348494517
-1094218515729925068
8308990466568493633
569692092456001564
6190059118607735791
-6919931620119082099
2227433743471772672
3955340816257306007
-514031763371723649
-8086094132275196022
-8344634365301377132
4945414368189381823
-4429984617685417241
-9146637114526840196
9027529304719750069
7360873873458556389
-229818801618179771
-2420106088866906401
1205700073826701653
-4669907503462283179
1020538388044625851
3195183961901477471
3751048813050705650
-7295590004862769860
2756866929173860311
-6212405537475311091
9161354119227717503
-7324097178769269263
6711227710735940563
-6522039666403758885
-5743777106207527466
-8298683835328409789
3834576966493965103
-6601517917277489017
-2519383873118139819
-6333381110197938274
2265137735738430572
2194602089420518836
-6662740097104279243
-1691488401747250315
8965288927058852029
1709594760308749492
9116220523339770645
4254586243334506908
-4249323840155674122
4912833269822713138
-3782766860443352668
-3997155636951051423
3672716668397401803
-4849952329744257700
-5852692806328542925
-8447193330938632552
-4558963057957389972
2386047397553305011
-158857163320941744
9030918842017877538
-4026213605021152007
6116664974821234634
3848834610663671659
1300190790766003091
-3076433194130251804
-2594974327842263829
6940043085158563918
3844873427222261931
4383978067310303886
5864982182126867889
-6874424162907549987
4249909835745532985
-2995272584784301944
5272792225300278121
6795239996676679890
-909863383957669734
7743958992840797611
-1846490919471379442
6810705334914014752
7250491173535694401
-2014149313647914283
-491584861241105929
-9023738819752789819
-3888374565356268780
2444470309418967062
4831849468233619579
-417835891038651279
-5042890445025806817
-5231423807572110088
-5710035062950921901
-6979712383170457645
-8460969207720408956
392395203518772402
-7323341669652831037
-2614233335071778233
2572500248981709815
6508949611647590849
-2789521948150265743
3087639412613456270
6016455642765721102
-3582781364206165607
8680316122219690755
-2354414286339601704
4712376944523704867
126132140336044467
277814402019783309
-7390985358355656676
-5971491637692834533
2232694825061283659
1466014243182452868
-2377937924343030195
-2056295305578237176
4344520193452393293
-1495909206603441743
-4608645683774681153
4199927201238156663
1092532319350411478
-5308886062495780792
-3174792504300830423
-1626834563926495198
3770711440550352089
1382706801258039607
8312949881517600318
-703552227755261465
6608732856637996326
1125045238300575680
404249625899134778
-1963684954404575708
3177024778840340840
8827608065183722469
4101991826505119611
1364159775361300062
5313859935229458798
5083921999531596794
1646347645322740567
5011929030413443141
1482080421661584986
-5892924669545467338
6595305938792452834
-4278386525172681564
2050751819938643726
1864302623413970971
-5057013727637285384
-413360698957880684
2166785659884820920
-7785182609818159272
8721943770245395800
-6074906004204989636
-500203585666248485
8366098008281003952
-1849130927601324401
3471705752964419070
6195797608618772294
-3721495952526481763
-8687793036409964212
-6129795727456730445
2278751967201445826
-4430952623820840442
8067547064854712988
1118545621476108398
7853895659492016441
7081340099301724918
800877432703776885
4781167710355102132
2237063957130703016
-3085139703941287313
-2724247414101861999
7581548982228258583
4615955060370110836
1269791003887351420
5429034996729914930
6539635261084318016
-2528115726640171031
-9205730517625033402
-3139669375651802433
-4437243554692703629
-1760093469866257702
8982815625890804800
4841129271958805921
-6713187918278702175
-4455435791803515043
-7236291280093855303
2379942811659014853
8498392920655257892
2326689132345570370
7547775202754422492
-2821503719816362777
4338380637747595727
2519554364315187742
-1916837370210986683
-6339907672715410883
-1204310485738589484
-9196790523821545695
929242654386669311
3732878616291082531
-3979396585169679799
-3622431395785909743
3342618938160701685
7126980778372717549
7971274584710982813
-815616214612845355
465510993023522156
3000328142412759965
2595713282919945181
9122884488602076826
-7332638590056430732
-3339359115776856114
-2796810557653127219
-4655285352550418207
-5634916951148255733
6008151024019751945
7492917200814289112
4694703145178451104
4350583096690421046
-6813438031754342650
-7802874462960042247
7853414582512442401
333560957654253289
-8412333493015101259
8579771314115180205
4497568735612740107
-4429136326217546546
-2362545127694938965
2914785355051348184
-3726471101044170528
-5401329109515640112
-9128478504115298365
-2190241108732614132
-5877864470618431681
5996358592263336949
3838953685603375215
5801162421593337775
-5745182370300676887
-1818333069841106300
-2999786771247797008
5539268428220992637
-2420048382663607394
-5226362005429659945
-2940566607314193378
149800380274105901
-3580151777227892285
4083499412838466114
6119299581426750086
-1202590757851511311
7402729851310670720
5131002978655476436
-6762860232409828011
-4921454209208953361
-6619119984928812440
-2909268680027681901
-6242475012124178886
-2656448178290131171
2236849161472540428
4086682702121901115
-6160207154166680667
-6672980797481281708
688236242558272960
2612294316670398901
1285046292519497042
1354303777026161719
3178812120281354939
-1279934778912352675
-4304209664475092567
-7768368908233768415
-3411504847008499025
3548372368458591598
1075417678247046924
3017939149894297328
-7138941672752510460
-1163450715721864176
-1860707816839147581
-1285632322449221915
5791739823255875641
-8579047838473192141
-1317615118056161200
654312720003184340
-8341055875953328351
3911431925042542561
7045743830142885752
-4568639801164679690
-5751832182215338684
-428337577788673271
-3020270693551999733
5657366407778177233
-240010569234115938
-7035821387806304991
2462112257634808575
-2015450066601231219
-4937310706275870765
-5172673204527425089
-3030593159414326011
-9048927062931761401
4523194001966370792
7133165243430914043
-5660627512763750960
-4651446635573307218
4647317034401957494
1984971124298512714
5853449900577481183
9103353973296013735
3246368077454639590
5159484409405566643
3810541668645275909
-2659410188180227728
-3067140965211967378
5921964051235961754
-7533066060036086551
-6091866471883515455
8746015931092799525
-4503002440430908567
-1518711601420097634
-6637054112940329090
199107153195066832
8674128359711716584
8535490851030561305
-4097317909945379077
-2960560542248908601
6271325166643326103
9013344672044272951
-201357280587011779
7457278395415635658
1766132985039789894
-6649190180460628324
-3639998965058804538
-6309282122395630448
1703402138740446807
113258373901926961
6641834621998607214
-3407579806228822785
-6777250614962035423
3833492630760613800
-6891702025669400048
5205511539556220353
1854804972384524921
-2840313420609290421
-8797341299614783965
-2274899482023417453
7900581517728958071
6203311471380080459
-1938070453628707394
1882375108467542785
-2218695693004206952
1328001786709512150
-685066276573534536
-4176242894778523971
4582308293800761077
4757255645597266792
6631364515311209012
-2497443834989300664
3452934811707974175
-1556151487362253570
-5100606740170200398
8092142711890456662
7831237881585386861
9164811307740755044
-5504853588285526068
-8680958668569508762
3148602995065653688
2377257981163794409
5143042750121753399
8716861099372316902
-2270042814977886211
-3087186962457300776
-3129041429885198181
6210802107832744821
3842080415720230875
-4155674104987244148
-440666526141507881
4121116417066892645
-7431053694199158777
-8220380619461960680
1017740755559114098
5400682477434059415
-8041907775225024880
-8970502581221590785
-8709142649650512667
-6575473269976220511
-4726159238429686098
7288538153293687617
8997004025849315969
-6751161815304010588
6835884497552580290
-2483605489347540460
-404969645265072295
8814989099325103287
3402929414256844200
-8417471433786017238
-622693012164428744
8022741905832085238
7849688031596524283
-5550800719072339922
-4584452411825777847
-2639161295562069248
1236245716075353750
709055379726968786
7911475292858530445
4400200176958540888
-6276517425260687831
-3375612102164188009
-8129291867203077969
-1844847135137225461
817550242435422031
-2997361342087999610
-1466088213642643827
-8753259549032053587
178794197973042306
-6876785642119513783
4022634695764836953
5566940651044353782
-1780299841864525307
800279819518564593
4334545479217117711
-2034534902568984600
3575179607781023944
6077930523605013222
-8813406074534363884
-521020508467196762
-7223237259920324356
6776977336517195287
-9190065196067768998
-7886584522890033127
-4002575322100693802
-1686377234856470868
240017392313405037
5008541254029666951
-1819729713165056178
6181476151248372597
831402091733599821
6298215685117903120
3403071830279023257
1738156702548444254
4057128858131723874
-6922970532575699022
1724688428320570547
-3839449801436609081
2830458969134552182
2266771559660071151
-7389505696513687360
2157839880335963153
3397088363749932890
5574421315382003390
-3680495393119428523
-4134801155009383613
4253089363106062124
2694108427429801410
4172944373026042785
5467922694970972139
7418457493364620606
-6190476918744458363
-6736827069163603403
-7651493021914767953
6519081421255277289
3713516482252328938
-8548410211449945635
-8071925148652318622
5493377913948671854
-6165451367727614171
-7295409554094165778
2946560886912669200
-9128388394004736412
-3309532636949711846
-1544195933108352245
4927046434514137648
-8564169846541027486
4788471878218312729
2439121000909526702
-5772559548767743540
6875241653994188559
-4729619545911052508
2499077503864401652
926283676078240790
-2349474704895754903
-2100389999392510537
1058361944717752129
-6769249716227261932
551126959093228866
5510119965551100876
5543105799108789003
-4517137524464765392
-3871662222271961668
4280086324814265579
1480546010415990029
-7212418160954448314
1205133449773798386
2306417500123149789
4656090886650086344
1762903659521280517
-805760775317292570
3541355504607573636
4912943721173157185
3288943402700187798
5790727237989489789
7151298837224875236
-2521216494085316095
-5714578940162302868
7200470750731370133
-4822131464678423522
2827772511118944147
7821799213139172423
-5776046452825444629
-8149973690561092883
-6481802082794056111
2839763348529242560
2682272074839377174
397142648947912
6487402360059086293
-2647744519633983223
-6423667131157711668
1962165254135390957
4319476741885712946
-8038850524683121751
-6166883587789192994
-8656444685127718903
-4202540403646474780
8342572467063168065
6921878116924781415
-3272575479032315430
-6532137706980679371
-4485335827066104506
-8244901397284760520
1272876945530302299
7219645913212013485
4655311378423060509
-4590181606782501900
-8862555427806222306
-7699602745931298792
-8019677817410932520
6567946344275409284
-6937394336149861780
-2944067805378412468
-5383241490370879050
-5889718599207949124
3258577714561974726
7553213081036163741
5520250504204639030
-5467097619445158305
5500610325092232301
4031342616609530414
21567096756090496
8130139454737358982
2699118794142549029
-6171917656713472864
4457411931421403341
-7343434616752449312
-1167742968054424149
8013797593855080247
6621863792378126250
8485922703537498583
-3332228752867894711
-7897509360314526338
-1823453466235061454
-7028083993336367787
5158548873741539445
6573852450485927261
33223158873136432
-1392074456346180252
-3063141045931340992
-6510190978716262218
-7031170715496453696
872814596695722025
-5501065074556664601
-4178526863373705986
3013428353164373966
-5714062398072700716
4534080465957618923
-7609884577960198733
8211394028478120565
-4174118539616507704
8703754854965948641
2181879302821048873
8696768634326032678
-3076008556406663594
-6719048779019083612
-6673661550895602628
-5312680401158947661
8279056307892750168
-89030223565742200
-3852221820999128156
1254797151354838616
-4968397333320878809
-706662483322018720
-3218974244128078982
7366545484826667027
6955551715170571426
7737350111057223654
95114839304445527
-7242682367413514238
-1759266730799326509
-6455006053528409764
-4215954014257690453
-7271684159402319103
3670773674707332020
3677307142872260260
-5755474509555509358
367388853904746291
-8872908201349609646
7991551988709876817
6477023652534314977
6217095108070612061
6210760744101894696
7903933105378109772
-63115230871172103
-5375090150406704561
327102422510887249
-6732317583704555855
-6135196190010682806
7775835445139972673
6439470436897633285
-7803131926348997477
5357986344775155633
-7731022264780131479
-347507755627771249
-8126261013084719490
1358586179945738858
1433823881366035449
1636816484129554044
6436235095281838364
8298836370286210284
2055945368150526887
-2881580102268575861
6668239115615404818
-8611712556185053670
-6293908242112274492
-3055364360101006449
5609656591065649458
-7665645557123422313
-722592297192500927
-2829992971730476827
-8410812525089471284
-8165362933010591522
-2144070553967930976
7819661898296638219
2174345274920315086
-6774611254622375765
1281989562051367224
-7115852031066670153
8691572399808635155
2288505333014535578
5117425188842730809
-7474114761541534701
810983260700250988
3717411930814855708
599689968264313834
-5227513580278737120
5491809884479655555
-7824108248694046679
-4570372730306153483
6778831073852043164
-2675862001746557961
-1717360387190330922
6871702163690858988
-5058704065577242963
5527367701413551618
6219460070863963782
2327726947591615852
972972545849970439
-5012192658665489181
860510977360706664
-7725139257905626053
-2335002408980531632
6667285600353781203
-32917531333251613
-4506244900031282671
-418746883753040056
5439422999430939753
-6722790676502090379
-2891776860188463961
-6145123728541011048
8889751845943653449
-4736649848075194411
3496712290601689605
4708647991050729483
3170120907955881431
7007684960661184033
6949816155449630595
-7667153760828347710
-6510828271469075732
-7757722639876091983
1589075677690558617
-3969172863056667449
2165238308225529844
228758033449878751
-6628511377727920658
9050333011996156855
-7723560450890185270
7754271495322692048
-1351151429322648337
5388170553738063834
729809212740239895
4150215171896858374
-7406292522651528404
-2057025960419477061
-7810619527751438512
-8095846719814957763
-7458451588956061536
-1592232267772851706
8147612557127619020
-1943500944186335167
-7010637070042853610
-5203037852489647214
-3609396488159834524
4533293525768964797
-3509005337391906077
6737697163457671529
3903711136708388432
-7447070421390253429
-1715161857567481011
-7681726744383289894
-6211302009797742741
8685445345222998817
-2194095787401631768
8652415819151581823
8156043280330064374
-7890407838989288010
6585290089066537016
-2071306193604788963
-2988549864484377933
5131480189100816266
-3128199075827327240
-7117131578874590913
2289665731267105101
305147352479659454
1899086466725274356
4936532934841603261
7505534653529206950
2695796266893768444
-2392981128663081610
-6830511566508489914
-1316131656767802074
1763758221888112893
-8067576428023907857
8526605211415166387
-9099407589638033725
-3882489209571502515
4063066378359546335
4197964358829430122
2808586065174971417
4165018964333711725
-9005070254954655345
7017625301367627743
-5830972112169892581
-6318950426369719848
999989468108190662
7023472848576225285
-5668921049484159019
-8070096005782657748
-5282119600001935855
-150609507947070790
-1553420421484179146
7513818341195592995
-681024078589619485
-243158167219019507
5333369458035144665
59940257441339631
8599274994855353884
6588532912942097959
5025546728611387328
3178098081422280538
-2324349395397860105
1847695013258321965
1602476218085491006
4322785850773255929
5901908545983431716
7843925892135799561
-6685682313385296349
3870146244538921711
-131745690018277330
3425405526491853056
-7797621814101229759
-608038590008325975
-3596589078507614441
8990121750905117048
8224946016712027051
-907778022374869621
4470541593796549108
-6303179566982976588
-2227173543030127738
1973367101166701791
-4778253551106783861
1994667708601035415
437913010796008365
4191104038954350938
-8539506147758781429
8125530050501247837
1706549651688936013
-5611482034220341040
2687456108933725041
5749637518452535532
-440375831961123763
6394634065306640101
3923338247923594232
2034401420871641108
-1643099613391606152
-7208353944370463883
6762552804922281139
-1784302340577980022
4377472176812883757
-4744671319109248927
-3225868485426495639
-5427417911912584923
-6904828799444837481
1301346577676274854
3320494725592377890
-5556756357120150434
-4223433757712115465
-7938647478169101694
-888848439888422030
-4520710065788475519
7410935066949008743
-7762274117977213361
-1153601169184850313
3958766740873916885
-1192367381623850112
-8313767398459225872
-3645845342294947680
6278004361106875088
349116619749139635
-911810806807768288
1586964173891099869
-9132496198774820520
3319281588294447289
7961197266884974813
-7298234560154998266
4781653857725278972
4716092919737207735
-6787710392436581428
3096588554494269796
1767358220952036704
-3380598887640811066
-6407460741095987439
7733687786675546184
4976985107039304254
2261043173052937972
-7110093392927025658
-7451989465815335569
822579006418175764
-4636603442627747781
4678015445420840056
8121052411456111311
-8587490154427590931
5723589751458378936
811990225517498641
8170936433138437911
6291333626846490282
-4729172441844488590
-6395477815848429956
5872028829054128300
1292441144047509630
4409574723081460138
8662800223674728134
2727712105427162838
-6122804210083400869
-4669870752427485107
-1072074296731805325
-7135399419659614007
-3964407744945695296
-9115452719372023583
-6009619026586588124
3767851231524964078
-4228001223384088503
-8974713785271209735
-3974151514733916161
1218221694061338912
2632639197013886833
-4799513526502443397
-1505323307681795407
3583642840571398193
-7335437764194503578
4363878701892521895
300828410323311581
1343219260552301873
6971392190519277312
11402567826985627
-4322205713946025327
2700416241476016476
-3817176792102706776
-7920656151607882194
-3421034637957463250
-209348580429908787
-9068237408778778300
-4521785656989639461
-1606828410415849762
-2013747365351055095
8045813975658925494
928969569794186687
-3806338270186619922
1219824099862230185
-2694002714475442965
-7153990345224699725
5264535232703921606
4916325965799963140
556784239951515251
-7628334896487505316
-6567615839748217253
-6867135371230330888
7086257903855251647
-7087436293928963214
7335904854060421591
7083012651168032206
4692035856657880392
-5600363198490706961
-3027788788985092133
2204740024676335123
8026059855391941498
-1354693168489098060
-5704693525803541763
7308193948249853582
2604620085386386237
2914901259575823789
4384578709849552341
-7028114590747859146
-666288243049302051
5545686167119346055
-3300423444478804401
6194120553151267002
-4464345498022095343
7075654580560624177
-6236920673095023282
2809131344856514915
5344738860269133592
1572947753055100759
-7636194016528028430
3548989653820611444
-1710746816435789189
2717320629722832848
4856455729041810721
5664188014298185356
3431700816820486270
514596105015093877
-7893881775327012340
3083311564831859104
5929774400153012549
1854432688679943247
-4694081681840087888
2716741733628286714
8069784788610746688
-5396571425570420157
-3294214457671734841
-2556828994055465061
-763801348999283608
8878274852121456533
2746171298669147925
3985192577467249547
6333731809997534651
-615565996978536733
8961583781463500941
584222132234629466
-2880414324312345419
5473231974199359967
2470884974616235015
-1553675493093864960
8876797419546345090
926595579991686859
1553927026641547648
5571864888187352327
98068979616545966
-8903498845081506065
5897416330455494951
-8179909977523892470
-6407759713437256448
128665960635751375
-7886548739551861477
6325920712714743537
-5037193643860011149
6037720497141393478
-971843586601692958
-3929028135324161841
-1020804335803609392
6474595751386637414
-6913694014657932810
-8134228121385848221
-1273985506173275616
203885643878774719
4054465800438377364
2799554936788327822
-9200096886322056664
-32496858273238430
-6003580376929616967
-9140879174194607473
7592905166074021817
172928778097521331
2633304571361556187
-4112287172423593198
-1590941756051765053
1241494143960669105
-4599390012720215008
981952129050573559
-1802077289001705893
4863761341191894578
-1179473836367114631
1700584895261187530
8689532341416892854
-1384128645642712366
-7571784317575421131
7595636304842524030
227412145107772881
-739349411689488509
-6959841447302868378
9137075835730160774
-5485000099106382395
-1266167670410221370
-4295131462716372235
-8222970297503785143
-6123327241953924641
6667595681540443672
-543714975433069171
5107801492419199089
-5913877040431513936
-4958819389395348699
-512508632787310995
-73217043357477558
-2210347900890098650
-6176556873218373586
6194803473121984141
-8151279423681318811
-6821187513195408935
7995844986105003069
-3679568572475816754
8307211203277226390
-2278707001303942925
-7497983039341300085
-2234849231340416670
2392489793759604759
788745384536405595
8557608868236851630
1656859760097464643
7362901024227569617
-1545391946726035360
-861962838593023844
396435684558844065
3812244057967086820
5052809614192175315
4494044064878408221
1448578159053091078
4704728833685682456
8925946344171574591
-8550615893871869516
8534133721782696966
1812399923969833816
4903848589509310695
-6737303913449369796
4705288582400521838
-4767232295938255657
-5004730787409605271
-4440730633660740881
2688909521654260807
-6041588536644851224
-8943107490286828030
-6779625141055275090
-1409298848950374908
6416712104262083482
6040902413860947788
-4486947085830158347
9024504934871385659
8659680065956673299
1450829172402094032
-1009029651326466658
1417066657224709256
-3596499346929356456
-5833386148437072660
-5090779214349994400
-4725722298637406056
-387538811357068142
-2444566729193749001
-4834488356780881136
2287587762168541175
-7190632487983831920
7207080045649115968
-2931000836995223823
5323252288733472399
4852046117261518547
5358660740019028681
-5474012035271538316
-5673199520760945678
-1980615958821919151
808215469641757811
3489016186103679068
-3430117000641787013
3534843235058258005
-1594073206160314527
2908438474446882061
-4577062770903769515
-6893696880290003622
2450121384368164562
5124122646781635686
-120538526248295832
153854921310364336
-1378072303520837152
5971257246977558299
5605015369636090766
6218008786091188921
-1692637980377353614
3812365943974066928
5463478643880027924
-6657291708596400432
8415954649966235405
3312718027526767098
-1040276514380997751
3899814311440158273
-3016946196073124724
305749757532894523
-844189354074145409
-7728198881397515529
3350144334966412181
3528250109232812849
5411376280399015150
6468125208642269985
3659037256577631356
-7753986209960686971
6710121271165813370
7482206862170534718
-6814256873957940740
-4815315491052506263
-3217217272209163436
-5426250640250397586
-9057547945258415746
-996378033853920885
7594452761580835285
-580934612472933685
8362583466355128247
-5328829811799797448
4723850214853707302
616911480557928950
2464402917800365320
-2365232955427105032
-1755856910033130294
1423944873772290407
2765910048196700889
-497752641453940158
-7974281733098860560
-1786204943391061433
-5336522456746652124
-1271363146559364054
-4433129630346340654
2001633379196815964
-7867986414946327132
-1509191121804790304
2831468492177890895
3034538920830256048
-1734659481040804425
5245383479870255033
-6497591760346769707
-7472382016752516224
-1263855966343955080
6233218426575735325
3626076699175826964
-2020804364716071135
5627466730725758982
9194664310667240677
-1428843123807342409
8925903294829845407
7265950517892969198
2644334274987257767
-9176182888670084214
4740872282062869177
-5788245045065336909
4471882702325607494
-5831346643259199099
6709709016710323590
964246223933153245
3506847874732087011
-9186165275716087745
8494571169401143993
3104228704728858560
8428633974562722387
-3973212651485718099
-2211281206932751299
-2749491241945600873
143774053123789934
-4200806301222504609
-1002030422107963862
968693384974646827
-1238076156422165675
7165733883920213635
-3518578503438120213
4994943823264033109
-1852636959786183626
2269903007902825902
2777700057482839321
10104098358288104
2716699070669049946
-1546811319395308906
-8354973680468656187
5652016848139427914
2987653486046401298
6673728573873140668
-2723380484006551038
-5678051870132665440
-3950489827792270086
-504934658975562744
-6467908027308245262
8148988238409581129
8939569241249340508
-1761830786620546166
7000834189541494472
268249016000202209
-4708258850989320594
-6170699253714668673
2644830126666318791
-2892713454648618109
-4005099596684718630
5302584414604266302
443560172325637562
8159981407357787118
-7366218824197705232
4122359562626334073
1952608083098154241
690853522232337186
-8239183063989628998
3576445965263153659
-8544550629360073399
-3706032783042613550
-7613560353336606952
5808634297345002806
4665228385407552770
6285990424621430853
6618883003714419393
2624265846829355206
610587602353049251
1013480568645042300
174670858941799990
-8588671411527236587
-7461370710458406451
-2045646008841334580
-561167605547795794
-8456540132712081780
4837930445934573291
3811395304528723565
1153762519159779863
6215897426204238034
772353671649055057
6454047921558647500
-6813121864531931656
351757183321591539
-8791579745570195335
-8853066948317468761
-3658155589932179788
2496897737374377001
1201522761480548143
-993088104304487682
1355593764919724675
2385402961172089650
-6827809550971942417
4996833594326551099
1922220498690159884
3632065818020334268
-6505230834805521713
-1280809641954045486
6507959156515405442
-8061024695030865863
3502882595286794848
-4916048064825707476
-2812127507962474162
-6454073413955182866
-5986767309511649879
7398813772578910337
483373664792615
-298489471442370289
6668459041436470632
205432021070475239
-5271199522854011115
541260530682020691
3746526614389807826
5760370125194312394
-4511184342068187906
-974370039137542182
-8238920913600757715
-8455004550072903561
-2706030569181167357
3838403460748992140
6460096497316734976
8054643866011657987
553000794316364331
-314794872673480157
4138244429423765925
7768875892745032382
3936757227441366196
508385434361779374
-7948010060501270838
3543425000275492921
-5264670627573163392
-9086703359971202991
-5468453024171782644
-2564453779584374433
-4819175347781456576
-1345945037328238138
7746075402326189429
-4686508953573079157
7358617588475315649
-515333502627847347
903480714612270660
-5563970096657037869
2673733154861672767
351806246342623379
616055997843971119
5964787819846366317
677019295591943474
8525738814684136884
-8149552334369114490
746375104983901412
-7551469443886341989
4293172766920217632
-1596707851614396863
8840423785074325237
-6251037178249982380
3901760481086986977
-8184528353479894091
-6175105168678482511
-2290115198050250127
-3826727762623175740
-1754214631893420336
5641363426481000691
-5068124228298307782
-6715353465073584646
-4145028789550027598
-8963882240126535668
-5301675824540212585
-8873401036275121495
8960368561654295888
-2091378473561522926
4135358404663435382
-3239953153971173070
-2066036530660108830
8629693030690755979
-8161727378549578370
-8638918740449175361
4467629602938757359
-1177214139685035253
2876261054260151668
-4038215336392817521
-4744511116445510238
8209988316290323948
-7397372294874946841
-6735117709039440388
1791701447244797698
-3992717772805032238
1750032521605366375
773540470382650512
-3571944335650660612
-9004592029972560625
-3732972445005850909
-3243814989609443016
-8702765243096232189
-2929432669400904029
-4232061002525851475
2510960222951677934
-2827288034304120480
-305427059523165959
6527936119483141672
7287352757617957849
-5458331212235013336
-6506617153817577074
-2253017163618504781
7406972603820906451
-2478715033360219191
9148509366270346497
686855218424875470
-1727941456672264857
-3248716195021233145
-4127030768000057488
8988112153510798038
-3513127808885538496
7481622383577765543
-3363220323914946787
2801114200505450091
1045008770107257635
-8965734259853895312
4684505817913800069
2215539052179653370
4794732254815430593
3122973002002405111
-3032345708203446140
-6665211286348121598
713864428507102210
-6610900444539161263
-5046408339659083094
8124481175935717792
-2331474352357340941
-3867095185079275428
2285318133493557522
5302856345212738406
-1409345553240957959
-2913436579479772934
644665985282722514
2478110855539034918
-6218375650469558057
7682860853470340256
-996827202776628524
-5736709689616885402
-3316895250189124987
-5997610977605408948
4592023770315602403
-4491211552933462407
-2711487615128493548
7839225693374476536
1903610943252851077
-4913202841577591527
-975739703058556242
1125205243960691458
-3357669116312588989
-7169548549134452120
4468390447138935071
-2191377746325254222
-5583970933365829388
-2214970411656354625
-6376149007877771212
7517052741960405823
-2244775336885819834
4063827281944574891
-5357790008595613584
470105300966593146
-1338901333931421883
1695474673317073838
1311112687502102888
-3922321240229148760
2032519135330110013
-2887405376228746166
-6038747812627655536
3974121966615448505
-5799234696679821378
-6695965564065495638
-8417229396313407263
7802283305400354354
-8315919522071577988
6797079103526312638
5149224638477200104
-5640964350212930703
6843634481733547357
-8255726266688159272
-8757077275363745455
6419498781216596658
1581232360713157858
3181232542281504043
7543898251003748446
9124262705899864199
7304518009870618181
351512506698097642
-5851839783271931867
166658950897030874
8094349326290416236
-4554693360837016719
-4441381811774841215
-4811353320993926691
2277087116399238948
2066001401502250347
3533069530557994470
-949119902123449940
-1791204585693026270
272486869623681919
8938984741488891018
2724432908359645167
-1050287750850741691
1354510334701161658
-4986772454856036141
-2082204836952803460
-6135344040203151715
-4298782255244710287
3242148261221091512
-2229904369601361143
-3685109133484440120
1391714745222610642
-8660853739779343232
-7993425708243550686
1559367230805548740
-6552153325121432575
461146306326913103
7831105431498350049
4820460119217983061
4590152165303461470
-6194884464520630822
-3980050354859278292
-2239479258675468923
-7280638328202559981
978649721242944225
7870088537392949730
6501175157789846806
-3927579939100321443
1058669149576814791
4429268351600313584
-5285066192781635398
1756099197293314198
-3113086679455034899
-4743138654208775116
-1921236447970764587
-910666442659178258
2548145009727493447
2094503737362009624
7029644404775067813
516880458354347864
3277328331110577166
-2614642170371974337
-4795815900445964281
7707178139601316802
2569085159373131163
-777140730670629974
3709517209347829260
-3385525864496338405
3423310493220816161
52669300809624490
-167949229266798802
2904055431043322618
-7294065342363334692
8914446584456170258
8529691923337606719
-6505505479288041028
6554938837530530278
-4892854778726913504
1261117751993827237
8730557941617396534
4696568835726228097
4641878695155148170
7992361802160866279
-55468178595377618
7422432832424137433
-8663144883498283678
1201516767851820226
-20209814017796763
2332125126747747283
-71999054438147573
-1562417577331075345
-8364960772933200330
6234398393729115810
-7349773187217576929
-7731049021092783255
-2452621959953805848
2664609731214548594
433786397721861349
-6535274508732371166
-4100445510334111255
-8852402854726887701
510331815046760556
-6472664672790349835
-4816757234180742775
4050732882094717332
6398127825855564912
-8550104064558943603
-7412623467353727191
1228148259226409695
5033090112272750170
6341663350092300945
8457987135059182563
-2536360213713668507
-1394982431370591021
-8901411839605988717
-8342984049603833838
4094259542415391634
2454486014055232509
3195101418028177510
1482399580737275188
-4831711576547651278
4413605884988341278
-5516239495927515432
3968980236727121554
7832708623539433314
-2548495939459177177
3776215134948357469
-4647358397094990039
-5616471099340195506
5501209970809833037
8210565809294792317
-1109689009370230311
-1168149088766183008
5572586224808568171
-8852402603701937856
7209994258078668618
-2680511023933448048
-7129852894988660280
-5771656341380510882
-3816879112620881071
-6388919024433010814
-5086799851590342554
4697025517610942088
5320091298723033503
-5656617261143525921
-8887823063425947035
-2088141211231055448
3074938048009851683
-570201781248681265
3467464836775465988
6890321971195508492
516180192977921326
-2394664773008794346
-6869402780877714424
-4981497026911040023
-4950452545870920856
-3535632136578090718
9082980458929168090
-3366864682577742313
5608260223054827226
9212904698884380596
3788888413888533260
-1717864180955064955
-6219525488812091535
-690947146237580417
5847616691510266605
-5233425360574973624
7935391735438898116
3357193212229754332
-4808113547087770902
-3174314135839091454
323347297858594495
-2783579368245726020
-5177986116204879425
-3263429544413187258
5277614635760058777
-5073711339355978120
-8191767727969467100
-5238103534131062699
5993929464254892197
80382921845812713
8222197256051088096
5430068013549130612
4643881369847073718
1015586249671017351
5242770291007052322
-3596266969865295156
-2911415595122762497
-8314977878417159761
-1633084440838763598
-5054719171482309818
-6057359657852895279
6896284281406316553
9025388301197431709
-1882095848477595559
2816097568619120568
1809782152881906148
1417710271022170092
-2455973822216776197
8025198426178330566
4319936486904631255
-39348549802061107
-3734680963885684056
-1997343036961323403
-5429422908063413861
-2301545625255970025
3301479325143260648
-1422567073103475730
733297958651266444
-7970316964229965446
5595866692874470877
-4372012585836267042
5337930711328275258
6192576182489563068
-3684912100783923467
-839508321541286071
-3475858144197819661
-5637865941128750738
1877136745526964791
-2580707494355719724
710235374454136673
8103711592274489197
-1805577749342996255
5244126290823076746
2066268957800819499
1562338746527191326
-6958867072789534674
8745313937573307287
-1861838982495745540
-3769585724693127510
-4693334843028605029
-530397169029322195
5487229060891841714
-8687253708940752587
-30950878580192442
336082374016830315
8659652319147258878
6671091556786653056
4924315100887082062
-117046784565841069
-2127470503645422999
-3629016554771001073
3320153239990177428
-3338185785058169164
-8476653577065995784
-4504567705577257309
-1862125534422838078
-4659706961999169979
4616973983419016490
3229778363852426290
5916962257077180176
-4959732216801129292
1774412950809716943
4873840308597157672
2039354804088080771
-5197122522614946550
-7530840396086767903
2446240524185115029
-7827591729030560501
4431912548777161736
8227211812263963436
-4763326759825203317
-5258657472082037447
3685892783185538600
-5812193443616258393
Matrix_0 shares[1]:
-2025694604534879886
8684353354357618835
259166880528165280
5509741503420143216
-5936096411355792081
424019442857391915
-8898851891634930844
875518431531739710
1350328226340886709
2159954442508433304
8326516728864137794
5933663938085233082
4528139004960640534
-3787704680436284300
5401587214020018913
3990853013026118103
-2704873141560198369
-2238422907269192456
-2427264625333853923
-3899881768498575823
-1361281537336609867
-9069682341627104071
3070537314639948845
-1493569456685413286
8991144084466480306
34412678651725268
-3431974461043786875
4360979650116818319
-764879968911353843
1805786804574757177
-3366190439930591613
4894879714924150583
-2818231512468885106
-5265850271340320678
-9146025770518409990
-8039487493140141008
8591795403632580104
5682904157323024755
979352696558944059
206754528309500174
4043115372144162200
601298161979176811
-5888887203119881644
-1900489314555805574
-8967721562841914522
-6571404122172926102
3605359178739205412
8704595959974653762
-7128180664800794644
6168079215902931434
-4406970681951356055
-9057657592038148627
-9072489787936698698
6325488303389245404
5058672497131041740
205029999776565291
79081917588262922
2691772027504498313
-6653406739805715598
-7145771864635045328
1204890794966583967
-2850044692428216846
2566477385328230121
3548471371388446601
2573714977238672765
3008502923171553012
5222674142399437272
4691133630720218966
1741882415224570179
3106777162150364667
-3308958905341343807
-5616071926127558874
-1048869854151533080
-655800772326051560
7149917367962012939
-8292181777853360775
3091304519625435226
-1548089816685810164
5972902189469981748
-4061573872385569278
-8252906494096713296
422815484024365087
-7843132412576552432
6045015730678982733
-6378058869522364247
-889149258531064507
6610218508150687389
2142711026381719288
4991303473316771606
309586638869096920
-7656461187785466846
4399162429678788642
-7089355642298181150
3031356410164820481
5166220805358507874
-6479310227947394010
5624933860505013482
928528291139735685
1301550552909254690
782321791336806940
2570709638848280959
405825012140774684
103996848561567922
3639415324907522944
-5803594759987668791
-341778301930217555
4277603024275512200
3566303169251353919
-5122749833524282376
-507990710483080244
767655138825942474
-7286216851222385768
8628697579864755008
4921667686793014992
3642005833536860136
-3936790298612186437
1052799557670558626
7374497568715112587
-1453676393324104816
7010409701990014129
6768917025311895405
6176791531933552561
2687493709078319108
1909389556561126572
-5031404337632332884
-7595425643041299804
3196559732225125761
3496737605009208194
5531461474776467899
-2154497381887394410
-5769384002978671832
7539136211968752249
8315531662434600393
6895812738231644704
-6002841143000339022
-6231246992142871187
-2722792561586897759
-432019227548608408
8776792636237886297
4266131333667910137
-4486849621723209823
7039496542113540784
4276136757412305081
-7626303403590252633
8823754069759214175
6026561651801902279
-8624119710082661803
-2502870661391553447
719140478672452088
-4736956689334507353
6410298817884542805
4114338606830274401
6486895815179077663
-1831580977410830272
-8910756395819911642
749745009545981680
3943869671538896962
-1488595439129868446
1441711854460800473
-6404934818783615562
3131335247013385751
8210855539868838632
3843521905535159526
2438041353844171352
-7403964378523080127
-4172719469686134354
1824271975794967285
5561511222547112763
7114929889771995096
-1254593160621506562
319528068316350317
7507409823562455797
151200895881382190
-2300700142360139752
8110156238655560014
-4875888538873723653
-6315970982962735389
-4847393219906449372
6483187673320139796
2012961318229319209
-5278630505581318885
5553056971415390326
-6976861706150286201
966985676531144252
-5551259477162739773
-8507466027741819147
-7500258093578039934
3870430903023536017
-68644511826894128
-6496784932349038645
-3118807733345992597
8547568221732466725
-2009120316833846621
-2697728603620107576
876416811364163217
881818034603617824
4020786382170263841
-7252980725386386873
-4760634998012392414
6086258106498357859
-3935855994162101828
-6967790720863669741
7999209985016739452
2172337187060897816
5176742161087178996
-3672287637461189907
3626602672663967369
-837692506822798895
-8277009349112536239
-3065859530340553406
6012746065141606720
8737320164392947161
167555357498610579
807442103294669534
1748274065775002947
-3114942386610837434
-7907607781352613512
6546278214396247250
461079562854877150
7728876083273283368
6298451544844186217
5473449316759460248
-5667628944575522447
-7516800168312077436
-7036227718451498389
-2363069168679888518
-6496473851676769368
-8419947166083110813
-6842364663748977380
-4506528307037780372
-1557898333096075774
1886874320874525685
-4077167525377907852
-6458757734523260810
1012866693315167780
-6246968215609588916
8982810520143531952
287758615202862947
7271825971207871680
5340070793415054162
7027100794839401518
8728335576697216120
3080985433304014394
8876159936702949400
-2934318681370216813
-4720724591530728486
954934729288524582
3828475222138502132
6642471259986428230
-1515687363663935025
-1885453688467205983
232969941158887279
-673928613566044173
2996842369329662007
5679479002466687959
3230955244269657593
-3106520456861348415
-4894024896927939548
-6886138631187954388
-7017712793040223086
1948707751658532291
719084028624202923
2070650597761768569
-8411902618905208496
7807322559688318048
3504621451319973517
1951045535439498139
1213009362685151840
5332753692281641096
6252465030746340378
6167421666422745940
-3764451957462818970
2318966724578802959
3315894026233516485
-3135329934468611663
-2682864676719057876
-9037818769413157054
-4327983057096386164
-5923370128467931353
8315682109404469215
6315486775999915986
-7339107481591238727
1381390546999723615
-4832655751984427053
3271909554290784045
-5518995791826795412
-3170414823732423229
-9124542742804068729
3305671514379381045
-6084111823842841298
3054922716333210790
8099884007416025814
6793776512402596795
-1550470925109373062
-8060671772360434473
6212605968636663496
-601237792066903219
5630834735189360105
-4675165102711594394
7638946051424471607
-7869129232985271791
8007545513430932239
7469572960991142648
5569459533777489738
-6012554903678597679
3408813101393559611
-37042553513838001
1712484009843238215
-6382633677321513719
3339089817281239699
-3927821324177720641
2424925395547518972
1965967452186333231
8921529619600064061
-5620888304275718278
-8937791997968517498
898288157593447053
-5117563488239382488
972099361139840466
2733929610616029329
-869376313164627822
575883902377447376
8895162064596819653
-8895332034510904389
7626981525723655034
-5546195548780819143
766155686288536092
-4998013714934051704
-1024111275411349558
-6092307657703560822
4850821815199976316
-6268385333705035612
-7499468867861954060
3151255196552891238
-115355621387283192
7883208719893888623
-8428559737742006776
3923243857915531668
3649219559588279133
7366187145703742765
2405272529902526969
-4604507749694764709
8184089559177092580
-4606416578545778224
-6218262437980308619
-6931537027324177621
2593033399555868539
-6000362378677336009
1407749231775680722
-523086404809245902
-3496538598270702695
-3793182478537884277
7950851213834842298
-5269364833854367278
-3532848992478059109
2663497323310306341
-884655045905681723
4699588350115596218
5084185821740612977
6307285970708118250
-7821114622604407467
5165834307640379738
-4310345309556520772
1562896951096526368
1694660346531183692
-2540315361270438687
-6536636203786734751
-3511474596738072916
3631580194418153750
5464692302879230102
-6482052997934060751
8078036071864283580
6891101367309008824
-8190450396797557782
-8356287632095624737
-2220023636352253677
-308450118171718727
-8832462153797201692
-2405742606704945111
5444843332213062441
5122629894447485644
-7513215612562075401
-9217361234355047417
-7783740408296256458
-3904300478616727608
-622583534300343832
2380458231094419535
-978234649278520170
-3780781396147119321
8255011023284842396
-4635032385369842233
530650081138877388
2425436547854347931
4804914792428735366
-5979469406156677024
4437623197145458511
2591292308383350451
-5527016165944659252
1336700285579337131
5069325640019249860
-4770446573492662954
-3175893458405419264
-8209618775854023328
1911500454677313561
7552664673869647487
3412229202171477154
-2862453050917058445
-4646579390699905185
412633578386145480
-4207731468822933754
-6075279226763467119
7610812954652102497
8037591394659311064
-945041083590677398
1961775856747748334
-6923031652028354152
-3044500124453343891
3746599309504734823
-6543198418460254604
-5082004663213755560
-6825434415907647457
-5684957989457899133
-7691112305250371728
4193048007813697049
-7470986306503330612
8405206307008157113
2164187981573151906
3913017786817521745
7733679633696680123
4686404349004274367
7790119306397605750
3149056066213210759
-7518280080279059611
-8186799722749204443
9143768677051653964
-4965807759860539798
-211247243766054353
4476508731307342674
1882600289068276857
5944514556894907234
-8050876997670984266
6539703426214094732
4345230669108425852
7884915357486381990
-2113225706342643122
7585239600433147768
4566102077699692561
-3385194109616489823
7300271697130475206
-5166882724652423800
-543133629278259603
-5811812130287757806
4630434681187101509
-91783974312124127
5695137766966333962
1882092833851399781
7073286974711944456
6673208086166369385
5217304847564064609
-3191111018860654000
6526206908223196100
6493734990516696661
-2158055004718607094
6963940513131821307
-6183001935725936886
3258209124606707887
4650747980506492802
-3922734298336532292
-8496427652097014527
-9120316820744538149
2992928800033978594
-4897028245620719848
6479783731420588596
1498591013506808948
5342868520166968292
-1636849470266670891
-6029516193188199692
3584870029326916052
4550831146603156011
6458525048893874550
3562443462316598059
1314183348675590626
2208732267472464711
-4989970160286311387
6268788764865165637
2741012265715149091
1407720541073614295
7393962075030750860
3151140689417381484
-4093417739595151596
2400565569123977837
1337397441397175106
2200115336271310947
-7748306277090100313
-6620026945083717199
-8095746778152338824
8951284267218685603
-4163930053630404287
8939315059632278269
-3884818029332131892
-7621132702429067554
-2080006178077159953
3941195300279840740
2384254704359659582
-914934900952384605
-1939379998819700287
4819899865947654745
4867590677900760625
1321217719335242855
-3490957165150552717
-6241793273377534588
-9124309422084306315
9132230414113506240
4288383847966616653
-6178591238444297996
7311945361237474606
-1767005871330431524
-9005869177080314246
-9033144435564147683
-4533327876870179289
-7954359645641024167
-4594383690962513932
8202734944403121050
8168016463679593268
-8647656894875910562
-2818191168618247854
-7244183403301365250
9057534723719937759
3950902921502445424
-104189692878234250
-887612721983672585
929532744973789758
-8727899752745733601
9211506177405985048
-8719359846649390826
-2617892905202777881
6090906569419021407
-4016033228198692006
7027986279112165589
-7526082022239306328
5474058609477167870
6574856632673197340
3805444708109785873
4979313490977308955
940303673609380981
7172279353053792971
5166302116671472527
6727588876075407590
6866303994078284022
-5011915746625879287
-2720411079884709687
-7248745699896864422
2118015591366149421
8850169568416015500
772498283228954063
2051999280482628562
-432548779611152285
-2733268635331224753
-3343802327707914240
2508858055530840810
7799117155535798801
8209349932929819262
2372800618892374257
-630914753065616326
-6135142756785143671
-3017641223028712113
3210900651233596784
-3396022786005704019
-3442833021770135850
7146664848690510664
4766394826034934387
-7051897165041491802
2090238850277629348
-7535980222234582926
5099148905427211459
2077342035594700988
3276039851859795182
1304884014687245535
-3836600875930417359
4067835968540955094
-4109525979585041264
6873918694557722201
5949213345634253760
4976688889621379240
1201836111150191095
-919436840419592469
51634829257583445
5745116933147929288
-218940153194301248
2591672434694056843
6677359505334235039
-3903898416370541551
5387537130297550631
7635559095545311205
-46960608372949906
-6390064117981195942
-720936765483342649
5871105160193467290
-7113876070245134540
746761112655315669
-4557234584041117623
6357595402995662345
5155128057271289616
6732165285808584282
-989908390299781448
2071407805060834760
-2791439970720909813
-4754297676449374973
3090363247777775311
-2433761068342260316
-8965321206843281904
-7110221596985676446
328996657624104728
5428371296132446261
4311525267112039962
-70041712233138428
2590295950613103355
7947292165395924439
-5329617909394262796
-4025519577127681920
2645261136329036551
3853295041971378636
9137180229841810478
-1684070158662302106
3022442734121466386
1235782311628855514
-2062279277548833840
-2419309169826717568
-9095197596009232911
2629045302143750320
2894072546674442368
-2767554760432178546
8855380007830090134
1398088135631409789
5975663594548468543
9097711188265483169
-2172501768241299235
8495840486839475577
9214478377641985157
6012617463610528274
-4097297086630578014
393952925261922200
-7094675858623772556
416772319403657100
-4996649161929651779
1865444307912530646
-7279312075132189947
-3550063728142260148
1801221983615885311
-6911091323640141466
6234101947470092261
2708493329800819555
-2848307434662403982
-9144898627751571668
-5586563095669938744
672750438052188879
-1190164439069425160
-1839672056323391222
5580875703814327171
-4462892208114592843
3382064538403449081
-8871917388519968367
-8345403168638081613
2628501929022221512
-6612317223121908605
6484807331923945426
-8175276356109526776
-5889483968912514516
3579310950927941254
370821706974014298
-6001893073767400245
-1009942036935517520
872112758174990381
-6455962960268257541
6151594401254654057
-7703021509040163037
-6323084848529589696
103094087621500903
190763580380352329
-4016604222522284140
-4594419456750659481
8529333130955663618
1644530085417114266
-1846339177714480188
7910639832578785751
3610993785921751839
-7726605323353636465
4490772790317758366
-5580103943853875915
-2237965692352365609
-2299657001219230135
-2170204318285446223
-1786681436280270795
-7776147730384294122
67889957949940891
-7341524268656768142
-4116570864821050389
6418840698284369375
-290035917474549060
-6751586961911241578
9182815898628623555
5078068421419262920
8786537921852691494
-4072665645527094871
-2013357268431472532
-8715087453292345868
7265200192444545675
2931985925589134691
2182637209910886582
5616859788337830154
-6714022097736784452
-1083619208314646545
-4099164531068714673
-6250735473213729165
2969229901039346150
-5141732165432886397
811197091065210489
391392671063695872
-1298057711401982629
-22729739141657146
-1103015916878415892
-1294327587463990947
-3636454688955468433
4374229342470408618
-5975349976377738327
8029884239364231628
-6946560678676881282
-2627497332084044109
193821152596950625
2635412524293881146
-566919074491874536
-2218740137439597555
5165742556280807898
-1616921130907918492
7813107029900407562
5854025710458995030
1418654526657388083
1164849790975266183
7743341728072322789
3131397089036985513
-7878872037924218217
7884396203921642436
709178303504811945
4636395693620071053
-3974337263481581587
23049757766981212
8854518973266992460
1638425812739715053
753115035331752536
-7111651744158756870
3726976507282499945
3663892304277662178
8502358445053464843
-1193957693386043687
-1944782026840382612
2552628615466686331
2874224501736786723
-1616049323465884969
4654106756907542048
8960353882694601211
-1173394532118843621
2887761957329910840
549341189282302465
-7770577923124426482
-938299815442111255
-9148947647970606613
5749344191222714614
1625506892597799676
-6097104377409030021
5346772114050159928
2455167400034488037
-1396881831617312669
2281335739800173712
796375916488187943
-8215647598690169185
-661509903027458623
-4890951997882442696
5133012952568972306
-7345667915953717137
-7817645523393178501
6439715828101262064
-4544542332186897910
-6997770850431660875
3597976207048317473
7235614984477001941
8039506864689067327
7397135750929476155
-1183384221469695248
5075020829326638628
-5807194072677057588
4836895417277693953
-8990580669181096896
7346493711832937757
7759752321951266591
-8542191423827734476
5461602309432055500
3612258492686428205
8545865390177007699
1890307029303019802
-4648501456018061461
5412757094868797171
-5863909285339959399
-4959440403389059342
-8863083295685707725
1537489492579719278
-7484523144212544689
1620342162813722263
7683362733549202730
-2738046112604115886
3460527211392666530
-1582576325009829961
-799903053541748339
1624496261969733012
8830181125188284339
7208039767240949410
1205371847501828064
-1829565748919338614
1433102783980857654
9044671506059422163
-2038355733199973181
540725231329607981
4299818728635668332
2608606116940667772
-3786221671236080810
-1022265601859206961
4727848952459204368
3996983810822150975
9047457439116470698
-6635591620043353329
-8361059286499222704
7340193095772512879
-5199642306852103698
7512172951515790969
7758310340413324146
-4239035943168783650
8207982255395998156
1995096181808488607
348309328415674686
-1616779168375512553
-2526692487573609023
-2417947617644066332
3358273218893961476
3689411323146131224
4421818300709012134
7701320297188324336
-2134769098459823362
-1855298819716431745
-1396447495563358406
-7178893502129406136
4329821589878290238
-3933008636844910803
-6716527511908798887
-150604972808440868
7372512519325168100
3227263722331437430
-374965502971964880
-1910795262278461766
-2893670923213800435
-2057120281463261833
5749374846240653606
6452652375820780364
2301690167514378216
-1313931874825989760
-3158892966013031019
2668666681282142073
-5506296754709725743
163520584488776795
1418649820704156472
-6683772272979284382
6840515488020477871
-2241121321231933501
4773874319145373520
-2261474362653522900
1678111923101581446
-8866322263593274820
8930140858985304254
-5637329162297306366
6717507668634867090
265461963343389315
3307342059775031679
1391170407321616664
-790288493503736106
3072140925195085215
-3246731489655819805
-3832750474636245205
-6781608694951910642
5940023321685032013
414858656316488266
-2804145033284958337
-184776548420163429
-4191212665247652166
-534271162156034753
-644263398824356100
2599837869087187235
1006942041808437936
7401132653254211562
3740464158654032424
-949377947344420253
4143842924685897365
3867882348049889461
-8789880960899202626
8396987837440960741
-2479303471147979203
-8107703415432942248
1750854360063100836
-7780690694475115560
-3981073952037882493
6061479436195639021
5373576385266044889
-426235372336629490
3881581106674441340
-1348521621100750245
-6223815399975799037
-3211004298920400911
-7295288985566442061
-2432885663862340143
-5942246134488133437
8501829235888355643
-917135656190932248
-626179684130505485
4997006231184076722
742924802527483971
882449371277044360
8247902526155917163
-8430294137727237872
6278792044880703641
-1846465548345816270
6839254276349510849
-8083147728522481944
4044709885466250148
2255531437037997306
-7756477624793605603
8604869630283276038
5346746748997730314
8852067331062557958
-1252710141708155420
-6174270072177410513
8088250185847760197
6966714524925877934
2245250823829883728
8497597876097116242
5316781883472599084
-9075381704631226829
-1851197674908563532
-2330979236666512616
-5451694033803526599
-6572626432955484323
-2141908314619123981
-6698454976312797416
2834336845529767222
-2220873611995698828
732119323638693039
6983078987046882488
3591864557699648253
-5002485355102966493
7355128115926508026
-7686501506898876082
4163278047760011069
8838835569944083253
7562055648527653626
-5015477155233118594
981619959099086551
2755817826919474382
3653559601079034576
8685152546851892049
-3765532338706313740
7677854943230003511
-5609055380127031745
-8111804120623763587
-1048936309752811653
2780501382019021366
6061107397063944873
-6404523567271102731
2626071665364974067
674322735347338059
-4051110431753437935
-9159723857820683440
6299278297904289683
8582582760181941719
-644725902721164783
-6734879097649700417
6392788105713589851
-8753297040984847267
-6154809549781051340
-6622717193354081055
7995743633144294515
330896372927567198
5518376195741952343
5307840812975327811
-2946479241832683392
2461082240479703479
244437616557919822
-7530989645883832806
910051787480961503
-2978958695582634740
-4124224665747808653
-8917276519361020392
-5581481264313240116
2336489981604189459
3894789660820195738
7601609341103126325
5961414366551103903
-2275623924660124118
4785533632493631097
-3178566722408046931
-6224491568633232426
-3386466316238098702
5444604955941071360
-8132640898363562681
319883271768042749
-9024903818582803329
-8111970288976345940
-967225877614805016
-4692912396176657824
-6075732812312083720
3343508076109068848
-7146202555037446154
2517291328098721918
8424579764359198785
-3184105563135938939
5503451328275327668
6250668150496269985
-8750954666470688988
8858176219810779883
2631200292364189948
-4338030251314304114
-6626775947893978237
-6684461535552939442
-7598011283480290386
-8681199963217454229
-3100425801090930326
5944838957408406284
7934544795320593638
6394645223086169334
884894925430050371
-7427470814396212869
-4457246367650915231
3103365675809483204
-3273278456456726863
8947315477002888762
994850866304937844
-2728521936252870664
-6846437900617693857
-8219247757214931203
4127751670793918311
-3417130673848018881
5061045265204917144
-4195821557171790896
4608523918631509638
8935591585674609756
7953140946374014173
-4780388514166784700
-5396903810157996306
-1648077452935613290
-3558100817608012907
-6472208867531213676
-533785004747120982
8812415196622118906
7428501877946788139
-4919726143100187555
-8796948966898632493
-2025931903305233543
-3237782433559538713
-9154135143231641932
-6623812468841884556
-5932365191170545367
3479298115853653170
8875082650898100686
3940066600761478227
92726927032956835
2602261935537428551
-849402327093331797
-427040642228003235
-5453022069365770068
-5620909569846417470
-1027897232912209875
7504325365379618827
-280025887703247170
-1266327165195053820
-6202131403412131546
-3371437976101892192
3503168011816186995
5308854420668127856
1607768078733564298
-8757053454808768135
777283477581540018
-656933466763030127
-6948536736008402969
5562137201673779270
-4022061273008267710
2387308970109878349
1467033756787036819
4509379632614113989
3909040788100250619
-7036686975733897112
4906117502413520631
-2220869062406665493
6619767545514618439
1038858844997715719
-163939413564431753
1939589700434192364
6725348032320119489
-6311699519708948483
-524569555023587484
-1687211804353081173
-1095394784181212892
6194404253185848890
-3209022743798990887
-7194280160638437741
-7965900829744139507
1282095684221574910
-5551426210315516968
2682608654826377696
-8944109992373275856
-1321974079513765098
8806546709775093186
-1091807077252450516
-7663915106121326002
-5125419629764379811
6925307679531912581
-2774200868024980336
-2577431730739508123
-6177597980331381886
4387389327513759439
3431446287118055210
-3796738705885977357
144152038497125609
-2116435999711573691
-2802108930683736010
5169168031773516605
-8148959802802739889
7174423666322022321
-9150529510251898959
-5849841137764138141
-5436998643077393268
523709869871109823
4026183140895437186
8581256552673457225
4655989199430704594
-2645822860229382791
8712960956421533031
6489819782733764281
9043890004734676962
-8542692094603659506
-7374213885339415920
-6085412344157122298
1300865636880996353
-5829779285529506182
371306108440149064
2609365821376555094
6059075873695275819
3357603600520624115
-1938537590794674619
-4955086172790165927
3572420072985744284
2699470257300976557
-2215416159200333994
9054536354657948203
-3435027597681141689
5011275563765540793
-5443527529894762451
5193784651419759537
-906977082991395210
2645547142472530446
181058338217415896
-1073295900099387350
-2757799724713861548
-8076080741252028741
308237187878419700
-8625690303180279110
-6821858491442189925
-2883483777260767680
-970573951161531997
8288486894636042374
-8820852855065319273
6007823238431730416
-9002712230733530564
6572486499386791959
-4668126661692470112
-7294926600617743815
1128283840592859706
4924406902374846531
3695942126122814962
592892701676159556
-2234586700231420756
4695563835239187453
8310969056885175890
-4395822571401143482
-8533191841857911983
2402325219512986613
5348468971675782170
4829656112760068507
7065901115595825586
4660978037347412367
2837830709526901778
-1579610004044461768
2123215774078180138
-7083949064646658845
-3516197138378367727
-898116574724228437
-7327177981920350248
2239721705243491489
6729580504767918419
7331487569359679167
7997745881221846020
-7225591168684786468
-147354194817962501
6286650486819766834
-8362904636693745304
-2131645696322041324
-589064936349098720
-5974367971347229221
-4827626791290319463
-1077561369768537600
-7748925078665435193
7171589946912580600
-3238473078752983289
5711625498071276952
7708334150674213919
887312795149132039
-1744122631022582687
-7678036336095553671
852897442640812832
5601524026376643716
3179654612486806172
2671867884642747964
-4453284910598420759
7403307828723478224
-3959535453826850522
-8811900285940015780
-3956527193811809893
299432361166601212
5498908651852517656
-3302046051219236640
7345932659293623917
-4262049795747181073
5539893505793697341
5273421065968596748
7180892026341827476
-6616950468555548532
-3450680929071453764
-4082613011381301800
2769800839100579932
-8787518615406004535
5863849075291792447
89218815016254010
-251687816718792464
-2052401800619004190
2180808276786486533
1750727887833579267
8692224879952958974
-4591527891690392510
3889780595462528359
-4493472647362757027
5955632474441851931
2911358489361523888
6440986669574099135
6274198634125155118
6833749076028355387
-4170402748969423214
-5120575157875086233
6651674832519541775
-4948539908122335212
-5299206526969642254
-8036318167423373495
-8215144191111503471
7733006809102298059
-1353533773735960117
-8827547045218661267
2427583183247250545
-2814125970163030218
-5791199334254203912
-1120617552083259752
-7567449561794266943
3283946200722142095
-1109089381163441848
3510902959530678598
4613251026648389256
-5308009739500713025
2953060885924375004
922452213494448903
7041323484889327391
6293816798239921307
5748061510115093771
-4149773907807435098
-4169254719806881659
5901886120930985197
-6874488491693279699
4311864495690655744
2045444481299822242
3468893115396434338
-6158842534280093043
-2409891498969150736
8440666872386318206
-104741294039182905
3280448717071915125
8801317714540908175
-5073920541072979875
-8822781477233441762
2320095836738393043
-7382259827804994473
6862609503845892535
-1020392259525295397
2259149899469375075
-8904051494211022953
-4112155189411807553
-1304676998355796659
7820874671559947483
7205292775815508631
4225678322464893921
-4450483071805936375
-4929930788446133569
2833480608201440481
-7816325043454219750
6274883785823292718
3134941960218587633
6611634098637361167
3309748338978596531
4393732082781739629
5435592967618630399
2502345708281379066
7093348726955413342
-4810252098637593100
-8246426489399522661
494320683927876708
8758367782165419366
8342362475724788540
-933048602115271534
-8777138195735646386
-800125165974619003
4794664679529884265
-8819123205802329145
-5018376694358995127
3542303159929955848
-6363556588323108904
509036745379856239
8124811812108674410
8494976124690827228
-8074683418452726647
-7874394534020145066
5358345253444252415
-5671138009517957503
-8076605412498190800
-4876144067386658423
3309126903884113431
-1072788753280347511
-8029742889789117575
4303583786189444727
-2153469746546111610
4840300693612422977
-6500663873403086415
-5884308356848576521
8091187609200855962
6282926466482410394
-2966526216931174098
5756625666927639912
-2436509273615722644
-3517714094665883586
2852584558330125580
-9182278992475696982
6257437666442420157
508665020578062934
5363097803050904051
-3591367011366969133
4482827376519231555
9063702028209990579
2585092097548199355
-3768099426410621038
1181017927734491519
-5856543789247084404
496386565893789029
6327168544800870532
-5122939140890518784
-4181217224342745151
5765158519521975371
5151938605189968749
-2038155312087851746
-1866017016863377682
5242030593053718969
-6753715321061052110
8395787436840091233
-3386981139601002656
903159576133847933
-6427351885961330635
5900317576444676965
2515881415962316059
621920367204435293
-3465056780109185795
-8807274584452041133
-7329036931972480365
-7695208322030877053
-3471472586833452722
-6564333816128842736
-5583213504295591387
-1485151014674113914
-4017232152492703385
488158339175287682
-3477376182549101565
-1904673568567489608
-5503461485060212051
-8171683971872124582
385127539667591951
7041110097108804175
3279330765195037443
2453896762294390087
-2678445685200943402
-5576080935151810171
2416817700803486936
-2382153434333884329
-795189741623583251
993689072571941216
7628843492264319230
3862830467427698853
7563394570649042611
5724679423602213471
1602594629699258217
7684263471563924785
8514244799246311224
-3669293237289293026
-1905245392551412168
3007686289254802407
4839916156895417116
3576776072908235966
-2365763699685967064
584583658639304286
-5534561605409204467
-1662674979717909463
5703959316146389358
-994713107125548603
5929280880471647912
-8347308050464863399
-8176441599806867703
-8054568141605212612
-7009018054989721464
-4441295495175074703
4716194368512005492
6095824537578945253
-1396059316989488847
5793027067560570804
5981181342863592211
8619186811167684950
8892642375630600898
-9194848317216316627
3263340964678885538
8682157196382595369
-2357826744127166807
7946236353508256378
4454219865288756601
-5052720952800069541
-3016540671096301434
-3255592282776671960
6049714128675748668
-6797838097372435564
-5726328774140066538
4383427707464075880
5515263678399108255
-2982147061661528237
-4627747426765352089
-4995752702950079996
5733529282917042954
-5935019844747119892
1102212629526567686
6700497465044523698
-6422098797793664304
8602721871955583655
-5544214106576339059
4925122756753797746
4530475878668113281
-5222602764701115311
-288429256889207683
-2657930930930311916
7479650320940500073
-7830531346197944543
-2998330753546445851
3203545694617065549
4237532900344675748
-8182474957377466320
9033588248743618686
1383723355381922088
-8760195329322629746
8345725780832304255
-4121751772649153796
5877685440268495770
-7857543660288806146
-3403945969549044808
5576018476211784020
-8284532568746744590
-3246712635439003308
-8498036808745446386
-1634253632383421387
7484582786969442160
969113316472874105
2265855410511965958
-3526092475513966424
-7137533043985704175
-1804629629850785320
6241057144691683288
-7693472476237166419
-1067127593186624580
9081201103897264347
8728177405410390808
437509508427574694
-8847689617845999220
6576877522004331976
-747005877610420486
6725997894508662570
-3544054713352277288
-7827510000402151820
4986237938454304981
-6575911327225978047
-7160596261052710187
-7085231563598820152
3638538696256467461
5970070370964230126
-4220361190859895838
-3215285745643637106
4760436379405354270
9027418896973079309
-5499426489813190600
-6556986048517386028
-2148452896831158392
6510394691966906003
4270115708448991756
-5138834367040312694
1236809606874847659
1224149819094393645
-4391296993794148825
-500605787916215338
-233608297087461619
7884583968300671908
1523844869080874011
5428273740747514551
2752184733127611716
7363538789539148695
1457892657183728376
-7053549656112148863
3982789561486374996
6989048186068008201
-3595957787222885659
-1446058844519954850
383539262902110882
-3152235513665021860
8467196270534223204
6845260664404088348
-3954850413293935487
-2709475337916833634
-5280015501690031585
4618065076454857470
6710377534087886210
-8375298596959896846
1653970398975130697
2197258697167811521
-5456851460377609346
-6452353784658317189
5260314886546018485
6840386114304711870
-5581759941781142061
4260122226773804458
8244774994168281991
8611579063752713427
-2914338504055488379
-1696363278449373623
-7144407339559707075
2043602241513238717
-174614745382456166
-9213898174788297907
-4805985877729411762
4178566819208720202
7089375657858384129
-4455482847337687873
-5211771971919909742
8288961375960046639
-6699428197637009854
127116033830289918
7175117278829294774
9111292942502828150
-6916563730816089416
7264721683473901152
3446816874230401828
6779956547677469157
4086294223862257277
2007232490130814412
1053219478961604813
8659821988489626701
3118277225148260138
7134588946706546127
7854585921732312634
1394265476679714191
8921160231965009255
-3423535904847154000
4677881317855593458
-9205756638272011670
-2248703621741028815
5064293241911084034
6484346516395921818
-8405743523604163776
3456930378308400190
-1040839252360001740
-8593383263942409717
4868385354969194076
4622477311608214637
-6356608580332714214
-7752549332163954096
3242792205078156113
-5559726010302435886
6376886535605490699
-8229832490855790153
7397701965368772876
-8701996381335573177
8257090483103418095
-5300756422639689472
1004088330259637007
3863434310881005145
5657978128433586310
8745683980411979666
5367980872983189815
-210817692094752589
-651234122942682161
5412273465787979356
41248136843582543
-4767095285358516300
-1350904799947645578
6195477583835011568
-6437775156880503005
1345353217370250754
5128862769328623263
-7581675394807294687
2789669687388715269
166635117190231533
-6989713994066464563
-4205194991014999643
4612483941239740462
3558189826256609939
4881590266601536181
2850149215266896608
-4778264332978287926
5834915927508917035
9091306332078327758
-7267332869397564544
1910049691996190188
-4301855901693108422
2250427867226802785
6715682799188027553
-1528880699699445228
-5252933686431091202
3705058190393962541
5963035883327096870
-3885614089754203188
-1227599528969754183
7622975397733092441
-7927339245750141379
-9182529626480132297
1219762650411693736
4608241095446674059
7480397783879964698
2145603957245935328
-5615692515868924043
2886550527470945078
-158090853300598811
-2874915386448223345
-2786200332500484656
4008769805723227234
2603844056957451235
-4189302243384045580
3975460002603984565
-4091953234168921799
-991561488459012056
3687686423821958828
-4903972310512102459
-643904478256688527
4183573071263893496
1209734275434354459
7530024421710244832
5459284996574833857
-1330948195085722661
8510322832642435190
-6075868330087584283
2986934406962476640
-7109522890283834226
-1702761495391867063
-6130355321731720666
8727276386078784640
8765824059588783716
4727965962108256596
-4922156766433099702
4236518830091431789
-7697063817859454033
-5238745855905653431
-3512098633179425800
-4045310180676597833
1514833178801037000
451345279136784288
2813050071945425024
1560522676594204987
805720712097121166
8471601923672296785
-3194497505530121946
-5190866131962070445
822973548417722507
-4086705807761325863
-1225897983398431134
8342656262684928155
-3323680695499022389
634392249969733506
-4485896467275810094
1051266224717497634
-3087337488892774366
8065324244727236217
-7107369962447613765
-460425928531043751
-833477506787569613
-5027054448833494822
4475846947308498451
4562820259588547797
-4440448446322879307
4687858369608053643
-6345288162191516102
-2372629188634185597
-2278222080532820285
8400708196012103204
-3057135984318040062
4458690118827383417
2006086940765790730
7147086004019222836
8920083010070287821
5284290612581129444
3053836846555109993
739502367401114777
-7978340877994265064
8963508977937288299
-1415443694931843642
-1945837963037125813
-7441773588935435173
-7610219896209486084
-1078701382276580229
8286379790125581506
-4941013351809091475
3853895704370246542
7115984756883926526
4146647751127039753
282415042969486789
-1537852833851038659
5861767905640475339
3479799778557890120
-5262533683194329905
7353993882080435489
-8383458107884137446
6323829718784228518
4982799426854746463
-41942177367116210
3934256699758500874
7988281282909790678
89317308019414095
-1656724783518003567
2978124299165490764
2752775301073423141
6464413230935449807
-7687570725895639538
-1304081334016456250
-980606647325768459
-5520454683378724175
-4171002641022543128
723268415275380521
-3022045875487283694
2942953068016484507
-5008016195297118022
2600217367747583575
-4706249186093348558
-1706293623933215258
-3505288704962892367
-4845738266814107331
-8614838217711721770
5799346981843557462
4090695239638706874
-209705038340720420
-2080067935444180392
-868507489189494067
-8553126226958939125
6161184339166259293
-905377205511977973
3066640540561403570
6889683075912046655
-326855375887326067
3998683124815009993
4822915007370294463
8609746064393889812
-6516236813288918546
-5720733966793271686
7472830255094495177
2535841402321659139
-880485077546604335
4072921445289057614
-4493368010251021433
-1170171225134388717
1138074938583760348
2944779822854518898
-3830409511258968534
-6396809246269205718
5643484376685625549
-1160986976729365484
-8277286747691332288
-6801237036801116228
-1722021863108148316
-3541528954841679389
-7472141105249014748
514295645592235823
7922198465308737092
-3462525165578417255
-3143758571684072122
5082573205158044555
1179632439251758072
1597023912479542248
-6164397766725543202
2964927701212997621
-1325150627866230030
-6216717387876584235
-3855761639897153921
3321281461437326207
-749092773328473697
-8105870674928325600
5810665872831456639
-2859337213803554810
-5206994811898444754
8059766004174405619
4062285072575675896
-1391247047701512817
4256882884634134959
4681295818603607908
1229183944647350985
3963804634744452266
-1684275192621229081
8079800389508758530
5271869927334983770
8865254452921807672
-6251648240012823647
2889419185186083749
5126199375906766866
-2095591912888292859
-8437736521970787698
-7631422379573260379
-8895422467475452710
-938130226831861651
-5278193468178596275
9165450471132689344
2665524002124821729
2409248397053225972
-760288349296721204
4553414077240062592
-7859039129048121254
-7131438413719116950
-7045364864521763974
6747341694946116516
-7967455794794321050
-6304622031337032326
937901678891008791
-3788259152794240294
4077515017267375356
701068226081381795
-2870020255962665981
6101680783644454914
-784228630708195588
1556980983850276107
-3650505190780775930
-5687942488490061470
-4859819090509422070
6734572955998413603
-5975593098721659084
-4639397621541879020
355848163734229882
-2684619787500369905
8719344308317430169
-2634121222003467675
2788900670885656826
9104348771136698926
7451574582936548092
7420343196859357422
6760769307148880992
3025562353610430486
-2203971493908266993
-5753304639872777343
-3784104301140644407
3454731418902296017
6568071391748431576
9114261096487185998
-8927255484408655879
6728840050434794727
7658636507813212498
6912955643604778306
5822293072555262874
-336737881354654219
-1312045303224817878
-4058545734537245754
-8742272107333560290
-5649914819574681597
6067739717446648697
-7039305491510472838
-1666079538683416900
-576679311905106961
-198453109870750955
-9222869202277963329
-7436841513872144152
-7612456692710867781
-118760459678800570
30352347510009261
852844457870342969
5815113465332196786
1015037234482573977
-4587731125159597663
-6597412666927820592
2688956737083411462
-7126360244480755672
6964971007187335744
-8014797988089356823
7633371295398423181
-8826556391705814319
1966720113145381308
-5704718435679036342
7595448571570924322
-4282269858594663161
-8605468321358935524
-4507313842558885385
-4340745648340879344
-23106687383804324
6502456085605113741
-5904568964369563234
-7054422169333204913
-3595685775393406437
5551590332325158197
-2074232747879246873
-3838332172465220
-5524416338535601448
-8765138091762636975
5157385567540687319
-7108626690624372757
2255429285803871177
-249228908449748636
-7417392637617730915
-409959790039408362
-2304441950677590593
3056162414966956879
8416342294614699760
-3241150144599138367
-678855746224446152
-6058742083546495687
-8823019841098320994
5243074650853241590
-7601917133661281424
-970052838002362905
6384076700242405638
-5014939330507824772
-7764586643472324599
3012403559520924753
-3719795219143828252
7715600320206924800
1252796318834920267
-3244536963588233104
-7108126989786110368
525708857390315742
4390319849834719534
9051040852740201169
6254969467610797118
633565083412497974
3316906936073453835
7123144646488335904
-9158618582426143559
4618997509258064345
4687637464210828354
-6597182749132963182
-1308211335630239797
9057455802841880562
-1869981330681041950
2606877971463807319
-8025284763621119322
7234786095979892467
2864916186461977862
5760996484179054104
-4700754660717792288
-7978757152949316587
4514692504536378824
-881321194571544525
1116372871468678966
2258952746439263875
-8614919918868147092
-7884069579600864974
6563194371445833884
6839972591876561816
-1988583904337355946
5179190062475429705
8552292686404128854
7439522359139533514
-3812763602843094562
-7503180665108061651
3931416730168340344
-5830360072596062902
-6909369821682235181
-4900122408684662961
8120217819203906428
3246416869522661694
8609606144794194831
-359995537431666450
-7092390375344130881
2248177892161112673
-7972297397466122608
1810904428755358466
2248333469418141473
-3385561257207604727
-1030796319826907863
9078579429994006690
-1285159330025542533
-595334247678887333
-2651963277491207846
-2971496379370709124
4344973079084298966
356589043272121138
2033463458994054175
8622456940263834203
8357628748350103292
365636693637433734
-3584633984406974734
1184832113622261413
-2648460338493252231
-8279276272073337008
-7291059150738487418
-9208252571733908108
-2548176057589170898
-8177528709006698621
-4374768591329045483
-1077512060880005753
-7730567835426826002
4139310016998164119
7631863122826518802
6607687213639268077
-1621139936078388752
-7569968389698166389
-4242207078756154573
3021475278563236691
5673928972650408290
2560225186210495228
-1922354589211832299
-607476751711341367
2794530145508828755
9015391377738006058
6928735091408612032
-2120694316620978498
-4035359829221850083
-3369401505220901480
2675065856910550794
-5049978388048547101
-2040213454881185440
4109941335442262368
-1857059121144951582
7989779157561223555
-760207603663336869
2022811556749418548
-2919120110389687080
-2826719830332601838
-3983626822790204538
5693865894706557628
-1927886397330218393
2631248524750157152
-515759942662158351
941785649759227465
1700503299037608499
7065168261727560787
469906112133933404
-8451895704773033253
-2435063522338438314
-2692482489445772630
-3650983867368121597
-82927276666236506
-3564732855586168694
225785585403632775
-2051939824120641875
-9146493242139367320
981046218882862321
213369398306036358
8077012024581043719
-2525508617925422234
2183686335605605243
1802452167128600852
-6390218737810450242
2948646879352600180
-8504340320509698019
-8944989311740345679
4172264493199720226
8509575335491642305
-1441831583387080255
-8299800030016008479
2245023561460819110
2278375499709389316
2706691510133979534
-4470293531748112849
-5761404767144036323
-4781298686073203705
-8265236086462908777
523724000670644137
1068511645150196485
2070125302395873610
-263867298799058456
-40477966407085672
193472177003477045
6872762203899536765
5615683167523712364
-8728845067408520837
-7495701679882622504
-3413938701040636236
6142019321632759130
-249071705993700699
5205984083968263721
4707199064083516379
8534867230998917819
-5197290571858981070
-7732090906652003722
3898802030288202746
-6637753137249557502
7699658929301958387
8899362805595591815
-5645515106274769688
5711514972467755514
6468331929995282176
9182371684965544406
-581541812603139785
-5956596071556407592
5230994212277846019
-7117771647713671769
7543592942649476580
-6377547614349104222
1224302945656924515
-3554418771470601142
-2676889873211549132
8990071778478142301
-232995788424482074
8430564716385575648
6449766635552663519
-3944482621306946941
-2682635677294684755
914172750973039261
1303135654042579497
-6608689034767784335
-5808880085495117632
4606541058081134334
-7475083475129252953
7511585314086289406
-5310102989379719140
-7762327426776441142
4198286965097415489
-3627169729556906800
-365972761878132690
-8160589820077619251
-17431620714960300
8584233632336347748
-2005321680093238658
7993325894208756576
-5208805808398071634
-4639322305003925237
1506864391706500772
5975110804861968656
-4837419604021813247
2939249073760475652
8097551775429039725
8283257251252063383
-7397928616672833164
-247566258774427018
-8983556900865381767
-7216790071927486462
6520728018978256330
8751383220776667687
-8890256336889620801
8795917718712632701
-7964151480251788794
7430799729207524973
-2064603718434315479
-5353555349093053130
-6358867067454205102
8148517677879797488
-755647606951721465
5772538393292571697
-4162735574497650446
-6383683202108462816
-3913623384115665353
6480514181142920302
-2330460545311365681
569580448104474120
2518595442508107254
-1427816259503355585
1603984682163605796
3593359592007864499
-3357180793800562115
1422484059038381600
-1880804024016237285
2016872768363840939
-6999663089030111923
-7373589558282821485
-9011948003601167342
8804730327244030272
-37299435935038176
4173035156190998538
-7772794459336500965
8004291962827409466
5448436023623644531
-5843191192541431385
-370467480236043725
3657153095888803388
8482346096603065934
1750639248772985198
-3389188541973820608
4313259856122702993
-759026155494167019
-5589152093602059390
3453384745245895089
4737041332709546950
3031934144657402930
3612819430523518150
4052132231248521182
-8964134259524044595
5948480821304624807
-9182665913860943481
7362982085064435126
-5856294043247647295
85474844178747315
-6807958487909026142
-1630157645504335967
-3836694440847554123
6304066738302084718
-8190623975117774118
-9071370024393288755
-6510863051868609341
3782782738384105013
-946681297950135389
-7347163886236671937
1643113575541088022
-8571937698364459629
-501372240269103205
8831138643449471281
-3044619658427322087
-444381547569623897
9194821598256986790
2953830724110440326
-1723301648693572325
-3386480194321132534
436889675814875458
-7044282636018004006
6665413224904404339
8754918162598494989
-5872826312856763741
2419906494776835844
1198549624992557185
3740089764389128020
-622663605230653613
-3981221314196819422
7272383743780855339
-1670114740459230696
-8799443366987996179
2155374159162518759
-993564079420697262
1520506547640206010
4127596284680893775
6707768563198720084
-8890755020115498547
-5342504130580196099
-6219402745779235457
6678204218982575445
769263269194325652
-8478542719860463773
-6881446841595704434
-8368505424115915377
2886623562102234080
8589971437601828263
7365092365646861082
-166742370187192225
-5820524786908353273
3081284565963075822
5179259477321339677
-2042769887504699976
2942953743560438450
-1676666535507135758
4666626489576084407
1966304894315847665
655727045148552293
-7498461072814828030
370933145913121329
6763685026143463245
-7626459931339604219
4296520297147027561
-3793659437486440782
7893234496642425255
3338374045419198027
-8714727678940420830
-1149326281105852764
-2828860673531004220
6949140108436558862
6160184916950717684
8772642844502283280
7239219546818607835
-5356042630778121550
-5976376276979335406
67387377497776604
1841706263763491237
8253839922298213126
7719130815356293506
-3858662204910348345
8985840686058336174
-4530620737026449784
-4572446776459855811
4563300583971227945
5151827757137839335
-4793425170536329422
-317955816957005301
-6816742911049608514
-8821586991469299454
-3094738586959472098
-1290997480441096716
8939279640650508587
-7635148454250600907
-8380333427083495397
7217739515630692625
8909494780245965596
239120327810489497
1621536742339232611
5264904082928686432
-6018149337693904176
-8833301202490991877
-4010126513993575458
-6448234495643218550
-8196703042462810767
-1461144924324608573
-6981776861584334853
-6382757677528634686
-6262079528748236800
-1356813683967310337
-2866601841292817800
2814979297899424273
-6578964044193160940
-887696644387456360
-8941477506680096668
-4262410290378630369
313159776260225848
5000105598690818395
-1931147896560288910
-7364072907555690765
1307130270469769465
5590852652713444531
-4145674324896555751
662172482593427874
473133211631782885
8766881155460194128
5355562339305101885
-1449547369198782296
-4471080558455811940
2218750589438372321
363562927066807302
2378070460860568903
-358384285451503928
-1457805617111371010
-3851768479290795780
4321325465289275441
-5927959136855680236
2354772643722498188
-5031905886226287740
-2470593665881556724
7705124787936049182
1972873043961239653
7069166330656445613
-4427313906947586718
8703706343690123642
1290049694963419558
730994925096420151
-6449315799749255503
-5538704838649901879
-2420796552985088083
2052058291483542417
7432740548304169666
-16756496602582810
6873295015579091742
-4520712424705970426
-5520854317834005870
-1180204784321122741
5459362676461627239
-3029579548661526638
7995372910033671822
1178497957296425898
-5485063033618649746
-1914846181901165626
715961200536756909
-4264460737180660164
-9115432409638479562
2842410646336390612
-202387362202019015
5495869923334079361
143113912493113859
-8004686343412917876
-8943200672277684220
9199736261721806028
4432440072373839703
6184362012296306184
-8088229603547729988
-8270236178180934015
-6493873777994528877
-6882357843575904740
8758053290531253010
8875594130668063939
7345069379386195766
748853089541568091
-5734369685978784911
-6070273617642597979
-4644297148136075967
-4450461972520249935
-1138752691737111150
6448925064765988845
3507475867943976823
-1854372343598356330
-6317108387990535756
220815317044703458
422225961502852058
-6759324500691467027
-1918357686034646900
3661910308500600428
4093765705201055658
-3251349089513679615
-4691945447081621306
-1488542060067478170
-5865937626402954499
6070604810058545220
5423313952841042788
9034363795493074946
-3877021732273103188
-8579260420153746669
-6711552517184235278
2648619262595492814
1052240247996721660
7933232314414704259
-1841295732149613712
2238743197122647820
-7404431676368696004
1008296907727316329
-6803649758649316770
-7923586313249870658
35463891738934567
8873151024380819459
7507187759310259274
1033807025232107283
-1808638436427754289
-4882949603595257013
-8973051764025970098
-2244135473560054573
5104708663891834613
-7766058610580763925
2885340869988881837
6687870587568242847
-3714069839875536463
-9199464404737319287
5406381576713555849
2953169131377646679
8839466165072288280
5355749618019549291
-2515127529036233881
5480113470790073982
996390526034758665
-2982735755295459503
-6426136709422265533
-1164365722606319509
5999105298730512306
926585721968307082
3631646672882238405
-6771529408616758253
6575859914774548889
5858992259758927223
7257149071960345639
-5748763660672672430
-4362603829045928417
-8220038455570881733
-2680192599709829292
-6179726898475095426
-9097154396330304856
-5902309246767818536
-8776038835206997743
1054551756261885598
8893223332641581569
-3756324990779739294
8296547765959763105
6020676762496865895
-4476648595260295065
419113648516614013
8749092510861628615
-894986934657164440
-6146685154244496067
-7128798238141079803
-5279949533356786527
3063788659125030770
-1467607130922857970
6670151186237800567
-5534966189048505166
-3220809070498811566
6662962658085751432
7661322080711623351
5221308465055752151
-2631916170868076565
407091694949805797
3955366775243955132
8887836831404439914
5174736507154043338
-3724212608441904537
-8717613212125225336
4360550969131593095
2165551737973335626
-7618967773761798753
4984063626616129032
-6559454306485418021
1243990121701180002
8475785770899607988
-7891825223799309577
1533006452583059443
-1966167385273448785
-5051896659935289201
-5318140613970367858
8003853895654800538
-665594401422581843
-8399786397443464952
-3320705908611645855
3637028420082080406
1808403428564424500
-5295425626655192781
-7778877781214410197
2393448678840819996
7403416519211328025
-2048200631680249924
2575867607021192285
6424178567393157792
819931375366039240
6325991700608576002
-1379790111807750941
-5724005134384605545
-983562718968524117
3957363357756209994
-1800943711727405381
-3558410445081833684
3989807922657786648
-1184811644380340119
2805731712012129822
2929685173968720178
-9177257102061275819
394972928094999806
571678602161238560
4115666574806310530
1807496507964462237
5952097448100974837
-9085880040746188459
3114081955284296236
-1028313025648384355
-2280252408259956019
-4713537690268267294
6726777558205399789
5403215995962403055
1269527010169815906
-6316596002264767014
-9112855344216380022
-9077295920601818487
2595425630236001307
3384483273689708262
-8733821741564566902
-4241351975450660927
1830134901899576396
4064126407229164242
2809581323591373538
7340402471717881606
-5694527961919997302
8348996505568827946
4232183428572130129
-6855498823051633636
-372073225127568629
-6535044318424497878
-1442135777401571559
2853077642307927771
-1095786806357866213
-6414145724915597508
884402823142938920
-271276606606201932
-2467227979392451064
399939289967160102
-4038760122775114099
1259736752740013535
7848207038779073732
-1179819519928730365
145183360758265696
-8714169461593260353
2329164538692494798
-1430766383726121062
8564571781527492289
3860542165864692690
-39839144679609351
-6066482107239433332
1727405678092054937
-8985068531002227032
59340850407313683
5846789588870916759
-1137560493640706485
1493706623753776461
-312023412101273705
-4626693839441282597
-435317011131792522
-2121757632112884150
-3843027574812941607
-299879089913610983
2886992376618997380
-6869375292168414021
2221346309157097056
-3065253144378807332
-9071929385446680378
-7503209580360331163
-5042252254343203126
6787990234067394024
-8840977313477432677
9194743137147393825
-7522759852229173086
-4214567045479334786
-8505965789390725065
8391426700615561105
5541720602472358544
8480008220208519735
3133859014137614953
8918786564451418756
-1913132577159173115
-2194238192143216768
-7222019931732469839
-380077995310686539
-1376316219126724786
7921373544747591687
-6712575810118149332
-1545521232965977278
3680052090256711793
-4816103268484259850
5110591259698885169
5814873811641380868
-1245687900641852709
-2752237128570098951
6426873716789228784
-263723963471369068
8507431075442174198
-6997023567757918573
6592444401464346364
-924951258959721462
2369770456644504580
5843455416108345977
-3697936862748435978
694568152900591039
-3833859426990419309
3089813371810292315
-4790862092134267102
8049440743800373962
-8658270895292655899
2946921060482106950
4330662960056408148
-3179446785218546846
-3601006888331782400
-8998389167423194916
-7209942297981491297
-8160226939997213465
2235111749347289073
-4085497580433255645
3851336167506883876
-7713727657829244945
2733487580262901746
8516613092545184126
-8203094691227457649
6530625891664532642
4333020671330097677
-163168478751073475
-5683314703321745977
4500141063677600253
-6015335167667721592
879031927078558572
-2821460072339500577
7718780074063094507
-8516294201822989234
4589534669224701632
-3843680879921390057
-5045271923242843007
9186204218343430047
5135194034546698889
-3556967108263486262
1552443252877319439
5389650700290101398
-8693528549652580439
-5672384382965544827
-2518073236528361316
4655395247829677289
5158909531016870464
6660025631138976376
2730308852821344276
-5184778667082772608
5317146103319908384
7931880541662385076
6449861557466263387
6585556836062822044
-4384056718064888561
5092335215136036863
4832859345350750516
-6326968149484504342
-3105250838761983257
9196923776667717430
415186610291735609
-8294545628637686470
-717177343495757244
8818175338623079905
8722260172394601971
-3177569101261132095
-3882854039992542779
-1064716218872517664
-1065760231461469276
3715956873787761534
2460710842187496519
3568675150048450109
4259955185375224350
7663437440475174354
4215685079447455062
1634721179299869276
8381480887773130348
8257215043561904332
8430327695215185690
6309989776179229789
535227217742899318
7929273440833041843
-1300518449537865720
1508680016679697979
-3755869759044759106
3815188388468251485
-2900515898378753228
-37264973250840929
2169135213418960465
5509178796577511908
-3572561965973519405
8460200374565442048
-9165048095983105193
-505703985198223301
-1920068679485840804
5400524861731671439
7328033695774044011
7202421096946272952
1054505120054577947
3538915186938755338
-6051751452900107552
-383207975010340843
-5878888372248139004
-3530151872588524781
7651618481795608051
4437675849075023902
-7767190739855130916
4677238626814072812
-2030265404345534729
-3258517614926432852
6888218659951952089
9179058507920340663
4963051267582000927
-5487071253713463685
-3186615275370921359
-4129337382551558110
-1232020225823037225
1309830572377004520
-4315502780329845122
-5830980876183059063
-3353400410638687438
-2585273981824053351
-7744576581795695549
-7660738205822860353
-5556943007241227970
6445305136628596251
866459513765083663
-8632012815984098385
-8191215017322902485
-4177897318767557708
-4455460369502114247
-2174319547244665261
995220107096815383
-6111232766694327891
2747934264119728818
1129545743122088519
-193967813292609696
2089152590369898222
4708649697696082432
7961232822477039386
3533494057695017273
-7057151307830884684
-89498453571046316
-8815426214121308245
-5216396058008225053
1087869003852871284
-1805354684684726605
-5692786848515806522
8255628431242796704
-7078811465771068880
2924096072659914536
1689111984156048116
-6030509470588506651
-4489105494625424096
8002589710631991826
8473208311989574178
5629745843888641386
1585342543119243980
-7608862504095011866
-3045016709208667995
-293927075182521630
-7149341662104986041
-431358066258139757
5980059938947701127
-8418789463532843450
-8794788856710831774
-6830892907274926463
2692884756298463664
7541694315322045595
-2397432026249760760
8709747483055282543
9126538757798178790
8237188656240758815
982965211731459937
-2793096539744102016
510340064420389049
5785491192063594315
7918089890614418990
5112046597429276281
-4106254143499576848
471343283949676336
9206476314849308806
1786941248451879642
-7853223829857034694
-1799686941546675227
4435832545466565500
-8910183750179897626
-7756836876193443791
-9075103973134126156
-3628981271820437363
-4859589181000893563
-4235148706615818824
5349184682492963173
930465065503821004
1858931327866783423
1015432724415565157
-2677130890881522550
289565738950278259
-2941563873772363366
379319066769622278
-2865821780507570053
-1494799159972772237
1784353788532291933
1049987370047299896
7159295392222324801
5240657363374462961
-6127650732628896905
-2564858935777598353
-7558438831357354237
-6134955456861948
5433277097451942467
8347323986876563047
5249498279357403333
5799387396328155722
-2984876234494314623
8349225457691304085
221244492690137750
5641062115218546323
-2215704183903789832
-4484606076648974949
1690455662716164133
6915802732760080301
-4037544912224679220
1877085857499427324
-8408516750802581826
9210790251379517130
-3019266852053937390
-2918827986038964154
-5642899473871340132
-2092354784308280622
4606266073541606483
-3546766404333470957
-3983782219442687779
4676959264941069584
-5066963457371910471
-3076586702714587682
-6938144037350695267
4332370457028157939
401140932216000445
-5353693308957272980
5216279633636765307
-3212781262571711757
1905133538097124348
6508251456272053637
6104647598775215756
-5867989966391171073
6649828954422215770
-7807585257930417220
936031619273039930
5542932333492656312
-7041671355935217421
3522271039516809737
8301179727149173477
-2754527352697156704
-6967140924961765680
8943024821023862138
-1096248053603833864
3975630306725174397
-2306648713022670660
7601091679089268381
-2704013921320398521
275896728394327090
-1462372215953014450
-1637090027299189046
1537483009445367195
3974268736930135876
-95709278506513956
-6318181358009517331
-4773367957414943342
-7236679303461261964
1142728187556942387
-509104345640045221
-8709994595291681730
-8953297982788192622
6449925207184763993
-2540566121328118883
-7567585665887632031
-5477953294840227694
-366342476703794135
-8732907420647256810
-4716694931858538070
6930383143623723878
3187177877107076754
-5653069666588416619
-5539379567104304397
-6575983149567304254
5347472473484831706
8114389837255180893
-3276716087862827031
8006834263232568922
-6799336913892654239
8426876064711325359
7184065083715365421
-1323567642535432564
6576703792797927105
7825825772778745673
-766065129077683090
-6196605487529916915
-199343558243211175
8522724093785516596
-3105589376268669365
7922702825300133165
-5481807141550437727
7259294582887882291
8165664301487024511
3489298851055893636
-8231057975354836299
-4716600352772150753
-3989653850900141752
9210169170085632461
7094752086441998624
-5702137145250110296
186782765686064706
-3882977741176627711
772755770069965385
-8231183896891819195
9108998395688626731
-5669342168224207232
-526218187462653306
940718458883492348
181986765339394707
-8637535661626718770
8378395569897189331
1411752247706502815
-2541931535751208458
-3707731979386489631
-3377281657773963654
3613918062653261765
-62106502287761572
-8153164765282787074
-5959264366749347420
-132151096131228001
2376401260151744841
-1846564216568372296
-3343066312326576827
-4130583314822726434
-6038784320956625684
1495843035845005716
-1459119893208930388
-3044659602210193077
6932844682766729183
-4938738401398162708
-354332907364713044
-7593548616154350159
1337425365613027400
2057274913801155048
8814475852534793661
-455487983958612373
-2084565045220057814
240402670552748698
-6367084925953953263
4373050619902429422
-185017127228092504
1915695003472549996
-7317857986982306249
8139193418683481177
-3245921817109419949
-3369860071667873461
-6255622317299250541
6316965475366416349
3437366768056420896
-4529741280725994630
-6153050173686167017
-4906394390558010882
7791132177691350798
-3873741011785391067
-7237364211510489808
6071950751756171153
-7022387827773146535
-2542327325901674347
-3139327954668542455
8831386712589826142
261657250221792944
-2083850271395079897
5863722495162961567
7653567431665946425
5488076595055558406
-94888357443046156
6011776442714420925
-5128609233100255109
8410719390168105614
2258608567159094984
7213103214859894358
8852308834048185872
1094878672546704868
-4645544341311232327
-1472621459848274577
1031667125319456177
5363977233623510873
-7295787079960275745
1211102109073880653
6442122711787914571
-7421574371826635852
-5570706019962605050
2670764155346221108
7458309191743564962
-6049777934363896164
5298705681296535622
1524824079700570319
-9174010125270408457
4985507157551303698
-6158957287534842145
-4751396597136300571
3106969744953238626
6156307081786679959
2924857798147081373
-8887425470493856397
3272567753772627768
8316874658739705099
6022070785450838754
7940360520385371704
1702877263993101331
5340996138562760835
2405675270361081307
-3502486769534141898
1197266541231553305
-8018205694642925518
-5472622449842894595
-1674047127776719315
-4106724408848154318
8351246956109159949
-581637836903234196
-6120977392989862133
-4922589252143280040
-2446378437478775713
4006023251548950453
516813877692159230
1129567323875851603
-2897571928352353837
-4345940648845086857
-4507442849830205508
392093116622393642
3356183675947539465
-765904675072372720
-5942286561160199768
4313800261215516757
9194176822066281760
2326039385898001008
5078234562487401985
8989948223478140880
-4969476404688588897
-4287918992311050349
1850842782448682135
7502937694941040581
-8466952697294710728
4102819472944478344
-4958308462147228963
-4771477240504086378
-1010012742082337195
-6939069767564631204
3641709618370986991
4655055968422863516
3582412875192704383
-7779153816711664272
657914336019820737
1350199797951067469
-2550670062447700620
-5003069343525542302
-9077728160997104891
-9092560326245866215
5587495409192688701
-609338577361320141
5034262169911180628
-4453461903595662876
-6613330018692596518
8865767279879265010
-6992774309496560604
-8871840553809941923
-5100380520340343457
6138169597697407609
7126678509607279570
2655273866640896576
-1031732962598300694
1045338389677020013
3430002762430585125
405418331897134088
7026976011485223199
-2414043844716394824
-1750703984887018721
6242458744998573610
7307451984225093657
2107188449336617165
5268068702587574262
6461752640604417347
-585538172735922275
3671303635538166605
-5533234302484201394
6256206923258334118
6042704378680503858
650139854007462977
1324818235738168309
2209601746870467300
-905882942368140883
-837690713829185974
-7766614307315847754
2106332690795613173
1765568850053911250
-9025537331059097098
-8116972200612448057
-3019385154173614717
-1914946890973578905
-325355908994323038
-2255000252805286521
5857963939788783190
1503939514797617607
-3524903935226996025
2218409587715524503
6385923966630105963
-464812761611368548
-6501490583377676396
5527000738210471581
-4970105291152836217
7804094864605683539
-1999045020354591013
-5547691844940826586
-7734531100377071837
3954951970768780183
8606010601009126806
-150689451793721279
-5505846995498555687
-4844773637066387936
4998992923400757891
262559501269794130
4078101761371325445
-4481617503581826512
-8760950333284281440
-760867871798678633
-3112320426437990115
3317952001697534634
-5073134257591259723
-4358640967170772946
7126360607752522574
820367098553348624
1136109009192522856
1672686572941137682
2603816937102072089
669369061119219323
-1264646738417032067
4062350128898013492
7230516692337412034
5903409942690914004
7344425939528963369
-4107136918359787570
-7091159260603934211
-5088011848474513217
-8147833457043531206
-5717996142015022292
5164054564967599539
-4392080628859682771
4412482491251873557
-6584850680696410843
-5979987214244597046
8013909644603901456
-5797460141324324345
-4802703491850518517
-7937516666427266769
-4054619094828389370
-3511397160538723781
4104613319855892672
2027969448779377114
4520805085105070524
5806957100167122426
-5908996696280735739
6874122906713629784
3198037125302037514
4636936090564141420
9215081371294876415
8008521631747210661
-3422755115501852819
-3833105600537266004
-458095483477291170
7284490250003399374
3343027613307200026
-5565334484872303840
5951012182593970202
3895486360298585708
-1968789407139083902
4769211964739712711
4012333021464515024
-2102631647818429065
7842146001896040607
-5358768151097256220
4911644535278821065
5371986815043724586
587405205161807928
6025432432982943756
-1526932717082929377
467977609987675911
5624222977189146174
-8779296527532620284
4624140971578066565
-5380853356904913732
7905955343620282049
-5737207595475083899
-7447292014274735364
359205802096556599
-7439307673926693138
-2275141221960633646
5476351239906431721
4103442672739569751
-2787000696457965108
8009887270449780271
-4489654146940268583
-3269354923190317313
-8998946208419545791
-6892606738005232715
-106754948747601473
-6668420620248641410
7241656123207966600
5431247483245269327
1868211564911131469
2162154204166884004
3539282747658607733
-3028461829672504463
7994983379157498417
5431808369603053142
1760549924161742736
3215116709895160325
8048167218651230049
-6280866916632685701
8494378534274100325
939776350981768352
-2510536861257525282
3241413401333934495
-5068343909159819494
-2192110893271967129
6465307768133481030
424719061214975490
375497284540708556
-4876226576878042134
-8003299817894290981
5867354758900992926
-8151598809580597210
4869275505392856132
-2235121391682144485
6844467832970305414
-3633914891382238595
216168039459638003
6082199795931589988
2994813893054272879
-6935917433560724697
-2780571825504561779
-6263868544686343010
-4138593728391906222
-1463393618700283349
8260616598542183291
-4058093468057045893
-6130738270386433141
-2822565621209723133
16739149372989923
-743612134340796877
-1521579432762020691
513713594664055095
6396232365879655394
-7455229196385424621
-5567742646514642019
-4764321992795494614
-8290690549789685904
7888954248181650592
-7766865916962818760
880245502009848665
4037521976529633980
-3938070121034547670
-3574104806248773700
-3359914221146652589
-5072205840604818075
-4045619346222781217
-5051229658594954502
7212953747498644081
1557936584925972985
7941999147761917688
-9192292100313635728
695772710217091427
-1716013699030080666
-3609016259227186414
-8494527097523625783
5396651392762836792
-6481405891281084247
179647216028249896
-4286766503104854959
-8960587493436298112
-1188745078361551776
5821410399346817078
-5981743714818166392
1451729194847293566
-6945751348475158275
2356831922463092578
-1712860003829488613
-388233820958599865
5573587102543740350
-1542590412923223779
-7911243152107525655
-7784939626947962063
-5856838821828711130
-4981477757383132169
1695210209927163480
7174664749495430413
-8149541741468477427
3059687285554305362
-6619729298627581051
4802858554605475644
-4051128402217261856
814829029561242909
6322782081774553511
4482563146956011014
-396795076622347262
4644762498393495279
7467251078674753864
-8906259149021817449
-1971513064140105304
-9190700209015298459
-4788096285030560273
8176418813334807025
5751391734852233441
-7239251329982994255
-2742816830703687203
-1005327108078257915
-4996205188584173884
-3542060960481584940
1103406304740534485
8313203464470544393
3778693500009202635
-5991607324976681626
-5356663577558203346
-7498716832457489142
-4388785977634622849
5948105760529327907
3883316243203590757
-3035294190053846545
2373025808805162402
-3984471860146057314
-6891228859956517482
6858580216228341455
-2062676642634242400
3001141191917807640
4212753261784996150
1601437548716108801
-4759690919817475442
2002159657525765379
7724592391960403062
6292005960617388480
-245572937078697147
-3980889567568215318
-5654932823168716359
-5536385860878280740
-5652898534475651843
-4938826657315185885
796727023804415716
-2097174871679473756
-7969000195812954823
-2362946425603348995
-2866570555112728877
-9176339927710419394
6324995937989953237
4515557526500542030
-1462015280561138739
2739668217313268156
-1077252234958794592
-6534801257035074806
-70440334472981073
2785448049699634147
6009766618143750068
-1745879480833086892
-1941380223977101102
607924160309312733
1532870120893216527
-5222483370342743167
-840341211117184603
3662864745916643337
5205877438473363681
-3101678739696741390
-7326133824120052225
-3903289833411179419
4467863834592771837
-6488989537676218336
7799257537396254173
-4835262890960915632
3634335904203258007
-2006464482324530043
3900194224869795675
4456578912356584000
7980409065742211080
-4060032246188313185
8870818933509444852
2112978942966369880
-4478160281629422949
-4080748557265230544
470414696464923298
-6333798796004129034
-6471729652944919277
-5960405941980523248
3753578752551425656
-5814025567691947092
593742506208563748
-2567203719164655202
6446724191433932259
7795190733957322990
1379751928988205812
3308249410902044234
-4888980919330854279
-8131207661718469331
-4843675942613462900
3299417687897736932
8771123052980205084
278249845817616856
-1877215181550848203
2704187883845544841
3678517045449568533
-3104729606293126619
3635511698311578226
-3765625678431822796
2557091140069024742
-6260720000155080392
6857083587382153369
-3172081184592194521
-9220228718424656172
-5259338049216831846
7713301951059981995
350366848727143823
-8946160061210046103
-5442198512261336319
-8147836857471678914
3029451877120043179
1276966182418747657
-3487513341891548452
4657560307079672721
3495391125903490999
6982860049127468430
5142587576615050769
7113517411583019036
-5555210260246286917
5250808247803098712
3672024989750137226
-7283876588734293089
-140441337975671777
-4258646381194870179
-7946575024632957036
-7262908937549596885
7048086317616711076
-2281060647489402273
6879504263820402364
6194234484511419644
-3014176784833543178
1578977910843988565
4283017002958889151
-5452518600348849644
8542728315362183884
5892856172365785765
-7811169844583278159
-1073575588693599893
4347018744089123238
-3290688264167453970
9027105197844493720
188876923702395436
9180248125870093667
2983563550062262652
2731883731330089446
-3798768480382330261
-2347244156474062392
-401169510909042378
-2606862365610265825
-6132387296540139534
2790350360411276209
-5280588156813028605
-3989292262102690129
2701959219913249914
-134963758134164707
-2880617372872731860
-2769041638972881448
6366086556984523380
-8845767885160014454
-7672720643011466014
3982000147643220996
7396501442336625382
4304724424642689537
4571058814722107667
8269983847990811129
8053567190798514208
8515987621332261041
-4513888294362780926
-7339905565270018447
-771354713192033124
-7308297950318908599
-6543111188724188211
7530682042249906299
-7814709846935841733
524707063248394683
-8014022255050177381
5572555581131243496
-840704651649676459
-5861444723228723629
-3945196295757292194
-2482446899918775749
-5379818114648158782
1473808652104449988
-485207771528474309
2833334721659925353
2510992350937343684
796632644823402802
7029682373805494154
5195166866942322124
-9014200347053350870
5329400118624251171
108744193556693971
-2868699204460532688
8941255005948055848
8130319442493289413
6232606376545013458
-986662680776895324
779436909844870903
930134041010866614
1439760543181211488
-9213592375986516904
1700040440811424394
-2166609286855321742
-7476551275279752699
-9096670547602718321
-8850903035346385462
7022419521575321826
-7137355382048106204
-7460701119748407851
-615254474762793933
4821405836330770351
-9034617940077593522
4541590857724048900
-5238089928999501980
-3780695463670861733
5190540057056289782
2678535421939182850
-2095438316320813189
7126679103081078968
7623744788026404669
-804692543871666783
58702865780144003
-5113531495670634390
5841120714574122439
-3665646931084153487
2647464764147061492
5813453278492685077
2626629619456395440
2954824925768166365
8462882038901919916
-307165244907490077
5811347523656483042
556100021517846416
-4247198759801919092
7653720623611955587
-2967240172191476908
-3509179957672981493
8629719866870662958
3056914213598533256
-1086089219033255602
5157364631525199743
-8563316388145174713
-2969718523224433197
3839897667189299701
-4466855678094511983
3588857143922706183
-2950389455891738722
-561200300789735433
-9184377459884997057
-2489108108603418643
-8744603091733001261
-2039789042040149674
6247286857224342793
1720402773005298785
8040659964203950762
1890346921069910526
4304640952521902879
7593930443049498957
4805591708713116382
5906483736181381565
870214361910717279
7632168231662216787
3041476074049795090
4883972855971485442
3527830044741617383
-1457243211401133537
675361669704182462
-4879567309367042680
2189546327988538234
5967032380629877637
8948823510895146005
2484817535681435758
-2478187725101720048
6103507146634829175
2073859645871478674
-1835948796602873009
-524933745577026084
-1190485097112871356
1844595852151782253
-8134173073477660182
-5594968058998944904
5642912469302587746
5243588918444568865
-7378536948625038439
-6763269907096735230
3626453574643506831
1160704770388954305
3071337580954268762
-5265545830678718746
-4741967851168754812
6532286430711423216
532788422250186536
-2147022804604697560
1982889260778612046
-1358459559271206884
-1794764103670975392
-2438227043978311466
749971932597056453
1594965351405486486
-2852665524274018921
5132973576548230743
1751216562633880373
5892896680187408590
-8308546939110636697
2127992378478467111
8668527648787021312
-2001704850060931059
3664474058488666045
-2297902632143306179
5624549556980168666
-8144008666761641449
1627341529100017554
-3355082731960124536
-1221902045805428504
-6975675016049270991
5678447949575237598
8506364403489211766
1749056567296578538
-2539400090292085715
7047853018478852606
-3049026281915300369
5967345047596150409
-7659715997435519812
8308737456306448631
3066078865947722423
5528856502613613292
3026231972869379397
4779168916565804963
-5699972366225285677
1704157645418693837
-6600310641518430624
2401670361673938357
-8326589617564463690
-5486527063816195647
4390886345422347841
-8679818148789766209
-227367745520991732
-5585871420406896037
3330464378203886371
6223927824548854659
-3634010235552073484
8425181379761666437
873633729756801432
4867870507962579738
-5591118430118208667
218828070982201233
8231437780240130488
5862670007961879077
4536822251368439699
5375890040357862446
4802164919737029185
-1348301754089242938
-606734060738407068
-4267939799999710353
9022887521806370501
8753995735127359535
-3389160627485864713
1563256898314418272
9125283929926067400
6164109144394524648
-2734678476188250276
-7986021192102026761
-7091762587238649887
2236668740875402751
8614339019525825785
-640626611128439274
1539904516892090381
-1141641383333252407
-9051722770821244786
-2887870737765915876
8798468915390431159
2837136749790444618
-8024672690725924915
4925634336577777440
1688624699121823516
-5474398724309415402
2352029875308065381
-2256523636928116584
-4752742587314013934
5081714176586304038
-8637789102121418452
1124728317725286985
2570625271141961368
7386663046044209390
-8000905263470292849
7578647768553607455
1563897789127353663
-5919631527787129905
-8476356322289108760
-2202137409143268499
6262556942430017498
-3397582608881781775
1938495646694785445
2530795442817622373
-2034513439397891184
1530158030741566692
-3444697974248382239
6787066074488085741
5741317963176764250
1313676362409108857
-4987502030144248275
-958531441131589795
-4768286248072247908
2243263130531978462
2851294265960761493
1630529159864623787
4277319218318157583
1763031323906880614
2374215764089048025
9036880176689373063
-1389667888149867449
-6365152479242739886
622007234053149269
-3965252017161475650
-3812976923135824981
-8702936388767444946
-6624829678074262998
9204985168988357674
8772050238121154793
1875493972801714368
-163447457043296363
-1523076166537270986
-3560938835394252574
6017840419965585243
-8047980095465121059
-6701245226004492919
6406004655679344669
8862550457695212879
1131301021216425776
16551402857157338
-3928383246970000388
2593108331297765956
8370943452613043193
-5017082362007607519
-7585927090031961207
1667470798400862468
1211513755683427220
-8592064065496457670
2667854796470645163
-5980898499418655410
-2021448541453987878
-3499727809887548132
7633679051348771411
8698717671973707657
-1846291581694820994
-5561766776890054857
-239020464166037845
-7103839883645440018
-4537338183146820061
7486176558403673156
-5281026898307474549
-8103480239463367946
1203126357679693066
-7755933737628956762
5325759936279556687
7217061566173732914
-6353357427270031540
-3335581940583826676
-5251077966953600636
-1692145236609878346
-6302309084802127973
6260624741730785455
356770522676735154
-7413692347244285475
5805223132308530130
7713057110000804919
-8702349694414225783
5323225572589289608
7037799145084517309
7354025367517444566
5968470328386393092
-8716817293217396279
-8287763077660307575
-1872433625311252204
6545071952893498638
-553671553697302300
1776765006003032124
8384588135741677613
6368673513808163543
-5715654198383414618
6979644343637639425
-5816512959572332020
6014720706933082312
-9181919318570942808
2963458313469937209
-8790972245159171092
6366008659652698028
-1751970117494413743
4400448283260682145
-4320878405293573368
-5950468809503943021
-23419131327060396
6709370001973835841
-1155454264374036929
-1673642040319629758
3390595223219387790
1989487742303207625
2186354284059221543
-5884956379160062224
-5499803169107857818
6679176981909327851
1005729182345642750
5611918878169749614
-946654453989778150
4386764324501089179
-8343067842563893026
-4476948353582884690
1252215345811043161
-4622045461408705961
-5118407357013642533
-5444309456757004884
5854817161436303054
-6227952457163815217
5374372577742347025
6873524205120323041
6634122252503810984
2738960075976348057
4675651355148299539
-2202428932098869741
8286267838062721221
-5196908767219259636
-1118707657613880882
2110504450386805101
6595579776124481737
-3176302076732440610
5395086269996451635
4284035939495750955
-7105572572433357292
2006332420165080378
2492991428577046613
4180582286362901733
512735734027843817
-6846190058594943252
-2962022149514210665
-3243509036667726079
7054741489934683266
-6846355329769976424
4107738857045026305
5352259207071911415
3957812528450445530
-625980161154374795
2684090096457463290
-6750388736890879230
-8176622035367357880
8627844701220411468
-5439475136686707182
8797308548771075936
-2518275698311274374
-6427850842624697080
-665681988575098562
-1931240381991362293
9201375081493102522
6671684342947028006
-8641010251523397025
3985706432160761317
5949105793735920502
1950910669233732433
6519025427679102704
8637592742933611827
3454195113345324194
5693811529056069757
5875864253530635170
-2704743414037279351
1927753035521453419
5025380709604294060
8331451581021635235
-3982391279204478924
9044900194126182459
-1583904277359851341
-9222946958334827886
3957412315298476914
1340949995386559361
-226658195397624559
1632502017319308344
22123299591665239
3857558869159579278
-4309267050312604622
-8800628744626963402
444019055426701733
1494978595586824381
-2389963326084147004
8129692443547553070
3164151965206257949
-2052053805814734317
-8790785064703053789
5013301949246572996
5144648506967942632
7463879342738226446
2875962719026932279
748655152055099195
-8117232017064424145
-5791427258473723297
8942526061569569355
-1965035047976759399
-7974647909377073434
7900624047084221408
-4249108815009547298
-1240294299322506517
5074866228164269386
-9122582758865280688
7099705266448511031
2149048424347905381
4626715479276635071
-5848240780161231785
-8464450790585203481
-2195704220026575287
2642850466071529714
8277104703124015522
3629582192356453237
6768548821932578672
-2725854037331812202
-6840636397175996411
9149605946262504759
-6724976779887311693
976119251244545077
722875984356433933
-4041715111116025307
-5445586018294813887
5762005816490446952
2928939867401135193
-5329941218479104617
-8669415587532019205
7434863299080279904
8066135138309769942
-575180304881612978
-5085383017317612096
7871406289971193305
9003089068058427759
-5261982364029870113
1674975618186887529
-526352923352598744
-3147259122551685965
-2057056140914327979
3644427291166005506
-8636513486006937422
-429761272866234947
-3262188188106696381
-5769419968418215012
5716947283438365236
7825845544699622542
3744777818950404382
7771144257844307039
8035904375726534138
-5422772089921957277
-5427712051343364995
158565063481315390
2658740700581736197
7123033738223839046
-313047140304130507
2618604719775931296
3532548343076279023
-9060331394541078053
7286929733096567145
7077882671689032667
-3966028222333715639
-3567284703558256211
2523394398443776898
-8916746455082642069
-5297056713830688144
3319344323465534283
2558384299740334469
5478532879138141712
20933653382493485
5805244943176047179
6814416149821567381
5292862304352274085
-8713749931406797748
7661178325900689385
3237767639122213274
3940543701833421804
-5059493250400625052
6713874926457858062
7647485966040855392
-9195677272869383068
4637855263701893739
-5783778500162457053
1955419555099369963
-5869250448432170389
-210458303398622447
6840392503798115216
-510051198275499332
6910843276419384150
6385273430529160684
4376726986450000759
2793921738152093661
6744893017712646230
7025084677829221683
1045970366386723045
2388131092102887835
-4470382042058287260
-8489436500373399495
-8622532944204610472
-7645944225032067098
3504017790521175097
4905969775339993619
-4011065045468901329
96215813050641189
-6497272327265657421
-3497304184787691636
2736611906031953266
272199110682533601
-917774001606010775
-285651867812562166
8071211296009290375
6038084346442570739
-450545740258391904
-2022256278183078399
-7503861024690590933
5466867826742240507
6829980535522673258
-3078949519551771723
-6012898262619390573
7405422777589375516
-1975483218677212192
-6478998191502976855
-8481948437590640525
-6903264061911467330
8217615560154697360
2347234496411404053
6999572848993991849
-5065941266295568560
339675476829738638
2383507661051512108
-7380324383518644373
761199854635663930
4759930960201270325
-4536347678406274071
-6751211410094071514
8450620483449233709
-1665846514029741606
1466119747694015835
2829222031801593802
-6357095077431344867
-3143285409179171822
-4703292526897431815
-3862475211117990539
2150557341085408641
4312752253565769661
1771029483150505479
5740287937061697274
5085042478643716002
-2083906397821730044
3187268367693350661
3350566952986173581
-7561032574909883814
4311056251705736944
4760785236974453414
-8447463945263666199
-5784844024400119802
-8940257021446932525
7706445857852329379
7628503936001509627
8424693500711438779
-9059172541988905900
-2429290207516706149
6183322585454382340
6087750352998716383
-648414162683142419
1892811484919443922
2511597770371328794
8394448927117179301
-1509364253627587396
-3211704725633910679
2825200855481895518
-1948280909350399636
-3550189422795940356
2083823797642539430
-4483707444929346588
6575752092865988541
-2840988660750063606
-7348369489213892389
4921106169404184146
-5820224821023383100
5800770826407018847
-2431565810961836184
6218154491257901151
8402058487992885777
8053788827903265208
2072407242988762111
-473886651812535932
-5243042985635692700
7292991468523850563
-5298775052545276805
-3522014153339354049
-323941258089251430
-3507396598006109850
7599637456140981263
-516261765423321001
-2621373261700392737
-4333849893711021933
1624942874560127105
-3791982440503994284
-3305882500765975834
-4491776429381194331
-2595936167063910847
236103173406534425
4253403082770363072
6554318486382554901
6393218485209893069
5188861708221100517
-3659498302276321361
-8227495717277425108
-4407628452030200161
6057116091269082410
7468506131359845128
-7757444380214125818
-1110558410266151009
-7138243924199268224
4764228548838482196
-784674403412711536
4271645154284669371
-2335320955106956473
4328468518074167941
-5405055785080117922
565087832675737042
4667444424876947980
-8754772954287377289
3577831872836810028
6267910542592732858
8017776623395147157
-7548167497687513613
5600397645959865369
8638435545038062387
-5573711946819861527
-3549219232092037630
6311499818988661221
7908901238655962299
8218760817441975547
-2689895248365199371
1491687913917831236
7037604968949278584
9114177139038737622
-1828156017291728940
753973283764570214
-6892648658495882671
-20773948262360937
7128466955173703840
181617044812479050
4064112318999572224
-8271534417496943634
2099945463159445934
8242970379694291490
-3419012275980363278
-2558450099889990723
-3602892533165963894
-2370317715239752030
8373650567570667319
-4453296366700312977
1391363825716573638
-8107327858805251490
-8598970261117916512
-320177211830249893
-5037634675451675014
-7508341507510907198
644975066501846426
520138218374032088
-1607285735538634816
-6463405892527623273
5248894635194798875
27548049159894959
6445310616345648109
-7436144078256730831
-4534512714365718971
8045040917620222273
8331406352232655935
-5173112096872034955
-800883386609918382
-5424330864680719006
-2428709995019258260
3098042892178569238
-1954288354007283696
1303145284424789084
7169078146900908039
2102023625742375040
5014782163653591517
-6692198569682324671
6135600914899765200
-5595179532660515169
8858159469213851318
2676901552574638054
9189473041318259782
1257956239319143456
-1824336851052820152
3508093641574975741
-1681670271122155553
2360046041363254188
7475038439139110294
7775364174259284608
284788552200088193
3855304898909552718
2713959088561693962
8392002996587720259
-8506970876914437448
6568785279264113174
-7004418494792679156
-6689142604109354091
-4739339679222369509
5808299064301260626
5082972155983358730
9214356669971498690
-4040389996154859370
-1634406022619994318
-3664675331728801908
3218793256525290198
3031059109417134140
-310836588689390086
8819062573354728828
-6292557296808306222
-6004256431751012462
1124470120897712658
-8937541062064035559
7537036875593547732
-5318936731168914840
-4410168464521167993
-7537285236225188018
6362828085196075961
-2990937514938382612
-3112321641127649483
-3147347317142052309
7140210816695461335
-3124688122385062914
7507217869118849558
-4701479388649913493
2411318887244576902
6283864763593901646
-1666768583530372978
-469500971571688237
4773527498154211965
7622146824080310571
3448590785096947679
-7342612298187869265
8109763843694846717
3599660607180447217
-7942035047234461156
3101280785435093680
-5698569791405083389
7811049692041085885
-7699529033044248968
-8599891133413525837
432992243029902480
-706297467171968295
6129676667034898240
-7379015028144646527
-2676062838252232477
-3533141042855392068
6731245020009559312
5588682809572493298
-6434567806833544096
-1427009700713667802
3146823376049163370
-4370978101078743039
4305646771940499093
-4828808000860341734
-8910019095970515167
-5047454704834067583
3415169269987954173
5378791663440449879
8657779027959727535
-3091711114974311580
5932073040385773109
-3695119682329887417
1192823148856218077
-5092147601575541011
-4820142373669909874
-7015160981927168892
429477112404936041
6913766667277769061
-2897439838495140481
6933250905591929130
3349831478528384082
1001416255136051442
-8459406485920234824
8146937932915876256
-3535275586584765230
-8547819633728890354
7598332601778876273
2929301314007560023
1135331454095257382
-5481718761191382309
-578169417623177076
8561123844204779711
-1644409162452480490
8589623920453425038
5668767961974312130
7150054797022720669
-7618694306548829902
-8655000586503312261
68367408750035137
-7194351903716275573
-8678689080063882328
-8626764460788254760
2853460194755398889
-7994028723721639881
-7143384073848115062
-6321651665571290782
-972214327342429378
-5326847144688902081
8648581658716731771
-2900748917831282803
-4644445362838409687
6919467300883055112
2320861949481536373
-8423764008018702458
-8080161820113412135
3077083780211588239
3039375341846745721
5989634675987435629
-6208022561013178708
-6360278970795986116
-742025250018199270
9005101035584130358
-2347571921613927881
8118612731066088319
8308797085021798255
-4981861724164585787
-4973183318302869413
-1277038260886362888
-8169140319584731401
7082205879488419091
1595597971839072906
-2314765293975398669
-2152140197121444276
-4330401056581534206
-3530846637557637844
4446890441454986803
-2893133905303158640
8061494729827709604
3483772185552850243
-2525390707817961770
8157560981573570084
4577665465689110938
-1901284260236240906
5232740299829503971
7841410113072465993
-773876455583303925
7273072780562857295
-2276560053254046736
4823403053028118181
1767048386275574553
-532365654008550711
8310193769431210317
-2622896862835411487
-1208656754951679701
-6810406889077328904
6648571084317013129
-6912169471391582939
-1667987062866739767
-7400860297962272337
699041141543396411
-3633218117224672595
-8201207167931273472
-2457009333031619249
4875761056766540041
4319888909490287393
6194873600526615996
2614673175304355724
8470496093347008572
-3892906110293646506
-1169316584552480949
-3590957713238142272
2724715571652374832
-6257607210497954277
-8849697123970783232
-1720720158311412862
-3772190626821649569
-6548151151491130355
8773490852593277735
-5794949341026434440
-6078597148129728927
6881432436503422410
824009675520587823
-2929045434536981084
7028618750545046150
-5784142369055631398
-473400480173301140
-4944256062951884933
7830232226324929733
1405925794087217997
4484433662718239445
872218103510057945
6698441073449603591
-5571442968775478524
8555612869828720372
5487180221663401535
5796123904791597392
1963998672180889227
1440589909009197723
486484386539798418
-3407704301300774479
4645491745972789554
-4295437146298610460
-3105473379832860621
-4923290938539643065
4559192745034441985
-5451467897979839749
376794422068710158
-7401017823031692656
3521355835410906208
8264630151999885491
-2703565667325467090
6589210966559612219
-7699030556659579720
-2046093696756079798
6703810385755626124
1529466955016701249
-1566260359358149912
-7356202089489768361
3968166892415201045
8638889468990429121
4020544702488127627
-4527050137337876807
6761352583082528545
5417859433499094239
5217825792794696131
-1325678155762684956
6151634843556816852
4831681885161260956
742245138245810766
5048274318739505274
8333526938405617500
-8498838341620818937
846383222795793938
5360776092553268384
3943795505715338681
-5828589429337615133
1362766199363772935
7745068631000837276
1617388749777073672
-5471160430825513248
-398478196814752216
308872559816431684
6315750489022327393
285773710979650198
-5441395736095952397
-7125389675961134458
-573041783453760883
2829386250014764622
8209544858122637357
6363286354732366365
-5676851093244057017
-2866008317331613299
8984438139348331338
-5300073638618641168
-9124068742198636325
-4663347387821132504
-7006248051580254294
5882514202413192374
6887103551230041349
807809470322699858
985378240557747721
-8742664733178169451
-2089729895600233763
6659324949875597363
-113565370020597416
7420931547190241643
5721485180278881165
1500601184480468045
2368481122955093815
-4624365212307249032
7661400350472076830
-8829244916634455989
5704963634366106681
7929304846750059527
-874163348433780442
-4938145456955142806
4793338915015935542
5810110995759963333
-7355911690870806776
1609449576339805952
3119846025437722606
-7808600839270407118
-7978076439343265706
2803132674591501988
4928974224427111555
6294535410658472729
8007615215273557157
-5353938328011842745
-4131399700084605631
-4582428711294681709
-1420146375468520422
-3092085361604877355
2637750998347267706
449437381223586094
-6849439635188150318
-2904132215241796806
-5818106678260941187
6535911669287055265
1260591538522170525
5367856317336958901
3826574532276852034
-974601443786472263
-388217777918741217
5406442286456876366
5954783438310713070
6183448819681801253
-4416863198873313426
4795024542028991860
8473022430074336650
2680341168672254570
7510456398609856745
-6461648571069555359
1311993978072530992
-788117913181973110
4065522313912558469
-6040379923873722474
-8685549663630836556
-5145343136252958861
-1587673410569496422
7696188804446551943
-5632173738034443520
4679530202967072600
-2875011439569244116
5768745350099255936
6806910303655651699
-6931364085929501227
8774251259938254261
4330005920731168463
-5869511283967258153
-1231849974112904112
-7563282028710914597
-8747193538745497551
7745872243531143506
-1353518292941730988
3001828831105940906
650899550438885322
-4279535195553126621
-6244966039065174926
1433920444444566135
3599237060549206529
-5678179923998599931
7991991736472024589
4490714872563259259
-6549647789443945946
-6231122024475812166
-4716298538546305540
9220914610386144236
48812024748346479
-7422464963850898109
-1245264630780731444
-5743792123113351642
8899530418564562038
-253861997513289367
-2892887180056367442
-7285337987634693353
1608857755166365870
-2085544589966030306
8942543236863297686
182206497451249418
-3106737422886876368
-8224944197541216026
-8584108742258628393
4481826026202620765
-6039108498778776093
-2951148160516208307
565353465362590627
-958167721958306316
3196147088700267985
4156497584429572883
-663052603097544513
7895721113523311875
3464505146110717082
990897110288171213
-6397884248418489369
-2148792525324651195
-586202218124152414
2240491218016431717
493945000365454570
5400912508019942461
-9061323796247716964
4002165308169632002
6526032408973497097
-5014451965269056596
2848966035901568581
-8093747039601903416
-4116348501802231906
8860894843850647251
-5779656066166133108
-8848731382120592882
7777716595855858692
3906267439188069024
-4075813402418818055
-7097996590726330604
-4193799086769772517
9036637334419220353
-3008306526145243484
6189612496042031089
-4432516805975597458
-907789573904396327
-7142303407698778535
6101570464364545622
282701011377842672
4987396134823268348
-7775958395555268652
6670515261319398610
-6960814075169793864
-6089988436802368133
-8982330128677134018
-4300497201484295681
-3174366728083245086
7749295692500445554
-1646836661490036834
1182051087455966267
-5829761430500738576
1781629105629179712
-6275031768510990878
-6372941942261935615
-2157427999082309573
-3986949703004429105
-3336021191545783932
2898922873160580396
8456478051565996501
9158802607389811123
698337882893538275
6607125967524181848
5992446738079396705
-2286493109239214110
-7640253187019469017
2809494488604569647
2623338256195517941
-9172759618462408055
1724136446955926634
-4548865878341788362
8309820993011274301
1955451483011168678
-4224920549523463668
-763489915335787473
-5750212370730935155
-6386207559908735156
-652635950519394037
-3359842143624762589
8308981652904034891
8527523146545907124
-9158241866822198250
-2959513633790997471
8822301482644492330
-3201759953247189360
-8903642684659660394
-3669919339421756916
-3621199869505425749
-1742679297120439626
1604093373373124211
3329034107510065871
3806530807867396970
2159008550218835333
3864210454536538554
6168704431989942192
-8658540499840150137
7123140232667476355
8568895249211225211
8903904848893386687
7091682949247416526
-7169671546516170492
-4032977801533076911
-506184828064903520
-2901593623102571341
-8712234428035290025
3768284019935243931
-343997440881392525
-5693445461897560149
-8897488687875327612
-2806105073910209800
-3222969597551973604
-700923396754185937
-1244881490761207214
-1056661977282052015
-7154662420678984643
-1934497974784229132
-605436639419405361
3979160171614236648
-3660478518722461584
9133644992659296665
-4813331567591717348
7791911813912335590
-7387507564539626699
-8305633989084432250
-3054851592188244167
-2487823309885323718
-4026407185508756876
7836332334222578673
3627129995646442976
6912044843942820145
6077862508798862937
1212240459072239250
1287475942708369694
4522805579950680210
3075990252542125084
-5596854231955807904
-5125750698849238005
6837061305375546278
-6328656755720788747
-2636459512243548634
-364607671291362361
-8343315079562311998
6668183812159256307
3410300014699353402
-3424022669002220715
-7798406319088375442
8164866752011500883
-9085800912522803456
-8132742223131397883
-8114901292571605240
-3247992956391136897
374482918306259419
-3817604896667516651
6652238680302521125
-7020564744692061196
-8581046509244405193
-2106350369602289903
-8333417722261403798
92221749220240655
-2423273126917154893
2848557675915062608
7807487123876770940
-5056611275865632467
1842929690248982516
-3356738484980585911
-1375380947406214554
3407614033515705899
1369704810755873138
-4908293588024415560
-3248773952291320548
-7865970532583561939
-7308257152904500180
584536924440864951
-4067163092850784438
8713850836794600003
3523248001441905445
5292651538595855893
3618514030768880615
-3783103981938229336
7791854799203935173
3557314929582922539
-4594846773137884995
-8445129060684739026
-5479450115978185944
-294408365878668829
2707412995338846192
746690808911642448
-1126197651057970565
1181560957132284679
-6300152593702636829
-8553015792213857090
4684786286454519783
-2916401355763509329
-930650612255394257
2869021932675734518
-663960995885602971
-6342336623714767751
-2942517091381122679
8957351718361830532
3004358916873521328
3377756958255766992
2963214745419524914
4180613398278361509
8773990113145615796
-1891612034153114827
1388413007289003453
-8786625289320125834
-3078127792361970091
-3812618349374163013
7590100658261114149
1823051387944693974
6319258035145634325
-3055023147954727874
-2746321895799674305
-6129327663452258849
-5821793484092037945
517165865043585426
8248493040472082794
4625416785471052127
-3699306897678759200
634528822739288413
-7548763173910362864
145685512896670738
7401853818756235978
-6554822155840619605
1578861010872214449
2787976914116877365
434571299603475451
7046836509498900566
8680310830296047667
4598613728945447390
7161564342298024917
-558322249273325603
-729957243834011264
-554284775129503253
4502412598711206429
1046537733342932769
-5928636864123321119
8856354979216567353
947201517638823362
-3481392132200999514
8397483200945168896
-5464435758624615929
-8894158099738664761
-1455929841091408751
-2485930759393065526
6014006281408805463
-7221885766813274939
8140327837024698524
-3503936152825353805
-8405296977589482437
-1237160827797880542
-1204538078334174462
634499593381220652
8366603116344871609
6395607282290356901
7485745747643894967
-1787464651114991978
-5192392214133370373
4426457454565265924
-8944303556835239350
-6894224781979651497
-6648059574618007988
-8244281520472912749
-4377503133993825752
5463965805719810918
-782764413364866944
-7510658444402291819
4126425777116736256
-455348005693462315
-6284961896597407488
2844754971351105500
-6892112953554692625
-9001093652000576264
-6346433230742909777
3450635449442252619
-5337415088532050003
7514976124981986948
-4225695113344697291
7908297752611211298
-6357865649964901229
4840822813613869021
5768889437164681676
791770767557367469
-8076816888717426129
-6385555617416291532
-5247832789740435305
-704177120324586040
4445067491210448703
-379761171301427232
-6040422034296259630
4733906833027380514
-6391671418798374498
9130531019383038863
-9095229351208919026
4865175264952051186
103885887297367716
-8454051820037674396
8101559019325648913
-496166419781541274
-753367728734556826
6779272948939778343
4906254207802099913
-3149078487608252095
-598443089348909172
4814960720659507015
8651345562492422040
4684400613849416513
-3127177140560305176
7208869038270847309
686470178103760278
-7499787126027889984
-7966616585501637256
-3228610820420470980
5333566149503490001
2859126399317560092
6401683518677688706
-5470370823920086172
-3313351201003192435
3858345777114707537
-3920073099251428023
-2861294169632855368
2300411058758802503
5570011717082766694
146105773935881579
7930046254476814833
1137204825263415850
-7720963480434162884
4715175133245268444
-8432691127799393034
-5971876459950234908
1464666654436956948
1328438810463911694
-1837891527108189924
-1253974342876673597
7043675589085077445
-5300628004603413490
-8244288861572253831
8600154338115542877
-6817074953197017800
1052919912512334057
-738321473817842573
3102606161600634438
-2961657912444369259
9001921293607606069
-8301313760428108859
-8582245566561475632
-5688857850865898329
8197888491127248695
-5568523402322747417
6411764299625826608
-8188328803851348777
6694474606251148700
4670632105218362683
-1071125664359846598
625637726508682130
-6482674963020610189
-9172849187850542230
-5470583265606653392
3679184546321865073
-1238623468604096808
-9106167579835728958
2336203553321068784
-4306943679025740230
6761540965589185705
5839207266737270044
3291824450946054099
-5127066696956761561
-2045072126610154124
7125650108143374848
5703144425337300307
268355120810252520
1220971390433542337
8012272119656937475
-2779109987800403302
-4251128655446912893
-1138826925152721872
6371855582436737978
-7786938190655350621
-3813340267892840650
7021918783033935385
-8757689144976048293
2800762079701294808
4348602565501053793
3383045451444136424
-5703135230824307657
-4635090309116257968
-5510124772516212325
5112055791705097660
-5245796184107130805
-5300789643634655054
6846645723090067157
421815991897926772
-5383604087820700180
6949406279401516939
-4316485521681317608
2743075288835649695
-3947305695826537709
-4120807028988134144
-8646201037709040280
647216893435270067
7652081635012263224
4343384257864383266
-2926973034192564031
5823289629526979053
7349810354414930201
3846911720740123170
6235100789794587728
7395366392084275494
-3481083092470974453
1972512163001346991
-276610748488017568
-5031756602948475635
4722041378445623412
8450010510858237436
-3230129729624206501
8081059356289140574
-8852875264574785149
-5122798007371734212
-7588880997331242776
5505613366344790510
-3895334840258652121
1979260992909538899
-7366291215300968782
-7069441743389319361
4387970449321270790
-6863541837664661115
-3414288481815667822
6231399190614185115
-4844382122141140272
8602156593322058339
6509471611960297225
2818372849762753617
-422405998721269252
7313747234316654788
-7314738076005825541
2247974179122822582
8111043352053057898
2087456615273575288
2072184844316120865
2720961719380033109
5713393489317507924
-9119692802546130403
9095922468423824089
-4987592829580131334
5375343091439192751
7427718591054723742
-235010839485644242
5738566672602267968
-7621029253991075311
3644332436961997801
4431719838200955487
-446026418385593829
-4305660926545050719
2412472658937138290
-372020642578524514
4460805815992628962
4280064594938303559
5061790127959678691
-4894179571640394075
9053625428158158871
-3812360560680711126
-6837336347520297759
1192725892063637092
-697782214215188539
3474063877297964895
-7277819092333848948
41914991273056749
2276660688257204951
-3815536007905885103
3113828761237804538
4777584276409168061
-5105444927603062671
-6461905714616402389
4477516681737289361
-5809172447190517387
-7174409353845388750
9029983914091942303
-4964677218021823137
-46291727024966550
574592434556850695
3650784635349044393
-1259546647619991199
-46817919852275031
7395284010992903804
3598661254234601234
8062646813322375455
-3031250256597343253
-664493318517183229
3681173937997763124
-7735256420478896267
1631214817180629489
-6564559654340850970
-6524317465547944714
-2521561038407329914
-5637160120121958095
1062269070540949755
2565767828173503848
6906268093569771371
3669775864828352623
-1209096364010976563
-3038468963478764907
7151503685747124378
6828277115428992801
3276418372989207290
9175664620576329577
-2400960876617551540
6689069504259607974
-2205471350617678089
-789358142789783399
-8452491701561217255
-976153932336782046
-6754621105438970002
-4230182606436675340
8737934088779227592
4270553035805684542
-1516616345392739788
-6214247859808851936
135206910701287777
-8271855710795178695
-7480442108291819009
-2374343772401026463
1684991636060448380
-918777714477135798
-1207993004170751307
5296081630475444915
-5047246335575922697
1878729454459312795
4294999076757758849
-4487317496745041950
-7484938800047328684
-1051142123574903377
-8671048149231016606
-8315271623462029307
2596450662929060990
-546757410951942229
6529603822786868517
-7488796105961775306
1368273749170755381
9204189435040652531
4386331050571511811
5189908684707024111
3809802222639129417
1069784713566268584
4317328116917940475
5274110675645685009
564063032282963967
1118406998018690219
-847503104624246260
-3305249238679941726
8086735028583941535
8399503149693687739
-8371662554064984063
5756124744767546248
-4639344042234468559
4098849264409455962
-971574880359054027
1814612196225539881
-6157640208711207300
-4342168912658081032
987739344316625138
1210584806418678553
196642628787094797
-1680250340825506994
8793333928723118709
-6804499067240105089
6608809664579091029
-8010312888011146432
-1586311440993993466
2494422861055659133
997324650283421349
-1981547597881475201
8175251229676742062
5034426219670887663
-3309197843627874865
-6845251825605435535
-7695516550051468422
9085901930551078720
-3052255799749959424
-3358829568197850888
-5783852435780290308
-5579046471015557261
-1216614064344429152
2147086014114832251
-4429864012689813738
-3639050356598130544
8371380437891006729
9007547261933996262
1382728934808274413
3375098565584005166
-8274660857816615916
-2550414870652352055
-5063266293086414863
2891489560062879156
5416059707554755987
4235743436863453417
7766752233013922825
8953421452648494909
5827330162622760502
2750651642268905395
-8031761397526505325
1735204029559558183
-6327944108295905222
-5916988156681580324
-51744839465142575
-398266481520373821
-5282028162020407253
-5773220553222288826
-5220853783081472875
2370935569767977663
-7165679281854798798
8534503378013531272
-4437028635860842932
1795688968042379005
-6960069974628145500
115645506818643407
-3144867826456234818
1792389997858132372
-2390984837383324926
-309252396157589406
-2411449930395727129
8074337801812965832
-2082972744808435741
3271433248253278347
-7105049494466327885
8356544285629541219
1878759310033049168
-1519245766986097369
4616590819841683351
-7047856621058388372
-3536472141695075277
2516002750520017937
-215470021203746099
8021762172440623493
7906993108601452190
1697780623648444568
1795566671192570637
-7637752293103383074
10773098265434458
-4039057748722479167
-3443929552641041719
504869004071135341
5325977650255198539
8315738533015279971
7767405330588583976
-1245024732463705104
-3533788958158134220
6368612023520451813
-6022995675857197346
4925447168378748243
-3541889040294339750
6056507368788236630
-2889131428120411682
-8287533666293817858
-8428616235539849649
7020288606625127643
-7874262235068387138
6121183908137532480
5678909138341321760
-1235489303869627347
-4516369370648896260
7259332558328418606
6814209943060911318
-3568521248004880641
2232636887406410239
879779380085972310
2271201189736452263
-9003378471305378097
-1694507318680851892
-756188949484587359
5643974758666964702
4786033791885322834
932302846132507209
8354097398903171180
-8584001190166640076
4923572744443769003
-8125003710375194523
-7559222179513407771
-1292915548412400686
7195133813574340883
2071189428150344448
4058560348623246354
-2555949329844624588
-8728425331636219113
-7143196650670426287
-4902792630158104141
8988083049443809143
-2216124819314259107
5521335983890986481
-6736233829004948099
-5516931804107438928
-3259456054240038187
-7559011334269321706
-949377221277745104
7512432227527526981
6253152422763483809
-4520462457661055948
4595813510940909180
-3369301930796367645
-6067605669877059687
-4904336752898894670
-6673787188156484985
2621450205435665088
8174019980267631533
3617728648285331769
6573522939491505957
1932330145191848298
7642092086756421149
-8197800722133685422
-6507903158753431964
3961198896315793143
-6418682499067769884
-7212368873772901595
2001642604358324589
7340698815314644119
6221837236023343564
-9153489169719420357
-5810961594117436184
-7538997863197945631
-3325708820877575973
-7925564082340282246
6866755515639990783
7837958781308134912
-8352002179243861926
3062564156804965331
-97967956809133566
840288029512627768
-633934367252188905
-8763056194050150189
-6966995973307707300
5966144051650317603
2231913005988378949
8854870142907837635
-729577657005669949
-7017622133959045701
-6921526183835621203
5961705054951206098
78427605678766959
92332310366846474
8145384483556462606
-1238461396462902274
-8084076255944022995
7964040705849759605
-8969820825354913658
-7563479887488018681
6103804131673289099
-9080219908107566650
3331551880601046787
-1459385481592300377
506031517534218179
-6838063746483057299
-5298626909220979852
6665504072309282986
-4796492421440811024
-1110466112472204137
-8857844490491376366
-5573686275101050405
6441664028664573345
4442002967999898396
-6306075532037676017
4803824253436518795
-7022967515268950446
-5060301615872172774
4245936393955176538
-956315012992166278
-2945195868694529684
3191125718011897256
9153768024497145029
-138159820308477709
-8504667425037580174
3490621764335214684
7102629183023229523
8124218491692044597
5588871609860014022
-2267724477895906283
-6268809794179449508
-5428350759831495483
8049372761247682207
3987646942151470315
4513096832735705434
-1664019338413094871
-8468060116213487950
-2586210042777334668
-2246661110424700989
-8566467947364747534
8578984213513787200
-6651185707868110296
-1403183308381055246
5374423398312804406
-1001133961937749823
-8842181001946192295
4183493937148476919
3682305786887097970
-854352519915070783
7801179473672070495
-7395367948307360346
-1448087391814199867
-71378463224906005
-26448892815349500
3275224443298778470
-5781954044457157853
8572637475393092532
7971927380788784856
-6638728157396100364
-3281347341682813601
-7559334380394339566
3127494894394038710
7531541313313381003
-6914205748801763393
8955077773738248255
-7563297791641724515
6973859897744981333
-8009119796641034969
-103040893526126250
6631721142381365239
-8924158520309137829
-7113319256576428106
-668968864528694583
2052950190605865152
-5163501949924861879
7581918966135635073
4581936508950826628
5357616057138021448
2174196035160278478
-3575471920379778196
1817930092946297523
-7470925922769355926
1057825136674345073
8546055257512680654
6901014743609548240
-8260428487970650878
-7070088586968742727
7280619366853058363
-5701408822298500535
-8475750094390688546
-4858609949137902126
7023228716888148687
-1987705946240464235
4975148729271718139
5493908592515653733
-8332458122149349308
-8666217454614785787
3609798849973931334
7723085464007983902
8362858602695183641
-224518972402617929
2257429888399682710
5230298360527017801
-3146921987585239401
4680217738697771279
4900794215182547671
6065538979049468155
6592509269451920601
-5168126128547944202
3396095849575776073
-1290294761011965097
1810389012427040177
7216763928869888034
-8434716534025424562
8092636771488506822
-5835312716783585541
5748537616536307030
915748566575795733
-3363091046134227922
5225405088567016459
8486278614027797858
-1468964419887335385
-6988482681275083529
-2418559213787344292
-8897673715906877865
6510002878969599765
6703994763625223870
6445333193676009026
-1733529707533042189
1910070750816323366
-1636143877939348537
-4903849519442475471
6680996637249882270
-2489143986198494988
-428984382078752992
-3224344046779368337
6674921569127339202
-7616602343661260805
1069637414601334216
8721664402600882155
-4643101185021344161
-4925777891092024622
-98583579762147945
-5677055351902004732
2850177555650467922
-3776032685123059862
-5144961008834868004
-8539690297094763527
6104390639182439784
-3846871243716890891
6160664559877972736
7135651441048679630
-4657853104841539886
-5694581286475940722
-8788214480565353936
-8116021942745184911
-3596462135689445671
-8032547406853936877
1001674831392550945
-2171065743978215402
-7137895259175810935
-8115565341847813663
-828796983551959455
-5304175255439808515
-3663066128279023023
-1811906456203815458
3340025093832511401
-4741576968988300989
5983219099078318083
2423177879642176509
-4177589878234785196
-275421605884487886
-7534652335473975524
-6972255258463756238
-2139572777000825792
-2281113718297925316
-9203380993585386826
437778258660100875
-4129566726030947372
-4652049095732338564
3778693233650506324
143818897598878252
1224633736204476465
-5963368740708790322
-1670472871727217143
7273959900757775293
598923188156857744
6297452667254594027
-5989316758817385525
-687003493973556812
-3149431521061505824
-5203449409600074609
-1143509497667661747
-7079145279113652839
457035379399365654
-7257144786534094017
5434264491322884559
1067000793339374732
-9034936630835781980
-6406915935056324739
-260320310245616787
7879842021464266570
-7407385622320696646
-3497620423950919549
8245638395165956213
-3562882365462447843
-3031286192702587620
2216204648788048934
9214052852671243318
-4772713024482154885
-3294883529729431775
8872517028146781633
3598901068078759104
-880604205357763612
-8310634475844418756
-7593860274350563230
7618261390633109276
1391463344490621100
645338494551129958
-3694817134126726875
5045009221285408853
-5271492154104151371
6726205019403700315
-148487267448785007
493945133303587323
6897364687750282634
-6990659762482114193
7996574122779248778
8032343979180531410
1260223275675312471
-8966872221560394025
-8135148907704792527
-1958986768608366627
4980413956534495865
286728801677012866
698441355099767508
-4071369551583899718
31625157471806748
7496018019618988022
3478343679828922847
8951462113844200621
1625526020091913643
8887205320819833715
-7871855373759612419
-2622677214767109799
3525702933524970478
-5670278309727773910
-7106627267794347111
7916167816248115864
-4064330024895861686
763009689436710428
-3666782546023409781
-8648606995967930231
-9127232866610784128
-2464010069025341833
7862409393825044937
-7513702966323455919
8506004412256242648
-7698226983975267848
268076370149406113
2788046167234142914
-679998219794817668
1187425326508733961
3327758827654178148
7419605634776187014
4626202363662623288
6459786113396946379
-2181311980990648958
-4582994757121182272
-4882412868804359757
-3983022511169860801
-2923813465796489272
-3779948476523646519
1821842084314863153
-419242686012622058
4198234557906984209
-9025987271459151139
-2507774920419827600
-5079230510861476192
2108730137462912725
3079517641689258086
-3806943316427570721
7349355222938808252
2825076276647616028
-1152853611836824984
6257690607169410272
8174432911497739003
-7612867686801444234
830437254465104082
-4808766142554740221
-2834465921474169419
-1019268786162242007
-6784907026759521679
-2203614466271420598
2884440437089586315
-2469358908089500541
2131861058182392399
6211357288021947388
-6261607050178575650
5072163177540923890
7552156881905223508
9049463664304532443
-5306326153938659894
2240240155633593492
-3985802670738674873
-7476170426371933084
-1991816650347566192
6222504193172911123
8410211985016660867
-2661775975635233775
-4670450388116362096
-6415486929881369756
-5605689247213083973
7164630082588871593
8301156689808760369
6066376216520427628
-3083711760435729497
-7276633320161868077
2076168401986549370
-4279349947851833870
-2741394766034922686
8259459503217121407
2832431522871953529
1362552075396718768
2492382815903374309
9098509560509923
-8037425296484136429
1016899736801202176
1072706550695514884
-8718219804149455588
1588594704675662329
3069730494621022315
-7800662351594194128
-551962144332919412
6676324665997014314
-525946168699871557
8776952755330930485
-843027457670311942
8725595905838915281
7363702622861638725
-1587072025130739964
-4894870722999478874
7838223859731011885
-2985552893914604282
-859010701064821597
-8508355696804108478
5475177782518712667
-4446238145679830257
1117757163308729029
-1800818597419951999
4163133864381433704
-8844883143057690572
915859251726150055
-6755039997778569309
304261747130921848
-519511308832955798
-1609133808844728746
-4600492051107178383
-4542209830695133971
-5402788169109997103
8161071396424704967
-585239339744825561
-3185591511426256324
-1618972725757702672
6407522479403256800
-4687489684238595805
-203544523864401755
-2810337431635892524
-4136598612509708104
-3234280320033317606
5762838551358519101
-3738734203413216004
-516463671558400177
6746571765733542860
-5497621871823488189
-1229747935484928765
8240353966034152334
1894767880001836210
-1093336171761833371
2904589696198505349
-6948996801899402963
80915642168869351
6220904168375566412
768961847623374718
-8601496937425982961
7864142207941103623
2955779291842712962
-686620743546097414
-6684448241731154120
-2940721481771108136
-9068948247181859028
-4365234491261272338
-7780334149415275135
-8885166532543589873
1524946107032222668
-998501713159486377
947456764180743437
6392212791774553890
8676745232973025736
-8273188702818054341
5468941627355342067
-3002471009050883315
8113440714739560425
8290326678225005317
-7514428349426838231
6887011843877155492
-4186548752330893657
4504358236113547882
8225765224937996086
5309544224353404793
-2274269393560900342
4797170989352359732
2297316900421776207
7622044936086545884
-4604407719275473518
-1236471305263347142
-4666220059496136970
6212900163484224413
-1470100239472063983
931835957428920080
-8422467696053855246
-1396188989451465028
-2323179301978066311
7286537220037918259
8454109830082596792
9207151214791388930
7263960335111665561
-4504280759751591574
4048509356566221367
1303330539771447909
-218031061308294154
7414341036331782401
-4455417228760716199
5389003734471646663
-8996851394370249429
-7479359549114887743
850092056251182492
-2156193632029956740
-8250258306678685525
3059640132109173162
-8271825501396966676
6655160073432563197
-7774200697221262310
6129172136452098799
2821660611278645923
6790775546734431394
3935099355094294929
6708507551919994587
5002256462266130693
7790384229938874467
-6069873220003874189
7873719795785940302
5908744889943955296
5714929592482659189
-8546244764766523732
764927522339892163
-5951876075172019565
6342013850535791382
-5142453217791131896
5732087880301873926
-5221970320644122712
7117056084020514740
-1595595728828310583
4056331921417060990
2768992591693454472
7708824113811280428
-3187057800070336816
-8182371190040172404
697464204094829419
6669233557415457427
8939628007217243301
6410884075275823150
2977973614536219518
5315428984101157832
527765345152268984
-3141948974294013208
-3920441815793669399
2461363847024356827
2716139134569296654
-7707832618920303100
8389417437288965653
-420538892840642715
6262484391142475068
3212683418649001000
-6473156978513056735
-5386231433486969385
-5043625791571638132
-6347049153576878105
-8306819821426275220
-3264686461300428256
-2279581089525088516
1419137854765980654
6492250522314464336
579943428096867790
-6830693650099381738
-7272719075036446433
3073330679032395606
-1134611422750237181
5209042528030369811
-4206101580815771158
-1327267842731477916
-4233922811999368123
-2616909531584137169
-1152382900720778569
-1828614632019869616
2592687299803416757
-7069608329141890395
-5597517138828971490
-6557530281371668650
5388577574147001990
5286122216053945585
-5746395399212171738
4104896516404186759
7945831671656131480
-5775728421973702586
-1129123562279944426
7718376610444965641
8186228016440133660
6129356013824305613
1172507277710978075
3003900083090345842
-6457592228682906059
3677639119077471491
-3648368119765297900
-8872641542993255826
8475696733393770062
-8697234749996158878
8890158936814606896
-3292681648436986420
-6723195151567625928
-7466380359983718841
93892519322382594
2855003642298317175
-5840754849771029665
-4043272525413504305
-793732126397131073
5083064360351434855
-437626359917547750
-1115624336099542633
6717030694635571265
-2286405174480577423
2609139221290796773
-507625013455419078
-1138488828052986697
6438784331905086059
-8408339751926273748
-4419407965251379040
-1952227496551177493
-4188030394689268217
5820213540961309193
-28321658561793823
4547774037273889242
-8344034229773746581
8804945096118228071
4172748194455298555
-1213746289528243162
-7606493588999786339
-20102563015676278
-7615095224199380619
4930135763763569776
-1282925021084867312
2381267812882625931
9144367543627553489
-7237664659333839197
8149877937517295419
-6683252056119451690
-7315485248851476445
3385551841027303315
-1467532094027682075
4676016537429371546
-6330477342950436911
-4274996862896549424
7261113220505380876
-6099506523349741566
-883581775820862903
5084909507279979559
-4561968817600654802
4676901718565040702
-969698093230772135
-3849060109633473306
452334528034401181
1137103752866710649
-6840303012928942022
-2633804605993441144
-4355424048471002906
-8846155082629249501
1620209694325466189
2344892696004516171
-5462844567731207649
4533226606505175321
-8981831879596496520
6512333935931670482
2692876593057953180
-1388838148288612066
8001223316686716648
-8450914905617920836
-4586490748803287914
-2953192571344986261
7446330041318132579
-7565298270045168946
-1299755202228396779
-6711467394829327756
-5682784413357723857
-3661926931343428668
-5142116547057110389
3347694840771662588
-970023149207980931
7005433869701820452
3365313176410066567
-1323179724800600285
901384961639968876
195928139914727556
4527797556669489171
-6419568552750930337
3551268675545929599
2812733515870230750
8062952768945212994
-5409709640355505783
378818683962864646
4068691677972811327
7315167998181742298
-885541137496831448
-80187691432004898
6649449065433857245
5715706018989484909
-4586502122664833077
-953899626278941556
-499560895725828176
-6441782398062104988
-5348855773773488466
7091290766971394579
-5296268438040015573
5668949276273933780
4744333328775732149
5012595249159008805
2004693992223405183
-4734779020780165713
8384822106508769131
-5214207961068973634
4698383402918654889
-691132820805359589
5880224758589839750
-1134125000186326765
-6341190370038262208
-1209054881278735782
-5019048596016836249
-4446673016405527913
4040925474727369200
1266635329192636485
314224083920438154
5773599786283567421
-4404231758918344296
1074470655191678690
-8305445327785667903
-6145819199792400369
8145644002168858531
-4242218089552503821
5910619838107242964
-8403560902081301985
8211241141419896723
4565018134779102893
-2705378445369595802
-5213491528731588019
1098356674942034782
4353261331793270112
123693822326014522
7884125763093808202
5084924114278732045
-5110757662971196812
-2099882818537339776
5097904661564686029
-1676629263173428580
7185904534694874676
-1532092446168407224
2299732416262206813
-3743480832667053865
5672993661309049398
-4062753495558277302
-6368971778042218773
-7786022864289860193
1971938237995762137
-3939080905912649928
-9015186121329364989
-6708386289985192341
1823005287626691287
8237418508521389783
7253483020566541109
-9141763392775589623
-416021828347600715
1708564524444257380
7234078528825513054
-1253794695740783621
9199666639962013712
111782062039023434
-5244971990375889636
3161026971998243664
4196883101861079156
6375996505161106422
-3897005676502522123
-3358916192010171164
5631806804442275680
1191572311508652793
4474961318505758159
-2835663823935986955
4294682503119349688
3231162381283581506
-4510341988884521150
-4598993218553417608
3302876180750949700
4315778068881357426
-7931240126160910002
7189780915103618865
5094870733528541355
2399334552137286530
3476386282429496984
-1320553467152635828
6343654769115262266
7547982043273679138
-1685343064718023560
5141703038125750522
5799652214824347457
-2089309736269243807
-6277384382364546133
4557125186967355093
-4252919120929069976
4228770281860624923
5943417286506817903
-4511359928236924765
-8259603455615693705
-5830384596592115594
4257386266338213651
-2611270685684426660
7500268285358901896
3451788025644112382
-4528406330359425282
-5882849938479130998
1781732773128055400
-1285718718959189400
2821039312330791925
1430830584208408095
-3497801626313738553
5343917690267637605
-4475774555671749365
-5829590777543021247
-5516556342943930221
4741191892827671836
-8191346643588817265
5898557901798114734
2755558088691433638
-4453356609231738097
4485874302842400479
3611718332522079972
365943729566337094
-7721565157760339432
6852186446862678800
578228430298473056
-1679487947688514939
8350747090945475724
-9023540318555386796
-3925784964951608498
-8702634516579133160
1227306545462803595
7427025090101184698
3078069061701592007
1866951920073306243
1873438024468165107
-7869857494064073051
8085628583152980982
-7380021961791671793
-2407590907111081298
220894711057611717
5554417697395610749
-8096723196454946148
8509335108075238818
3112954448823498438
1564872665002102682
7550036018853986763
-3893663938499825019
-1925299879542340069
7087868012311738442
-2942322692933939627
4238781384404249612
-7646530609064010854
4904342599718037648
-7439749833839683078
-2272223585259807627
8012209865780525844
-7007883579091506044
-4054672454855301272
-4347702970894067866
-3415709280642019248
5065114086716317937
5206044114474025685
7488159697869687214
337537214537838083
-6475498178355150133
4382305573061813350
-4198987883023970277
1657449847188399192
-3594224213585933021
9135243701323705293
-6231644118973767403
3653620859164620902
2939454638247655119
4514606392803032446
356084665756067383
-4797340277142753350
4357689897751926318
-3779199549096929559
-8351555078514936521
1085105482506294488
1731767591955420178
6400724591065995667
7483891046667080673
6540215660300375104
3829092369986614665
-4646986030621053749
5814115374736090574
-771429682062054043
5820108638278558840
6409242100937357120
4433966567323934690
-5189207869690282613
635760059939387028
-6866723232460967021
385379415678558524
-8218364031052110925
-6374349614196810570
2766764956700075213
-5622052710478131579
2454590370278881763
-3761104150478500026
-5413529191401995095
1301055823581181662
-5173606469064075608
-5256060715909787759
-6215297341559004162
993062967815159722
-4710616726024589658
1725161981847818979
-2320110325554080647
8660459788679100120
-5033283822557097059
-5145076858431675624
-8752719899308136374
5088006713862973896
8184163371586599841
-6406053871014597498
-1509670357462945183
-6102409537275130305
-5121556591990920508
4409711963241834875
538958360124016982
-9083705353326912559
-5842793749129541279
4008087517843546522
1492433025474858937
390901228974486666
-8591412138244166481
7718998911753491892
8812066316247466394
-685543853697059133
-8892303907799325825
-114865195930381793
8473962418263929064
2417025789254022675
-4682762878473724348
-4462079772191438624
7676849348786303770
4226338182259877660
-5763771469472072640
-6924374652401061027
-1524974012212487253
8727758843413425740
-6107190321333290671
5156584724216920136
-7775731123898267783
-5941294112718058834
-5806065467089518737
1580107983774133405
4128496261009311729
-2160180345565650831
-4383279523429641404
9139810104465448741
-2259366509294823154
8831422644795839512
-5536981644795019018
-3607836444685402778
4508288656560911613
6737977741863164926
6495346865006832892
-4184232555343060650
-2055679626196187026
-5549893047023554331
1363206938521874518
7760270384349746494
-3610669318351730563
3610646235815244621
7065778988636289905
-3079205233130434338
-5519339252781530901
3796668974382572937
-442742879040730100
-2144143893421410097
55934738608686062
1470973771313219633
5745862213090627973
8620823713389866660
-9022797531196628000
-7096660538436666999
-8114295383863624084
1333127066563075325
6744650733339304444
-2972563688722707953
-3628719791372216115
6029705005524597486
8057980146454549680
-6782192143251155714
6163016729682935514
-5624428096830228012
-8494128087327058506
-1935785982833623723
-2361883069905945189
-3734742623683961386
9042587563907081373
6393041468813965319
1526714689415455112
6175159682305511207
-3783970250454650737
-7183973877660095560
-8052697950945286753
8905688600093845925
3146407593608706619
4919177306109486652
1935198834464063312
-2176143743931515818
-6588901255569401320
-8710420809256265722
-5564079860881711091
7269604477209027474
-6713466187923401483
-8867179008501101499
-682181973729757080
12072497856519486
-7969948501600198833
-122923538666595746
-7153465168904447280
1308766486115067040
-2710089640680479991
6593908644229590932
4896191019490484507
4968315775537507118
5147179168092632451
5604719741497702287
-3715305743583384469
-3821592875014426792
-4965502416886289310
5181344795484299148
-927174741340142734
-1200417264589663197
-6229592015460903236
-125971299927030549
-4272361975881013049
-693436332223852716
5042461051239672257
5116016583173458212
2399198842753039737
-9193525801446995903
3611582270963401395
3825788855221739367
7807943080336719323
119523791250405256
9091978667466760973
1627287201090952076
-140563202506341676
-2547716628871357028
-4703352412354344217
-1887029348285442601
5954193235249264306
8387528685765794811
4788888613920179029
8926718519433717873
-7252371233723277287
-4469346230011595365
4979579256725372834
-5672818455047567955
-4686236704580912601
-5858997178050711235
-2605565696434950240
6566141642240661682
-7330212636871985033
6466814998707864800
-4875937778133279052
6595283514643156762
-5926906289270933486
2625144888645636379
-7114838389968429339
6630151647870660709
9039878099662328623
-7853978517877093457
-4088142920580374081
-5124748281927485484
-6723930598776118168
-3212836424345759324
3089036751649208248
2766260626541730911
-1324109392879535250
-5250728987184428178
7922836696896046353
-7868355846442809169
-6931035767687174744
-2806991519671837804
4114819925008887910
-75832436225340940
6480767021611831467
-1842331577210317131
2361640115167354025
-14215576495307033
-4185312595596192089
-6305087669975518119
3084511205303011441
4637513029566383546
-4885611333580443898
-688825970821301321
5517659142433328793
2906110116070153296
8709880279430169498
4161665153919075465
1520509590959406365
4716959553495931288
-1031613452408337306
8410252641745303141
5418562358174083150
-3744621699623981326
-6208190133283574694
-2780896516639852947
-8036911431062369236
-4096274459866453632
-7131288078615597776
-8322882133934011637
1863100143726127851
-2822156748567945003
-7631560349757614590
6521471485368861310
2484565573222785146
-1048884671768104431
-7000877393288810995
-832992623318764177
6024357957725948635
-8852716760529653835
4222540688184363885
-134308744719869129
-2671957712966929039
4249127118606142796
-6023441821978853807
1298323461452179511
2927431705690019358
-9033908862786568837
-6794809737548738361
6706802950668831649
1104967945212972293
2933333125893382624
-6010335592165091834
913355735319848099
-8489123310254465821
4014410357767675800
2237474390403610949
1127107466604487916
-4550888442305000807
-8200609711980788126
3909898262691229838
2717800098499945105
-7446028515114146866
8847087403753714066
6064173820744145207
-3712221869506392485
-5087334467812631853
3337568119638814857
2672766629151117581
-9025173087771459080
5909927035455720771
-4611079769759679154
2491531093367533255
-349981743351504727
-2386497165240597456
66323781834656099
264563661911511313
8596383719242549729
-3285250390325144186
4728662979100426236
4617485402152624830
-1888021689647706102
-1566781021497375770
-1358779306884269156
2357596046572668694
8465670181231882279
7051113549159549154
812746196586975683
7874853890810313206
1388569041226578412
-8589980041739411488
-7899936651179178459
-280548062890522649
-6379185234943141521
5719762917431463785
-5440760402734776233
-2026097510526500409
-372428842142842889
-2389342415721092489
-8794827920432175983
2753831707210434747
8164077893731455746
781341437886613070
6373501045013030685
4587469350644829578
-8244100776519312511
8159142347765199078
6485647430959136076
1770101914366665843
-4789498619271207051
1096419332781545479
-8571704136755348601
9023750199636031666
5226163251274698090
2173618291536632646
-4636461512752322613
6281884043845843051
7411415222299481071
5176551365804938293
877252836731365640
1027532471034607779
2503145443429370752
-314503337029234538
-4228110903806285133
-4118045509013672030
5740022021428821425
-5021575868372734178
-6407553704396242354
452597914969595056
-6462959197673357338
4990881033790280693
4898224399930365689
-862531181157720028
-1498892405690319765
-6382272406367060662
5531997370498680437
5225213751618834224
-6744181257660499072
3054434059876953006
-3693546181681899046
-5938575963196895299
5107628177750959129
-7307317746390788375
-8273769981455388543
1234995298691469741
-1706868209387329862
-6664902134830511368
-6890677379322685124
-2314713729976391973
1438849071419831562
-5553002517645583580
-6814333552907592181
-2452706748462799564
3397296034259405479
6553530960901618875
-2731161920735605442
7731351566467940838
5995997469363646546
-7152593241816814437
2815210834005070865
4189062426670378845
-8231881870925514755
-6504077414039913301
3465733179446261866
-7720372144374689982
115471610786315016
-859492759177506039
5012059596350816916
8846145171276900060
-7813668214202360479
6268770555686028147
3929182148139967405
759747914477445665
5786586676960592274
-2942553320374737950
-7458268317216740371
569493643533054819
1493317500453195720
6071264478482788395
251974203786556966
1390637426057326380
7227291627385541017
-289550047883497465
5104104171153669499
524622121535558964
1679672637670974541
-7778588573283726485
1736833067104174558
-1207723203310882945
-1054545972764142384
-4787729183474578930
-4226291239217983429
748010388542233127
-8519373682424050830
2950868408661703838
2075617724313717340
-8716454698130217560
4510052022602131771
856583129189715341
4857573589936095741
35820123575959313
1639950650046155307
3743592668589415770
8248288476290100495
1392816445085167926
4441615482819870122
-6562782071609003957
6216603027852665736
-1057979305908729820
-2780513291136760291
-5649325442275337335
-903563515572098297
5124285513889653630
-5178205329340510901
-6066258966282764761
-3619718567343623366
5710351294312100983
-769487535375407938
2340278897875939311
-4894598467842669755
5612126454876348083
-2960725483869212545
-8855913705331849536
7292903380439804802
-646832616428274107
8296121934180544184
-6700883653844285731
-5418637309256077766
2304376736994711728
9185448775104787836
6439030094337312687
3811832770359106493
2863656743736003112
5754511876403301971
3592334678725272776
-7945671397099916256
730252767226500374
5469085909885399851
3687646138577529452
3024845505563133459
-9156725645130902371
3137123959126764900
3701526627658935444
3557224113974945511
-1697520686530736614
-6346295108050322998
-1835766769099666417
881565651948300842
5220547167959956990
-679381201845774292
-155634108038715572
-3790723221261485914
1767699329285680559
9202834830508367950
6106847502156288039
-3231663366392642783
-1995881154784856744
2338681635118538750
-983139813587630653
-7990140919812689978
7471402970588476426
-85511489697785107
-4689917268050563718
-8871607713330254910
7932447347330652422
3816618451635682957
-8662717578107195027
-592565508847009238
-391974236776373964
-2837557450561149258
-8014600966028496575
128286420772748667
322892324255411102
4089702908862509835
-7645691442811947713
-136914915808596055
4999773648093048614
7327344235278507925
-7399165371777086233
-1481104312189328260
-1496224358701409914
-5397087905100719327
6620820366904726612
2299593137449232586
-6733232123829521836
-3085731985467654611
-8691389756416621153
-8947366166957017989
5100796468427850522
-1923759116183912590
1095961058768746465
7770221691754352887
5652991133175692204
-1485168877459240965
6393664679255940552
-7541334931693131220
1827168149464832871
3747686271337064403
-620210967793477867
5415172179740761814
1449290527568095767
-4062119033966302279
2389424229250051193
3672413236549075489
6042934482258943781
6239653166880635234
1445959329150823451
-8394468341723603025
4529566068101195855
-3482330978429664175
-3807858141288250058
4417407675226015665
6009550582073743407
5337575558798631875
2257832118777335610
397679921892106936
-629448782576060096
995220427226134262
8567079016828325600
4430177985036398446
-3114222276702484799
-6553797944991697393
6114514791991968401
5041737850109680594
7542837185571157653
3486016626528483625
3957839212945257289
-6480206023709951559
7555083491917945003
-5452527195138891373
-7688480730181194098
-4165741337875017181
-1669831439517908882
4018925964419232543
2550422231478223274
-2824409568444963625
6597323875791747560
5035138598120633093
1774274001218735815
-9204165617283640784
5471897603943330655
-2785648460318797320
5353952935151306722
3984227807386928403
5760270867516912850
-1014565274967944245
-6134509549042501774
3463570664920830842
-6768343085640096283
3169631970893362915
2207899782403744663
-878372663593966078
1836114621888049915
-3714174267674194210
-8592455757187195814
-5422512567408351905
469421804454084865
-7741476913242944367
-5092481009689698302
4672873188444503787
-3947016422582336653
-3672148393524708551
-6118901740635312243
-3257503474941539201
1785933156153197809
6615919827373556279
8161266064211456265
-8244623646228353146
6093638143744781883
6797800586171991314
9147866060749924285
2861104615229216042
-3849169443974257778
-8195925033593843190
4710086431566089477
263389395601023660
-5406931858667403275
2491266282695659904
4535430667490708327
6105119165139438775
8562629695941789545
-7258087645380167701
-4610121782936706284
4911740991859569652
-493327654001716898
-6027529473949935783
-2964864830367216239
-7958911155142441114
2286435984865100958
-7296617781946243298
-3223139852514313091
-4648770197410577874
-2666306670643137347
2310005978480052917
-2056819291112618374
2200517460477970090
-7531911143189585672
5728737444219202953
-7079701641274749002
863071276501695438
7297747776416631555
-8162582135509996669
-2049074787899553931
3461050512193106974
-1702307022846022711
-6204581571507309215
-1843606002222324310
4732567920261484973
8628084047659686224
3850699605417220352
-8658115837430348671
1431296481315401017
-7110724641132424874
-1700615972741885627
-3268448686288772652
5680999743104110642
-1258595386556763349
4794575904422748610
7776280962413706308
-426398126368231247
-8654390725454047695
-7631412302396711888
-4328237071700956345
-4264087232974404521
-5343833426738778281
-6046048677093846441
-6529360630809903049
6986538170311522773
-6491559805459496262
-4579002222036767600
3249782172351409780
-8499616338421193136
-3781040154597404244
1871896874456039573
1767892958283481154
7925206553375376292
-5834886346543378445
6845987396252881081
-1337099803647341949
219358480485543567
-8160557464270815679
-5248513834236872825
6634881754266228089
408730795583353730
6729636585069953632
-9220306380466778064
2112106763306595098
-3730748700138960040
-4139639730632313030
8434841554344736794
-738854061077429133
7526129270756848001
4272752997489364494
5067567710686898605
676766696418087151
3505746068216255100
-5993105269340908089
-1749676186896632427
4489499463432592568
-1624895921072073521
-4762264880064006554
-8543978437534820838
-8418088788855159135
-4028817588382405757
-7837958850000585620
2758331778317051166
949973740301373792
6151597417434439263
-1936199067189117364
1743197704564967398
-4587599804393362372
-6092759762106758295
-1948959603637501067
3194965040198471405
5210409983028133395
-3838294904567839144
499254259049011177
4795147541084775112
-7714007318303096951
6160308787944401996
1594071068317622160
2347798091431063668
-4140077272759204577
8702725667249875683
-7652574856233270810
-1639226042820903272
-8882683090076530453
1782579636288920310
-5150978452405118906
8660933390729316033
2758973956521641690
-6633838569124703415
8670640411373528597
-6560760946703063318
3916663889275365765
2907096364471348809
-1894979964462457916
-7291486371279974356
-3148718792533607656
6393886234149335294
-6927012403819406494
-4950984255956019371
-7397656267281305619
5237855978989275021
6544785786754660
-1143127789558489100
2789597952661390764
-6815643188580929311
7824084448451817922
-1695159758587072981
-1502939748555963151
-4070424605025326774
-198538947130237922
8373341379177991288
-3712314425808695979
1198249763207407343
-5825014219174684154
-5732161550919185427
6387676837255867310
2736125376747823250
-3749048090542888582
-6101342990271629772
3934000493395116892
8404756756867530669
-5889741829860727038
8656131676854176295
-6804955847329259035
-386593419704091458
2044812467139083833
8793288780110544764
8090133169568295207
7476356120631095913
8830865444339198449
6441068445584323041
5318633984779483969
-8537423598580435074
-6352067671960054790
-7696670597186355663
8462894574598223339
-4392049461674562946
5911143872798061246
-7826103342985718890
5492431016872692609
1145249192784910621
-4315014123920072602
4566286672533914366
8792725301001228439
-3078095821181578971
7825184349907848844
-6245750524059476923
1026602641198066339
7352218498543433392
3763117028915266018
-8706655641418176283
6890887712931175509
-7171726791557352040
-8194582466000801361
-5275872602226621449
-4188820125273552498
6719378835297124061
869602930099896143
-1947863517261014370
8132121286088133576
3163616031298469141
2523505735394968593
-6297657610453767052
-2310267204367980983
-2943007319930008097
-7359183842902219215
107119619803863482
544022191098546678
1040786882280168493
1479282877459393075
-906981029090863333
4516090913992689967
-1129456140134389956
5167802051031101206
829401580574813925
-2655931266419457393
703848540059866222
6612064479284094860
-3343911993600147687
-3291646027065148909
422670788008497907
5427012542025500103
6948020255072487975
-8975781783488952110
7678896058447539198
5802873358602376209
3496246387591016308
5615095365290333513
-2660476851420347029
5688403270095881981
-8492762362586109488
1382644270518621758
8888060450536659486
8799282445912193042
-2519181467741003724
-6164780877562289369
704236505689502767
4750591919160757742
9204579624355433853
6765112638161712578
-1046322080502721969
2183186757458091807
-7947855513578132777
7828949477699510349
-5062291725992286103
-291413038127818474
31563535389503748
8657969418836315373
6798564945043229207
-3969876036379644217
-8901132310225769015
2993358340762014744
9043779800671394458
-8403518182506986162
3902676402740482731
1190707835226722443
-7063318896808775893
2210970351905218507
3978819354793658976
-473263614290482538
-7711559398997340963
-3354691318370952239
-8879725452344451437
7148367353457287461
5907397127335943423
-4171671658673218750
4580841082461763312
3264475655918548243
783744820143971276
-1704798320414994636
-8813299671758540800
-1798547386880189813
8370527749575465645
-4200442717247652482
-334592374539062968
5772687117944713638
626105519046274082
8996609609518212602
-8628754559031883691
-4901031799587520490
3942640651608318057
576768566545107068
5153266828221272566
2254880617049112931
8933161594390132321
-6957092719906848692
4713621452878980653
-780477156964633991
-5704665929498085941
8767350843106709922
-3123330997018089128
-8665511239116906634
-4723618160597974324
3158074807303767492
8854765664569813704
638451575954018249
-129866641141303871
-6119441327706413487
9141305008265322972
-8070572119768027645
-8121148276498454682
-6909030555954959295
6141156955344620347
3982488355836353484
257602771596524369
-192580360106043472
-2692107931630883964
954002738177305789
4259397026262455540
-1247075230391915413
-4871324676336230647
3283955456204502966
9043323915131383565
1068024237029643502
-9129046887952876919
-7934953721897157038
-6215059253989294505
-652364246597547416
1146325088446493965
9036368983379974549
-8083170538858134350
6349456512781710053
-1313154380935767122
4911132808101096141
-2191190804338827128
8468148801097606448
-7969033024837341703
-8055256440363230901
-1280369380728737540
5516089286265214158
7235385850390189893
-7271789936802845273
-6223383606012049529
1474416657415208247
3541318080502472929
-3119681215367505276
4850873475271643836
9200909753486150848
-2287921842731437856
-9105714784065498104
6109900121169985690
339548830944126884
7903999574425870458
-8352041731260265427
-2287113126751605592
5947668765346550428
-8964984136057344426
6196754346893397178
-5586388851091176013
-2765639179389868533
8726872790074477400
-932189129117367728
-616826234641465022
-647329162967029474
-3033624293161054202
-402425690035909055
-3620684898411029461
-8130772795642592137
7018275425727648973
-6990604406238945545
433170744452246304
6831662321173875137
-4243239046606952368
1437574304033986874
4494036403341256290
8940469983099554430
7948812510264057252
4316430616939586928
5618746654292574336
9035717768426174094
-8154026374222734257
-7399815664670401039
-4228418486049270225
-3304128828437306496
6245674390751979781
-3164156173781226971
-2755158496504737677
1958537920829984851
2985957625690558822
-8183618963165228434
-86395906216007454
-4002732231881135620
-1979026227846843480
784393864226068421
6988587661487461444
6945745059689881929
6031025219510677944
956947711468663976
-1767609170243514084
8982210373582702496
5454021603038972811
1309857526968443472
660464060745993343
4040225333568565130
-3554788481629584691
-7259324671865440912
4950373302439466383
-6587718538959203076
-7902747410262524079
1088912257066672725
-7623020119747046188
-214925283926120764
5236991414476496159
-421241573446932509
-7361136944201959912
-8065213770832512106
-1371446403808203562
-6897641303174595132
-3947012272763376310
2367309756838402432
8491942233770198974
-2430404629571069051
2933909944443432808
2155423414496772545
-7610941238693802845
5980017705815422452
5045706935873533465
-7424785138391071562
-2026676388728699761
3642289572197890122
7922395437043203700
-8164687542615592821
5469030757860147420
3542060736160964624
1353046240560626042
-8466190684111694464
5151088410345355520
-1341890658526189142
3488314249975522542
6154894399311099848
-815322120731476208
-5679905806877446831
9042318267807135743
-8521829368779341068
-2758869863476731563
-5282443818263156293
-1417041055429430056
3332012423126929126
1135085222178346305
-4490123301827960969
4580602844226597050
4475994549528906654
5161079610544236103
-5946400722905723666
-2142985833589474651
2291240558724585564
6065944180005882751
9031255192027855348
-8694078137097135290
-3025235185585204411
1013795956431180477
2911234632008699238
3124094354123601146
4441276835800285652
-4260178089722841107
6276486489909303795
-2635824049482204069
7185359403344282244
-3965629613526037913
-5574616120404097816
8668567381504833689
5527923671312709085
-4684448131139101303
8576744511440067893
4093418745150505711
-284567026682646071
9109291001406551242
5007951208137515767
5424825236482366035
-7461823386633578569
400233802745537255
-835310149297100598
6432204855208292367
5947478744489110986
-8980792383846673966
1082197194035115817
3484591881501776490
-424069886221963479
2781481350260287047
6962179643525133206
-4953339206373326829
7694273662198783712
-9089121331401654213
-3501685124274896797
-1803846616307223451
-3252624100365765302
-9165522382238849613
1371886626895244654
-6013801281006728934
3109435979216684535
4721030884239129590
8935572873777039714
-7085897790551859996
1648933073172141699
-1708048442811225688
4914970634802507359
-2971139524758185103
1993167438494904482
-3086310069094721217
1209059286880046477
-5436838151583383045
-536578970287945545
-5086744377841350789
-9016063424803579847
-3135569662506139530
1679816459010967210
4041254503834216090
-1490690510429375838
6351053508435980249
-7199468400328712576
-7622782564721726095
-3331555561134307096
4615213779555136942
-3687929908634963026
-4417889586134596104
-8792043692955119286
-3231256393154765045
7576718745521486642
562342915802814944
4284685209552702380
1802158213829708954
-3739403366119575721
1584322711988595616
7673739787999801812
3967117565080561106
1902917090682034619
-8549445578415381742
7880660283366488872
5516932559277930477
3888839717068304588
5938399958899912944
4073074695665787247
3013404995062481920
941416133337772317
8590161114060892032
-9062315123064968706
-4689137486427458768
5615568677527834206
-6903995874597554102
7359760753247843415
-3794287970143504636
-2091128436235001194
-3325226176585883424
-3300395237791722978
213810184749448696
2119163012748001353
-1811650083998041468
-6747915883188978986
-8599740129435959512
-976985877200524133
8374371176869144059
3147396881471543130
7971425811552828388
2914395462093648736
-3122374354150086160
7128845170640220398
-3148824876554265588
3289496054720610563
-7450998652692969249
-6783591877426694012
1310535828908218838
6050423558604524478
6106742109384516484
7895881123514722082
-4834955931924029958
-7264764799428940485
-5052527357297124373
-5142188038429432626
2042676555796125872
-8306195135356985738
2872058359238119302
7324604869628575486
5594262311860329859
-7833710468022187761
-5746986059146938096
8617562278842411957
-4300224922585680542
2223164171453439273
-4849437325165063454
-6944325564512888616
643667599011317801
3241338501443703004
3456065283490273189
5437929196314283145
1521781118796610068
7688632170787964467
-1011441278986196561
1111720269874558812
-1402142152955909642
-9025788834244989371
2469401345323832689
6577520476210390165
433407579430886955
4857444869955106430
699434119346245794
-1762960100329406352
7462195688442550653
-5596637034216756071
3007040171717321482
-4918839708655752144
5506584112639831178
-2238003587738754350
-6708384311254662228
2424496816032815586
-2843893007671129989
507378174458531753
6667339703887464832
-3773255126789167019
-8874885869604217996
-1117863325004851995
3269932103121415961
-2573384307616667784
3865870690581348281
-8867622143942357358
1803640840105775664
3144226309392647562
3746255688358701839
-2574023844404477763
-5138897608893700899
388540464393553550
2907984319297674744
-1603325188669893663
6618968683011101750
6760763206924867853
7828058977858292085
6524522440228272912
2549031010183193211
387489367227465028
-4364280123566921692
6469174988860282889
7747098920471348994
5020795430341024483
-6290778078901126858
8073787798488813515
883602222281930709
-4015549214094065295
-3830700149590829986
2838476053277544043
2422973439661023749
-1578780723234353797
6313553695819153840
1695878914178612682
-3930782462514669269
-3753351733210613482
-6094801274186777771
-1453693600098220945
8574879332918526179
2213760153375246087
-2693283620048135995
-7117699197345306218
6597303473281982861
-4285819596434070830
7609869373065897815
6933439497421726415
7052925903777880854
7338042027170705985
4244184187878228046
6209649734621078227
-4169913114529125593
-875236528865536024
3354926923528443226
-7767507265725772792
7294641189150457083
4261792494351460136
-5858578555657385381
7517028312569394950
148571089950130374
3322898699500751897
-2243119449014841496
-1654989592993992102
-1326575508659168353
5082058078664949649
-3833429500283496333
-4507719476576641962
-6846368930605515622
5000455694323221922
-742432293151706181
-876224366806317219
-2216056686413640499
5777935213563411389
-6781476114156960484
-2439129844071456137
-2463099860447254009
6235368266108390929
-7906128289544017351
-2577190674718843761
-5289758413018263248
280609357738614685
-4607241994954567974
-5362898859906440376
4501081964312390640
7114446580754429567
-5598873074241663586
5238126636144406325
-7110992578281843136
3392883410848891471
-5639947793638098854
8796510603114830950
6478971555204301507
-250271630447253558
-5509847260991593995
-2758749011548895424
6045010906878606534
5134322845446332505
7449975720462575570
9153208574882043731
5589541924383546995
-5259579487406664123
-4561607226315687223
-2685980264716542018
-3573836918815857712
-2131256445921718412
8696798268296354811
-7974262023131305960
-7990985396691728990
-2070314857508560346
-4713532577180096745
8664935561615256916
-4747510571782657502
7059594427094536239
-1305486228362003804
3993618291984265313
-3343198094716433488
-4903084623157293903
5615265259669345311
22784775467815132
8760472159876098869
-2144991550604191623
-5047313778868738646
3074900506364990409
-5764614254828847699
-5256862107040441077
-3478025985661866623
742002151995108428
-2416826511555116140
7073146586712550618
2408667755335842420
-4568369511824571772
2281037927259188085
1298478698822847573
-1818049153897516459
9180515593369633255
9137263842460717679
-7518535550049652892
293087014043729010
-3497673922248241917
-6914039670444206654
-5569846402920940065
-3583730800015571487
-1100529245505818993
1464179773830307340
8943532062717047936
2498973054293165631
-2460386211877231524
3523737923638865053
3194732334280891188
-7489863113121588371
669044648539712878
-135980991333889671
5115965164059369989
-2241793873964605154
2824211294845373529
2899243978794630910
5645976273006832981
-5870933497989329349
-4516299011452079773
-9005636387917786792
-895888456960047589
4284925199584589172
-4838400994179404071
6414804886160160951
-7734235546557192461
1261797183110794713
-1787693905387087381
8287174045662752053
186256483616748811
-7922746548283615916
-6748771597115049415
-5381832563149621111
-5935251555477678992
-6609509669045985967
-6890873756752034990
-970133988514123188
-6167476304953420996
812082143417008364
6641315015480347145
-6882147572007632752
-7126310187530797835
-8822844056331803948
1766799059270571092
-5623193828482625462
3075774847230901028
-184410872274090767
3363912926829181559
2313243279990273510
2419052729789509172
5835425850649836590
7977199297081079157
3599979115832577685
-1304663059928388219
-6326102420041186586
-994850052981646372
1918048310198452589
-8341392145371964938
-2247502744983319568
-2931818277700065064
8837012766339961559
-1901123195616299972
3085059033153961780
-7556243047095208334
-389342514709959255
6921519839204845808
4069871663445001187
-4787658231931414865
8757178382200394347
-775747612497581939
-6988023218203205098
-2687988031420519209
8408287347995770855
4068365599886478501
-552117729892001300
5572445282202950550
-8759539757137555146
3575956842958890678
-939777019195201218
3844744375922971217
-408846699527422470
6197421305369230623
2866086189930235670
7292795173365531508
1981843677511569072
-2225902117981714021
3744100284011204390
-3510222892262027279
-5713667137860315148
4587485931429355379
4035479366265820403
-3095781629677081643
-5290468291507841108
4459251415337716712
-7905594835526502051
813281463620534753
-7759456621225305495
8928493454818489637
-6884009992583563097
-587526940753138015
7479338308912267212
5485111066330399663
-4772345289644925608
7069689392043141691
7990336113284834089
-6837906380029145802
-900904988035153981
-1031395139255643719
-7608746100323827299
-5759438502141389403
-5201930463964241745
7311782199335899405
1345900074419057301
5294383595094166219
-5666546016406787249
8299565363267370224
-4516528548632059806
-7876530898455059537
-5898352479383183820
-5347521821272009136
-3024593957360708152
5743973467636652230
-5326678494042283063
-3664427333580063329
4551861302999793175
3084336131241208891
-8765193791157985218
-241383525156419802
-5281167377451301410
1230540078919925556
-450696905582727328
7029358738887077780
3876344996562578175
4960752052096842250
2347468517705014627
2426493496875975854
2469156242240798854
-8211951470408644333
7686002015876354980
8459403770706125950
-5191968074430780246
4076276075870957139
2277845333322754702
4649640602103373383
-1747013581398640640
4324513902578370186
8997671072972915481
-6152553734939578158
7372551882990704457
-8196724177113822847
3497785184525535948
-538089253515155993
4221920969323331826
7951479509884834818
9056212161467156193
5077640894537134118
-3724839910736140691
-9050295047207395979
-5277272575640555830
6202067557349041701
4698274894983410344
-8748633443899082696
-1855762442867666472
4006317894545545942
2122820589974527882
5237501522764016205
-1964005741354288895
-627542107897844415
-7381484310254922298
2802353426669604329
7975476730821971568
7786330054251778942
-1229540183874001413
7152482203553130109
771160577674759523
-5998165568648685711
-4448184795672729291
-5284006410884505376
-5071859184504618320
839110195280987445
-435176265341812213
-7104281461960146119
4509005155413583277
1640176760972217021
5991419890805804711
-7110914895606808939
-3746631000678003890
-8471758144339673125
6855297367858623878
6631874123715979797
-4422163471213968708
4082682958197955331
-7550316432381177834
370936996847413243
-8134098590460437554
1069269089047582987
-2757547839160274982
-8758620697561801871
3382925031064629322
2814374957678969656
2143751192813615882
8665067488175681516
-855347051993244282
3817887942286820684
-6377125957339089661
-5676100600484843809
4072371408186428162
-8085238467304135753
-6845490720488282011
4515985733682043998
-2415395983815087651
-6993304250501693610
-2709721052822676693
780928919572424743
-7663069584521373021
-4525092123471853153
1490301866264290964
7559484377851833621
3376729228714048758
-233999682825230861
5670563164148095870
4799311639132661887
-5073568549994640292
7639159453494122782
-3519864640548668404
4392899927871121541
7809627738891412596
7801120506520761226
796604570934240364
8928471575347314724
5019288501276090146
-1096513140642484911
2091386079847928216
-3610465959785472159
4879607440638790709
5527249026898140873
3267905533423446517
4229885217667213800
8028627543946936283
-1843645223642929741
-194138980709131407
-530497793886190512
5562148996331813079
-5440549103108941041
5647550099097186594
2805739752303927459
7608201449266199936
7247904544454145388
-3399094859235383729
-6191180787975411347
-1749643616402502116
-5204395701883246029
-8576696333412805746
-5213013055164162220
-5023667620659019129
-4473178246068861191
-3112133797236671464
-6988243278669242599
-6342067124000280518
-599259722034938290
-1022514069121095023
-4693409416593829619
1590754032167169366
-6082804867226102550
510675613292109818
729687628737297985
4879625342771170707
7217219139508061024
3693565936999412722
8650248186719541541
-298992887634292678
-3812269465847657125
-6243646519791563159
-749891849958605409
6227029763917581176
2292205881282818669
-4568425202907150682
-6881085266116893924
292250294747034232
5269890758088428753
578117605180703915
23544676377013955
4506010363863895649
6806791572824301339
6192024475943577909
-8601781644188323073
185405919375695529
-1334086764073879647
3534736409524086529
1218727134054406113
5649479757859634521
7214208687474661916
5511039414120424290
-8768908574598208274
-4661098235266093235
7001090080529698021
3674414230424182317
5942216061892997337
-5625956525684684253
-552178186355487337
1968796296217040755
468307920130329931
5297096502491790354
-5268430758744259350
-4894861704583961448
5267168505600328835
-5174067333396392579
5210465674427719328
-1665628374444406931
2852334255440642381
6620934079542583726
-5729962895365503654
8386729620275186031
-5224082230411934138
1722608960962727093
-1274687293919598645
-25418324320234706
-8597771260121120168
4699383513163759417
6664115316466203120
6466894845552998187
5921253800157144157
8104699606816228938
-8702814573521881820
-2236539552684912954
-620054319705024286
694373129522513403
1518175395686406806
6613367734437427097
7840832721174938283
4172268653650225005
1754600174672695238
-3198347025546584248
-7773664899891890200
1380849363855418002
-7087767777748444983
-1543300000246592379
1451946456012994668
4696641352373990835
2086490079762364251
-7158465021449958719
-8667125553697062191
1198199656134369327
-8077301376908036634
-6495206128963370809
1397662047995910909
8313736437524180259
1972860360709052700
6125912751206847298
-7989362926316719082
-1532003656832063082
8197568632700994440
-27740009872265561
-2552921930267631022
-3093009413714022275
229802266208388364
-8783706555797424696
-6051662486009935565
7639770625790783445
1762816476115392829
-7257830499512310421
-4648351869412378352
-138932984051590206
8641071859140288216
-7301663270629792347
-2104678723178826052
-735453293177659472
-4520673528410384072
4079864396480329329
3185457990178619756
-1154313506189104363
688453330420813738
-6746153878088203822
-4531364771675440044
-1352986690055355558
-1840549619277632789
-1128128835403460337
-9153332366583418261
-3670677771275260186
5150834970715548846
5595065711604652620
454167687693265190
-3800327532091738021
-777702160980233759
-494608646930697390
-1413022195177647585
-3992017762536258997
-1587865850073150182
7506715933246505762
-1106590820037721193
7739418466604635525
-4707594261063498178
-2263891769295621891
829870987037889250
-1054950209140355769
-3438610541143770299
54486577141149493
6203877506849611343
8068019090379576373
3074802996008878256
-2870950919606748125
-2826262364257554260
-6728929985502946452
4508334174092370391
4002188416249328068
1925212752048705317
-5439811987626912332
2183011156957765620
772392791619593097
406567666341864153
-6940443644817686611
-5226266252802597732
7602452184139175919
2347333690362459419
8598249392290875182
5412408928989084371
-2622910339975177426
-7781008365076497603
-5259767016417284321
6112460609575795851
1886325646505307201
-4718536423413303114
3827723701027256636
8180126209682321398
-2349931880113081008
818526474697285508
1688004792185363652
-8027512152016599694
4295339430382735270
-1228062305497234189
4924242705108595588
90245644629158668
4819890423327320941
5257011355769429422
6230910102577487820
5917758096008584707
1511199063240360273
8932417028855265615
2742250817616739617
-8161369188708587387
9140331502570125353
-3598357546525093184
1393983157241264180
-4959912987149507621
-7869120755294640716
8067329476468023765
1914158796726699632
-8086913218234165223
-7351973797256617698
6278371491154334788
-6028733524442235367
1803522283568123452
3954420539892827116
-3858323058862575817
275582821967567044
8399941175359323605
-6285809713114088907
-6635523276684292890
-4726648042007222185
2913734413558865581
-6353467659765563132
-4045430050683506437
-1877524383746969801
-4395876207228870259
3311386086894907290
828060202757666084
-7167547355636409558
7449432607955613775
6715075773944890182
5476716581835349750
-1449595769082313744
6111126311672370329
1477888828213757358
-8939017730555366007
6258077570503814876
1964849897087894674
-7205836958662017924
2743497319987406755
4961914328948178161
5992432529880813131
9130172320601525624
-2301397785237945558
3865497211913492999
3955139454425176844
-7662183614669422567
-6502041690043515675
-8165560716999152848
4782223045647573667
-1562117992800099613
3148943882936167091
-4121806399951202640
-4961010337224004784
-4752383361798335792
-8414699558239325247
-4796263588524141440
-1143683291429672033
6194470709965277452
7280261791972324636
-5060833179884284983
-3546234445148274454
2301725939556097541
-6094751731425671539
8779966909602826037
-469932016071678458
7154315111901529489
-1673621143356908224
5458179241328929322
-3611595725268789442
-3970208805421583123
-4997401054181709453
-2335722113606154036
-6645221718408503395
-6543956051102490557
8884631427881010846
2276942945779566710
8947456818130183050
2810264904327517394
3398314941667863132
1729008438427581459
5787885741334488105
2393977661942348953
-855852782655669310
-2759900075499572147
3716455022458575413
-8741150170572537551
8456308015579433835
5571718154866192352
4456987989758234889
4074676045097091427
6791540327825124222
-5504286264704306511
5365102216486098655
1498207090257016184
-1227234381561837939
-3204127179755022108
2045294208966965157
-8679617587376967451
-3249542976505612229
-8561013001100130063
8890703182939799061
2190705431134568777
3787682159870049160
8038597089579160382
-2562779360211817962
-6180687050884871808
-2001778475711390817
-2618855497749657220
7400468016194076489
-3548269647804985565
6742335201792164605
-1481672269989594690
4301006949732136051
5514686832470291127
2874707747324544349
-1999341464278421949
649086734220910682
-3339522602137159044
-4098701688769476276
-8777411258020271395
-4698462690501235177
7122801255653975620
-3541377730897974703
-2614310744863783573
-4933046520687646253
7558354077172923436
-2425844227645256062
4258138929954846233
2987052504371331147
5462848924165648665
-8560452743843205735
-3655780935626165952
8662307338725147840
4730720940935491963
1164353407038168429
7898169157905778940
4501682097073650438
8731060391058553975
-3442117601195454700
5801087267025264689
6494386431706591247
-6362504994817359080
6935915713302705249
1938107081978920001
-3854068352860240393
5500338450149663313
-7308640459473041048
-5621684135038247043
-8281683333271673243
-4196929734474459687
-4781086604083776086
5255864402578324081
2710069246851341760
1761215949917318488
4296137897612390364
3117045707491833325
-7777303696897042172
2917424570710282722
-5858604542188315338
5307514122840843098
6861118254449584451
-1410451189096293276
8294917254028034928
7587050109558117911
2624269607901337773
-4405747358170812492
-1160463536622999751
-7596911085586165930
-4620805533310407735
-1510184029644956839
-427914638743161888
-7317397419515445869
6082205771952321762
406161113102031606
5330309831455132908
2957547217784279118
1893526811908525479
-3070703156478589800
7104038377688135335
-2966874560896366742
-1033387263001824745
-8180769827319901877
8901222976402087084
-4805228659444139970
-3279348705195590128
-8638144886498741697
-8000155322383026600
9032173919453737835
-4850786089326846210
6465300456154209386
-419262345319937985
-8659151989394321821
-5296880046438008581
4796406297851463900
-7058930841977109141
-8999733886249201130
-5672795263385864469
3568830019108986914
9000343608106056431
8674573072563198454
-7674746686371223014
4843886453655057400
-5322636097836350420
1534101191301641137
-1944518328777027664
-749363442065403198
159746827508456581
-545055431474580080
6909166788468011386
-269506449517513657
-1624560249989069736
9003621669512872025
-8682774582443677816
-3295453538332962231
-5412946192837890005
-4922350771900957137
-2576980654474496129
-8721812561994338618
-9068820568875533643
-5330831493437011033
-5131850887764625042
8581089471818975668
1230217857134001363
-4317202183514923917
553247079502825514
5582671470207476378
-3706565214393308634
-1067826211732350869
5257442891335983751
6631306619345306218
2295914766612604552
1174493115837846265
6333483927487250250
-736819712708296467
-3168328883022344239
2603857768698824966
1174108213899200462
3454368973462522622
-4309771232229623217
-4574058973428867820
-3291811365017240760
-621859466199150358
-4199508961916211056
-3498130184020943041
-3601927094464474765
-3412260913047982531
-6694649768414330135
-6039810283029694626
-7149747202936742768
-2540120492166798528
-1197434663639424423
1994466643495269274
-3743219439694762529
-7959975441679629118
2737583429301088777
-728165043286462819
-2245086392127340694
1612918657383560407
6625019818715195815
6093683716599849028
3884337437629346536
-6686702785010575920
-2860610924409912640
-8440457419665288960
-3003549871425287483
8989472134880404490
-2009242852289979191
3058145139361617685
1064331981626935205
1405211565687470541
-5658830572866316086
7599076360895313943
-3023525871378641623
-5696462977516542767
5779891377822755245
8508930186355809440
-3954243684236294051
2131084229846354053
-4579884380332521879
-2575181361352955337
2199542180429264383
-6076970863793159406
961731593970835893
-2878520355123138881
-2028252370758287093
791475482891826543
Matrix_1 shares[0]:
2437054000283185075
3139768192624571334
5621139476720473754
-4263109333986894477
8934250570928103810
1214865511783812019
6258818335130666399
-8949858113066574234
7320091102327298665
929925433842755775
3576721236324674626
2281198856505374644
-775018254342840403
6382255192486597423
-2910655638372373798
2205305333074084319
2317232928462854341
-979764409545387286
-7087990942147694045
8568144451141731923
1012545966387881590
5750520002931574669
1754555510296999255
3295796516181371686
2177143916874376744
-4280951036328539611
-6775670069396308712
-1905955337135091351
-4032909896766305449
-2039605330586561242
5042191285485843628
-8088558906118294563
-231032024456586822
6025277948057066300
5778842226735234186
373990069498031845
5185111436011381983
2385162745633361278
219531900641810623
-5311563182772651802
-1594852043496460105
-440490184438953002
-2353582765800919848
-8456563068722959801
-1963296989731341594
-6973803298571372902
5953815347544673012
-2577349239890584021
4449468167073534605
5884469882237062458
-5682930908555886452
-1555177486205357323
-6232416266988879726
-3170552629070191424
292227596261657159
-4193380704630939719
-3228159483846152073
-7158642314350501983
-4083559658611108517
4330454941784334996
1467585380483693337
-791765134787215586
1135483077815724244
2087282370015830229
-5602207721838822923
-2144992229289806459
5194104661453210590
-1205391856826552747
6151699859985530679
6325561263556750582
-2444473786228738632
4108881599402687461
7345813429975909988
-7360706253394061711
-2431673411224350723
9090707858025004662
2888349837337337976
8106572651852638324
-8128038714077323771
339964605539988811
7772073684445099307
-4814167779794496405
9182571458780826098
7099329017655263465
-3844252458354908613
-8128293379450116068
6573512290352168385
-6106050369950906046
7241744208102238324
1960332734389386426
-1267663834554856904
-3837059736971470575
8862539739828368506
-1138266880780517254
-7951171713823537174
-802291239951446593
-4221445306096000811
-9080473537441193524
-181837840075500670
-3062705570493680607
-3260110412068470224
7421698588618011907
9032916831263854762
-6595015208856897933
-3675183434789774615
-7262740977208780377
4384353235689741797
6158309643556658141
-3842008110082619283
-7746199241235226000
2133944923144658391
-808331635853647729
-3191589321178169912
8891877048430992889
5188013601760611325
4598250046677783374
3535813283679451184
-1774263853600029421
519398855586240092
-3439992173980599826
8588383477294854488
6747358973290408955
2179991806705008730
2240715921747423611
959738612292186474
-4329667946285528636
-1929189265322783850
-5146219880022389889
-5710226267829895533
-4004992032677741315
-7824674534612428192
-8488881730479932499
4671903796148960669
4555862953980856765
4956518365649024188
2201189031826053985
4785759997605795063
2809899516120625660
2072190531447985900
-1870687614368627050
-891962076852157237
2216778480608684540
3383623968630944999
7504907312245449111
8625639663064135539
371077648171499987
-948366374196488036
2310161319709821140
-5645714500310089818
-1579724366399374401
5929088765133939590
-8193439403162299573
5608127104248973214
-3776002322803344589
4990934301261441673
-2376378972377959248
4649603740534011652
-444876415306367030
4843410751001253213
-3520923991887195197
-3704288697939097398
-6545868176521613464
6134367685655109907
-1109170251961587231
768075471154465239
-2926028344964965342
-4609731913336346317
2709838521983427708
9003909599655549492
2113382984666438174
-7284606628739206705
-5368543906382510789
-7966090007008333220
-29847457650201551
-5344075509598702479
86130765982009042
-4729617619719477879
-5133630715845015021
6716257789539178428
1637082265078579917
-3597635085750068391
8452332973819302007
-5834916984415410952
4415818342982921365
-4149989241284924527
5479122500703121975
-4652728883631225603
-5225404942370301604
-1242504562606555652
-1254830931624730866
-9142427578807258784
-8140169568583227927
608889901912419768
5369451416351670584
-7667019291902489281
-3510376162673837430
2931904573236131780
2487578656656408866
4743537176092544782
-5616355683855089545
5484150291507715338
-3351449969489942661
-7616978853694840854
6519958382984055998
-9103792718823389657
-7655208950064707732
-8655460578770381535
-5397993590159542708
-8480112102288924277
2184904259657060572
-2141005589372598494
-8003243277271983706
790621994099656237
7223129444522155745
7284717604695589958
-122837748314511494
-7053512239479685161
-399725156946624148
7185894092305855323
4348354413465661374
7429424999839651017
251154512702366663
2950943937728779074
-5829766528450033738
3066774588945439797
5461450528602348963
4895667271616593822
-8214789320440727762
7200332925744924816
-5523585882853552625
-3945909223740553020
-3497777297140974122
-7108462238320326374
3146885989370639901
3134681646923884104
4264091487221209976
-8668818700150071883
2338797114155112378
-3874206741377904700
-2203068371414505582
2671369919710084010
-2308647734327357243
-3450139280793160095
-9053514645072551246
-2044192053513397302
-388715941310179701
9140388390931257873
2539203944528830321
6918602353178672441
6148090493129028993
612559122208427809
3604136440160394170
-5579075935056833354
7016363873724407180
1864400587984330541
8179953186564645933
6215179395119794992
-3128807808366220027
-6010219083577093912
-8171700202007296459
8356298773237417673
2292754830997969379
4292260782212049241
-7639758327688387642
-6858656241703077190
5656691852102696789
5649944289231858644
9138745943925053514
-7769238284996251562
9179891110197927786
-8701206243495410833
-1597537446085718068
-3189725942365283177
31386703699101016
969148300434575933
1989570341381122877
-8012550696756437791
7149182563845757141
3307740337310115574
-4365477321067522001
5458902944939715304
-1317107138165995919
3062403476711829519
217416316568392837
-8342547524006671855
3131715346722622320
4946254383788184778
-4676062494112157395
7316080555727904674
4282058240018415528
5206103736215224019
-3879347131218753141
8046202782260657360
-8160061783741569670
8877844893174619093
-306673293519450159
1111388306106412040
-6883556296386833605
5827870912885874451
-4922147180329265773
-2776690989219385774
-1366341517356243132
4566205446851463600
5064680450342558200
-8836033695402875094
4628733932012313501
2120408828288486658
1709600127456879172
3527302454287704933
8606990128461107490
2830762550683866486
6763243099116511955
6152656690904654450
3160593648926874344
7639766573928848532
2376855200279614861
3634399516045105167
480758433850198215
-4505324889727954048
-3502081469800051213
-8093535273088437292
8492955144159879567
-1303174483791151066
-1103268492215556772
384591957347171411
-8343277649286069175
-2215503825541641873
15770569022568641
-3034951347564348958
2412174628852743879
9028985518417766256
-3026396545731744506
-7222703078006888268
7492266285621143872
2948846809353080355
8305362302343932989
8444197895119238678
3725243619031887136
-2533065363268223564
1697746109128814008
5475909760361514356
-7567478772799360020
4981688631284259866
-6527891135771415122
-4844571981392258578
-783407820874071590
-7152803265847495673
-4107402617832950032
-3251126336527354374
3773352530271807224
5612010423599051894
1073403764923303021
-8744849891948171249
5457168466319731813
8544735316863249325
2451481765745045839
7375123959334711976
-540621190319928332
-2224151456173810555
-8866035162866922464
9121575304659350873
7797992556704329289
4179553180307769470
-1242497530804368965
-9054838559035044695
-8356216205760851507
4184460033126766628
6903681569680992656
3533397372532912284
-4510382353642348323
9068918211290971711
-3127295435081322544
5200757651520070552
-572402989805874619
1621394693817231915
5803663452035485893
-8501670670880072925
2935752319593582441
-8454300740695149845
-5951276244416110552
-3725710006264915680
-3125365244247940100
-8953283982519014498
-3152296181680568507
5411407969821916629
4829086332492829694
4759990985437812869
2579724503761996024
-948422776238533715
-6353385564236192182
1183503473217945959
-43446241703676502
4918674183820208830
-4296322664634847473
-3517522012062986221
-8176745356294254036
-4804960453790136569
-4244600038238573070
-7593397288275419952
-4368206377806492612
7409421781877926379
8388088908844842139
7659579074949851704
6435272016779356249
201902440113157888
-7946325607425585785
-1436515459132941484
2721938530683668004
-3228155031322571599
-7976652916984763589
1381034278346273410
-3503380332275455608
2470973934067261401
-4599504154424873706
-1453470080685049800
141434347924029338
-4909977626153517604
-5771519076129957971
1764563732561065830
4114356598507737337
8905789372506129037
-8342412282367699764
1787361092320084751
-4621078774720510164
4822010819744670693
-7336891690156992605
-2499405592968593125
8330667327667699960
4379044089486633467
7478170917279134455
-3716601282170754545
9080993516206072884
1848407433210566301
4863570030507784482
4423024313182503241
707059482401565004
5494412049627791913
-1634619489267725118
-434048274079679809
-7048426780679650705
3370347926831980571
-5415219691169649851
2469816140373737598
2450520844668941202
219814316364191563
-1187454403959582743
3421907239274009132
343885120495835992
4069997645335211928
4533294473225672027
-5934384181288848344
-3690944100799037859
-6037434721992859295
-6243942214608239123
4031165988760025608
2614456710448612474
2934138782329289478
2108598764174848428
4101604326596215269
6950448495612265124
2424890126020608312
-6087365407469640381
-5644568232647419471
4286270860854490617
-5912650861827142416
-6938041516174837373
2953417520786033669
-2933283147090763003
2146080312554877286
7985992661912543149
7546493176096074704
-6926978396872400165
-3787534337899036065
-799252417399386999
-3327617060715313357
-4856050462304776699
6642077882879451250
6687199767450052982
-3401777791110911809
-4342352901896440972
-7645767544946583058
-7770912405428205642
5750796465612072594
-525794378825347509
8422111157336376820
-7494767689516993254
4074317200566477321
9189561094530523275
517658487313567467
-6262858886493752139
669210422375827792
5379222927392558857
-1710702839665063737
8189099682643612080
-7648841368646040403
-2662262929895117863
-2330531173510207330
-8033489260061872563
8948593372671741191
2167738765798597013
-3807111156929669684
894513745830008468
-2048016224353392335
-6623253589469882447
-8220792358538873118
7176623922954746426
8977385333613993485
8846017467789482944
-7541186734238483495
5502655363286761241
7606895695294025293
8945201466730079866
1855374326967625354
4833809015530249561
-8386044516162635686
-9066238150314829013
3998371528632073062
1932684658695109910
-1460067670281627678
7452223668426135473
6933687338487228072
5391382198879282998
2166166505889410803
2078850339485731846
4477858137810719857
-8569201764683743127
-3838574953023738776
-7916172160024439144
3343591581761567121
4983335501416680795
-6271126019301509176
-7016254855745992482
8858467289596548655
645341033636789664
6984901855828393224
3646421569160960519
-5370986183505304277
-2535320786231481171
-1968491432995118103
4113730434579321600
2920592447549075269
-4620697697411068132
-1955245610770756789
3486949464724706430
8326735934433273099
-5560704189176797150
4059319796027475913
1668212851528079971
933549869674567531
-7248412914419530179
4792449618521593365
-708195048132904432
-1735650323085125762
7341247516073891898
3869329087505990791
6703619460147264132
8294297713165808776
1998541004820029618
4734539889586081193
5007644380613846197
5320521369647392147
5946009723760352181
-4234531232772421848
2557337727675733306
2081367382540792642
-2079089588202380916
4304221498820511739
3185823579431580668
4637116356590295411
-2052630502565238026
4848922841380283619
-3912448097932683690
3397382539692164270
-383683841834103197
7683068439761499018
3512207267687104638
-1048722439284532147
-8488744926104371482
-3222030692079307087
-7382728458832662205
152266120480656542
-3931101479959999231
7757290623383662768
-3969404751812667191
-1184413352807710979
-5653628346058252515
5162896220149747664
-1402918591420237891
6821018171755214409
-4345430559326401315
4246012766950809317
-7402024467966207582
8116329524315106395
-6394026105780722656
-7833584738738886407
3079362473010117601
2945448476824537113
3756348501168424115
-3595003785120419632
8009242006657272865
-6729805951130885700
1372628156307375656
-8975167744016897696
-2576228845964443809
-8470511663188516987
7270912735726836094
4557863855511147399
583610648887398788
6065866555875033184
1984439059166935480
-4238819707995106405
-3638293499452465412
5143659543530963093
-161095091729597486
-8760127507568946455
3981701618539341316
-8681561766718811999
8558727675924938829
3768064808894854110
-8277895101329724695
-8060510214206298185
-578798880020499901
404336389908514796
-2281111461348465713
4529327905893098501
2958081334971144886
-3369438326437734287
8309358519267420041
2772596619526229081
-2433277239091765465
1727504715690062354
-6680239642759287029
694645935676945878
-5302651890438947741
8424526458628392675
416331368444884935
-2529551804712760646
-1273533195369181244
-6775920833387204178
-663708412409587555
-8708008523975408022
4138758703026355205
3521286060610936329
6809443106887574173
-1878566438403282050
-949521118864667176
-1185774631006743676
-8063055474684505514
1591433486553960266
-7382705526122368166
-860970207414813574
8116137514874151134
-1689569497618463719
1175062074762551918
-1580937766868274404
-5817260160442307232
-8870760405520673773
-3839552817440505439
6746978474662153743
4150695951750793202
-7819640190387248901
-2166165553726710849
6758916032139400027
-3290922604089209500
3368590014979675046
-627938489241887956
-2124587195790917109
-2209908819197235095
6437196119759857481
-3427631307762879929
-884994129270060021
6584740120217379036
614468804221737395
-5472852907589278326
7396645483621143519
-796978728824010955
-747509689475727177
6865388788972042147
1161486926022684789
7405899166373319989
5241277961829507887
3394357797488206987
6306228870135192154
8781888006190462679
2236126804440447710
-2178218503293198409
-3391604803927834703
-3324784779289315680
6584281020255886337
-3478056130102372530
-3393512800094748767
-8659296412713835888
-1592611387860077123
4046801820751339955
8154064465122195677
-4365826497188504619
-4041636649768852896
3088464217522585178
3542807817843815427
-6160244975878377880
172306639596565906
4722187067500003240
3884444088482956115
7641992373685660184
-7078606512276947880
8341015594774298030
-1643448856474735546
5991181010683651211
-4936175664607396772
5164535092834242860
-6509811667206311260
-4066010772019224804
-8593457198284217724
-499557092247074003
-7999926311174436424
-3274874235775413554
1958954223751298236
-4247364275984504950
-7097473416295863920
1789186903050238091
-8832958102312698733
1064519989258719674
4707826425891918613
7942715528562844026
-6431897949722946439
1541824312412025017
5081832362336651363
-2128204047898870597
-187840854088047605
7351765105171864867
-8885100050363347435
45433563748369576
4750216611814328475
-4004502000680386810
-8184530258932128233
1572801462779216677
46155740399535667
-3048689030854230991
4498523088929620404
-8539237655005053285
-5026296234060317650
4628405551807602669
-2498469593118124094
4043306586742335544
-3550886914823217162
-6733418906509743499
-6127553495293244556
999330876875280554
2494733703506093284
-6393537581539745261
7767999378470078309
-684048611130375227
-7472640506130569989
8517016920886289345
2210981627617732242
-3085000301479084930
-5406667106607850513
6952660659163470164
-637996295133090349
-1479515799772823010
-779681640217007276
7355948176082612963
-875692786102177755
3306119088515484838
4736087171580439576
-2514067892639971692
3868048273627836530
-2486528519337639409
266657743344265067
-7529544752537331053
1673475006048149073
-2918734166011725453
2559369623320545655
-1945029661113054109
-4900802737173985401
3162308175162717432
-3516947091191989652
-7402725649315155473
-1089518035270549912
6427472048389533381
-862200874335011172
2607365439407244307
-5298661484291509203
3243800350660762218
4629048329463762017
8891405099502642125
-563591716564094641
-1224204054990005365
2009982099275444099
-380637229692346620
4869075474257452656
-6592023718993775593
-7208837838908709785
5423055579268172631
2530855584518512458
-963122950466877900
-3906807428736866376
-8377228707164105630
-1610582530855309367
-5085716465777371537
-3356175129896315148
-1087417952036150830
-1986828315956936258
2947059799466325810
-8049206769650654550
-3705121402420945520
-891019924147732405
-7090960655927785664
-6798607020705591961
-6253009859592664605
-1922832318863688155
8539557805629939289
8589306724747820166
1044064227971144414
8505137679421734616
-6708351106307010930
-8238635630212867682
-2830666902006011463
-7689656721369811568
-1801515256965205254
-6683274235672342109
-5431806382137514231
2530906169256996213
-796070912524902667
-5855599814745653763
838601016755620538
200576936940731400
-9130331985562233581
-8016492381764246482
-4321280453807121993
-3841294275482912705
2606353170760929064
-2912677355988352374
5326710192732878638
-390272667452594299
-520771361649085281
-5719699236452600736
-214888334973805038
-2514856750455566071
8248262378305992822
1365049159366789962
-515184584354739213
5070147618361349465
-6810414939072245640
7970261855254056558
3489210114631887654
-9100101860262171934
-1239289169392250822
5183073082646116537
-548991679650321561
-1034466406235321505
-5222477385390214025
1777240501267076076
-4897428260042150454
2086844381162072303
2580812573327726255
-8986864975836661674
6074826664568764153
-5982009702271000043
-8690050277581707567
-8862172768495436301
-6791312878907264513
-5747280013873254261
6047032797135267685
5945420201903842187
3898461971791279190
1313589205987371961
-3328451428966779315
-9054573774011643678
671735108154436029
-3913518426662272675
8044565683335658556
-2678397555328429522
-8807478976374523530
5959300798322631129
4972752746700239504
6319902135836378729
-1310700207573993295
-5038494575261612806
6509870185154299829
3272338482255804783
3277766404018588577
-7440008689782837575
-4801210601401754827
6748368048861720290
6729049987909728189
3603030193376998423
3817884729916125206
-6613104610638777434
-867273006079177549
-4105898878614016187
-1279643178922764343
3632395137244063716
-2909213355415202405
6425278439016859589
-989166853171250481
4249434476378017408
-988359231679924119
1596855344188759230
-8364110161813084033
-2812892329788288912
610512902161585912
6109520759750721742
-1982384428225408400
-2035135633660564281
8677682402889683325
-4475706649866257382
6526476104733417604
-6921986552389918801
5486947297541220030
-6609496891019544575
7294022349697857007
4587620822021715517
-6236829120892109746
1751542117781342112
7584869437960259403
7874422121629871974
3022102126847970716
6211847919864353905
646419788494275594
-5212835177803231586
-9077902056404939002
-447772389959907875
4785728703524487604
7152882356951987073
4088770890245847518
5791589325119761020
-8226779715322602761
-8476334085965763905
-6866440867197684507
6294583864319016081
-6502754562682775013
-1029322221941974336
2005126299007150574
-2617882356091203752
-7594017272221423854
-5848949549377363513
4345706957474664498
5198903116011842109
446367162832056012
890537019734847961
8180084395664962024
989465486758904000
4189824163190865199
7573812914047483853
-1794904891053755820
2883562981240440040
8770289548339653309
4885922891905362044
2413933438152671767
2875033775890128179
1908080567048704670
5418153365395029133
6332475457212743160
-5652115956297947807
-741024771981725595
4945084029634261842
-4239551378608543832
-6604444439178776747
6919311513909517144
-6889405676140672105
6852759907174500822
-277783985095042270
-5993360324195116451
6870663397128532936
1957789305819932307
779507252681295532
8536509514792604176
-6359854610031082604
6977017709448414289
2528981772249724911
-4233889997919488589
-4185048890843619455
-8023917695156517087
1519137874039660355
4141138741247592944
-8728411411516910908
-2662738142490971018
3667639855810528448
1007231373003772788
-5388864897490474470
-7994415657191319848
-2587327903989020142
-3345225202053761337
6054625989111471113
3775000763898694053
-8969915235470325482
2809223595838086041
5162972657784709373
-3934748701320399479
-927871264672550902
5356584370414512320
3207250450157353591
7958406437073081092
-3907962122197787422
-4481190975666541848
-4985541090772180832
-3148488768501752610
-6693381797306866983
-661972124077579276
-1859035913162074033
4887711933872337600
4948864895972908950
30453196837144546
-575171615505789760
-2712494844331685321
9152282864139961382
-3711904745002220347
-6932488796654245210
-530116878741674503
5844856703672417755
-3431306819136936504
5532411246368411675
-100322091131022430
-4704102504636268471
91791632390522770
-3022870662362484800
-5923965982032783007
-7561149307836281213
-547903267529268391
-1244049189168952332
-1577381311359648309
1345458193484994013
-571015210706292297
-7156948979543752350
4349060689721292445
-5036411614416805730
7117795858048448279
6469145925672308093
-8646443241442916063
3982883298031902008
-6269518509008011530
-3114159219258060411
4659852560828747050
-2311634674908005393
-2426389319944422452
-435278200153487648
-3422945574196268162
6856774126110297154
-4116917760954937512
-2860384002370624793
-1916660594976463321
-6152401747681050838
4604500389407972072
-1460862725519622869
-6358461774874314973
2736334903539700842
7260167165098646763
-5021911243260269782
-2780277133864017225
-5726187050346737238
5781144757837119424
2686785137353284726
7336334831617622980
-524232730116766064
6013104652542701527
-422786176229495077
-5835209828730622006
2167841796748100989
6147542556471630752
-5078609222206817425
-4332492905048339996
5441838465220566865
-643927524768279873
-4525102182108748690
-3900306432634528660
-4146587041213002173
8620402967553227218
-7466848288526061008
-9133241112195555378
-5427112317572575589
4230060972924559407
6458062007233311982
8063784767982595454
-1745616310467279964
1724101095128845710
4321764703839279853
5603543760368144648
3726703570192515182
-290907545674185957
8050044780344292352
-2416151846816159189
-3127296873421637801
-5686283503089535782
7008640704223812175
8502519052439427732
2068473883072623508
6518775878776726110
7428589703432976814
7619554854729709610
-7994880512813183279
-956851662205479862
3111230464046917664
8684289073418182249
-2743066683705532379
2187989135809416155
-6646997814528113823
-9205545183778797505
-2917672831384638731
-5458916781755343125
1408809143686236717
-2882291551330282035
8941937769387431325
-1289227124100027456
2327317903549110082
1900525174078310700
2180561751852163349
-1120912770454716725
-4882156284826514713
-7834764553959727837
-5798732027092886185
7697057000411293593
-7366684183819449111
-8512463097278728549
-306266410752768663
3756930630737336737
-1151794401830565122
2673209286563905372
6282647303873097812
1792605008368860337
-2538230716444197993
-3632596430127529298
1169108056598464377
7807737831953311859
4051552634747602357
5274895245543111123
-3546037915298654491
-299791047749525345
-1531786006723288844
-6250326498718064757
-944635268845349877
-3106782250180818823
-6004729426377566679
9195079208694231785
7479800898897157375
6954385524529167888
-2042662298996219973
8203388368505665867
7141156383053944934
-3868679118626423411
-8154417526555400597
-924709897674490561
-5272481117470800873
390873553945962246
-5776096033954978650
-8830843923005688281
5154851842583961166
-6322401173548308300
4721731423289673535
7794518445730189590
-6124466494009217796
9056479644164082130
3508648422382145498
-7750010812904282799
-1690902711786325777
-7054048981749737439
7390749371065912744
4058487845451458942
8292951724581790142
-1833111951526061704
55696222189683184
177159887930577383
4450459257445877873
1381052662078705827
5737797418168761621
-1588038400154719053
3401004907265474116
3926878127409989957
5188043308566470976
-6076011158117118201
-4270500928401628130
1305580299093009349
-2062851495394070785
-3083257324490360949
-4042929534878249211
-399716399417842230
2998632984995939003
-7595578671686615738
-8308879598290665356
932929837035475016
-2602318155974694891
3061043360119948456
3121379482793715667
1924577836306447917
3428562933094789704
-6232629282215866127
3658246640786147454
-734220882886669792
4800177611621528264
-3229072336876237128
5447673946786924296
3827007300144704704
1148306462795881492
-7954406200400590084
8011804919643908362
-1310992736071688389
-6653453402707130199
9118992352858800050
-5787050106974765544
-8257303865453217512
1478185904684772737
-1850991597516534654
8282596446700471779
1079173204856143844
7884701705250888330
2005751916955748015
-4632901027970114036
-4456631742023977615
-1584270823743818778
1485678431593712743
-3251595878238123629
1887014575111377239
-5666297675021556948
-3372449245256381601
8365905035153755721
-5538925489964863423
7824631383518577450
-6896030018644824970
3527904880823238795
-5167500574991104059
-5987814474088859110
5277391507700974310
5808181599376080508
3641663450773194832
-6482008576633871422
-3430443362413507977
2152434220840371584
-4372952947276330809
1049424936672991045
-7409348900308612609
6696777901571487382
-6978693910738547153
8261180288799187939
5352602171157728777
4931713211899685475
7938076916319374463
-7001938532379436730
-2448116211385697654
-8885252622103558236
-8914072929608143134
-2590355125401880715
8522643640060945959
6626309235510048131
-2868103062036739012
-8207616815533054756
-8228564344592308117
-6101125078942837556
1223802541715469223
-3000924889443624287
4824204638842536146
-5360266466892186967
5450608274377604661
8493727656454779272
-6689945086641459608
1634168901476771449
-663259080322654337
2052123031922874749
1391923326426559589
-1708622984541290380
-4035193505813400815
-4103168738710327986
2419366675109363514
-7007484844777762183
-1243616822465335676
-2148949160492562847
-3379103073929680954
-9126895089152555219
4968861540969629399
9039851499007719053
2386755097662553457
5039884566847154485
8944219237317780491
5421181809649759053
-317405455598449641
6152522509190314476
-3770112807104208390
-1596114078755601520
-1724580218753449404
-4070992385379561393
-6113035390460402649
6829476213569343070
8786092463511594871
-3847122382452781441
6097488931512244774
6664346415752506720
7661015658811178644
2109835646817590836
6355833209865860558
2946148807234306133
8810489870303948870
-1126256419216854868
7757605180058099896
9101098668790530750
-2338691517185015623
2207132094734535569
8443843599782854487
-5223696013639181075
207092005473608821
-5753963141374264643
-30424809317816004
4725031328856261050
-2519668338242274667
8523979538476551319
8852915526132637412
-8943394670940499749
-5583063614762041220
8194990892551842939
6605736444971194599
-1899477084106391601
1745157872637761965
6794434594033630163
-2518924517914456555
-3407540233594653711
-6720256386925904639
2935508428660939595
2837900443093018063
-2593054867617727709
-8045151050230539864
-1884806243207569953
-7533830672070407151
802171137195801301
1316821496006414969
3506358154939443352
8641273627938561529
6992540674377968300
-3164460956402713599
-4437054917330195567
7314160601597548826
2289947644500270423
2176775186419338015
7273541623946642484
-4502899023497179083
7937722816449940131
-1646888829289479578
-8387345612817606888
8777183746756936031
-4803940086351915017
8061126634558220846
1972529073228400887
5541339399659287460
4653344051753502619
-1834836035127868019
3605853637303523433
-6914799662201300599
1209661553088143712
-793841954192675285
-5967802852823518835
-9122578160702097213
5437462404081810203
7674997146528072489
-2482103836945301126
-4857927875645369357
-2236151543777953131
3678470424702907708
-3229335758017766935
-7985392567600339210
-6262790757313917494
7848457493897008896
-1551483416501693355
-763303803569500268
-6631753281004684163
-4370665457456270463
-9024788233487116659
-1449778646713481944
4882273455825045128
1217700393094558998
86719349421156015
8247796868084989450
3852526391458918928
-9041975435225126050
4099452229070760812
9167601907216927223
-102508851953011125
-5171299040806666974
3920283619444243572
-2240591145600816749
-3313749857109003184
9071753178999479398
2455535317322071831
2536136116738361657
-4566376240102549525
6163322701848228442
4702495376173650007
-306778443337739016
1472410348539350529
6684536988570210231
5458720071625646843
-7074393930505221285
-8687424977689163951
-2519877296630707502
-7947581216609537903
-6995380479988133238
-5526371417170836539
2264763131968735541
7591765588543731803
182232991260007393
-2897105772996492854
7073485912497022970
3000395149799330013
8098677238959520286
-728958712467558915
6361031964147939771
-2208354685356134322
-2282050802226534814
8243187785391695075
-5313318216671719887
3723629751489832446
1498438348052189401
2925007619776714190
4426297607674513223
3000277523531625648
1615843879734524669
-6714042343105117900
-3046331906247218649
7906833087327096384
-7967180027716971394
5504248849545282516
227028985693644361
-4440294855827495373
902821539625375129
-183706708763133833
-7612091674616935262
3966908004370117568
1604283929038185667
2823863157692207215
3782297143882483890
9097673701638038228
-2626558902112403028
-7501210677745331097
6774874175944436883
-5050281681446519277
-8694626980748332815
4398168345400766593
3971000347408189667
7897022710059132614
-6312357664105322405
341783146583373364
-8390997134154554353
4451414517667022511
-5845275941457647923
7848544835012432668
214269986081389667
-9076174850908674258
7008421037837275071
-7397612140993027299
2869952797631838567
-6947307131512379568
6661695520520697749
5860985579967560231
8051521096633848270
7755116037655251283
8764421696065442271
3048869820778044156
-6936493029130370365
640407596336496455
-7319317411372800376
3123147660299415706
5556237967693606017
-5806893028888886508
-3124262737259363082
-5422788446782909890
-359834742537445532
343596757719009966
-456263502045715156
-5279242384580766774
-5835329752474489065
7718632140009668611
7837315273430802436
2809924654453525290
-1953240507295504759
-2953949259752204425
-72197651928574408
2969980759379887559
-4462360567094426593
-7905797464202471050
-2830130661211831966
7863089933401029154
1807807894280938709
-4472263381190990487
2403296024250878372
-5521662251177721386
-566909854328767681
1721167454579931019
-8894397429816521817
2404416866263167822
5693870131011109904
2175594061171989019
-1680429776208061011
3317096741209112650
1423275933367218479
485661236685237203
-6433020856884230331
774345408650878929
5879826567849249588
-8889265157523183002
8182966314763698532
2037862813651272710
-3009848778025811691
3723362626820652535
-1086497456710220053
-990092108120488898
-7295746843289928342
5604330680214140827
-1199637784607729140
-4784395174952389265
-5372683213195436391
-6596840512873084585
-5457961042099927157
-1540009109386518398
6187094498472951029
323784417702556269
-1182507327781097286
6373445904802854026
4751324057706259775
2335780058849121639
-9080112430088369135
-1929796907684209232
-5516251058609854266
-8737842754105690986
-4104081005875759920
-7385370112970286346
2483749530835071980
-4524937122316628072
-2043630105005996213
-4209034125723844048
-7751964584325601759
-4325588847441775313
5836484585748545998
3222526149430417699
-3878058561239864071
1897426333944192917
408482950132506999
-4356931582004487217
8482785133027524057
9111698222180081868
-4355404682519227207
-3138767649412815649
369612627665948472
-4922221319833372526
-568521147535085252
8515698600230477409
1368190869383614741
-416234090802385342
-2185330609626641342
-2180182681833853015
-7875738184380943218
-4115906428334328321
-3503167147720511501
-2928778376992657573
-968466221575783177
5279427123997915700
-1936841618703267441
-1212540030399413178
-2048655766631411871
990324421710973893
-661762931118818587
-2970892828127838523
6906235586946554949
7606686381095673273
-7742616711813076612
-8676392897172207746
-7060478878616491022
-7142098048176285295
5123501053672265292
-9205369477546233123
6447774728641744817
-2842912789779669634
-8505410204805687015
3439469534417486643
-7621007450295276135
2626886361948516606
-2501928266165115994
1689086003478682158
5872766455885314241
2080805808798091402
-2773667787720194488
-6423594278764092626
-4499653092543940406
4499660659674083491
-8656304915767440724
291029863148427404
-4233341770709325695
-6123864035051378142
-6513997035813075344
-7230299559749143751
-4708037193892262210
5369871713766903787
443194819547885755
6405855210518824050
8949957109586563859
6474572340954379319
-303739333868918408
1126831505800478557
8114767057424936320
-8833806166556053316
-2399318199223996074
7133087377264110863
3814166248651355174
257232278672147072
-2503558711019617275
-8615403094132075662
-6373550439147472925
8262609012622700646
-7428617478297499024
-5703203908132893905
4651669337412982545
-2004829643338258372
-5087179329312747992
8519538620524176616
4953535008551786801
1628449083296463300
-1228875630399627829
3651932121513606586
-7789752407504480170
-9144285701666321715
6863352164375359550
6943292768597771885
1993894375556895554
3309628852003635467
1871914637017217365
-1796492877434238475
-7763475105214725838
3400489831372299636
-689491406753831321
-261278056877791768
4145035499187384979
2027322991870021971
3886741665008937831
1096955955438467970
-5508682229491605904
804661958835547369
7678988503220875525
47985396578248006
4175485578719153284
-4249118825732070555
4879212886565128288
-1588587992732536378
-380802302400151095
8187178977533481356
-1219371728278425589
-4604630936366201023
-2609410314606736774
-5916753024421260004
5361151698958723083
7341702819467767859
2771921875822800004
140240263944599361
5938761219171568830
-1083229365782033447
-484393836420991953
-7503278351365418372
-5924974052400458982
-5624761971519846370
6639963082105468526
-7761209320538554693
5131165497177290944
-5599116559880819863
-4292058482157915390
-7703144556917241360
-5226671922390560664
-2136359453914511368
605235326587309904
5744899107156299420
-8619546863145145436
2520049650974041869
8932159003619483510
-3209315654309682530
6475345258003910207
8608916535717945781
2992304672194679902
3870297763295320873
3580340966657943149
-4175058101031620910
-1462957880904764663
-7117498273796206723
7158027091278567192
-2199690359207577493
-9004686257023386349
8598073378314660381
6708109102636092801
3899343180144997780
-1678537737906506420
-4943217870437527238
-808660180777445948
2890349780351222063
4379877030831635179
8576160842443685446
3889744566625934844
-1546041573085650985
7351887410284253247
-5679925528718235605
-8254325325484528933
7750653972472676528
-7056861806815160673
6634729096503241570
4928126569241445317
-8627069294314627799
6536770197236649766
-493717093891260265
3869479342515847590
-3399316045030211154
-837590179461867263
-2886697996456475842
-7576692276848594065
-8137357077197257089
-8135638262921451721
2748639399678910351
-4874626541282119546
464866699237320705
-776265196244559095
-1838521357952440373
-4776593430379830778
7091088446649449363
5623462558748454107
-5330446274401444065
-2350755237588693176
7063111974599230352
-395171778948024985
-1958136770824745433
1305678689250497628
-7669580256130733738
-1276139040652704863
-1158105820690585534
-4493286722119061048
-96497098571490816
9124329262710620246
7100938816420378037
-4449257027904624077
-5308587982729601792
1387766412641128455
-8200741254604868298
-3478878537587143340
2467966849013693167
6190721798106482706
8077206780565397708
1956954147092686572
6926158405253737179
8585758373086870677
7452438811680803106
-5584631636219645874
5771055538836079515
8727982758162606269
-173332540172971586
-4518109937916996220
-5355604098600269075
5883700909262537312
6984587777739420445
-5948552266197767426
-2411877570600097001
3030460420075228643
1583594618921457647
9007390530068473774
-2702101559524537717
6694115431993049148
2578418504363974897
-2539880359693615237
5311206926638432621
4579488699925404973
8244517662647588186
5107540888190612533
-4596265542868668597
2818404246453483400
8357552037595629941
6228054930690724599
680378759160413733
3335004173356314114
-5230042076075857791
559668886778079829
-2283440309359976251
-7625827382537540524
2258055173353257144
4134524431714586483
-1456907016943178448
891724551948404319
-8271507076169280214
-3532030086832242439
4401588536069950727
514508823446273097
-8147461214347349079
-6630128092351592987
2809144610174773073
-5496391154361430364
7295685394512087326
-2596448767928698095
-1139438319632665474
8902634564501713442
9134139908779036077
4347394292443379595
-6682024431007840368
-2894956428829384754
-9092021801370005608
1560241959127308215
-4179021686650325677
7144861677602192682
-8657754580964148319
1882017368415083153
2539909861424009950
7986444758518220154
-4815460004264622088
2022779939328860917
-4879695282640651393
-4217479519151117133
-7804073849355188847
2020983416223750675
-4800424513277686636
-8811007414174634345
-8565269060459083860
-7561289791511362051
-7255871039713794653
4765320074730038704
-5758920878287306047
-3258125729507229829
-1188784807373015211
790730171301530546
1286467124854716302
4918417676238325802
-7921988717960301796
-5124932933778266749
-2663510854692251278
-1110817555262063806
-2599214821052842541
7148128993940358137
-8558372810521649293
2788368738992098151
4191662525922332460
-4647830090200289633
5650320966523575342
-3156532268177398468
4173211889881872755
8646642287324555126
5307055769554221493
-4670306439930882836
-923818103083608877
-6175545567564798216
-898693884059558752
-3345548117595948169
3816657339581178682
-5718510509424744519
2570390482072431084
544604375858463723
179924802759794705
7255977378857622313
1901219892728185304
-1087998172538564574
-8640672055189152391
577378528719542223
8607820224228481990
1192594778031992410
7128418876407765781
3307882671885964178
-1108023326951634354
6673879552369050049
-4852193782596607188
3429080439188088191
2742144979897535771
-8889822586263287598
5886733849311024455
-7806464396911908443
6300742213124863770
-6449759457960686081
2472281969505809634
-3832517621775833794
4777150402410432181
4769407703512314708
-7335566780610451765
5272449605517922516
-4067932581293054750
442775189753735124
-6647739968273352079
-8370296730814878835
7363625803770562525
-6159582589678340286
5884087964423057269
4523478189326354106
-2003650338602232479
4574365626148631063
4877486103726779565
-7602172424121214680
-9153414939690786537
-8750554598007721341
-6829152068538971542
7523976823791388827
-852693926123671680
-8673058492584386887
7875675117970260303
3992898285048857111
7857516315681792690
6237619960418960655
-7258596329192936581
-2816875013161328960
4593422673970687493
9067632956176873215
3925299575727142563
6834045137225324852
-7328394618479555383
8565081392840354972
7026439423406783254
7364955099453002381
-208968550465888055
-2544788485047526085
-4522545479459500913
2578939838611073253
7638245701971526234
-1015953618314767808
-7365269824940803835
-8383263505597599213
8096442731609902301
2514463458086296686
9161923089921866751
-5323122730851602275
-7518431010636325572
4344613215773541262
-7919460148573350489
-7028016971739406526
-8162292811259259040
-5386344488266818775
-5308670125138728409
-2484535792319957319
-3035073878676084687
103637873118271588
521859778836390927
3055190502324389657
-860332036856555147
-5321986368199605655
-4674667508206310547
8985658434010281731
-5390899176012575986
-4956988972456993058
6924832027918819276
-7720276281520695037
5214528809353210507
-9058767083291104334
-4990733394557786719
-6057896887310269747
-2344259903527409940
-62690009360634497
-7013464081104771723
8793286680112974468
4434867156975801553
6870853101156763799
-5991404944234721914
958188584779530458
-5096599742821090120
5348803527286727168
2824198462092748412
-2168223988286570367
-6044467845925864141
-4028303618368552137
-6107995175853459054
700473598578871392
-8318794742932570405
6564155401193916715
-1358888550347520733
9101557590098601244
2574560252557709929
1001160056650424121
1810482817985485837
6549545428380604155
-8040561205085871884
6485308856205451300
2703559006631769127
-545485190092326376
5461495784413202634
8932159335644756445
7407165679705962969
-6778178955239579877
6269014773446325184
8429598945941888223
6725327462858358481
-4071187758169082084
-3475958249826037428
1544009970703981494
1054759196657131371
5202020101662792827
-7804401452798036094
-4222826476450729798
3489313536839639631
-4425062255377516658
2355955456455395949
8377188549565145291
4405482099088719861
-301084174122545545
-1504883496852386711
-1854509270597829939
-4955608257363815974
-364895149527329628
-1834919520549133208
-7507979160039784053
3132695541527054803
2275563281713849058
-7666266720309224539
4503577572613076872
-2893441842842962553
-5332118110153451415
-6974761647106153212
-7176454068185270651
2546432470291555057
6661759926626070501
1184741348476434609
-7367767858572036200
7605853611384385036
5298352623970006576
4723987702855943803
8155046032328015311
8459801441031212521
8262912937203392286
-5404116805596463952
4354511962837061691
-1118868519288845102
942661276000900778
-1023444062641644268
-5496087590963767699
-829187873529644665
-1807740347937441991
-615659834899222440
2023118935473424695
-7108094938279587673
768391540955227145
4502669533397238786
8657458896925826756
-5297097646517900121
-5179511042900258907
-4699183297178277898
-1321914719038170795
-4598238374116103899
-2308721572770740637
4560177340904959577
-2254128059755102055
-4108862989522302733
-3261867113920554690
142249011885706588
1750926091556980881
1013301998630012817
2869948274039442517
1943435966386234103
-6164870199868458802
-7191422092757547294
-1201675744249777277
5765570279425944696
5493744434693434428
9209275055756517951
-5255390900312909580
-3465219070840346973
5201424652705442496
-4926067773942921452
-1767994235238583671
-9099987363787860952
-1099247784173375050
-7943158145805148688
8452736787104962033
5669139843490069365
1259564773520657574
-2866546212986293349
2101548990712155042
-7490298765576845770
-5998648202282818293
-7529580595605778046
6188793751100002505
2426101068794105294
7528112286098528591
3495650892321045331
-2796334242006754721
-5124983072666689432
8767149295965167604
-4286188449471366922
-4671945656711265452
-5919759870845444580
-4111439073672815069
-1511317299605422434
-543355674643121713
-4651588346193439697
3516681291568371740
2790663935613587883
6138591404881754487
1838648475734109748
-5806628031360117424
-701111600355315913
-6109459510611447029
1404848353048199368
7220234398843650179
-6491437737046901683
8581516600515691020
3431991613299045834
-6243244799206537698
4997763795633143949
2531788087865162671
-1686200567695149137
-7630941769375422750
9015778603291769834
904975225311576268
8975620952377758052
8846439078551505987
7490856587718411480
8162175246642757443
6864721472961552323
8899094646858542426
-2078522960939430200
-6508860153802518727
-7869485596665709715
1750165433360442584
-8394376939518815778
-95137348534349436
-6276643125375459016
4458661529821221890
2068188049150291759
4574968994128889157
5903138509216362393
-6876998375556587774
-621024275925922143
4169009956236776518
-4230366114031896711
927114003877055868
-6327834223636178825
-1827494226972453612
-7192357950334122355
1502086144643092944
4218838410727681975
5565048226499646104
-7401337417252892656
-9214517747408141012
3523654178240583711
-8990746253693418651
2488929027307385450
-732052910683834896
-1836602138535976256
8399872461387510506
-5187794067942683591
5414674886953841488
9115267010719492618
6074465026942723906
-8190352588298629332
-2242539192932295127
8533748256981543899
-3050256566229987844
1137617766742845175
-4997735692722354867
3658109891263708029
-5402653946442246676
3047700506451665431
-8888071589002461879
6253335009137235282
-5438224492485699535
-7045162329959954696
-7780246194416883328
4073425163713226653
4767076989824721679
4793838053640155198
165529066116417387
-5682641004068951461
1045316029584100960
7977423054033360895
-4467558747876230600
-4427635534086226362
7824484784601291248
7739287697172359904
5145951290289571770
6533748774132662331
6511905891979377869
995368937379496922
593370458114302116
4368229016996709965
3056456253577755442
-5154243864499706493
-1562952329708274701
-2611373391065963156
-9215614834864136377
1168087294552611535
5659244691737791386
6475994322900153277
-611820427617475066
155290350733643262
224960364886271780
-3894774719891793430
-2788343129559340343
4132512302944884930
3425861819019100702
7152216133252405529
2210684638977345069
-493419585111096692
-8643244448191071381
-4612096608448235578
-748216054598520208
8319585504835959506
2916151729892320342
-8721306717063894703
-4487336744650242600
2035756461918901542
-6214895376955415848
-9169266123823556327
-706096604138081643
-4384236084656799299
4923529220275328662
-2974755761287153075
-6573462841820443070
4058163618595601152
6125490919602210465
3208621599000274142
-6945318216233944103
829988977954164441
8753403317892036845
5154776237530948732
7975406614156714819
-8181315786615938202
-226701116396855959
-4228139113554390854
6638646557755684989
6181492856310086481
2449810424377414850
4193914018846318108
2899897862079274918
4571624500016654865
-3947054843802847768
-908482780450092813
-1033357830375273967
4177766984035785973
4130999696256595973
-1330859969113124667
6538312557936679119
389908456656909143
-1955882239205405710
-3714400675574760356
-8100483701796679914
-6038034901874630268
2069869028498274683
792771764654314965
754789628460250986
1538264530454469151
1235744924251334241
1733652755088432953
8589379787814616039
8452446005855159658
3973069712891072332
-7220679454947720196
-7023584047133627605
5603789290420572390
-1675389856250315894
-7365831949723388703
3398449005016768386
5695257105369662728
-3876255092030105883
1462368550887646373
1448098052393987554
3171482598193943227
1180496879050568863
7146929164413414228
475850947932158230
2169535765637112471
2244294914536693017
-5418647948322849978
6524650199783864418
6330576536330824977
8637394875050188067
7850585267339450599
-2174651111420924672
-4549057418213129155
-7703855904467495925
4715961942059326197
895700578026705837
-5068519234682492647
5169470028615064115
6306868411606672084
-7891149669041986623
1964238841737461990
-8507761841423377378
4873086427900851083
8579165002161020358
8208433081160303071
7318268387165312370
8937781405328537502
-6844802543912935749
-9025886047297769869
2364404803197428383
145434140209935107
4177117850075505293
7473731534039434297
8894036819010137851
-6046791398291019296
-2198692905394361756
-2816979586662631446
-745231118808558881
-3292495847939056957
-3184539084327801370
-904165563716067091
-6865678449915732246
5506227407860009335
7920135776250205971
8525785123172924714
-7927641965624215725
2379867957608779744
3111995703574357453
-8471946007562470779
-6846262301936159171
-3404640561277812225
-4442913669284771426
2532273432057824581
1355218250839600890
-9019913274056822425
-884671700995891235
-3805626238327341704
2644351904415854493
8529208186823609583
-4426896135674278050
1748984886456159802
166760584312666747
-5300052949740362632
3196664141412876934
-8441442826197067395
-1511998839846487123
-5327126950093443138
664069093244056154
1781040944125771987
4445727166939021517
3197219292830962046
1887705370375765881
-7173238192427359150
5134616162237023535
-7950984712294181967
-8609618598792665603
-4441171377686880695
-521220764589025801
-8159372427423322865
-212015239742421077
-2262672569527592373
-6636505968283835727
-2863735488401406451
-3742665897274487355
1253496399437981616
8192553437240770811
2600089257499182282
9051763869697462748
547218449585352089
2093097705305457598
2489575115279128922
-2084041266769937442
2247017219678847558
7693092043706195880
-5423937315463661365
-4767877960348645603
-1212813023891018174
6832337675162489784
4890271115055162008
3416358559009137042
7168551353310135339
-5226873095012197105
3389184507930988157
-7453068139466373671
-5885448022021230877
-4587447947420208872
2788243431805507234
6529132613787330394
4305851541515397968
-2222899998831909351
2329733438470650097
-851061728442268207
-7718933307385621460
7896848832308119428
7511310063181668275
-1899639106613659321
-7033927688338049847
-6295936060437957982
-456352858608503145
4569162128898037215
-2918758278172075554
-1172018495087166374
-573328953980956552
8750576171715874845
-6234243357239630839
-6457147839720016139
-3731547841862100214
-2913215795899900220
-1108668304127344510
7761949103718775107
1495540577539889652
621684229127584480
-3902638981757171440
-506478868648492156
4950860609673655289
-5222782543906701781
-2971335856412311123
-1264173480409991390
-3424539638043336166
-6581485607235602028
6101484581997842511
1236665046132890309
-5691053731239624446
554776665753664096
-4817572726552276761
-6469826136617000517
-3176903256021204400
2797677010647508917
8510803683635824356
-1797175289906586296
399322355038418005
-1312475398653762079
-3314476778338468328
5101169691900340187
7824762271727399217
2294864590449066671
-5138673799861803121
2421105188492751181
7844481167412678367
3406694288927701485
-8986320312722857818
-434583257934302282
-683050280110626845
-3299816616393729453
1511055191785563983
2157194695092201068
-1330164472105257344
-3284120758658395888
-1602805891070468542
6749415972927495294
-4587855368687060321
3105124972120454033
-2748157877080136364
-7766767089309876937
2562988223159650129
8850864820741587974
8411741173187171442
7010633374984622872
3923799280875901283
-4848799247529982596
2086601843543672045
-6419371424378938202
-9187098214480892331
-9057381635123682605
-4786034755904099864
-7820941036667425767
-7804914302134342489
4368408495551288356
642574384656084044
1660305436089832289
-68693060182722497
-4126608548241554184
6570647115689983562
-1644512857930500856
-8805663502248831017
4483384191796331916
3350905892797237701
7119836766923299202
28846678813546399
-305879371738985508
-8298068249920994773
-4171244810396527730
-3553792854307984630
-5047559503845793945
-3331728668984313302
4727992920590955023
292241886341646109
-3483425320183632831
-1260635898589885690
1764985397867879860
-1265053085426928565
6257465605083775212
-3115348182047447206
2602547045913564432
3488372330669665002
-9117597680484517385
5588978633810520974
7783915825363555944
-324861736209963574
-7383795201098109995
-4030096568492357919
805254950244831227
9043307536969935167
-4648327602195959202
-7010735120920128156
-326050375837268494
461206803989541976
6537703647817878578
7201801020420444227
-2968245218872509736
5635531988092861521
7076232036267130136
7283861497920407231
6823044909504573858
-622214385424140286
-468704331048494883
-7682423613561245357
-7715702785328121135
2836983723005298857
-8257809122687616793
-6470385423199550883
1109000735039792704
-1329186072110316491
-4859221824496213266
2753141571242137101
5315080755562327700
5974214990670255025
2344286056719345478
-4901491038046142263
-307127647588557871
-8637264552129324760
5030286810496314744
-4358781889755809577
-6271741716040416496
-3525640170620817996
8298851488499020974
-5630607465450688814
7485434399018331534
-2336164182852706299
4417128223185991477
7123544700226124429
5742594121499507352
1798229564556650666
7896995731924674556
1366159964338567316
8501989768859687868
-2432500215962012644
-3502423648594082931
-4262597168221286578
8965356670228024037
5467105390027937553
-8245480797223726583
-4865284019890108351
-6640682741776064258
411121773570456092
7407180252534104863
2563292463990199156
8396833967160004684
-4692460899189837233
7802283634310555499
-748318127719760837
5927320697693108463
-4374678876017267389
2444693716478821767
4382698094173658815
-3150197678549451196
-910001101374792377
6832749100912044092
-4333812807485334669
-7554340680352254768
-6755554001688141446
5876618201371889008
-1164431582053608428
-4976968042654784786
-3714458579376962430
7812586666681889031
-6910365940659780352
-2712615741308406976
-7285320457389470912
3728393775138666589
-2958381996392285165
-6475929721509187110
7528824327038345616
8267164833800886669
-7872144279581965679
-2223796993119600593
2187425267524198168
668621794309357567
-4131693674329953480
499978550471742211
8560533787022125684
-6877737741555204620
4620011907767117478
-8560403651736679565
7892650450065201113
5245197265907217786
-8479502101415324479
-6359826949468076813
-3295590151960082128
-5304362543987412492
-4162969336391506736
-2895019082549713280
7545746526088817685
7837086230197224511
4072156780252396669
-1637846410330769357
-898807142515831204
492280483141522266
3687748134316084757
-3260090554980419625
-6387300756162983341
8808571268223897029
6883923632485711573
4878976181510284773
-8630951525588103539
634383025441972424
5294362301245854110
2840462482861177312
2113788859485368134
-5991763821906418793
-8020887109280733167
-1492681284576766228
-5033566945263004351
8653089763108163500
3553611066694194703
1413524908451404184
4227569807088101164
-4011304788455662766
1741835206751040276
-7556115141616523035
6225824797868920286
909825667965777466
7158403588997543848
2993148225274458968
4274399789861904037
4046617264434965118
-8301649585685531870
7106491572325146036
-5188517453290634075
214181075238740050
-8826176395046592004
962337695725409204
-8892550442882069889
5720571333730005093
2953062158087800558
-6083689051735861423
3967567808281088835
-2506287502510031988
44099826534228832
6146814566203510166
-4308270402830003989
4643687916085452795
6456012018088854724
2035393389853054114
-1250265172163320781
-123142398087855248
-5248655675888857739
6013647787300440523
-151641403218013991
-3071432175413899328
8698708707753478052
-2049572021402908877
-2614394531905394257
8840302032387521728
-7898163186701475834
743560046217345192
-8603687592429600896
-1378676961365718629
3915922831338395568
8254104634887472405
4881211205367128048
9157419169407189887
-7864661505976485606
-7300642134367729626
-8043393523215569291
-5547891085040085119
1030730535952874442
7481489988151017254
-3372995699638337470
1928386783587562450
3152717629219622011
8767951345086350305
-3318062646463348951
-6606507313152422204
-2994785544553361956
7833198573758448322
-5683460901334501061
6558438263560726620
-5351298030034164196
-1390130533082209183
470018235036198746
3089067889300829772
-286021421396527111
2747015228867821352
-8510428970527848379
967732710109081653
-2373294518892802132
-3834828335123992359
-453836668281729282
3072707671522085824
1703998788788763054
6168879571067769383
-3395113144185413686
3654006927016922266
-2116263126678538083
-2366555180021592932
-9042849549982813583
-4019370392767804806
6871115793977596182
6035261345426952221
3970722824095603304
6576373070113003808
-2017729606910613336
5992286191822979280
-923875833277997675
7810142156186827960
-5555455966729962324
1212020748654966838
886547246676115098
-3967939220051403977
2455730802243184645
-5422949647147040602
100657205391765365
6922429328712206590
7195872316728412216
-3741760225833659300
-2069463197431766302
7341973029013003831
1426678553015158667
-1023468744091292508
2176954938720178090
-2722052376506184784
8666304184199718001
8176625530880229173
-8992184109189893915
4790759846135939292
113642615635434378
8959354391016287755
-3806629187514645229
-9077886993161622289
8722216239435589542
-4184200042235761812
518411785594651300
-9068699416711974440
1993038296412289735
8292297083222690799
-7359927935171444508
-1903037113910386934
-8325218015179970814
-8754083927926982515
-2901822967059224945
8545719177219362305
463677650785325674
4873026445837799196
-9159109243029217544
-1519731946087196034
-258743915373549433
2966471475358768365
8620188625854957196
1264993637401390942
2327637859597800377
-1185594184154216434
6550435414743880277
2142106815500020880
7821955722504267312
409250267494543671
-4214846716027632614
-941214737009761406
-1876028879484804694
-1265808474373024518
7389844412226960749
5649935834771806340
-5799548111937646971
672100566121365041
9117763394543604545
-6093758871847264095
-4319197070545241218
8157813881936734342
2825769960277638965
5618709666406938569
-4675151586049904049
2756526097834993579
-637082302349723099
-3419238192755423403
-4810777088868685613
749416031935930258
7560591835504544158
-2278061210828950926
7295504774019311193
-7604291906302984367
-5965045211330697375
-7780411554742023748
1071597039631105931
-292252730837940270
-7758248899812330252
-4329893809625552699
-7393096640035754180
7092678851399564859
6984723088096808449
-6142842346935931770
-7758240021986888661
2989560319116341715
1582218333919849570
631638701277048639
-3511810323021593750
-9123159146466925132
-9092970162347127462
132038850073644117
5317435236783621544
8026263428956585114
-7411746107673820801
8298482996436333834
1395396812927035434
-1423722958629150452
4795065998939255064
9100959942463806444
9154525550203698804
-8912884057600151656
-5533618245676795325
8954203265247719305
2293937106176499604
1432636846598666005
-7220166593714339189
5742508291913679818
6647630086994029290
2901110997004356855
-6515286919298263222
-3981687688887472635
-1891178077575907897
2357973935620932722
-1870689125568193528
3778243715623187193
-8830026781934782750
-5936569878681709362
1372553911813838210
4493267039686425012
1220974135750571103
-3976402266994620061
6891997944248403654
-6397443728038241423
-2218452641491584971
-5829145229902470910
-7659112937672574045
-1515825752167091773
-6515662174778605482
-6707725723589911677
49742087729263641
-2843423426636130158
7339765085399372473
4428622553231428275
-3932521647716289474
135765594494487730
7221191123776626586
-3321310088705758104
-7310728249221642096
-5958295478031479637
-6473683595655699417
-2644520517445072454
-6362209770893235443
3813088111730294826
423173818827717317
-2166058685445511041
-9085839294423584536
7869624388997169461
8599109832531608754
-1921178058451587730
-798681950085902819
3110259208656640850
-8538317748296099882
3973194227091345004
-2562961791975825634
7713867019192864665
-1531797335532304107
8459011243480531069
9120514149995217835
-1498660480131036745
-139315853204814542
7762816503056556625
-2356649073032225288
8606292010444747641
1668508279917491839
3973334716683865073
-7910523604537869295
-7066566951821520112
6030463014406082574
3700872795486910422
-3343351970212748909
-5105299421678134390
-3120418669827400361
3805675865303747249
-8637147205073028948
-1899444854909797167
7179446041366614559
5209512420463006459
8344571434851753126
1849567916547838992
1318303358980232312
1623012627076580796
3949261058879908437
659105534876074354
5012722949115384228
-5104656104770736541
7402250373678163226
-4471444578573247886
-6864634843397973955
-8857922565233245457
-4566551977514814170
-1071159300866055780
-810064141383696742
-2212480991795760455
-5170831133364635738
9043030993907592391
8907915969122197721
-9089706325498686065
-8468629401817732407
3479755125817103367
-2209188610834876457
650508848045078626
7836201097122740222
-7916692392561745785
-7310764680253819810
-3169268415337712266
-1883170406230771033
-7522248274224845570
6033594391258052943
4260419084387375168
-7980014548480589506
-7145655037627753049
-5372627743442257086
8683731041856936312
3255948594975768457
-8846211631513824430
-3251990233944949309
-648916391272601585
9078669924209799574
-1382186384611897733
-8552478166767089070
-6754634013445311776
-7876845256322069425
-7547149421850768214
7017934689957912144
6209063816625119713
-1936410960008181166
4864902304308964778
-8297656308471080451
-8389825484160945112
7991083070934360410
-2399779138196889576
6866187538033944291
8769274854414046701
-5641074328363886337
-8620749347574623757
-2409285674944598527
3001087099096680813
-7892760201708438841
4965887250995126996
2115961352242269186
5707696314777325231
-1150938106951192884
-3291546330904521331
-5558480871152269372
-2818460986242883698
2402790762469649638
-2628038315734680084
3752907895015887279
-5719120776083334754
-8824637418388267983
-8149063171388668860
-411027761201352962
1673359716687486826
1958905842483076648
-4330273105067715893
8279050781716852982
-9100450738457255358
7889759375775465381
-4002319464710747307
-6227390350836736171
2834678062966996538
7768619825940881331
-6587752825623206607
-5985532744544041390
-3341668041503856678
-8768728700987961934
2579435945638569340
-2777174136570343685
2998044849609230435
6357818936815271697
-1480505513672230740
9100184141666699466
1928251200651996367
-7419919832542696107
-6406260899792578428
-7443195955930568425
7064974259251733311
-539285059244424134
-8443067878514989282
8451882978562424932
-5148137591416172997
1677051731543070572
137468532599696265
1549190252600910294
7499933868813404961
1792994240601634606
7734650769921615496
8409254384646003783
-6644567835140311224
3852861069042033018
180616876658291553
-2195913157451483429
800735454882894566
-3268596636698975257
6311604977442805467
-5708770772253435536
1281953869597768302
4328057032733322874
1920246596514379121
-840519981782856628
-7581817084624935492
5458522857826161580
-6465948654274523852
-2106961828723418594
7068855283021185733
-4537653592862040947
2864160621878551183
5234185941228816580
1209733299056194640
29298293644392842
-4237982927782177179
-1842720277350408886
-3058694457976363840
-999654204114787964
-3967421445855921559
-4619285169998015189
6200726776896947566
4637618276159096737
4185132548855430325
-2813896127331026566
-9131591700937078109
5166463951903362664
3852415528857727049
-8246102479934451476
662549223499457475
2308861706690255237
836053515553986965
-836030943461679718
-7748883075475288958
-4243286887841700588
-9136941643540227941
2711438761860753592
-8131479657263449565
5477077620099354389
5710575477596295671
6209097103923281547
8972130754977090115
8222764561107342040
2356731323267235006
-5211883932912872546
85762901610855093
-105280277550877922
-429830000826774988
84439117134208815
2452734720923566270
3847864811307954558
-1689580400996624968
4617329051359426181
-1995355225758441811
4792689605370046159
6781667811848326892
2539108911873009493
-7575946654413020870
7087483231747120031
-4225738625598921512
4061103325702330670
1171060298535410553
-8593416161347530703
-7544129015926490860
-8682220701666245962
-8297545132939182950
-8169038905722397780
5883616816272322496
514625446420247700
-6178118057166230644
-4825017004517657370
-2413201902167801799
-7023012957985468471
-7741234721414114139
1000735427362837903
2181729906453087947
8910886936797217190
-2357089052642023138
4558044778475322120
-3542499753309750777
4929151954702072167
-3520575617612546488
742649088486917454
4161759243901121983
-1031401783865300318
-610778874839584941
3798182459362165911
-5276461629428658295
-7091559245490677193
6626852407667023027
3412494297916839279
1651889801020835812
7245545858841907267
-7177301387287203598
-2773255346678039116
-7905721298864748339
-8190090339213273767
-7845306165271895189
218134518585007454
-6593667464823610908
-3250089606847919498
-6989110872967472366
-8489080300042278887
-3077782115085704791
6127820672022659267
452597749994747227
8235306382983826482
-7910629434864249024
1889990882696436548
5911714206066771366
-2686364255385021858
-1931998806472987784
-8642214672592063709
-7793746488541845713
-1599280014767321224
3647256755432221603
4506630889221950598
-8666874616393389523
-5815127697965870779
-704544031450360278
-8459898544719524701
1962356742772423060
7498199522029297129
1575152191271042413
8119128382570891176
3866574527021580717
4021168627604883495
-4072957283572710479
-1198008332738523526
7183102979036002956
-2911226207555148372
-7417556920582660876
-8109332546766606135
1756698604373941184
-3399260974820154012
-4782500496330607769
-3543454491703410035
-7488802407213408434
-781113811117616275
491676869751172639
-8778793826452904050
-6356092425115158824
5640816771592292956
2360852985964583402
-5768071962280442755
-91680620365359058
-2868953664045093212
-1730744615148685839
52982569869901067
-7505141070875479280
9045540391315078949
3349776932379563794
6865482737922276850
136139153251212882
-6015152601079943233
-8731615923179063452
3492103869503175410
-2293457283419332648
797384180640961573
-8815707010762446490
1079607852695668655
1105550648080737472
-742531969311161971
643205734106019948
-3255125985301483252
6380185971503716702
-7494033473002686420
-1303886893442566256
-8069285185029944162
4869524196635524272
1534244840350672552
-4943960882844266388
-9007606055750767223
-2451846954179266402
3409396169224566821
551535476642654540
300460854245672487
8061502312532288561
7413661899535794491
6185094510541861939
-7161128462756205303
-9063849185610154132
4911647233019390879
490889651492319134
7500008271159026283
1179458662963875914
2267862952978093133
-3789136368420164245
-1228398350147977500
-668873082479904741
-5195748938739756418
1224143777424758631
-1488406824718453928
-1145667590449341497
-4397835153289217190
8802426090973543736
-7514117008208218537
-4116438068295967586
-4418884080892818136
9051272513970591047
7589430198314717764
6728051852022448744
8359623345488013663
823908122787327920
-3711621022754590582
8200620406356377324
6350569104482729544
3924414491553385431
1827840113810865863
-6799087641768745057
4522991508974625571
5165513775253401524
5349342945396648606
-3563699050467880814
-2681180001947032845
-7650735063761274799
-2008867553227715534
-7062034402576854259
3730234238176216153
-2355058204758985878
-8468424928303631053
-4000922142746645467
409580481158930910
-5284868037219854258
8070402342947584453
-9165537450809238545
-964067831837605510
-660794972724048171
8247860910032651906
-7494976602962024354
-4211227226561769519
-296995775711726186
4253806631353442808
-7498249693298647499
-1033458711475647524
6610140058232042056
6269614035122594545
1730468416500889152
2583459474242218931
-3063490400841624368
4429762728195540828
-4235179032308328754
8821252147003005996
1094098491024120591
-5329739234936979387
573870628035044175
-2258895834669052510
-1535429529361571460
2049432935015009749
-6866106119606842841
-7902573757910972680
-4363739194968352932
-6414076215707984217
-2728122879217598228
6217485218011084642
-3917956076511131268
8812959174274962765
-1818831885245267094
-818033504802019727
7164349740586740097
-2239850679544235035
-3816917260773108066
-8543282659126321881
-8451348354144677629
4691860567459912039
3018175011471134459
-6641797383631322650
-1837290774954885003
-1892963249872137505
-430929123917981559
-7152820729940345263
574902977952164230
-5492655705288964241
-270245929762366695
3050493521839195080
5743713376617523167
2015550236670341992
-8196069504545565202
-5226504062517243825
-3717635713206014210
1112499884454037205
-4149785382630518289
-7307435781160880074
6628237430503425880
1366114022262715234
-5498165206970737445
4299941181188757275
6637849597707156531
-6206966304466381549
1143534662491857113
-929776269822743650
-7998558099692311150
-4327763370978661933
-281895093122015772
-3941008477733360096
-2913386049365290291
212922920186936739
8659795027174978252
-2558371605877182814
-1034926975677931413
4758998283449624777
2367987826605364252
-1055052753994091937
5173797025112817504
2181338201076268638
-2869736909834555251
7202532883485388179
4817681896395769168
6027335451921907525
8247896868068080905
-6316828834617098903
5452740730248566900
-6216631419204177881
-6108477046452978454
-3448711523136656279
5251167648662564076
8796369704414915015
-3526214505708134231
-3858681537002471951
2061742289511362147
-4409367714678132354
5532384384774510345
-6651803550119833809
3698390448475218440
-6032821307773420183
1795908672776579809
4062795388300704115
-4386084863363677942
2217040976181933461
4008797446028141944
2734365635370016392
-6455216349641586293
-2312881719545448374
-2339617248327682203
6029525122855140712
-5517389081456930844
-9192486105161953805
-6112462224703306672
-4998201685569387191
4445371606075224453
-4993634117906325625
1349540084470870382
4345585468114462778
7710037002784612413
-4238950782463935923
7990925877251177067
-8469115631501856010
-1105276810690889229
8900068611390489500
3675572721467666858
1334083201504992435
-1052775039469752277
-1263458041222842934
-6682305585761062847
3417458697126701578
498429082283837938
4020349638842210405
-8913174204852409286
8057065050444452575
3445605167397563395
8858742588042346212
-4097892927509922778
-5563683908817521631
-4262163698892169639
2419970390610342865
8082370165147309455
-3142394324002772124
4426976281089041954
-1775007744501588560
3679038405585604753
-157487803292547184
6749892323422665748
3122552122988190139
2520871952058354713
-7428313101080208651
2129969133771365038
3538141821918646082
553571925924363458
6587351750421397469
-6586608985378800058
4633685917659028229
-2584642720459246447
-8124228331018276157
3675791048042031996
-2861781750317497610
6459591601989477174
-4093702909413354200
-9213870243540073962
-5836073422275885687
-3636217716793042838
5161876913215115572
-6439413472231355724
71240683387024348
-7632834586565802615
4519104596246597900
1250167436271654667
-7808164420641409381
3612729629677981947
3516600365021274373
-946584900122214571
6044695348458849506
-4053223900810115929
1972957866487154687
-2819616528273249838
4094177986044842726
3334525776989934425
-90135701351972973
-7591514457945408447
7208051444378137342
224601183391374447
6407117957837551560
4318718518628830727
2488066353804783066
-2620854853680267915
-1752890866842514807
2159199757237643570
6592414377581568071
6081710238659705334
-3501974456961349136
6416591034608358731
-1621366744148548177
2040783164475487007
7323931937004058299
-4237500621119151712
-5148523801135015813
-6177540798994613724
-6567187731414544985
-259783145351776280
2730362624519188924
-1197780695049824553
5084554395929812441
-7195678970756531239
-6417312632610199821
-6519481563869262507
5860299362537560579
-6107198949854515783
5378648443116790034
3147211086073608000
7359696361296192
8965199648287380055
2220410953533129297
1894740366913375855
-8103029195283650933
7039235609662067388
-3832918318826051233
-3019872150475567141
139932011582730179
7692303029191641848
4668899197954748306
2841320130833377579
7877579097674122029
-757961191819666155
5708178578888855512
-2400659057612165997
-8191959332291412185
7093021200906275811
-727565658613904618
4911275780140644460
-2419523561123816112
3744610508004654568
-6588476663113488771
7172423555785916688
3492553758805789884
8860691392232725039
-456173785850714439
7066009408384479962
-4789766643724341570
-6676691474394972646
-2679400067654540213
5950945188004272291
-1615522723590358584
4899599635435817563
8165995336224431073
-1642183431286990102
-7637917169900624308
-2294686908769433025
8422048337992902002
-8906115538221597636
-9044649329350499484
-5767608904016184752
1746423284475927859
275253793726537173
-3911558117583165500
-185891687671473674
4816455621406591992
9000065482866201948
2318866140096253623
4933255366824066775
3851797333305839794
-3338596331405337071
1417803409419463786
-816557530740546178
4975468580526745787
-5511557514505154777
3274993119781512478
-3080752925198418253
-7400550357927771697
-5655839402889229787
-512281290101589807
-5647294761026925496
6272066718846641440
-6349761016964370541
-2695834687035766621
1896894980767267820
3159983401105427633
3698321671049538146
-5380165121452429837
-8769019385330137551
7975477665080384605
-5487428978758663090
-2637691526204584394
-4837576383004543246
6261401788097992324
4501623163375059803
-8325160809627776208
1112803782167150388
-4269485253040798057
-5842727461623724797
1583220112972453795
3103730750012730040
8610522408037134544
834957243779402597
-8031220996091185594
4826103720124957011
-3401078926478974937
8537710375745892930
-4259657229535175840
985918603022058843
-7117663178763316986
-933594219181487248
-6170235084365832877
2944764420301067513
5275110807306008522
9092877880126207489
-6260697976162949373
-2904943208954503449
-8811675956030346066
-2081971232753915264
-7383514436027513159
4299918656479783434
-4011100159404721701
1394636908490520020
725704998953925624
-3972723437671936169
5468812368885322199
-853969122937296448
7897436753850571545
1613257228497710891
3791957521149139608
7919233269818488572
7606181790128255916
-815910003112507937
-8868062309970134023
-523812983386112543
3156887231782761952
7676670016887222082
740596635769823400
1720931483692253851
-926236133984283357
-7842571611982357295
-5728835132130829910
-2125006107538731681
-5341152013768153086
-5558910870236479071
625830050207146583
7925674146345474336
257215426819923336
-1396010844353411036
6016976310761543852
8869108768087264333
-3609763466690704862
9027338105584173075
-1587957637659853823
-8158919823641513023
1180858166221480161
2458447645760699953
-6389369629842660849
-4970081661475026929
-6244151259173208501
5559040412839381106
-1784572318092479559
-764438002049754279
4491434731257146735
-8683756708326149333
-6388825778543971027
-1270354246633850739
-2402799112057617563
6744242044872391419
7071483791384865574
1182820115299256213
8134091240524886341
-5159872502826172901
-479888252678966608
3483286850146766001
8996921507436921053
-5286280465611341720
-3446843150472390049
-4382945338169639049
-412273180828116001
1474979739075018818
-2556942738706207831
-4287673263870849293
-5651329432643704863
-3020776275718447064
6767279600458888543
7752767531394893313
5028627571114646809
-621999147584558381
-6089881475693392789
7027852072277683694
-4109634892175548718
-529770549867476995
-7804485972989927878
2961329296435777720
8029237364168055202
1886928912101775943
6026396665149049608
5307771189277559
6604658343084765898
-8038432147974834182
-2972644523637428906
-1964434403498931859
3939066210450732279
7683678901756282928
8382003301683234300
5150816825132059046
-7092204254124831895
7069560634660373925
-2430138363079998898
221832272502137243
-6537002587906567814
-9014163013650043334
-6084748125279152127
3212277808042002410
-950330193001017695
3133805389155774780
6230782179549201674
3853392872102148156
379971598606259735
-4421370897211972955
2876166178317694462
-6086130526584570393
5197569118125210606
-6108873907046580590
3864885226251061187
3237304555947118954
2337430545720206437
-3766866607336666440
-2445356305252045235
-8226909761850586533
1196219193766085899
-8292972565772390879
3110524265435057144
9100895770459256553
-552093810788881486
-8912434813790799004
1620247280134754299
4201148115875583347
-6447871361792383766
-2378273155948948199
9129794337812942107
2696871842276219389
8433266060224581087
-1891283966390776460
-2821689118183885983
8778697588316580872
800366835929937899
622200870407113159
7076797791985417713
1003636832675904461
263460539356335238
-4041467829746762195
-2603236777195222821
-6989445091818107961
1430166973885002566
9002315991291546306
1817407773797962860
-3809761641924974177
3863618120902539328
-4048008060462209132
-2570475419422478768
6672652611457922903
5587700385089624666
-3772910515738278284
-2902740159432931744
3649121391918976620
-5772409284356233651
-4672315023893931726
-376235597959032260
6997939324007820029
239215071457293717
5366182432571510825
-339128175813185059
-30535149208456267
-5588277457588373169
-5957219058099331367
4470108676211432667
-5330014996594438754
8037883462470936303
-1479377213412189056
7900176135509397980
-6817392102842643896
-4238929727034027922
1178521803617472387
4332356982326606602
6303528789096323991
-933844902812133533
-7948291358456774514
4165491102090617877
6781307736465110394
-199538450987174785
8932520603269638207
-8380965703627815113
-1840780283510717659
5210880254468303133
-4696302400010473769
-850494594535205302
-7279584398653161481
3238292176443966059
1921887003473817589
-7553128891980829356
3255647137405915160
4006420199199794423
-2724678109242689975
3125505694229772667
-2903901837071113863
8668291161922536804
6445970041566642604
-3824740009348305916
277027462220722395
1296847734747755153
8410088077825547927
3264869598733388439
1307207249616921519
-1185231293260552369
5641418974180757385
8946231993854469037
4753972288530759941
829086118174223258
1838211599895554775
6362528591769525622
6886264178619662722
-1265339728323604111
1598885120114685584
578573986956237785
-8363004407371501695
3803235984589587677
-8391259927292025744
-6023136564860635206
-1596929871844399289
5114197139525396221
465001665502488752
954724131307180488
6233304401479988802
5850718891281723513
1489738726144363014
-4007439771098499687
769640631364471536
-8458107228214030169
751025428033192066
-7633791277194390774
3100408834306856372
7267630943276394716
1683474605732005062
-7674264782602129319
719469120005903312
5646556970674873558
2845572553549361172
-1906362675687460371
2020666096718190088
-1094560823766068003
-8578814829965377050
4233886905059462858
-1387092266707822941
9163066433127011245
2124946568954056715
-653935676681051646
-1828944434927211772
-4972990517359977209
-6277320374947951944
481599295752256549
-3149093882698556469
-3117957827460241786
-1786899183502083343
7605059507912644807
898807379488218715
5328236882865992658
-5538336276565372158
-1878539658892269093
2152967900733105251
2747384218227053270
6803080527863899157
1677531403131880629
6271495973580356893
-2380466991342924307
6365438824634721184
-306304089917580643
-5240143861197718136
-1704166870511097446
-1220365549704276819
2839548881999601968
-7269870571155605909
-9020829549802891006
8058553869841315700
1430074009598232908
-6460676129462078002
-385399351005228604
4400962626756664827
3081905971928887310
2798709912577148856
11677985709524779
1318813173466830998
-4168858676295716424
1075227067612645067
7899430181112739058
-3503757234380348522
-5253839800891069624
-4320451738822159376
2014914175903416647
4166707372660471274
-7800846044645667187
-7840731403312876845
-6633487186815846004
6352412488545569111
1856947467552502600
-7163101662045211340
-6247730093531563896
6644613336736888106
5873978169564315467
-228818862391908602
-8497735082339505812
-1020433357950739606
-892458304920367743
670598759613868950
-7643847101239823915
-6046451886991562049
-540972466234857950
6844132982170916065
-579267810851113848
5287509175407959049
-8779581302407194073
5888793943772911779
7778974104499123076
-5224303181788221566
2109310620999303839
8182723406981481053
-2380639856777942798
2112254045364519839
-5177586670355312266
-5396982902790897728
4570859982544257288
3921590566338061040
-1358169387691801647
1564652994711616597
-6567637732932656348
-2353406369719263514
-8752157745438644203
-6452132175249728069
4818942320455395933
-4181751813829658770
-3360974525617701347
-3418320301656455505
-8947043237476571142
-2230269979840488002
269411078629258618
-1805098049331459428
-5524660236650998169
4949873498117408899
-5062344293832821034
8665249225559318628
-1730906478560198613
-6975800035264813617
-6282119381425794806
-3659988988188781995
-3780217856211115954
-5659611775991796117
653346425781944218
2382587110451824370
-7548214460132768045
-2605184230463536896
6175690224613326827
-4175020717263827058
2115061012873387710
-6129214844286313975
3309656600093295302
5132116581071650214
-525590571106020988
-3553936871819771967
-6239573947272035864
-6048515075648557438
4700787557426954997
-5186994760665551286
5306160666260197836
-3633848155672227788
-5247458343406965673
8242599014494491849
748337615933499687
-1889047760802554236
4874803082775428203
1502948867510473533
-8276178896510547099
-2247359222239259485
6731087476159792022
3203266514735560784
-4571704968073487679
-7093213279448933565
6352505362892664302
6639266442231955807
3175210065424056207
-5008193301519407893
5325439724206653705
5966332558981983641
-7705938197658502622
6539828879856187711
-3790778090812600009
4513117164016712882
-3075334897221411432
9740231220091994
-8763376208405392983
-8096532908798739131
-4694792150730085249
2847013604164186696
4532720234913420793
-477743137302240706
1158376849301841375
-7012334797698189322
-7996427955825006880
2755276577099547813
6716452190658595614
2024480019587822723
-3583294221030808864
5750376615758955547
1439355309374546965
8741877021762893685
8886648726145185879
-643757142163177609
-9027556537776671748
-9059287092386446867
-6371416670289052677
2774328865781770083
-857734968333476704
6353588402878501279
-8002880406419863193
8698233137923515344
8452519434025779807
-2049458591122226322
-8670761045544485522
7309230292167329029
-3532037271721092382
-4129273753061417615
4350559137805047271
-7407704532242682953
-3456133548590459940
8300171989920736471
7354260454197756587
8484921359737073507
5838535747578777188
-3132112412394603681
-3218350311697499439
-4045934261099372362
7799535161742428315
-4923173580791645336
4011879801714727415
3697852697229316350
-6899405280212674199
-751574773704794246
-1123228929868581159
-1256668430751310753
684255009851911265
-6822911961096898698
4894230535469400158
3541950657463404209
3804540110761828518
-1538491399631614777
1696429299915459153
-2642762962433825988
-6137530109436873605
8032427261185251884
6149050964304256941
-197289877885064062
-3383382435220654579
7661282807445939519
2291548447841107803
-2106782737668652720
1597332992735201217
8366126347593332130
4874403330127935985
3171762395655518712
-5087578316990091515
-406695645806404956
-8185399537434216130
7985879796556892653
8926448802140565429
1258207881089711377
-9108566037938823628
-5235103896654715359
-4152427606051175378
3893473745389582472
2967612713403843367
9135688578177023412
1199822977295394580
3659396599939201422
-5553202227675605815
-2753843281142186212
-2895019911648388376
770421273456281605
7930275882633631689
2396994498978356738
-8206868816636096305
4462784782954293110
8303735603132634187
-4688077042356934189
-4504357852398939532
8171349560883063497
2190631414946766865
-6269229217557817543
-3222612944463934481
-3246412984931585110
-6103822152736911397
-837340713253584010
6057129563643012722
503962576352842401
9004606565395223995
-4368583105077776782
-1691888707271322445
4635989193981332889
-9206895454750016768
346950213268512130
8197717205158203799
6533441041834428830
4743596185324104930
-168263393051689939
-4988868895970639908
-8291732173227140643
2224206510292777736
-7954730467816244809
4469944179368548118
2667745628778335963
-2199648016014253264
6931924881040569225
-6489365091753830292
3721118902985305902
4324660211722015077
2107139043424820328
-8713817143130602570
-3710173902237415304
8410313016203971521
4632394958011031339
2554267552741973217
-5231034512906396593
-3418591933996994070
8813751360976347889
-2629062038522775188
-5453425254850132715
6119561635405703043
6350890406114388564
-3667600833286179034
-7949634892663383071
-9125830470789291954
-7713510867338787229
-2867661772880747599
452966847967315236
-1375281132527042370
2905333442441121
4375258723313436131
6432796605407191331
3802277264754599792
-7995543439201418936
-3777517677999889549
4399958199803788845
8917976936884094999
-916898041849860160
-2829474809244335137
4065284710252319159
543232224847212401
198559863922404784
-8501202728112223814
-7388910280793118376
6736442836810823401
-613886382314522951
-44073858862297549
-7432771813112061220
-4476487611840160262
5289242477843101402
-240557321715713918
-3220986415536818029
7523317688448039360
-416431738846897040
-265520686202752996
7208883769031269924
-6333995155891062678
5767017004395281563
8737420422195439698
4457879564108968076
6287219136106470816
1244244796989468900
8446672934132988656
6434105515091004871
2462230363144423166
777456400442170341
-5684061718148974438
665741050989404
8107227307377637842
3056657598890726148
-346644990175425979
5987838696447346097
6704437776782183745
7588690445176719086
13722170935228764
8757859436702128527
-6698502438868263596
-3024972716813236598
-1827897646720088859
-3799009173905783953
-1771075846087338211
589702678496647298
4717839378190877981
-998506040576362217
-2594279658148683702
-2621543387023155397
-6086981740634764801
-8143779381512796668
7452240558579633774
8275737278898900129
-7906025212226974305
8232765306161213775
3714907881473213365
707100259174520045
633409276665145069
-3151725760690448200
-8007060220200741801
-7385713501611722678
8989153239958335522
5550804214058880074
2230887944466727654
4953623845736155920
7296568169916770982
-3962139871240582548
-747851388392578545
8689059721500407302
-1276024967538017356
1880095733678705306
-5759522880087335982
-7901026287627436198
4797203650674076610
-608806346028893720
-8269737791554651102
8752538874548689952
-540746749069452676
2709810735025351353
-202925761857107439
8766527432990907544
-4065029842907565880
2988505050794779202
-117748733127073787
6634958295142633401
-4994649720260710626
5053115939173394740
3256706294664264215
2589109980214011336
6815582136297584857
-5884299428170364014
-4966557957469489834
-1284608601597049436
-202541069543552911
-6830937651924775915
3657508104568996780
-59149107647992083
6279910258167623689
6793066394187884717
8113678073011595368
-3739703789406839860
7850982922261510727
8566919300436995828
1335938306040137060
-7014455710551423913
2079887113081515820
-1890578726503139389
-4136245888325447700
6837986531822842924
-6998622800928332667
4195367517249812058
-740683075488038748
5209236045729686411
4989339927472876928
4040454038002884749
7317677195021501928
7499555215462110432
7967654262253962663
-730011274043731152
8215450317587165815
7370797124272650476
-6635682544931858374
-1763342829789187681
5276670479482291956
8774310453272768775
-4071382559641374096
-8490773676469757040
3997218533893509914
-2951448593692198674
-654604008529363971
-7612511056838913841
1098274753256301959
6310981594074165941
1117018497486352685
8503452636338517460
-6386490629854935465
-3037549728983398521
9101533246531455457
-6319406818435248061
-7948477551044009424
-1191635069712780191
-3291830308212414091
5102195320243281610
8500735939314823989
4863742036682670283
3700083489870355309
1334115345444913155
5179035458098366054
2442106892509668399
-7733031249220498081
2290803581382128412
-1094456834349177992
-4663320043703093326
2130729593979573992
5868962728709267403
3178664349811361566
-6966455034214971403
3911666693196947426
-8956808974288716928
4485669419685361533
-9163825100487011220
6470168340635000575
-8995253452396044814
9053410552214668465
-4319863354298079609
-3255051303140440026
3292692252424638513
-2960091198668948544
1422621901373992813
-2198605710223782999
-1392722251664132364
-6883878773213335018
2780098198868999036
-4293184494335643296
-5201796401582392842
7291993494093571621
6403486770537352215
7049152635971020087
-8787898939680059241
-3044591406357757926
618361481705590171
6750228938324295931
-811892392806810883
3536169877537191964
2849882359731660179
-4927107336766854841
-5653299745885756173
-3760000736835295092
2586105171116808739
-5427005436324114998
-6317714228898352523
5459815978215749564
8825068113801660623
1590216825752305089
7866300664634444226
5528320333386970182
4185685163273840902
3339101364083291683
-6048160855037284169
-468847806576226177
-8430352962345085340
-6043390644418600430
5480214289657840424
680310387073857195
1661837851270281392
-5611739520827397798
3164558197014524382
-6901162599734789090
-557006264556430785
6227155442081404097
-5234487594186380741
5401294385595826404
4141436125570997627
626699419582242712
-5971591989094795029
-8397851836056509470
2227415678312248603
3305126126338042905
5221056579017828623
8198498007384039022
1148764020258270023
-8845384983438825300
3978644493823009664
8518319929264295279
3002230701594101013
-2642410175671835926
7931919881362257781
4838828055051638840
3720097021013879447
8850665287852651312
-3780008287035535150
5456278095171074182
4144819577989930495
4505286613418551572
-5708704551191710882
1406169329418040375
-2120292822359013199
-841049282459746361
-8820362018227766384
7315564575574713799
-4560198976702366058
7200938809499826361
3011981646254038471
-1525590335644563442
850406063032505718
-8108412497308441512
-4147906213475694096
-4911866716852150964
3484065093416926261
6661280066790827084
2546203236706683951
8170956356312928066
-6833109619985804482
-6723899613643736405
-1722537879257205371
540087084681536128
8536316372134072369
-664371038497373380
-4814117383976322163
1801166461730919431
-2294251652513184153
4576640537403939336
6424949396142287751
-8941820874362560576
5942267657294205425
1337526050162885923
-7290115613178621974
-240419454434441231
7943154627410754053
-4337634150746544080
7579069321260243630
956697848919361518
5614818781205317179
-1154848974169409722
-4816364283086870677
-6446926212630054342
-6690862149987823275
5862397506522014769
1973900319292979870
8636504793757052036
-8270544797499908544
-5371771843563339966
8823219937385500572
1642384695394448533
-8966172462705014260
-8494231986384226208
-2534750205994706985
-6693722482848118190
-2347620573134464120
4031695126919252678
2248755066790289456
1972957851981624416
4647860763198717556
-5222842639740538882
-1928553785148010935
-8510980865053095035
-2523367866798533472
-5779835356979413021
-1124511535904197559
8758886019557053687
-2847155397478123997
9044506128452241936
4833720802285133367
-402000341574783663
-768284939225404636
5790024275069512329
3232469516372556388
-7771163213376213095
5532805103760514043
-2065955701104033798
5310089466174824463
7063917103693042042
-295713132484183063
8986921382818624854
4788066675449866388
-9205560010094221266
4631964642628004869
7996507478737333895
1206972139309422339
-8963676264231940533
5853926964508866158
-357009064618668594
-6801116053073211080
-30374165983760145
-6710080537228350003
-8834751862563634476
-7344513255655203561
-4732877994018564171
-6503969817812215319
8372354799281031966
-2549724344946067913
8429185290534305773
-2776010077080988228
-6830412935265533822
-1522735341120900720
7114993863479154708
-4684497001413196449
2829182230199542757
422464306803871957
2976421954547025696
-8636714915790881593
-6879874204575554505
3857001499340673632
-4953654463262786823
6007995561315849834
1958841759467270613
6891007967578812874
258044151373601397
1402835498250696304
-2309901839006425665
-987741688537547360
7509299004890553621
-4077406261247070383
1935025926434305767
-1918054392682477118
-5369304764345912375
-8483113642607425210
6235954441092676543
-5596920902134377315
-8811003086422532495
-8543044844457898058
-5911501321168408925
2005349737744426115
6059719778386061009
8179933814020654601
-2641858070848872737
5413080077934830179
6545196953731048694
4233355097601621063
4062591143530498235
8818781623712012700
-4420526763682120699
4409273079699957341
-7359189542355919639
-8660663416352993398
4222043802244426593
-1299562979707002821
1152372507289243495
5504561446222536070
-4591037377498623074
1881464463328889090
2559327983477010076
-6265835045738282500
4151175489540699639
6329902664597834876
2068961984731745407
-7889795160249044446
-358438401174555695
1850301885539844399
2735139387148070154
-4262799309924736011
8455412182958355321
4330842985203475932
3653214145974674037
9183390418400732990
-7444053856830002494
-877595832463108460
-6462358284361473155
2932690981714842006
6374734179968019343
-3736831743669106857
-9199551704413088347
6504503011016920627
-8321968166421789567
2969002485191264647
2288241300385476741
4775383554411905191
-442430300284653509
-6238374550704641958
1215681513157330425
4637604086431036386
1323848840535745907
5554655575672548567
4157287681506607256
8532255470345471899
-933000756395799
-3341211141601910497
-6146193738882885757
-5958584281360709488
-9092739621887891622
1067847753503860913
1336394513979247296
5454160487263080095
7030982527742224512
5108323526333256175
2235724695362230972
2101397482126514601
9058952479940004234
6937762645877847109
-8916075937982181411
-1226892852233511678
-60755647852978452
6456682239238782918
4583108680712716433
6406315434265682015
5782924810544630770
-7180782663281711326
-5453444583023008219
6870519658901666580
-113065895887965205
4800780370510558069
8597377076216983422
4164190703118995974
5154739285947057761
-7234569818396767284
1976279742015420652
-2797439004717155292
-8104936283197918786
1184469518437006052
-3107623656576519340
7611880627487453685
4048813744724567887
4935542840728934286
-4407199805757117636
5236529584797876145
3166457588645181249
-8621918855722047369
6567528945931653701
2780352828141389207
6297560856915302479
-5647801408091566743
7249588293857817291
4287714129124470796
1551022822190269179
-3878246245009004665
7208746561196905792
-7595195193148050173
-1075499633291584442
445258545516430499
882800921096700089
-3997621204108927004
-1727295106935204196
-6346397880420595365
1253816225351896945
8372170631012833496
-2012119611336005556
-7188041356145754291
2592750729819570543
-6041428069955861224
4553449973481649849
7854755529502733032
8114170510682049814
2764888728989407532
-8981098076540802887
1208707661637440087
-586606811082626097
7044722996227925840
-3051080791581909517
1755695422887237829
-4647926574554527091
-5512646385981299065
764594621501212817
-5880135543311944933
-121944210818953775
-1812621044141943326
1109928621780965304
-1797534090202471681
-7750275460616505777
-3136333560464623579
9039717049441554763
-2339075684797949098
6391898010607208029
-477946336046095557
7534532725845805116
8704538558307121830
-2222686515871142364
-8087422241012575272
-2764584359192650742
4720761107158453767
-496976261248203884
4182613149055292520
-3167494835307564371
3173037019146587950
-65518409286146799
7654317725553312559
-4162001486961600663
-7563570489310971128
-3951817479698831592
6468617181820288031
1985298927168341687
-6941386329890329113
3443671148503182372
-151047363379713152
8306432225165446792
-1798144193300088645
7361809452690464525
3090109201598507799
-1425035348493147568
8028190932328353350
-2280788063233816822
-4433245738239365186
8682873179410677688
3241616908051810091
882498530033706685
-5168178601806843108
7992001204859335367
5928026717356288712
-7606665057633378712
-5848167918118672808
1330634190644367987
-507690417825482469
-3694608744744330989
3304738138821249897
3765089764500920429
3276216621992051008
2990609284649001864
-630561063029927673
-5554449075471883626
-3636568961771933373
-1266549316068912546
560346085696224431
-437363549870138113
5101317195168912427
3019179717630961311
-7584158872848740490
6646169302198849865
2424991170613174394
9133733537632295097
-3784004797731854309
-4325036913357134532
7802496613251982523
1976654040345503486
-2902636498117336087
-2502680481950846442
-5212264294642257213
-7861054704715822323
3365995783827536983
-8945151212535063569
4683994165113734703
8818428030258176695
1689362434075623581
-7333813658407139689
630967679563967603
1345939663421559118
3541021974038190265
-5954283016241915250
-400108355596510789
5835540726748953361
-8531321692108845622
-4118583710676546978
4524352846274220596
1846402692270470123
3414538218405100692
-6439848466797198385
9035435131345745257
8206194693507472463
-6135417944524145833
8084670231589235164
2890572698982945085
4269916958235729478
-2104184028830804401
-6621664739064728159
-6452621715678644574
9062172978617470947
1415814377967976134
8325853063937886357
-8376489825090348907
-7321121662691411630
1574913034714393856
-747800334508138482
667083292674455198
-1563881089530070473
1097729301261473398
2365475283673850190
5602100446590688408
9207525787668502935
2458296122130286766
1126046695607810957
2030941632376815854
4490013534449371496
-3921628610707355815
-8338143599943799183
7219580498986214734
7315113242551331892
4368923304673341561
5115491620061343223
-428184948764979442
-1856416086681535532
7708670301682709526
8178520494564854899
-979768301459485089
-428901728924198698
-6768987752733634977
-6186886557764947033
1575930837547015875
-8838124467512558448
7621127570956135955
-3023934135570129634
-121133447372876755
9118834247681031397
-4734859430658664788
-4039776616315964562
-5723207205378192140
7039997947168392297
6912832604345485795
-4610905994379716558
-8112111518594245725
-463882776714847558
9184265731165758723
-8083370213926362464
2745249454978785844
-2124088328703405206
-2841731157738249775
-5090930656501181529
2579643919447343528
5620329216531815423
-8130708871418815221
2405993687314021925
1345719425033625481
1607665203770905174
6010992091517306568
3959225039972743784
3050346317520628843
4767637322156435583
-8505354775641607679
-2459088123478903335
-7205320291418917824
768972882862990013
8413042689531631567
-5943906275873662355
9196474686146829182
-8293820176973611804
-2657040626248043822
7583654220567244685
-4472756456828644570
-6039252408637426411
-2681405067563547184
-4470641092220794523
-4740119605436996908
7561060306482081184
-5534058831222746977
5181480072187326399
4403164562159740344
-8474793065355455351
-7753839725657635369
7090322455380477561
8045082548473117988
-708611807095996491
-4333113248526887141
7866308140311180265
-1693971367456976464
1351575355730517486
-1473133878343663318
983104596267028756
6429457495953840657
-5701597452183986780
4263102123266849612
4746662472665208356
3645334476836431631
-2167898307872405070
7630546126918297954
-970510819917873514
-6312045408429767545
-7522620242903392176
-1165526837865598509
-1768902896601454145
-6364121996888031521
-701888157750625166
8234976085581463903
3048181738579304821
7006192785890835892
4202657485381111579
5004162686388254896
-332217264400759888
8802161512972545643
-7493078330126154735
5775129051322916572
5502409300690986882
2630534001103612064
5463182880527580124
-165225753907339205
-1563968767003355737
-5260807716831025523
7016516645739504040
2203320874307282719
302863239214472451
895577972712614366
-4903621270800376101
-7576944615161155961
7374212252435377436
-3399617828595382108
5615106490231824801
4065433661568616216
-3029219083531745848
-379185856531261778
-2622942459408301783
-2506968178893672169
-9195749023724822133
-6653920728747881706
7424264876217272608
1369727540177282124
-1983811408807366691
-8376010647436140973
-3063898902446876247
-3258346419437432278
6246840784594014895
-1503341711220088579
838595408632408724
-6835399505442286860
1683595215292933474
-6521447352324765605
1946699648851626719
-7733662425147531395
1191696669686599037
-8180457442912744549
-3368910780890114259
3589932663137854465
-8547007124222381154
-3598777433131109456
2031571492219116927
-4869746523099828138
-1106522539267919035
4733432239783950231
35344432195611823
4786414108085484504
-1127857978754263491
2172832882468161719
-4539213757252701271
-364607127289622726
7206276616981895690
-6878431552355156164
-7770608598986791282
2667072450655907479
1974636236120407553
-7486767437222735089
4031066596619217975
-5985247542678451424
5481412305173424803
3370300786663931060
1573927864132140086
2629914614361426976
2532158702876254252
5021762489868296497
-1186593590266444014
3463270883809662370
-2806144759226999377
-1638899903917212432
-8249340918156431048
7979838501065246421
-94368159126857359
-776868035750490688
-8873034963805813387
1332386149353148656
1266056629836379689
-6016278612041731005
606317118043306980
3222571541334438112
1341532403456000496
3119469709473072906
-399799985853732408
-3395154855732604392
76843947934151052
5539297121915113440
-2780625012914239265
-716933443961040498
-7786727171684784282
8851312397235087359
-4325146343869226621
-228302632941348843
5763271141822713540
817976760548791349
-4231837337937755226
-4361150012783689126
155880346852110300
-7585151078366075146
-3445490086856722552
6646452439329116638
1372961664871598577
199224803671806040
7694365452441008423
-3488150501558752880
1028992427420520297
1977881428873354624
-535559105827254830
-3041474983832928447
2334062128335784402
-1288410265460782634
-4045087665281131796
-4094420342731663684
5544874008766785450
3505437167447885024
-581836823675898331
-3070555387025117221
-3757920794656876326
8467478772497543660
-1926398484099735197
4902649551506299128
7644728036177722274
265376861231050074
-178048182423357302
-8735259081374965926
5831030856781365501
2396177854498764853
7451315674900932175
5744221870461943268
5369368204856063671
8464577512084927343
3912389793592826851
-8912662485837034525
-3456718754533216439
3125141685642771514
310812173670149757
-6864498037732758597
4878639554126947751
-6188756019838062973
834717542374773085
2250414783238146935
1708445555265953135
6913817968343901488
-300794217155132751
-1432748819288341860
7650650254196177443
2818644673908974465
2775891731078382355
7115693365504305695
-7964048153569713610
2757130972532060880
2906872240063771464
2470667981346141131
7212739849924643753
-1013197670520188284
4544288541302950229
-8445967278551486433
-3220113163776943331
182702908452563917
5557655434375352660
6757952880557933167
-6329279643762365431
-2790902190068530040
-1831626913965448515
3037672517185233660
-7814902203222638446
-610599045514440385
8344443476360499635
-82461428695283395
1786091403292022334
4844424243844420893
7508335537431064920
4857913505276606884
3477702965102267072
9153683075821495485
1876328608260267474
-5901116398716655312
7787937905069644397
7784536530200623888
9216674665036082842
-23856109214374800
-3229497001519980368
-5976317844204972206
-595298408060652807
6640453042749937793
-3663405487836535402
-1554371699798912839
-8313010515244354361
832518325644549311
467031483031213576
1741602529892149252
-3172383239664095333
8711227002699440252
-675311934562238690
8315718067512183948
2297189120726324771
3102997021243035576
4840975830547463958
-2527994120525505668
-3626602282046644468
-4704073092429444199
7429921967923507392
7141066375867619386
-7263283711373939767
4622498932492666321
2837507452556994711
4464821918245706235
4689258626059130915
4649620937019587178
-576613255524424681
2727654219333805738
8429277887309808253
-3112712884823727392
1951595036384126696
-8923016331551395092
2456614414830673584
8228384358456093418
2521765055650083445
1018359933806046934
2117564369854906443
-2350529003736399847
-3969327115224206070
-7947535705206836977
8315083716172716777
-446166297879184983
-778432894791992601
-4162406647935257604
-436991217467048188
4154349963226896430
5047912968931659430
7291026760195437397
1472122717212509711
-5575582431752421770
-5344974385460210439
-6693556404846412597
-1283259031073886549
1510579587370276133
-8095891574945881628
9204900493195988094
6955680216891409194
2004895630653038445
-6135678829161346593
7489078271383672715
-1766382623308864538
-3853553320676368432
-958094253599497258
5455666536911148347
-8165074101297843167
883899388916545544
2811259522460391215
7161630172746555156
990197092283202238
3702387163127803769
7430898138107560453
2284342218099016020
-5060593728639818726
2316572620326702928
5309940900261391452
147608787021153048
5839620154957562802
7065604821098396795
-4086757100893384147
-2884399044285902296
-2484233731101291606
4006705485550265490
128148997581573378
297879698138795236
-6869402064069184720
-7099361516152633893
-1318244161618966888
4552000807874173421
9185145664858717843
-7102460009366701552
6739030570133309554
-3850429636042348001
-75878508587696568
-6949970505120475689
199032801903245636
-1867780820410258511
-7306208324385035109
1306935740202380184
-5673973490981494105
-1500083709852307014
-6924765823907517394
-7723720428263573362
3266329511347375716
-344429146967963604
-8255397620409197849
-2136108588451916326
4723202026418427699
6893618343993815979
3011524132036607283
4466379314856868990
4485892127406275391
-7323417365371464414
3057466158391259595
5621152146719117285
6561628575576807290
5180860517914679436
-8442692450963548883
5616966028418434535
5304894055181853631
9132805616965043843
2965232924707550380
4012543371290286861
2601108113710534020
-4816699234274570410
1128356581540983648
1953204786953820131
1013653788058520072
7820594299326218928
-4650309628319326848
4042392190361193180
-5659309645770429902
7585510152919968613
1808457137134939751
8770200724379480574
2929363956362586676
-7364911452555600248
-4700632092152951752
-9063263686075893909
-7335093879253921060
4698754004265713668
6855269243088071370
2804206111508788897
-4358097304813432153
-7478105148152555963
-6107366983378026637
304419752745797807
-8168104119032002516
2530816166103004976
4223916896541322753
407781761337205895
-3325309162743148703
-8128084955455968757
8410486146453189993
2333721700469342565
-5057497500886590290
7693897017076394425
-8876177828396831128
7025029787358632965
7719727167450350848
7739354864387922372
2517540555002066790
-953689563448412946
-790236227279805055
-8923231343209117437
4789158026161040861
3655679759681122927
-7899167877927929254
-954077362798927256
513656025253265293
2526548960481438173
-1220056811079668195
-3234934999256776339
-1077436938969489997
-1512046141573871559
8514783800916619824
4448466885041371721
-1575612127827948300
-2911299250510043889
4359432447523428671
4581395278896579239
-700918283478448575
750579501332014156
6954029583831839234
5691895051336684842
-4033395652448693485
-8163580752277715831
1688331731926398700
3049541837840694284
5253984235688805796
7602352216878737446
6496430481989426338
1669164834773296908
-4536584703106868994
-2003471220792558303
-9209001312686926791
7334372548447072733
-2676865725602958080
-5456536797139462884
-3647879208095168225
8088125697251878589
192841996835231364
5524540983668205828
8460364935584267514
1114022093396844400
8378173724916854657
-3730891075050854349
-8207676264387246189
681512737115092130
9044937390193699903
3097557186421889548
-5484206393668866405
-1181968737859829439
5321401265072169761
1088300619253744914
8234359420203084626
6607394222248224615
6243060931169485300
-6375733935404801307
3451463216742309125
5856504752460740308
-1228015822869330512
8113183965031096141
-4177505352737634053
6774811372523510755
-5874622873566858886
4106660581124060523
-8194120367313040806
-2810388575246628270
-6768289850785402525
8000059608176507959
-2196013590511376421
9158685661290224021
559418217197649306
1074094522876365950
-5597704916103895056
5399199424447791658
7101840326172220763
7178795921483987275
-8998830829075288758
5653188813024534704
7007316467852844140
-2023257013339377898
-6051711420933562793
5322728113076018353
184381462383831871
3085546193455172748
-8293282277552059703
1517828946077342935
8088531902817660055
-2316201728290757383
5295006799260828864
-1957883196955206033
345979660593723959
4415764459912477973
5573121886032385835
1368519531263160291
-6214065341410208326
-1675383420112187232
7780830344898239770
-2779456290021457881
-4036782394822990438
2737848333311915805
5190299156316701287
-8684573199829831587
8937558274146467454
6196541328482729653
134798904884725487
2990400962806671774
2976142356470364792
-1977328108594119433
-3472115905664712512
-6605833970185220097
2132169621270172210
-5989864826503282401
-7530154819694377772
-2228760742316445892
8607600270969496792
-8731228120531903866
2376887728473486971
5183169070913933588
4725435682511675286
-7691442462198299856
-1836432989927433644
-6485535953068489051
-4899465960796024943
-8209014113725943851
-5934893399999880920
-7051968049703896318
-3770733507872349286
5780375547438378690
7278549157094071977
-1610364631044973927
8418928819858716665
1309961815002546650
5161869970270388057
-4232642321297771829
5313182125070370939
55454669425354869
-3076176741690745762
-8388948072464174555
5347143002149254017
-9152201589558533144
-2763291477147745761
9135919704697142041
-6297676461198997580
7515713050472970244
2096666550750819667
31926903210661219
-4788582302772016288
-4634385745556647843
-8056747572861477108
3627512425567312923
-5482891130686024328
-7849198381006042743
-8546608905681508130
-1583639784115003478
1227343144728832412
1582558630364495401
-7040867312593631494
-5552650984011965340
8505038152434718012
3782424059310055371
-3877342780183255642
5320726264981526615
7020903485023498947
8538368223542460740
-3756810937184305736
-5314942004146704415
-4990389190034809785
-3321906440016002932
-6918245967245241611
1198564336567032497
-8083618418498362893
-6496999868997818869
-779694960884981293
4313055461009018675
-4976057168097872163
3584740809681968614
2357177860835664410
8343353076521268828
-1874646395956951646
6885721047561865067
3951434817951552040
8499385750786467368
-904291013781699156
1204026759487120265
2213289502250639821
-2206027777820052987
-60372958368607252
3184926817601307717
-4946537415566965822
-9087751940270018114
-8049281296316035597
7991827353886880169
-749729129019515122
-688137613652287619
5095030744878228015
-2592130941256082412
8140816518186885336
9118157040294658683
8116665355215050550
-94047346093168989
-8154283554144433563
-2014045616085289318
-682899702190172382
-6894636059867725103
-3296647270665375270
8265019868785950334
5156985711007425024
467849817764525001
-6734814657412764892
4274141461285553818
6147155619319054354
-4258654234962463024
1521696620193835054
176163351216021181
7969598993923396790
7521764514077406902
-2412133382949492938
-5722554129954353587
-1071647349802404319
-3695427720044476468
1211309821838986949
5680134073350399678
8733569974085615120
1114059549229773177
-8470131331797024239
6728802064793224111
7475141815329332756
-7427409961881304173
-3836948556202056548
-6988529896705968011
-5549079522752082771
6022463203770088816
545665389831665087
1471032208167423234
-3235447076148193540
9111126227679366806
1794490324379968052
1646030894237396717
-6718329313858319996
6643721044866767380
5488738851483578347
-3054529535133069641
-2217131944976337445
7536739153120428567
-1267406766630722715
-2389935860655662191
-7126184429037223491
-6672115766284164738
5112693540156771385
-8682259266641638118
-194236993412893039
-8216862374619142971
655641662680487898
5851351605563583545
7313031778901322012
6990525588254205929
-5949325981902882891
6304421496320205559
3548327616558039550
7155835569556987998
-7844589093183133228
8707763124276025302
-2085606735988775130
3800049968170322785
7701609002651495665
-2332468834702113719
5100918748874806781
3492133676794757854
-5584875313947129823
-4802249495356658504
-5845725927337396527
7624522661790866347
-6868801860918173277
-8298966007294465269
5651254200976034388
4921228434046224756
-8649437313609274993
-4395539926412761800
6808816225099893574
2132243140048637032
-5500963066967858915
7469195459542506212
-2426545278969650308
-400260267944371886
9119140594922049832
4128704851604106164
2046303581746189582
-330493605709782802
8542797573418948919
7615544524915623294
-6290599550375111667
2399384660263674472
8867832044672617319
-6217497242055693991
9059880926139719526
-3306150148875644337
8712363144781124730
450867784567330722
-1924094781463480887
7367822529287947107
-6392787907028947887
3452089682443155409
-8840997804459628781
-5860584551355450279
1050565860179725809
7135409013279795758
1677202595971406526
7862027952105841732
-7205238209425140498
-4631467921078603787
7508947748595353495
-7923431539591478872
6951845663848501577
-4404962394735583780
666703341422928531
4927130581283093921
-5620433386674406883
-8326634433972001432
8212970301663807931
-7357536107479167025
-7320533840822628942
3903057510147392798
3217578554732531320
6881632597404563512
-384586306601942812
3886764729821927829
-1392781022033020058
-3736239151983624942
-3800914284039543294
-8133927530322923587
6240265061432865819
7938722646581484974
2617575160598119361
640489847237167836
-7784029594648407172
2229031769486595790
8875067430239841183
-1690685326165079053
-1598715264811949372
-1207657791846660400
8525813155132646806
2189736599097338859
-1410413592810891196
-5946233136360181808
-980742031068499327
-7726402414290210361
-989437355383944548
5601416751708296154
6115052690130530254
2487848640322054592
-3304816892974436033
-3535424144787485199
-2159522194593758332
103784853770046943
-6217483355786328074
-9215388468768586729
4315052179566495773
9060900023221704483
5832643596234177895
4262964691143399876
1699352103038313061
5793028675548298539
-4472661800897485447
6678551028553514778
4446385385511018754
-1883696958867455865
9188222287034457054
-6971705694512968711
8505238613828728156
-6221466700262783475
8383394829418809654
-1990940950827968374
4475974967329161934
8410607491624876532
2498081510060949055
441189600623001239
1279294039347036296
-4303559615814405883
648586097897462456
618300172877390687
1270147603228038968
2929968873718617562
-9010473043109432187
7637152425544046371
-206279221305849078
-4219659412978470718
3947047895508283779
682877827155142560
-7973225950148054047
-9086382245909014260
1733864291029910058
-7314044078175963964
-7684531906115096450
-130716806670542992
-6562937881612209750
3558946356279554705
-5592946004160132533
-4407105448053135428
1737584759908416572
-3183958806519252645
-754067390743661880
4401701077101064830
8688901657528465480
-5400067686002994171
566830734261187743
-8398471654928737129
3286958388068385446
4944716315427061358
-5495884142791757328
-436782178715117628
3786787108442527497
3378696411901815531
-6019994213980874886
1545237063379351836
7905322813333931315
-8570130078051393872
1026926776101808692
6033714961198783686
-4662622253191009674
2043749007080815640
5921978997514680214
-3291282851320094449
-2000118414551345222
-8331746642422552422
-944362564094048508
-5641650586919392046
2042794232119685824
538349250713536330
-8084679213490626261
451484953476689026
-4579907539009240949
9011515367973566237
-2034635596274873164
-2511353614685103900
1615913586420961748
-9119893119413065430
-6339231643586329065
6345091545197380306
29213937898013157
2387519435568664081
5505638490378391198
4070200580181310611
9121150442596063288
-7094936545851809252
-5742178868217529885
-5708470361512032133
6079357110779864829
-5836091203921153365
-1857871516670893583
-3555718348092106208
-4305415873743106410
3502043287225793735
-144194427625585602
8052493762712167670
3829873587746974415
-7056953118477635459
8595134222882497167
-2586049683462234005
4652645041510884950
7255931020094828717
3884802972615045147
-2661228058917502601
-4492266312836417194
-6675063963997199278
6757377356467748219
-4229380269861190961
8784861788975434855
-6996568910141636749
-4641633629618154073
-2591677783426921596
6099456060104571818
-2580103698124808877
-7667647654979741868
4295181238979842665
2556812679683908883
5268173241190285040
5700757392212170232
3787985397397100519
7029895660365422230
4393742275709759497
3497999668783302618
-1364054938669751427
1533704216455947385
-255002989743483707
6045695505118994821
6898221749169819433
860242302623668517
-6500175013646025042
6346964087976584132
-9065681703847505165
-288281104480808722
-8078912781033261553
-9126823172519899353
-3274399117308421256
3713043066189832837
-8045764767026471236
8153187184550264696
5746719954602765388
-6908427820928185766
-1651880461759545705
-6902777504502367960
6929009616135858542
-4837090154696459335
-2815205473369084143
-5769275322733517035
-391469833394771688
-3474561734290131050
488170507309418239
1503299881199735935
-1028514498648920815
-6678843915462443119
3855125620960325149
1972305446835506833
6010506370462845831
8267725470591676167
-922159733052958470
8472682798409010060
-5805801107609258883
2588179391615116848
7757952768269212856
-6461444670751454306
2870889211139416455
8866294822154043146
2560589616940708428
-6688565650994727972
777446824011366608
2410159230612391525
7495152941643687037
2646233926173435267
-7043757288715868450
-6436197935921627927
1192931845814037557
5846164679561872111
-1763634357014545747
-11622606175992202
6672410153454840947
6593713840574055548
5125274708111010449
-7157512934771171575
8074790798991385539
5159851891067854479
-49923302783610961
-4603162089920558961
-605787897447347717
-1578725568322335995
-6192658201268596083
1946059828542250595
4243123238558772009
-8873617516137023098
4472203339747680267
7214218318488658561
6892608443195977488
7313890074131607035
958135874649647760
-9219795524757334639
4966140770707565852
2679884171321978019
1335442240187034705
-1477951515132629918
5220309033239446277
8796267193433905385
-1549510869365714912
5730077969672082447
-4296085144117410313
2144470395742155215
-6260071193758187056
6854950734769694906
345904156855439028
-6017535195773951558
1780462351543962022
-6657051442755085388
3773288677274354389
4988188333152172781
-3284598497031235092
5120358056211252699
-8764088087134549627
-826767418225589332
6915249286346535813
-314284148024973755
9214435506081830526
-394101061964302627
770263911988217295
4489701463974266831
-3532487898053150272
-7872127401021919220
-6802930144084347417
3333218646847021512
-2994364294012221663
-1685999719050308688
5396318007071588420
6794396938570392055
496903472726911224
-2541988367829997540
7099863260529302771
-3105841823154877337
-3022603755595119655
634708864359875423
8812082676365535664
-5818633793422139973
7644806088703859731
684024370119353317
2455239229664998270
5668086932675623611
-7262385999974610157
-1066084784759074812
5337858171831367184
88328797592354238
3337332345562040658
-5295957939943478676
3060002762373650358
-6734614074934695123
8132974767665591282
-5263947623401311275
-5028221418224491442
6300868439667421913
4988802230271739967
-1369106230440334091
442717593805353719
5001019420365352205
-1977097506409488088
696796996316788973
-7973014457739308173
3051100631609626932
1172204494848990264
670495662812764586
6407647412666439595
2212724663881674679
4611905577789207518
6466569039465362689
1916175187632929652
-1624874384596432828
6303671085125698163
-4940359468561510180
-3480898153984660008
2618759890884190677
-7885116724559026148
-2194027694452973821
4330957127637451819
8552682767242118518
-1046963354811467558
4776401905378095109
129106093372175077
1563097812157654400
-3181436627315039517
-7398748597029701156
-8587116271297701049
1471477018024396460
3005629945384446093
7784924428438430014
-2157012671177463955
-7369765215917921938
-3177527137547979614
6826798154276579167
-3485118594528959326
-1396987622445789088
3953966936522183278
-9096926833265801768
-5286922067809426459
9216079183089222087
2448645238795833347
-8604007456619277653
7352295038115377217
7849977036762841055
7448811643212121597
-8117544418018303485
-7923231262596996368
-524507100280992310
2759068248671759148
4649404231636260443
-3069294267323972705
1923231879343213554
-7668495910445322345
1745670939416129344
7864032046262322094
-6968463367653051700
-7847809375960521765
4969046751918663332
-6706798965186060438
-3306250029398433986
931173644936372053
6809090135615902438
-2676789401767634604
5418305160028341980
-1531257054931568768
8108200232480251414
1024614492931039798
5649033007422105260
4445402701369396927
-8571580610675169493
3374275256875899742
-4004278842925646847
4181498980532238751
7599526277136432408
-4757719587732711051
3125358823155193709
-855020033140377624
-1788126976991080740
5489175520977172581
-5929733173323775540
-3151517413326480053
-2448811697691522251
-5729601033233166326
6767592189896443020
6624984863629516125
-7307533962968559823
8237804722177520877
-8460368464246360391
6008761620805046802
-8312966594849816484
6788563009755429328
1431527580770868864
-1660777486191287213
7107563862518085568
-8337894614802153531
-3148405427502973252
8324411505613583924
-5926222051226706190
-8347150798074875631
5991747997739039690
-151304867645334184
-1552963427729857793
-7779840823375983979
3887970319863305336
929991248385200783
2759392513485580908
-5092721687101536789
-6664955605568208708
3681334938441911042
-769694832106833140
2519717851332989929
-8920934740639350729
2308875234165792602
1648879140446291463
-6388711362145238633
-8661233595095525616
-9093365018726907818
-509055168729064406
-5824279368537400521
7566893007568840003
-3078197420428223109
4979458974382387561
1854741349817088937
5784092843691774666
8556279586874455277
2068685758290322190
-1771130622209783427
6891843978455326179
2318046405354400204
-3746488844227829190
-7156357733918333205
3963772196628391473
6633510851770681131
1449968002164766170
-2380355600446677775
-6710143294742992762
-7299462170525238305
149324387853035314
-6656149691962449207
-6669418580209311265
5030668794257117596
-6789530836730073991
-6884648099823116864
-4151461780052593075
3760246067062349936
563810473430486322
2749545679652591435
-3916355950744199979
9155736148922925585
-5379184562769883037
-230093872672872779
-6025411321259769204
-6146575407894174587
-4709112967781228498
-20984677556828796
5608678474366416771
-8990806295303078875
-2946820960250932982
-2322423937410554406
-4174132026454456164
-20941653779501005
5751094869707457846
-6086744385779169807
3484399155811020318
5384831010941087074
-2572904419108780445
7477118660077836963
-4449212466097896380
6340537377843195969
4807423879137044078
-2137393693543763440
2685570400298302339
-1776529305460430699
6580740515114748121
4069010451795677938
3255580962994224354
6274774398875331259
439286552621936288
-7487925714726095509
-8123055678451736515
-4458507285415893363
-6437838159343874266
1696412025889480662
9143638773071396591
7047024387862251353
-551597116439604124
-8079205477017657749
3829117419487627410
1024409317060471911
-5035208709666853903
6189640263141990498
-7251404651852289957
3223719557763386988
5537160634751940025
6404393583319333931
-7001109869021661606
8164453230304758497
-8353463239417278367
168895993118066519
-9134205866801988552
-3936401480334697126
-2345358990023672171
4156756435417567472
8466894142812878111
7718344884719629576
2067792920655416611
7280323313367455132
4961526550366836938
1750232050420560831
8196854512887043614
-8870573488918350782
-7328328100687656834
4386848820124691743
8590245802388123140
-4961573116752107713
3251556256615179703
6131900041768561847
-1604398474375530949
3064165540618143940
-5324754418724163487
3138884958009534879
7152711079196339836
7105568219247991424
330470161998461355
-3505464649581447642
-5784881162007152441
-6649682172801595444
5187388167625008780
-9119573103898733490
1334598689701448323
6422382550117493383
-1648653768354629143
8676814355816760430
4248137685990323545
-5066617255824517768
2347751350154577009
5442015400264080325
-3282624097626292893
9189187252839956682
-2558378887235492172
-3344398598818364958
-5579789098932659159
-1138424225074336379
-4935103525542264641
664819820721200315
-8574209881404282285
-3091115492269109896
-6509034625290164757
-8926107255774829558
-3036428382142654830
-6361085188914741862
4600871672820426530
2153005526060272624
1032223846908503822
-8498442426539803762
4140711383680756718
8178307498643863117
6356813779355635778
5959939415152634455
4645573800931009928
2209412839935188047
-8155707813246730982
4812068666851956226
-292604868458243992
-2084686305912758801
-4412858775378780786
7616225272514819392
-5703580965740286392
3239632098758924761
-1004535361843333458
4388462090528794834
-2704459386397006402
-4399166094649503661
8203680624185222403
-1033058448272736755
728138696194622555
2721246142241468971
-1392918290144583680
-6548523278355372714
-9001033378334694787
-5080722953016564909
518094198629110246
704406057637484327
5383619858163877763
-4856212939495290673
2861050283500793057
3570663613336683283
-5808847599995741824
704495283493396776
1088044646044674624
2263153092600270673
4486456582272222871
2999678321194584942
6176976330533006252
-3428153020155898536
2401575652327367936
-2599909633243692871
-3492884545462715385
-8147328969087853838
2007658512506176610
-154851453732540736
6985149417817971231
-4774586912532888535
9179814287999648666
-7606646812329714639
-6948603246041687693
-111474226030608943
-65038963282841420
6661211036504900523
4699342372357805689
5700650137359883047
-1083267598335827104
-4730499865961354666
-5401255286274155435
5895436960755361921
-3975584558367408632
2647939211496501716
-1593775883576084485
8488584655908664401
3792226171242486748
8889357786743994667
-4434393500361966339
-8176169185591677677
-210446571051296751
8041929415706419201
2615719365266983462
-3161002967011846576
-5995094425192616251
6709467306142905855
-8569641173241086968
115925965988121887
-9098375738003804393
373988389038925748
-3475748377368264655
1595757804702995706
-1645754703371713190
8112281517147718010
5111582235537315004
-5412366355754071583
863866915826762756
-1562233635577719014
6607406217958805815
-5054350120279230462
5695697072347636882
-7797001904295874057
-5779663583143141167
-17910531216114797
-298936256266634618
-9107711828346390728
7466540574433744066
1749581053654609362
2866056360711047354
-8595904549373986068
-5144979793540671837
2289151916042284471
-6772014265701782630
1663589439269174731
-216867711888915027
6794729064150863097
2155417425613159173
1525043396523069352
-8847210482419169173
9067286521728592753
-2553711161180729844
9093948597661964903
-258230414483979236
-749562286254793777
196913472321620697
-7629947377687065523
833476746066530710
5050647815164879098
5093248441935165678
-2483091676626531940
8631364282510143236
150909768162504154
-8856490878342057089
-8897701673666103764
4919251720600682276
-6025000870280156520
-8167968364344071400
-3012633088162485572
4699062722523346514
-1412628854490588870
-5221997538913395787
4053708153181917937
1681668997609115201
-2839042758616812655
-2352998936322149976
1292810427289750085
-3282129599302381953
5362289701856361313
6185547365842630022
6782640548022420894
-722506990537598346
595968652289849291
5903069710856252776
-7666953261721096803
3572708391998262387
1150748748747953918
4826552421342296934
-21116616625998439
7580941306931659933
-2826845769263325937
617690253449486773
5460920061347516483
-4946058101675401106
-3915923884098830485
2103575806091173182
-5802803961209877925
-4767910983486884878
8113348477841090860
907750420768893388
-6379150435251083376
-468879925908426906
565428154678506516
2160738450046664770
-472731569743095565
-1896510918488031478
1922410777274547947
-1178386584456680710
-5967828222375894862
7393037887153692135
-3598823075734174387
3951777773330653309
-7303284153560930948
6438350459911712510
-3081209659461774999
-908958589992115170
-3919659129927229322
978459803055651493
6687918315148929310
-2436423318059259100
-7713391742020740307
1476304540001249507
-6373645584783860144
6256323995443166209
-1579351898040160041
-5510084673584858459
3330510651345573511
-7173292707086100886
1258449661777498001
2631616957929552053
-4598320788807212883
4828058247420864753
3078215237694563515
-3260484333304881762
5187520643893996007
7804768227048706709
868049167419369372
-8546216379239110046
3646091929817425257
-5145059180867595817
7019618060370813752
3788107459296231675
-6479046487235691395
7025536777031591145
2206383434537101421
720510801346423235
2566095343171447056
1368860836282855442
8502762203180177969
5387820740951670643
5794595550009612705
2026596250022970894
9050018574398931234
-8946697359966640775
2185892625337218995
6751713417270803604
8045423019666353331
-6836207780814817038
-6281088026498987290
7238295945667462571
8736425264212207542
-5999709892933810178
-8810046240251750278
-286885322961064101
-9094029182011910646
-3953868601817528525
-6607141345941276843
2519099110050271677
441510821987169968
-3048946241463440113
7520438454732343261
-8265578557092730644
476981911767919046
-3318903478822668403
-1965509754888143225
4687436173579448221
6724763224743702265
3482699014828070724
6660932160551275865
3833640656598571812
-1637350833866037292
3685529431995947861
7450593990881157110
3048377151473310949
-3517942581457709991
-1086730184897696394
-3584467933837660463
4371068653937437566
-7605187850143549791
-3201869227085228288
-5928315749498370872
2690696387406687951
7493458555374418904
7401143366615614767
-6287924025483439058
-1475759777781320029
4782658665466061924
-7837416352790950969
1720910398270747032
-5010034888517944029
7126202382558968487
8450690933830756064
1952050923996565117
2527594432250416890
2348905163236730115
-6731175627283617059
5740243798792838851
-640509814158339317
1927085899253316348
8118735167525303794
3735881037504609228
-5028999395384153182
7636802925572091385
-3687711683963579040
-3801925232661041751
6317199391656626950
8340308381242570680
4912835742136713018
-6847848461752901673
-7239646229161928309
1783626005328321456
5972482540219703929
-3424820988079957289
-2003022173114711884
-2023618921498126688
2631336609667724686
-47640468405913213
2717569999696268589
6629523368684124951
6704357391384246624
-91589281561876618
-6329159659972833992
-2576182149791454422
-5042377800244264617
-1831147651081156529
-5422656785745401917
-5017939952166391573
8031607815961318872
-223933596782615950
-4177845250238010768
2920014237195916315
-8876342863926532071
-5615921198083990381
-2924211286898348588
-2279610354446551427
-6624103355832513695
7579097396228174891
-2739227330029282056
-3202231049334457829
466165688319817105
-6274451122026440600
133305647049276531
674306411120971419
7051256914773430988
2381598759487632050
2721771377760173435
2077789223731270738
-7703850756242486578
218226398603927567
1627041222457351045
6067776426042324216
2209992116273243453
-4253266325712360800
1988381523915517909
6998586121991509975
5425811705358906643
-448849576791950147
5971082562050036555
-8516617216265085162
9141260476470445271
-7809556227368831757
3512896834881283362
-8282614501066451231
2578573484299826289
-3081667280906654570
-5068800586844489017
3364560843784313070
3140842235048040671
-7643793066741015360
2574038055858024677
-5182820789750982641
5931998051513099826
9220385834806349960
-3328728014685394359
-7517701522357839813
7226669690167938629
-685340982508479583
-2585875228862319689
-8496928462704255103
-6160743531170426085
-587837482835509804
6426079418636049584
2404559132602165869
809354900252190589
2248070165710302359
-6615303218429849307
-1788115757691445315
4202993235927108679
5574759745116664920
-4598753431461389176
2066550252519911744
-3530687014194169399
-999621754148245669
-7738334332189248648
6486833649031622856
-7104299841634554290
-5590664278765263239
8900800449172931310
2693120109674140129
534439897093247109
-1201011871669436853
-988392583738765804
-5060329610145335569
776682622673310818
769892422902713589
-4518572578063316764
-6664854371238551516
3976057076321382375
3293803278814674828
-8429316122111643304
-454409682574869469
6266325179191549993
1428256637875254720
5019996303571497876
-5596442857200732885
-4818430041063380256
755160978484344169
2003929735301015624
5044674692616207879
-8312178144273550866
3314050528074272420
4685506517375297480
3116400571821166230
-3440019116382312074
8780713446251936104
9123179079385351367
3475045670380133177
-5555385557385023359
-3774522928987908029
-2947586663437140087
-5379552312457396324
4365757349038303569
-8138031192080386971
9067092754089530789
-4932367605067734473
-2836663723788193593
7442581083080120331
-8467997770631505192
-8559461384512550496
-17065983302499024
6993567021400965936
7225434418401346958
-2980892457746900427
-7685342906615846414
-2133105172025359142
4526348702682221283
-1424717453191534260
-1593455537959001171
-1410372510910382601
7935775854877265413
-5546098576945832733
8133216035158424428
-7546486183959746648
-1094836058174904630
-1795607943492144791
1879142073851568263
-6094265051382955298
-5542102290517636278
4305445317026966771
-6726379740158094337
2208289583828917216
-3241343590691970049
-9210879672750151739
8821217927594289734
-8651639677709773107
4015289147206549111
-8241676455776947931
-1422104887577165411
9111248558583279948
-459044863992313254
8990483728752682136
8064887826292223416
-2896795559895514629
-2441739818275927793
-7505082083681662287
4009497095817653412
4988787394433975764
-5450983528673608837
7629046013582919389
-2288804101931241048
-2771800672528002071
-2783749088590271216
5905399225655100532
-2641506767298856636
-6296541627524317878
2356691327411039653
-8900846489702614539
678390582281263816
9040284454859382647
155290028291962237
4013544927135251570
3074004284696626183
-1368659895404636780
-8147290095389538219
1475053170451236468
-339106249628222254
-4549719281220207807
3321691202309740331
-4523497313455013172
699715341963938331
7486435354138881815
-1667534349118592988
-5061847568927817356
3397517195497215971
7912119510602632935
7521961341633427866
3940089524556328676
-2279014078129828528
2735114349379254564
5065544229683909984
8592914940980390776
-1679704602161380869
-4771205698917401029
8700301591170919173
7715408162445071738
-1398511279208065635
2221277189224076772
-1809890886499540623
955692428711552013
1340728900827669787
1355028137787510650
-5610479230196335064
-5901315461800714286
-6443585269705021257
-1639924380157355811
-3773678597206460678
7972685420197592460
-1424287328286799119
-4717542246962502621
-4769445033509148287
-2594359976816483893
6146354630607439491
-7313537384231906697
-4240537573928214768
1048238105323720352
-7903833653315824961
-3455781214113658436
3360155677484263413
6481150097036223193
-5075766871435166249
-2890323763759200841
-5144607978520576730
-3296637745214116731
1827941330289496183
6778513899685331302
7675174784815782822
3213815328990625107
-326600256810568950
6454650110231793444
137533167691926140
-4228221950787710456
-585960347388366820
2846343819778050897
7300526227334726351
6671696098012135991
-8578288126478617604
389958049125087027
2668991885773303698
-19286031847903527
949843172631487780
6159284361194687602
-6980059567255604827
-6536862073735834376
2633653286314099823
-6010881241730154935
185275152664520411
212920751544142503
-4136431879986621671
-2770517797195174954
-1740096363546394800
1167020963705609673
7419259848388687458
-2983219371603297845
-6702245477211611839
-4469106510958109169
7899734634569840232
1312579426780838505
5040919127434593510
-4143637366771792488
-7836757155262064571
-4532596343355081328
5451041923684148590
-8407079584321106846
-7575000696088549217
3881892463412009079
4327385057090256320
-171559851794384589
-6903326634172757251
-5294583064595102522
1599317386073379764
-673954683330882217
6976619930437798408
-5339374477966061245
1798441945381828339
1088054360745171307
3854118300359008063
4812975306603200314
-2039317986691281103
5831629743067845226
-7590754729407607606
2896953349167696159
-4218577031915834404
3489444855200611048
5912919802966773135
-8915320885850556840
2844722344018992110
-6712930619217376403
-7076335864771401211
-5417600749324192914
-4107655691345712378
-1162209353289464517
-2505445962591447566
-5195665657771824088
1854442884082228987
9144940039246346508
7123735764878234433
6088929999229335920
-4207698430499561184
4156459528021934745
-969973234231872500
-5963012526364939731
8712634787710618298
6173019842218596192
7444941126153765462
2654674216853594516
8744460018151640465
-1637273793394435340
-2423094549445109137
2384047842135554999
3091077500152528078
-4400694875138544883
-6708305115145182474
-4883779419217578219
-5161614092887567218
5348307660671074972
9013224810083017587
-5238533620702019982
-5723424913511714888
2568602278540836052
-4952656228773384685
8395966946488756
-2370623813275063253
-1675752813893599686
-6299481959894675628
-1172039593236271262
-3384388539141607828
2538508848573509326
1380608032742255739
-6960232376102134492
6060876328759794136
-3084792698700314116
-1491742074964134464
-7988392904850156684
-3662811339137296142
-6984285014787680509
-6144370857075650361
4029332144395839408
4529352396901073654
-4703108192545663370
7237447312524378687
-3706831368038494531
1933842647152927867
404279364728885192
-2910395020956680096
-3973676839964226873
-475498560523980067
4302819920551027755
3848912992285845398
8541588511181069099
-8592216104032712971
-7264298079985080967
-2971756549652111817
-5108831934854926985
1245251896237805457
60292405023934103
-1873803175125084367
7614675113561061620
-808249111264781313
-205421249204338430
-4694259870525946452
713812697033157259
4879547335412570464
-7153823787130819209
2834146803820065537
-8764168766684196054
1729323544267078675
5761206165232337577
2873087285193906968
-5630313756391008371
-2550417809229345627
-8231558086962098711
7086960653248370901
7833725538524379826
-8407099724050512799
-4158144249680055233
3436088641565592474
-8774461468899411149
2667145350753442280
-8342517938032583635
7697835941426289892
-6534464723118742634
3815519708901519672
-2879947863556447019
-1467505583995117215
-2498829728292575287
3453196487702117743
-876909563439741427
4427890328053198204
4736325305505289206
-1069674689645027707
5033526211136413115
-6147752500984672589
-9193976071033526014
773055096548719954
-5514644903049202799
-4675317801167234806
-4754371834934087258
6540856574315575080
-3201004773076661011
1939279487857807004
7491226680041001722
6020991138397077774
384177309580169660
-6382922458217577297
-7062515396726457336
3107892274548922590
7632362768364562142
2902417131447288863
6234215856877581118
2751420885897507497
1607100663511268484
7324736530230341410
4054128646477638397
-6925645691941152855
-4294728384394729186
-3400919952054364782
5571243813312158981
8690895902136883300
-1145780924478940109
-41586481538288544
-4271529754578810657
2823142571696098716
169424007071551271
5979888363171289812
-8673748508127333881
-5897606586791962450
-7335348820470043552
2106372256725392404
1301474185234095803
-4761254213260716144
5142219269940098162
9055810633863558166
988524622929933193
1741143907543549020
-1660497104408478953
-2778051398092775459
577711291278474241
-2873548980835597567
-4633795844171854686
-4416335874235465261
986208245733348333
6328689478764763755
2734190910253130700
6098382895420443222
3548132031442754988
-5992743712731911644
5107482908736253402
-3027272593017793745
1501848763190562866
3561767915603124990
2234679644405782026
-8696848444399616507
4654048730000510416
5325549376004207292
-3346452756743427225
1616581325959785033
5706904652554453757
7041099858043342386
8148743066873654900
5077948145246457610
-4622004408982995178
1969155508065373581
5676103925219293496
6903130044257586646
4864678297014066578
6798174953158315433
2265763660597653458
-5409729423105236619
-1678918064622683967
-8732653462314660926
4787290406582399155
-5570419425154787522
6729644520250599283
1887085871222454728
1257373344949035792
-359740048360548948
8511657029157652507
1915834169637332168
-2970899101890328151
1836227411135595086
-4450374370740972280
-5058731320719106830
2614266230661957476
-1834072317901350335
3716905451399763332
-3119426732902152163
-6545387735717164633
6327375067639624304
5551387496066254290
2526586942594415952
356639315168073730
-4298008001048819517
687046589450868750
4123693424187610602
-8090690533719190712
-3380018420077716693
7815270454754972199
-8455617100231928594
4170123129697408294
8090673372716296921
-2718303507053992307
-9196212738838686728
4527031068971712907
-1464205505890162478
2152306170919001713
-5668117852975558107
9112771463827275225
867653117355957202
-4897052202296473700
-1363697795944852743
1233234253630293939
6217961042265746264
4237389750206327245
698607760809401438
4836740303451885766
-1796892046254766693
-2688023041749865750
1973248721555716343
2284684444289569436
8276139948522146354
6016442555994409729
3684565929963429932
-2269845915162151426
3491869076316913262
5140712341005274988
8318023920890334036
-6495369328562375727
-7006710128037917924
7337033486215160084
3468171607336736047
2865780196446272239
-8068233924603104954
-9009380986861475929
-6079936204315490459
4495515646461079187
8199395073305149775
3245060833403796124
-7631509070730536907
-4572092275336382973
4446287823974805118
4724256460605727697
-5290084864264222413
-5888039481292036331
-5555692856282699513
2634566326452371081
3084707785918700233
-3339550374211599746
-1427005351133608091
796597437267868456
-9221579328936222362
866512928600158973
8407299110892389733
6402890943371896370
-4458723694310683337
-5450947028508944881
577570511495444062
1932075715662628125
-6081836715545248753
6247397440174310877
-4306364229353295322
5482893628082787095
-2824431984550091297
-1505439712693084490
4048330111207796606
-1761547304708359987
-8111451604722399422
-3274315267532025252
-7394250072959412259
6321628987160369
571082163847416568
755558345658182661
-9088821822539274238
-2510587069552967680
-3768964381364697032
663187217103230039
-2494730296955267323
-3285330520205280518
7938209984005957607
-1788821213017315109
-6308780954793166446
3809426080601399930
4102244519692205460
5012363899966863551
2917065987792073760
-794218278381674677
-559673304936774818
2027687454893442913
-1430191988446413799
336958512770545835
2478346105443036189
-1825259769646585855
447066075569623310
458006466564019473
-3815704359799394743
5507223293608477038
-4390999334852773036
6170490098368856587
9121194064726257218
-2413438322295661067
-5081880542510772669
-903777765863508544
-8918475530190135161
-1653182320480871374
-4382041679102958196
448492809669888479
5231218518353966042
444176145726937679
4016114441443876068
-6668030846507584519
-7981549894350444110
1691489147470065696
6528494211131587650
2466600828088842450
-9170806507813148410
5069804850984610902
-575221359669273529
-6209661637016393800
-8614143506045023159
-4160818831481935286
8408858189219893757
2399826215037629183
6511149057018435681
281348183402496053
1754962571007037332
-5508006476976430483
-6416203683596583993
-2234912932058219565
6426498857278980675
1881998441731365986
4340061292261650250
6840796153920148725
8707131414314222456
-5193950568220870603
5032465303391680154
6616644529900643255
9135288197143105593
6858320864111676713
-1466214286794056573
5390402990948517562
7514913517653190160
-5912706625277692255
8024114167242657876
-9161508638218030275
4106032075496014213
3144291923066960888
3995508588799352954
7741899613388763392
-4561009099276119162
-8221239695716514671
-2361504831342526595
-1609075500905525952
-4029954118227096549
5495917539307839003
-2620121339193381601
6606050506223820835
1944458428920545772
3889178391142665303
1732683660212197093
3439769832383290993
-3551781742214751662
237588285411879381
-4136173649750525322
5222512941879511176
-7778212958290423090
1784924424507301531
280023882802574348
-1404842420512502558
7454229542228115528
2373041396237471829
-8954782631964043950
-5742810250789613833
3066942764736605710
-7608853191318810411
-2025331467731445542
8147836964130169341
-7160884394172099973
7816354896581961034
130797534526035284
-8992299677450444429
-222576545597304679
-7810735943361732573
3923702619292165758
-6477859710491265974
-7085073180112834411
-5523877576201223350
-5967066318708271981
-4159713253099561672
-8923135970083273564
2832925914810303894
-5180518976958655900
-6524305565032669920
4035893862459426277
3041996581440984303
6844045814556728010
5747187555466823053
6262932916398281013
-3317843102160899930
-8944259143987313433
-4742219326265911080
-7910334049057877643
-4526247750330586540
2473511213740572978
-2597139774259942636
3638172073904987948
-596376749348191983
-2907085551124303180
2530985843705371847
1705302495452275490
-8934836911057748565
6592569024755540118
2832000363848618732
2722311054090647912
4474781376386416545
-2811080901909045227
-2497242576737526726
-9076943249804706079
5589497167994387742
7969849119120375333
-6412957386587497926
8541398155734902501
7344089753941334025
-8597392905434763616
-6620868893123091085
452721788024973480
8603974371448861818
1128708236075382950
8069507896044023814
-9149928344351421868
3151875263453864408
-7710429730527803802
6977287260681599642
4820366352007673091
-1648625882788214050
-479621856988447661
-2319303201800945457
6374117599519515861
-609653125424741731
-2922959312677704486
3441100374240085396
3561478504729788313
775123984326720632
1391449218260191098
1533497535951426314
6916595290910826322
-4705076342668417325
7163607434460094832
945715883925048525
8003661565804008988
-8828994154783889585
-1185238431651066194
5110547247941524835
6697615894919583661
-3356296103427140942
4204601812116217315
-6965555168112237072
-2028979316685178041
3033743786999993953
15233200461514754
-6365448443442017570
3186202442876389806
-3795602257367647426
-1259298520851416589
-8270442158571458545
-8366013535779050184
5704778674803987007
3103974066381638422
-5942431498404960711
-2106092444529983076
3136320078334594830
3747757472311725067
6617440979031089590
-8821334684699794260
9167565543253309976
-8040479635279686381
-8972655015832775782
-86838995897493607
8113064869540009373
-3439887842976829850
8995756211094305907
-761876117081998955
577159781301923809
-151546309165383618
5584539570697267266
4105543225114910567
-3048962772786670515
-5294573837724724499
-8029099197355162085
-2599488314444346752
3973444592450378550
-5042548885910771586
-6912610355318613557
-3285310533405848711
4212807498625217930
2880473331740384582
9208286397671755833
8967895055669049382
4045195608142952669
2657825791707397453
8592528355525442643
-1997023863954174443
7724677417986602085
2276151992113214056
-2820434869552323712
383491512776818626
-1327092498902949825
1017373876919680232
-6821897542837758919
3992998534608425406
-5828703404384356812
1468522755078383702
2855905018095569397
739669406866452692
-4283625795997028357
3293930763205965667
5495308002245552790
-3810319789460710235
6321617803418158553
-5908891861997402790
3421332845924647356
7113049683582680384
274744011883217032
-6420470047779347029
5139580935136152254
-7620768318670790218
-7143351894960118596
8482431774556530996
4746936300608008882
4778535256968184719
-7221190991423583177
1635955483636670190
2606456914355016895
18836519133854548
6648827627815369750
152868568813380828
-7445178941365163945
6032751545657708193
-6996538441446539792
-5256503897869160567
-472605710231571776
-9116880941133285446
-1822661016911981686
-6293776187616249016
-1844159580654227750
-5468533466341963567
2177290715786269417
-5819371645545964875
4309033771906617618
7257044109296218474
-513326593622839827
-3091770999504185663
-3841631904534815086
-8958876585321026652
-6016939537067759086
6857712825923100352
7271786410951582815
-52632542096517609
-8416238724392267641
5221357231662676779
8148895904785316829
-8201204110871059500
-4841826496314637453
1438754589024254164
6773204841667094328
6521329388619684146
-3467198993635980327
480122979044972630
8772748912370857990
-4880269239221192913
4965343188587365073
5170845291587405370
7087718399151450188
-8191648651092051795
7525372152620410610
3398645793361892073
-1166417215961652983
-811051824742047636
204087206847044216
1057244694867375756
1787814613144785387
7257572189637376198
1695582030210032341
-3366115857953740465
-5296714078247176273
-6535520743515545356
332203049418903805
5816550157739486544
-3135663861269492700
-2232029843777470216
-6844805474002757259
-6772290945139956632
4713107824353914959
8541787912745473376
4557109997323457449
-317283700960061087
-3692082602275306744
4349963911972260141
138735134619931917
-1516076935117834791
6391725439525739245
1420832730014142376
-4460394924027266304
-7978720134257641922
2189001785817247621
-2014615966902908937
-1477917477970917914
2960960135834445853
-6287581626204903226
-7781335985010794671
4912114042421269781
1287188377714471192
-1606175162612237226
1695897534210594103
5865749179386670271
-1999495468519753778
6837082511546178767
-3356913507320934147
-6896860349846903569
-4555754263979598763
7684251558892886086
2914475214337650043
-6125613014859062078
-6588989083692056988
-2121216346815379145
7302838994233115595
-6547072655433036661
4578933642558541897
-211392363444845051
2723998106772262144
3236404597028365536
-5691724959480685631
4191061485759962769
6523912217710682832
6978598049173031945
9105755753729326417
-1613816364259033906
-2150529424652507523
414672286837238550
-3025537507729827723
6333597067366470214
-1124961460269879175
5790800349231255377
6442805580966090757
3408011099800312554
7281462459734300880
1206374905479719867
-3931046006657111418
8330841887761276772
7748474126439564348
8976555759417066905
6810584675640259322
1972601277796730405
7577157549578430959
-9050613376268731098
-6173801236362991951
1618749099622537840
8645451538796016996
-3424465184450308442
4530072366469386856
2849782858974686880
6285818883394693052
1943156867920455878
-2944890477311707644
-6485924204308166155
-358585572007923810
-5320829819934261978
2434073156638332700
-6452111684381326595
-8518444457734902641
-2732529017055567015
-7898140408539616261
-8738736552663347041
-5033926033565499969
8915908080366485533
-8214765930224317875
1842852776909857906
4276179311918762975
-8850735752887716923
3184795259553194132
5419336984950036001
-4575818642994484024
-2548263470791983910
2566784479207369049
8892002920706539236
-9199361480537421859
5202788138452853000
6831036535711551098
-4936241143090650972
1468993279479618378
2694099984592540684
-7167756003760916888
-3790674689489531342
-9161279293920263240
-8881562454146954989
8874171236590316332
3311313193245402735
7340540795049449179
2210732663937350255
4966357802855269470
7433213955525101546
7928979105974412959
-2569265195102696690
-985767809312409362
-2817107530772979898
-3094795437966840025
7719809588785812783
-3071816679832403307
-989642073381268751
-4544365544292758894
-8035392484211462309
-4303626515515862777
927878676639835956
-5358872530347108668
-8317542626239808177
-1815328793608803911
-3504534663383340961
8880753241931595360
3340823502159810786
-3667876204655800720
-4175542905365366845
-5480767236200315348
8239856601441822272
2700553715491530225
7408609063271822234
2449814407897786461
6775508984490027194
-8535677633447317976
-2807906175067793943
-408931815096329440
-2685183681495738707
-105543344707846661
-2583438233826405488
-4227614658998031390
-70984070217027418
6855885884977957403
-5140242663361137264
5374349836699915681
-2147011970156805432
-4565247033118103783
-5029574102701571824
2010263279375695708
-2364670244296439599
7232376517197677456
-794683051466285615
1576331139353865373
-4818428043616136973
-4391449486316840349
2024012462421545368
-8884170288745634859
-7891589387877801359
-2470956661609128867
2632790615059271380
-1957141532939587481
5032696180409927932
5552272271344780336
-3030360316613389946
-1388024794372981925
6184091240535749011
-6877673054670162651
928409200710259116
5236235232375293875
-3872288631560138327
2438664254636225667
3177814383578219505
3515912088602283092
408269593885880185
-1590675192117395136
8591209602206137296
-8528845989347495445
-7901685263389365156
7265206969017763288
-2037538428909877965
5199361735767009527
5746168202256404244
5648285431606763642
-6821723853912208095
-7054396799299455646
-7545163905242275547
808242260752807517
-6305119737599659929
6636047923787704483
-2056234829661918853
4410761043932085472
-563979841193913196
7964848625652494255
699295184394052544
2907684603521037572
-3979621902053723002
3951306621378093804
4150565334939336213
-3922402549686843610
3750319439707989947
-954489911648161890
9026797007127487628
1177808040922875334
1877197049613551647
4783445503387732034
6653142154111487928
-7460060294637427224
4448655808129039143
-758885323066798212
-6173868839164577251
1097793381762807257
5188660994082316035
-8890454973788919675
-4019410384036126945
1718549634366808653
-1427188182836471980
-8529942930123987470
-6427800839709270373
-4113017113512722976
-7749280537280117684
6577615786831289243
7979653981020399900
406475479458719373
3969484964270981469
-6478751880596534365
-6487869168912275889
7732322293506386277
2135728100051595488
-761761812334491703
1570827448268323428
1038953767328403406
1680357563075392645
-797386678198856770
3368932183966575242
4971208445797577523
-2909707322958865922
976633452855649157
4806735200878940064
7814198028304335937
3035029056217151402
-6238291651658151989
-355546290047844434
7873011304163814423
6454641125762596033
-3878778259827279797
-9141735321618858795
8769652476802885609
2935294095939304117
-7828580268118032939
-3606961415431376757
-3205402229695225632
-5509504951360794491
-1169789207003738288
4574438669501059604
7868446771573194370
7225302481698835091
-5303834292969124376
1069008350617293240
4262238733814778362
-3581939682283811679
7591766968203258581
3654128373257421916
7363562121673807896
-289377342288887091
-3746790620184759850
1104031846416938232
-5120281721741977489
8932605510548332021
-778087415896176576
-7463044245845132684
-3166369945962756674
-6105620881680633116
908774327550830937
-8634754753229823357
4243412531188217916
8802826350859667904
-7389818954576493875
-1560665546829475155
-8916116802482012146
-3907379291898109089
-8543289591767056313
7971596164955924847
1689120048479819566
-4878347187250663488
-171067847978892596
-5843401502048573297
-5281859056704300413
-4591310566169762827
-7359952305659778145
-8728559161769950000
-2693418569716664606
5772511298845356225
-6014015698713073132
-928153988140136955
4306936120935982660
-7539749272375390656
6262217589493128789
6484435155246513740
-1044810792749149088
8025569786330710069
-1789081070495142549
-450585158128937728
-937697622814167486
2340220214277617338
-6710941495372183548
-8921218086442565856
91222220645158444
-8122838883401718763
7326380688818515405
-371690801338592135
8763351631403236160
1446270623387304298
2236957025650672877
3910522948034237009
-1852181984962133712
-2458057576401305530
7752085969563340441
1458122040559177700
2162397807021083406
-4907283537148168744
6966852537939613028
6177216786822990343
-7956830059869837904
4901174143220448075
-3799257792335119181
-5959349214705215025
-7450496250031442354
-433808025632645112
-8973360973011788875
-3383591690876551949
8658374498287015215
1898623702556849834
-1134447861470973480
-8853237083139425943
8907181686399895287
8782840970042925756
7559614674522227553
-1683492945291764579
3253227872155460296
1036128020722587900
5150819779648843194
122336059104417435
6761377654728150750
1547304895022006633
7765866172863024220
1213070358309590781
-1111109644632787416
-1394520913071651283
-7647442745566657207
6657406496580551942
-41359365347827780
-1445067236621841184
-4536816156314944327
-7200534765887373902
-4034922704675502824
4909796387644938402
3071990335622877492
425277538326192470
-5766351513644608616
-8279673603951213884
366354966158153252
2623928647245475751
-6581185847909079378
-6725946276346157293
-8057437096623937215
-2193041728019064482
7597394713473001491
-4683199619607596166
-9052316414485217315
-5798251115286747733
7114240768226383542
-1423698898813875199
-4003028086451738199
-6712909842164630300
-2235771729059849619
6414898721156777116
-4545534814447238949
6271778191443570863
-6810621731260968990
-2373291535188326645
-1118523100084794618
-7099406225556959205
-4892831889492152094
978262814750163791
1912843683193602023
902722829915147268
2648608362095786942
-892519440534647341
-7677261166816283083
-6921694536151159594
-2746426231665586031
-77009231039920369
4174592004331969045
-5292403442568649865
1165015352608323136
-3732825963579337527
-8591646765908781049
-8264653522923009064
4224522673189819398
-7013197947971994705
-9143815484942265844
5209432077862338609
8249652880859103039
-3425286336485738514
-645848391235352955
-6300249804383062339
-1060609672226831096
5795274323277560240
-9149218123368390431
8181104954911569928
6702737425854634856
-8691775951697855554
-1569081226799241677
-1663520564999871260
-869823985633299524
-1321170036317965292
255789034322735730
6216354339164408033
-719994340901843779
-3122137498369483799
8013019285258696865
-3065371942402456992
1405436477292005352
1807945270948978631
2508818936746671358
-4607016285855264862
4844728113457698387
6342267991912749371
-3960900196748365035
-7190185638626976438
-4209812038851477936
-2993124419382314886
6620595476755577633
9203744795419989782
2132030465669026213
898548398182303333
9113292824412161293
608188408355769394
8358513131231213014
4842001134022100169
-6320643001252024174
8131113255663833720
-8067369752715390152
4929990872765724158
-50032440916934294
6835157594545804925
-1707515261442704147
-738028260848096684
-4182756481536863998
-7872073028363223589
5404625527142884368
-8450490380745970251
1068335545494407299
-8880023686056548851
-5855712271653988476
4148714244168592044
1796837211077433439
3886487865706956985
2578103595854515552
659324668715980646
-4966584331026954405
-2064675969662327845
-3108859195688097869
-1676927843243308274
2244879322951645724
-762323757906911656
-7962383107362487622
-1501407931743101836
-2676127826261583748
-4402460370826111403
7140718206339126657
-2333335869041993028
-574842972462675727
-3233107944071126235
3301017978985697849
5221338959902611838
-6241313777087403215
-545263045500653589
-7620104019075855369
1599836282318646233
-9021280455205333559
5633155236884619130
406774113249032132
-1299743024636182285
-3866309651441314219
8496413073553392625
219611664320731167
-5580689660289793738
-120570122136250684
5188628712622459564
596908784537626627
-5012569264657623692
-7825738637434902208
-8632335412598531136
6651844921654635845
1853652147126765811
-7918515091954168065
8382318414074514693
4396950267391600209
-5404138986151779909
5598308998326219068
-4605607169811408768
2245895473000273292
-6089370493219500499
-5680265396636779636
-3670793762959904433
-1462056374219318817
9127758559434831456
7846482440916515804
2825152538448140447
-1122746511083099482
829348602816160401
-8586196608546886160
-7752593097343396483
1989557794483877066
-5727668686489413641
5228827978975174834
8677554376573547397
-575398009131369864
4023683139186090115
-7323561300366969530
-6803469645869049044
6226161307135331605
3975379702968246758
3595574030332439629
6527023458906543180
8555868138303837498
2579831263166833291
6438743851054915778
-4270125201866065073
-2283035415448028401
-3139871816610117887
7784613008940247090
4373143515227085863
-605916161038858598
3264211551187836040
3674866821426361879
-1574487711684416003
-5742744242721673364
5858333098093955260
-2396732148034746145
-5064386611802615520
-8916676492914018095
-6605229684607519509
-3525161133679716895
2675950773480986315
5000772103080299241
7943200507004648862
6061100764472197829
3063227503130471317
4060099725343993013
-7080113734399178115
2985220735503298476
6559640094419178114
5196915287302600331
1181743948772952801
-7565622991624775633
4891528551929977472
5661063970458269661
-6518304598090929448
4382452085474414143
-4375829288492478240
6941974612641913037
4703581463248621448
997358494731531346
-4195445148067147412
8993255571902644711
2084596821563316630
6458050606044062995
8542104224992933700
6989323232288663684
-6707323790849857799
6540667816098773576
-7912482746096747926
2248857796211239800
5406014138879396242
9059620072117069332
-3907475216414403698
-8267441124521555227
-4669548659864435931
9161000122714197089
-6178401831489144934
-7953174585860159525
718335524555352109
-463668041106528707
8529830418576959644
6420541122783234517
6965077431474815470
3170336442403775530
7838231354188749897
6890849910544823330
8201913626806246213
-2445752560000913749
6615475110359626487
-8427128398225082455
-2411506134030073243
2872979643116938725
-1740577278730723708
-8161340858740783419
7637751199554140939
-510891918271183820
-8162545360159475584
7526096561915370129
-7267090305413960286
2469396994886750681
8086344724529456603
-3343232605808044950
4801690589299243724
-2161389189934945763
-6272244189114802301
5390237860407775579
-6818962601274233608
7653734763848158959
-3190472242326953300
-3226857589998767934
6890862251327245941
7325833908271244688
-297632851551267607
-4109876928075626524
-8686228032152301585
-2854306561526095038
-7283284909073729781
-5827918214957826731
-7325763888472437961
-2218355580558603674
996678995181375678
-7361640869505484516
7627084146400763199
5373732221449530788
9140755085919012161
8302545797660627711
-6389063118996701226
-1212652973989836367
-957665389448850043
6070497069151634231
4744402828415319397
-4158972860489471621
8061081052734339303
-3248582692373601545
1962891065642610237
-2256526492044321633
-6736666065313424318
7922438797743237991
-6910126123475062121
-944094127851140546
6869028030548978797
-3977517609933008759
-1830437904359924520
6074641633811718132
6908450131552608918
3847545057165999503
-5460458727641793739
3499403511041445995
4785866958715108906
-7283635331044098974
4416056766700307226
-657386679550975955
1135583013115906626
3188572669572324103
3556880467984966434
-6220973952371290367
-1825025642325841677
5327766676650918888
2219340201271437918
-7831106614773230770
-3811531225908794097
-3678333186396907482
5670262563164304432
-4323925052869107740
-9023631603225139601
-6298014293788753242
7346002308526569383
3190296112314989558
-8528066781106083642
-711649082832823807
6446306303894075377
2556967664162119316
-45056191771670655
4864513466141983438
-6342610332404498079
1967887846480195378
8409713808975842008
-5420685649163336819
-7010246250450769314
-3091228053004285334
7214243564647589302
9170834035824774976
8672247333664982772
9223254316473973945
-5023473443843156706
7814965172199535021
-2542626642544569341
-2991476328016573782
-6071417872272659655
-1687431784821507725
7580843289568487628
3316218286524814433
2523886171416666542
8047530334460707673
9209257848312606066
-5656813183403042389
7304399426256919285
8339839705353576241
-2335497914598588461
-3045891435669710851
6703438549644903889
2131114387361329039
8063011010995634328
6401136338346571492
7097832201684301700
5252484506923502072
-1938341259869481649
-1932037151707063244
-697018095711454677
8831453366858002552
5897141975315003738
4843077582699191003
-4746630463918869159
8874353855708009898
768542680905130233
2199580119890381295
6807084512500101302
-7927051696548724208
8832192095427886006
-6939319944518162728
-8329505518064283425
-6841764101930042708
7728397943001072009
2515022053850527072
4391993951482480395
-2576477856900360780
-8880177213638816264
-1931247687647897015
-8008883272983553982
2637693414498050213
144053124312656890
-405012429846965075
426990097271572636
7966770986663942845
1056974944478086535
8733511724269485049
8507096033799117253
2554044195414912038
3059019563451812700
399333406649073668
399795756900826385
7813772823684760853
-3149922029588472440
-2084013265169195308
3311211696646024436
-9002542435747981589
-6811143392074945185
-5869493924318062155
8564652614155693652
3167388694306278699
-6583728586063317843
-3322243585367573681
-7817219420369630458
6843971289561145733
-4926571572104103371
-3562414972247767091
-3332699753297717022
-783225687715893870
-2813003431043745153
-8797346926573653778
5034441007654282224
-496643616215102417
-279668272208547599
2688271912235979713
1853231372265540614
-4711273168443057605
-1483173738509398330
1113001089599953888
-3282684193773411557
3997313097429387062
3414694224927030370
5811949849184005543
-4898083682756974978
-25458934979805079
2647805943237517606
3636952800533883984
-3097705182024135472
-5319426884903718479
1437427889998066294
3429819597970783725
-3567170244890665809
-5782152585288476508
4336832625447082584
-6276504985861514569
7874051527742025209
-898342495016718323
-7631469865946684477
8807622439891598828
3021270724446264616
3977253792975296169
-8250864156673363991
-8878480356899889035
-4848865228816155840
1910106586580170501
8346962146044105717
-4669680865127523653
3654933160174446550
-6238834114906211771
8448069893649718035
6896251120860319919
-9103993151290982879
7649701673624449820
1461727339657957960
2261242387733958868
5623378503209077676
-9199094236526119562
-2327206245390821381
516030236749831759
1472827683583747849
-123882302497631216
4083290647226911569
4507986699304128334
-2785075009892181495
-1055039601064251466
8115666420759209970
-7952665637034246834
-2737188194751981222
4731643668637798347
2058903462879160406
-7630553733018628098
-8874170924172464554
-6441622431572300357
-6364256167258006811
6077466106750570190
-4230652563280422864
-177063269540415698
-5160173015240484062
-208482786440535483
-1241715430023644201
8216026430346167315
9154793798201554659
5273851447008178315
-2071832855539832554
3121290969259218624
-5108610056460855480
-8570432987828211790
-1814104612821786246
-4966058027930828769
-3311225840109853551
-8124859508092534579
-1072836695694337066
-8151649687800199246
-6316758188566955673
-2485466973710394358
7045106824263520663
-5532968955856621057
-5643649994065936381
-350132483363160445
-5619275263616649016
-5966739162430155543
6154218708202196379
1905482526042195851
-1971838512308211835
-3448880991312657439
-978134213687732463
6201932181121326882
1405248159347188326
5407337670404911518
4310104292895384852
3199465617730381956
8431550142001178989
-905516438928409795
2596098336086497055
-3315137459188953634
-6348400828646180945
-5822183577946747919
913652409990232047
2070907148271860204
510469820957013855
8309200517974296988
3500397711843509284
-4204734488531770543
-7985988028634316588
1273001402118529367
4869439950050068564
-5570008561346482896
-8842264541397782044
-5088753669647847625
-3919944505102437065
-6786688166138780995
-4369136432995499045
-1552496022620638391
-8573441041551397612
-7372342901495978767
-3656472875429976552
-3470207949083353293
-5532452897591187151
3960918929965701381
8966015517659118334
3407964347540493595
6943381081316269356
-5148750457270126750
885307453587851857
2984885374250439038
-3262970788100587500
-2027606752542378638
2736117067446466277
3420195250319422958
-2065134674956719212
-4334711620352929008
4304216510656689195
-4927524651575345677
4585621402189518513
-8524558412901962664
8816721360501541660
-8633347998163434402
-3311238098757864267
-7213995424036321950
7559807315828897615
-5227901937929733073
-7156312436412399226
-7535351471435900415
8773792060173563966
852660982367615108
-384288930501220913
-9008694257303258671
8911558444222404561
-2510158340199603894
454977400615729878
7676836819273909632
-1645114191827773591
3245717792442314225
5658094971518708107
1906417245759653843
-5232534510255352626
774539083135366112
9000255897063709087
-1161160198949414535
2973445604194765225
8831551757699821108
-4035118066570018334
4411254434212304960
6837059805332527422
667613646140096817
5125200829491176472
5267903981184803280
-7274284628506522316
6435308574098482828
-6494086930021043444
1255534524950188757
383481295500324918
-5680312545188524469
2760640976375004396
-9032060026704516371
-2731384798816400390
1272843087376764805
-1800498548371611397
-8070179160273603835
-464146762709336600
-2175364565940606991
-7957356452101339916
8562964098274561607
3774041711513007841
6759613924088418848
-4353407615470244584
-9097392491865090973
3869820400132187639
-8425462678399942386
4865428087240314835
1761492068624068029
6685175889464196274
-2045111624411804173
-1864092399132552356
-2744618188575947594
-1721107487182093334
532916358622995585
-3340424220547742753
523940375571014306
5957277050228047696
-968743196722528023
-8674184710594820111
-4062985979652351639
8333757530170619472
-7229784795463745807
2171084948191808863
7658879179846285389
1617344470272833664
-8767118032264564718
-3312285529416196273
419132701643226907
-6420759166827137669
2200563155217101631
-7543603057333948357
-3132594537537984531
-5610261019837181059
-7117415547360571909
7020618698319635846
-2862520260072749016
-7153001885580579827
6812331573472883340
-1128714854219854168
-6912382266148124041
3354173917373690164
-1839137352342391458
-1259572420302188889
1945019216949788635
6483412713374633316
4180127912487599923
-2140935221489373117
-2089172015778785329
5104752185010946648
8766810791605970898
2040280504706893609
-428204384271364006
749560628805337302
-4814109788403079098
3158946147884689379
-3211642235501946252
3020673479304326430
8712418617545254155
-1370149943314055587
-4658867203077188459
4184877790607392049
1513008613079067384
4697434770345768013
1010380646859843460
1532777433915213255
-1795086728390484269
4395636346380188757
-431530783949621830
373126126993468087
-2121998513288183716
-3120278538815633784
1964203215171002129
6114073743481907749
2264845155504412231
6584848427022322279
-2080747955834080984
8600124366165822104
900712668579175739
-8631252241665305508
-1896613656843546970
-6866710729380817603
-7227314160788003707
-7009380415553443684
5601521146720779012
-2666158868168820377
-6528133750430662374
-181129519590974856
Matrix_1 shares[1]:
-7104812548579380218
-641096332092838785
-9069551676222274141
393743325670320625
4160619283356392282
168753073326774420
6147730011177102200
7713967721205971404
1693776937955266539
-1802210564607915858
8675004559649897941
-8598317175554261086
411397196730491560
-8484513062386631185
-7380099824680154307
1359741841843299337
6726399683115456064
-3625927697343154443
3111943453803445064
-9192535210295524023
7967308953456579240
-2893129436213574192
-4854851416570205202
-7065628402295205085
6159589590856925187
131464515764308378
83507759249443261
-8937529545222900924
1853193234038938353
4367347439145938902
-8356363261212066474
4546487138622351767
745812183767496816
565252908850862408
-7051935989118900659
2083332379963422142
1746425591251269309
-8837866454743242276
6412050385479623019
-6026588193414877095
-8196113503500584412
-2604338578113765080
-2778024036834481575
-4914931150160180054
-2800761750637013686
8955390188003824102
-9113761071384371167
6656852301347326324
-1308372695784618836
5700216897703362815
4404239914644663617
3131695289491809178
-1504040326384979348
-6213809942379131501
3048065565790532344
-1143544044963033071
-7929261556049065570
-8467407435083655937
-3615398431970369491
6199434922669088911
4504741272358378915
-9103058950324807154
-6698477012578840916
8636158760581387180
2723309990537304419
6994061600203008767
1083659077124591841
-4782661004349340634
-3596937761946266428
-5470273042720465388
-5001632840504859259
-8987405753006848639
5644848031928803685
-2277508939438352985
3856649537579770330
-5065543415422277554
-3051172702907144247
-1289618518887281086
-8442216137131639767
7564376659687024109
2923553325600788791
2159162301631935254
7225291329403023569
5119801002954113543
942545535284786669
-6452942593172344525
-940922704687581495
-2598168544002965016
-5023305779062619795
-5709790095953147393
383605285168121136
-1867111119982120187
7994956787699012493
7666508242859878497
3058133116963979599
7757666645654192258
1130077017465105154
-1438256766081740330
-220483876781803837
-7944877070267500354
1712166319530621128
4325089869661686585
2641960617903746140
-1840278144046019733
-5972896909100030891
2544481862849393294
-364265555857625568
289099146066991534
3480490851227593228
-7578441116383679553
-8633147885430350499
3459950415693128936
6622663097295477444
2652299582490924610
8391529765058827470
1570687663388812412
-2603704122371939762
-6691542532602658156
4850811509956157329
2036461916446605498
1633589433677101163
1789232753615233640
-7661354865533324780
-5271855771074512058
2635950017812695869
3896161807726893565
4172753683142327486
5789266598863524826
-7979591338131344906
3275558671232037077
-6714608928270761026
5770711671003534966
-867863203464651416
-2898012005307063553
4874565621396798898
3093558473091922207
1544283992347020234
-3491595050919584098
711782487638324810
5603340702902218026
542051178178689460
-5209524073282933512
15118326875821973
-7114884164421617477
2814771544257683740
5500813628119012933
-7579890431079911138
-2682568332314819079
-334747794224611795
1643603763515595871
6380832974793562786
7146905623333819086
-7428699269689824138
-2645574702247335734
-1369098447295547169
-3129322485003732302
-6138738878163734427
-2856232342322138598
6459987319914475296
7030374848121471173
5837786158034798007
-2515184251028290467
4879730138597820968
5306539710125582371
5461794726697593169
1514722971905255850
5968138010673574295
-2199046436458377373
-2301028120014654704
-2441270147030888588
-3758859162303568822
-4063999486732543064
8466963774274592731
494693757375199486
-2785615753887972525
-1135875397347199005
-8122893827008302291
1959630607364738848
7655568868358912065
2799720215090472165
5176339267271659962
7942418748271556709
4024485458548303634
-735361628433901709
6137122936087913119
7014454975098135314
-446355668107772346
-3996471255724366285
-6042888115146789521
6252256384761921335
5471235049730906536
3940357613963160073
-4037959165033783434
-8276713901261608712
-1764012106280863655
6110307382182945855
-8734341534663113474
-4087972035991542829
8401025934430836309
-8768034788880858764
1291110569654145693
-7785205647971184969
4581557728229292780
8038885733818648102
-4850133022583413097
-6291152014770968186
-466348752212666674
6671382943564427882
1985706899351363327
-8142977016067773028
6059660338373940571
-6553660402400937723
-6911541253762449222
5533128785868038565
2955794315069733457
2794772543630622532
-2592137677226530282
5921598077127168743
2114490516754524779
2743959596529053339
-3064950994950251961
8844053097922562083
-1968263994151420137
2618045732915127411
-4760379608907755081
8861362800694824398
6163838689745892554
-4393629624347698885
2531990506671560136
6740385553879697901
3675152005395445040
-6246986674818088387
-8384477267193755675
4494880327415828749
-2861333100595929929
8831607188885186307
3347364818790912069
-4182135838147094116
653341244422992842
-5588429546592250672
680133236365928874
-7378283400888511666
-8294473237189138209
5126864497816370313
7662801157384183788
4858971890256027624
8044526588735678508
3970283387351287923
-7104661777044627993
3260525322724075792
-9139069882733315096
-5692889467727593924
-4589125000926895123
-8345135400760782154
-1259728326647293410
9213084410257967374
5061990642785770778
-5818166532429184311
-6551725657466107356
2416812705319636342
-777629015920828331
1446960938408022131
-6390133783909219130
-4898906532408926988
-7652404840475159462
-9100244457282172372
-153321852689948877
-4783104022460221481
-2588775818228145872
-6633806148982858492
-6405663142194075016
3306867822145558868
4884813712388472908
6909937596227407595
-6089833351355842136
8768855363153377837
-966511160091158158
2403839600970530855
6643909985174642327
-2777721041082697290
7660534895541005308
-2023768832956396404
-922807674155057935
6485500098238866477
-5444735794977960503
7739709160882203785
2960380089033890704
3835630031210233839
1835196665170621546
-1163504673866593281
4665067262096898292
-4857591754605841647
-9080508841121830
7514309144674372100
4945671643648900960
553873643658114688
-5249977710223383253
389017921323132776
-2918051172160899553
1734471313443401861
-7212126196645467829
-263213869671700713
1488036375394664545
-7946857999963184259
-2680969437487189752
-2226623884735656417
-165234782341592296
-7627457336375044831
-970025816617977877
8453340275363307717
2359098627915652711
4767287921381737974
2268372285763778291
-4299853541003179696
3053267066350764147
-6315227163567312302
7027705989720946673
7897203072583788562
-1392002203644989454
4440392621069325545
8299562640256446517
-4898086407324711251
5167090299516422462
-1950676446388209573
-4181787011721484732
-8319120697785678560
-5713516261539450826
2593515462640338187
6055701829125327811
4683587094451594656
8314029941815113508
2757590525547468601
4025113068647449900
-1248378637737935800
-4639474918724020487
-5960578098328250973
-7154146036975027401
-1525330362968023624
2500943358503444740
-3935110865356332178
5113195833951422007
-3725519658050341
-8392577636359916663
7664946112225641192
-2846793658290278313
-6373173477371472048
-8752820602395049058
8238522223886692547
-7680145532128235026
-944167640958528201
2829338537918289405
2043427498702961782
-6392446109540957094
7663085791481214500
-5349334325373017853
-8700690422915933642
9034356515123603258
-1932902792588430269
8993377952256518961
9110941478493082958
9198705966714239337
-64225817842718295
6411956373462530749
3586052640296017997
58404268053079690
7391104502535276707
5580945687732796986
8917107379589443666
-1002954265861510462
8418045837235996625
3835648455438219786
-2903477130149222355
-3653815225757280323
1546576312719395004
1292245428696659462
9047738420041353431
-3344055837511989995
-311572136269482795
7451433266249747317
9146516516293761949
-907514360211389659
4222949113806199114
-8047941428696792925
-2572932738831409198
831637227986006526
4098571782380922893
-3494351605522776370
-6891532307770340136
1521764077710523698
5639948036280163472
3526469232570670019
-8828937225882724940
-7003914183567380605
8365286451149765893
3562067916439068005
-7582504987308757079
5054776105748339558
-881113592141276592
-4140979140501760946
7990355283550391727
-7540388498086202961
3017796578004468417
-8780570563873242167
6816964151514163703
3051239778152610513
4744661676355651223
-219489785405550206
7026274245367861678
-5601148003110596184
8568622265228439327
7020024185480393815
7360075368037659835
8400887062518194774
5616288884670728212
-9209417798386081717
-7208610675676842496
-1791586134515613879
7087504274383164764
-7684625100649625185
5440745893828666894
1116452209717463330
1889029539796602743
4067034932399221349
-2205513288478014866
-1954405230230559902
3382177669877367696
1829467807986254638
3686201441281928543
-9108571208670120887
-7062926739483357663
333403524203130259
-5725571239548748174
-8328043964875184205
-1442378427035761777
4198237096241643499
2743582720049344101
6537757731583124424
-5752132397614425275
2575310864635397771
-2435112961710957845
-1361065121797397741
-4524637473096685233
-280789838095401023
8980075328756609607
4956181456841321603
2334439009526795118
-5325507015291858307
7600961683524408653
1258244286456543693
742856938388107390
318789799291203324
-4603834735496757477
-5735003821287047937
2579233004637070418
-8179238682822736751
-9118821580216452218
-9099618574956366851
4533145823760561082
2450676118991639171
-8632820370878778850
-8444044274500015285
3677490468338365557
-8251972621655718198
-7809561558414305569
-5098697882452009246
-5794491810056101554
5956986927732574284
7600023677554761352
-4165762334792289644
6973845166830269705
2548990804693417037
7064084889848094115
-5214133005910038177
7278646266360813414
6192385169018688459
-1317613684888002704
110397071853000449
-6279002269161312603
7632257299870481175
-9205661605326553932
171008708276706595
-7581957937612368380
7596099593795207962
5536521413965371085
2361770454507691482
-7234494529841517545
202252024327921291
885696016485874534
-4222568879211142590
3356963708256854263
3173953462879726982
6580528861399394950
-9123951146749174484
7373825078967145367
7298236469952553082
-6151554905914769094
-2176491425252532341
1600457105089142593
-3247518904400038090
6561911001805289760
6533212736722695619
148079123732748368
-781323003991820533
-3949642170034644871
-2607238952953874978
-8398319178676937490
-8820743048017758131
-4533566605721939825
-136202198292020554
-1412985726452790872
4531761403039842088
-1556192535867839668
-8436662484768824966
-1208323884387868987
6972468470631504542
5624917287196028885
-166716687438163226
-1461415630520815673
-3818465881591911082
-8689277707184431218
7924491931336721426
6408817463074612650
-6206536926037691920
2392661195720972981
7742281733520158239
8061184898977739773
-4654872687834055945
4556163014506572170
-6249378201549127128
2432211226159119500
-9167683357294983334
1161697328100360416
3335432612934138077
1362329636356685836
7260801569875908329
3181981220711964095
2240015333570067569
-5182595427550780917
1637949494238858108
-4665965939393899100
6704871043776959449
4406875713061841529
4302619604198695462
4188533343818079241
-7087481457251326091
4412955280366143988
376593030273569844
-8091401141059949984
4699043450638493669
7707642414389918082
7613475130165793297
-3023275283537819901
-4108302227445966268
-6781649519561160114
-1909828315242866297
-6617851193389594988
-7316389299570003004
4517227375018277912
3357921208931020148
-7077944240991250340
-8167588012803230278
-5375649493525585477
769025079206991717
8264460240838948930
7219655421524463878
-5678739627581122090
6501744310458903552
-571989752198618684
6612291339615881086
6203210037004387692
-2072918089886368447
4267188969991304311
2591046082200116888
513607932975507972
-1563874989302431531
3042212376326661016
-5250105038808044240
1427775397523077863
6937195823532458221
7272102948883724607
-5328058297202287751
7933622181751639693
2804768903727302907
-171885959285511786
-3571080826887344083
6135814194479470216
8570593874500206895
5867346936124903223
-3691972595851844399
-8979151210532862062
-6084327211579361534
1511109068759202805
-7700432847357907596
-7268229479337612418
8291733677662368798
6097883950616964842
-597293519159010952
920891042046181611
-8964126497051090824
6502782307809057152
-8908273341777966073
-3051559751132270607
1259095747890985217
-1360242925107988503
6187610956762454921
-6676858059353763622
2058938208463690139
7878827929157831295
-880208008729285543
-3863987633580681366
1331883326154202584
-1999721182946509312
-6295557616670095621
3977074596022314093
5594445521025185917
-901526289228015899
-6238233910373720273
6177539248189086928
-7605665343922033706
-8443681974931500645
-1018242954514959563
8937691197857905844
2326845045720445127
1404045665039026074
3976904344637632900
-3071795535810633365
-1977838578510800454
5445566574906915188
2243169821784728002
7048878423027200233
3771308632760998153
6978119121562184836
-6120581913708088604
6997579845938914035
-6988586469954091219
-4894335927257362359
6614269238191524071
-959432203286017193
-6425810080449451937
-7302179322103405319
7739777553780826420
5946589934763547587
-6241688464534454299
-6262562324622324331
9147007577599034741
2484902531983891793
-9130562541627402353
-5763819280003357798
-7492651799048357224
-1594647302392305002
6898911800804232657
-7936500053949102367
6885236924582853446
3082523577290727392
-3505657905839858378
-5767107672165810692
-8731972783372347013
116058347943913345
-8490389315628284561
-1309446053511563034
7600174354895311751
4923530809952236481
-2839607474854504084
-7257046419450800949
5151988933819853054
2232463433726760795
-8040803274737078466
-4587999323681769101
-6438093292734950082
-6158455717828626087
-2624757137448730589
8688365445239104543
-5640333647557662936
6954479191621631725
-2603593332932225079
9035817080217035975
-3295152596206983355
-1225550721548177244
-2270712444935311040
7836580671188650360
8472301486187807668
-2340157194952130377
-5189533909926476926
5140375892545264025
-9021195255427298610
481976751099924607
-1769527719674941530
6808771234507757104
1196997876793590824
-5683705631262417451
-3601416828754307535
-3322682587034318527
8270605219674203264
3936645369514337843
5733068777781716822
-2571786315119263385
-4304937423324038850
2718780562691289782
6432137481944614062
-7433466356286944341
8724479089705275597
-2533903418239009781
3742239703105676882
-5729932398018119425
-1878630364468657072
5885119133502928783
3380163204571515646
-8127206469539988619
-3838681089628718677
-6018885860571498903
-4001678845711572262
-3464723480629006038
-3673570414116447496
2943998130918629740
-4941323138886303190
-1245547599203692936
4018558146058336940
2984926878462609409
1968869143828210925
8340732612110502116
-6432556127857288062
-4236314000534730906
1032112234290160530
3389471164152947861
-1716231634953388306
5429422379059571318
2683770486349497641
8467121496185713865
-8523229715332712318
7732455212998561317
909404261924254258
8332347249538078872
5308369856904900994
7794267170519792625
-7319023293879829047
2890623328613858104
-6945128128986637533
9012262729182699307
3739236154718395736
-3109820949425888766
-7187902621204778800
-750485024305028447
7773691556434698166
8854860788478695589
-854530737835409763
-290924129391184234
2848675422263254244
1985237412812205898
-8314918901279603714
885356157545240054
-4573281612924946986
8815676369324105985
7384345321106343532
3380768663596554584
-1543278931583078799
5525650267084797309
6649223874935379430
-2423107936834128535
3332470292631111844
-3436479880327898456
7813520034748865299
4396701519075493826
7236032013753555737
2490629280645122167
-96030568989695265
7199366189289257635
2079873240509256598
-6048572032992880875
-7460657448308227203
1311625840424407206
-279497572225500381
-6044058468769693391
2280718450144917241
-40044116624299019
-5241445922337144377
-4112341418823875934
-1002733407084897826
-7671065314493691968
935190927300966899
-2393123949709395746
-608619253897263939
8828750726271847503
-2734263651472358470
3944809315740259705
7692092668266734693
-634253716902938643
1152246330981904250
3875475743646565456
4512241939318150280
892749080830741549
1795393629686241779
3346476283645938924
-985010138985944123
8675430852242206626
-7391921196730301056
4408890798191767922
-4568601855720865932
-2713838808174146324
6643389751399743940
6323089935115577029
5027751075375161336
1422399807672738013
6684057410227203183
5943560819494970605
315108716992182228
3337949146672251887
-2419015902057452628
8766211633117962601
3274198308466489837
-6982747627654854120
6741246715366825219
-2383280772112589852
-4839919410153698412
584043529321734703
-5896697097507322106
1654754288616997693
-9161890138499990155
7452718017609711491
5803602355289918174
3103672714423483997
6978412322355128017
9169808094867621046
-404035697765389728
1608462656885979364
-6904205752505939440
-6881824784022845938
-6837763920186594339
616084952348229700
-5621644538532262733
1594450008712638859
4115353734584117545
1412763705681196349
8522820042193663206
-5662592332949935234
5316847190808587875
1427180798441707212
1955992415424943110
-7676520148466733214
5179062861892045445
-7346043023968637700
3424314383061006979
7100065112365123632
846802596083667635
-945756981288250257
621997604347687041
6574099615272685029
5680934390291588990
-2466173430895196918
-183203147952936726
-6205740840505403209
3250869946817525015
-5658229073371908141
-5100346718193236372
2222902217872401016
4590100744151246496
-4539597435357608658
-7895592518109021748
624390641880325453
-8765999191611334238
-1695827282191008771
8016956090857638868
-1989654825309882239
-7976573713476196654
386549506838697079
-2920666081113824753
1185445328394313285
-4531351050707181440
6978493732747334771
-5379103648131656171
236348172716535273
-5600269809624983058
-652291625493793267
-2802619245589761424
-5959289424275787442
4648017416561266916
1373008255336387393
8573339983760311394
-2589960644925411312
-6100519531876503429
160503516221326619
1014622073053309549
-7380771604101895462
-2179923937141873701
-9120839932662401943
-5480053946821516472
5626621295691571793
7942274893179516934
4675053794069760082
3014341073350853905
-651811638816582590
-2004967053662316048
143868882692479902
8630922878439086651
1999040468044076676
5428745340364328923
-8037501414154818107
-276309150533398846
3924092006285323966
6881574234596409377
8014568756554410778
1214921139789804361
-4842953161536647802
-5623159889778544036
-805956408497035835
2174439504022652849
967569944262846989
7941172998536264805
-7123120362647348621
9063688395855052505
2127831435131785536
5618106065492996956
-6649383466709707846
370821968009168569
303162484100050573
-1333045183791268582
-769407411539001687
-869729452693177142
-6990405616588025108
4990215502772057006
-1154524663874170210
3081408021990001845
-6130121623439231410
6753587954071525139
6916754012853199296
-4701013210376867787
-5158538204194276493
-7903926729387323247
3343025413427412324
5840066880324522517
-8923263055376438033
-1819240421355734068
-3063360378041054620
-3588958689408120598
-2589704469644581999
3055650471327339809
6693051905366628596
9097711739784276548
-7573016064893524838
2519312856542847125
-7210369109430162476
-6081087495752854811
9125821943132900954
6157144469397285837
7785916795438930727
1009957624385610412
-9084728233428886948
842787412880549655
8794252534551914157
492394895914015533
1020020082127219248
1974540921237975719
-7424133174177347302
9136610610137681394
8416410516652824864
7504434559266286402
-3756189919323103251
8701511774774188719
-2764189782229566185
6100124042876591803
-5733230504711088226
6685313957678649685
-595208280336607016
6000457859186632863
3687869172458669224
-8372004269198822639
-4653674945270616924
-5181493885167925372
-1243671289154956690
-2053226505914420848
2303158975158496867
7819828634265572515
6955976985291316311
2757236931860243658
3505025236445311015
8318109304566794015
7707710382809053762
7590567754655047142
1497947046572973340
5895552170837108460
7243936503551840241
8252126506727440256
411936465478395323
-5767741336622417209
604549576277364114
2805446277611972497
1045419189687640614
2310068892409593104
1272743973766394925
4370055111646407053
5473522603704577802
3323503433716371686
8029163591799355352
907210348152945680
-9188793167605965116
-653458867670224026
4610831088203019914
903971031142562182
-5634113888044699877
5495686442108843085
7180762987637742903
6976204840721165758
-989274755397881000
1518980577520730695
3653896701342995441
-3742628535267256812
3873918829632015900
7006290092514514523
2496258696189278647
5575102736653806371
708335015573657384
6984279817773344035
-7928406816689828775
-6391111540121001730
8356131548084582775
-6541183683786241216
-1187524492613688100
1329890057384286362
3350678920184204385
-2787423883720081160
-1837749223442169196
1755353523733973971
2284530922159441154
6115825517108802110
7383677157407154643
-1077809054316461345
7739960143174307801
1856900532888549592
-4531070108070781135
5010739436737669106
5413490376421103387
2639766905596709186
1161720792672091054
5353548354587709617
7262260300820016829
-9066375868914435416
3882472569301886053
8659994621280657294
-1626780801186839882
514728554665758827
1684638246255149350
-6703434876029535875
-7038208837039213821
-4358119325069263991
5182022629114136243
-106370984017334511
5261242161674400552
5936016945146345831
1379981568418070629
6621099611668934897
-8335378259187477289
-2887958457466799955
8245270639173484212
1046866698491103107
-7849409340544646079
986463556468520425
-3023744138832997243
9053345261141044865
-4397902113277686286
8511526869893802465
944988681768015454
775464475515602759
-7683354704876829254
4521534758393712154
-2531055208827677900
-8364901123407480997
6695188841168136098
-2381991969967520237
9069381100921102417
3618307680445726564
3649154937319490493
-4173551866539741421
3402942989258314590
-4671673965242108328
-4975879299593774704
8901569797210356016
3133130259591063836
811719841723277698
-1630043840676829313
-1175197900821696046
-1122149095320418342
4090960693600254358
1436619459266817870
5651327661724159824
-2281529894984674691
2038296984681979345
-3760927696352786142
-7330439850066784427
-6513978626497320054
-4927291140659754587
-3984480144049712490
-191466967340521446
3080573577488973245
849209640263367245
-7888027374770838598
2310575221664282330
-1516459618259011504
-3911275841645921090
-6560298742899075273
135408778139537177
349172074468184930
-6125105696347073231
3938682443553231028
-3573938134324049549
4590205288647154957
2545500589092413496
-4612793337517288194
8167704405337275668
2733149965985765103
168668931144499623
5370641868456591846
1758083282583498690
7231117687265237068
-1567955279207693478
-2055658317283044082
4600578591082111607
4613311828440214261
-4214106532989755169
-6035611424941504392
2916686711158328613
3684641141732550563
7312555315110670291
-7846903234337793546
-3491049634646399742
8575258923926910638
9140146204332796417
4529647100470255255
4181866497728130
7904029023149527731
-1120300936008738532
5176144374889789993
1219709510547085918
-2842151206697739040
-4382519127823801166
7059940999209293818
3353415099925054320
-5766200324680782578
-8302702523103109097
116525822616460837
-716328747624888158
-25750618535550951
-8989821732216280103
-873806670258146573
-1083243553289833922
-2157890057457950967
-5475894732744100407
1501060825408028160
-8271583708823317881
6183135017240895110
3618153926679039955
-2517792723777483685
4940671803018176551
8070764500120527908
8615457884819692498
6723714666700584638
-7978507041425395565
4466876947429341379
-2653972005112292429
390440861099168772
9074676179783384747
2219470938782959551
-4247155548440660903
7469960114449573827
5415030553767370578
6217346583046285198
607592520400355795
-1436834256284708963
-5415221480489178650
-4746999026855558076
1266240995612284333
-4762469767286291901
7091445596734331527
-2781436892742084052
3949351406362384961
1726927151212531609
4859558820693466339
-8961120104740951513
6353969609541316474
7337276504729852194
-7875897076485756383
5563962541066726282
-1320095275038903027
-9033829724112815736
5163146698834425597
4426014816955783751
-1960718967260510435
-7302150557678699064
-8683737578412925557
-5849035540051691416
-4465136940958446837
-9018189419470363897
-7706872293344587714
-8931840600523610633
4973141280270552790
7168755323790513488
-2820003536834939894
-3708359628477897410
2874452585691747783
-5317123695221074230
6347553062024581706
-2141922347624517693
5787513280574224076
-180637254003555033
6244360319921596758
-2666775577441042171
-374504353271889171
-5801930817927852345
-5764640837947722242
6539537997977617624
2751808987375152871
4144866298967602041
3136133162282178390
1540987260487330269
-3977264043335742518
-92496280747912478
7108143571433031083
-6556457941400124726
-2694213994147843449
195672867806749189
5138492885383468397
5655036611217055246
-5066420384074572006
-2417209613150734579
8892895903195890414
5633141738142963844
-1250552299546677511
-7336079134663922474
984282250953434071
-8690101434555789200
-4219925163247492131
-7944271550387598079
4816733282081909106
-8023045789161515793
-4294049669620324002
8991191139955573941
-54036909440030142
-4391716762204101545
-1187429721441182641
8299446279293335509
-6649688973053693903
-6335841262661327793
7187138751637513016
2760641494246466536
8057110315616380500
-4274884203789860238
1663467366210531483
5508134073506577164
5522822444476493476
9213350019922107272
-5800305478225221856
4748013974587415295
-1475962778002426541
8109571030292464014
7353453849031485099
-3944234653354072568
-7241889007006211023
-945723148521012121
-4505283451811371439
-896426397975324879
-1772275750867511077
-8479201357630643649
-4906564221132273476
-7930929032844977132
-2398684841431173976
-470589794330969099
-4271993110306339006
-805135402340989495
2231742657515544317
-8948904687216324853
8604916690384981471
-3139159080375815026
-6653049086897207027
1774881936967924010
7120454743357549042
-1273598963010510492
-7910577985119442041
3422784152665936381
-5959797797290952837
3293534548845104366
7646287180146124773
-3357782183495070619
4396601207371918891
-722119802547240345
5649361476187499261
-3014802594674369998
9031913757140407692
7515671899392243838
9088384982703393647
-5911776831010913052
8070442119330509331
-4167522617218205706
6074255913935192461
-8959997993322095504
2868197710946064480
6233415309579578109
6005120749002622872
9062947910007991191
5456450258782367831
8505181539430883279
-8745281175832229233
4404701897323319998
4941687756809060039
6835112089998588541
-1076784927462757804
-1593475147866035024
-8335204438120299115
2867955016448074619
1014529617107646075
5404333781621928869
4381597815208639934
3147933022114113693
5149068787302567548
5318877508066299687
-7374637160219606893
-5124318835546222390
8444168400419265805
-3430513952271405831
-6494257784256706473
2648278230768037958
-298554556676371483
4110051538150160062
-8232146603361183279
9209538578927556215
5148296502848807777
270249070662065079
4874259621331578027
5400306001513536249
-6972044992850597275
4540474570919831254
-2044342043852075868
1581393793023436846
3616409637994569951
2096440683612353112
2970476535486783375
34196491525897889
3756344329676746674
7990887498865106029
8113407714507960869
1662979937883509296
5245793973680815638
-3596202360704036404
-808739202896884080
-4615942861316396867
-8811161384428570264
8405118940287208111
6148064743607500118
-6065659514091283138
1674173642193561524
2441956322897701894
6866622380783371167
8383797088349959016
-7542623111499737576
2278507259844605368
-2193349835888042124
-8575441310751098273
-512621856322941839
5859872709933831454
-7171038496201353377
2361706910547349644
5283312726273911278
6041306800718181746
-3894266283124024349
-6473056674796615663
7606656308870834748
-5002079667091253001
-5299923091268320540
-190264906136004428
3185244157413572584
3787594835325904271
5986799316616255420
593719134658577218
-4293222820875366613
7126542019151686983
2629183389151982369
659444936406434733
-4208536702816506783
-2690215983558753259
-5436591579965748618
8176499871805454297
-3645515174175624232
4073533402711199162
9208303174868810647
8345145513100305832
2022645268692091062
866773416685199366
7826196986273021579
9155337958477669652
6185797333833898194
-8964154446753981348
-6900929321312916147
-2453360655584137526
489130888469696391
-5512946070131147741
4646871641513855308
-2015073368079488999
-3025206122103989955
-6002085385266385550
9166186619183072704
-867431912722745751
18731469116001278
-8431527186351182164
701693076447302636
7917351175713416257
1141050339778652423
-5812426180898043453
-2321095114083884732
8535377293560529457
-4882655572391037880
1479116382712591706
-2275211719995950340
2425456176303310309
3799769041851719749
6996514276799139785
7572777674633412761
4047411120035793479
625690360675639272
5430762006657163510
4128673718399788398
4326414614421627965
-668981939068799923
5154276456451454643
-2615977089551571307
-4717990220810754996
6044378240363254301
3414968970844888460
-5895652597489592522
7392491466618267113
1626233701241526230
2475321182033910731
1683880469112295132
1709870175661140028
-4216403186784097081
4311254900367605783
-7757712204104402790
8636744293886293147
4423200907161204386
713302421644894510
5003737447725208869
-3986553417980533768
-8653370496180103975
-3667397745076847680
9001263088677176746
-4287941608748667952
1768675021763773909
3732986671595503013
4076712458778241186
794622778820001726
-1716697867686799563
7036345546224915163
-3014241114828971497
8203438019311087243
6368954733256217423
8594629974915004001
-5429700807861182720
-584137931154876621
5810410079916692756
7932279331205264985
2649379843913313117
-8724438203770003890
4750762545953380225
8587375765816145963
2428148456462648268
-7397899253477456044
6684770555600105952
-1573620636869325253
-5714388737875882134
-597495185917187694
-3055758803197909993
8278125481618912133
-2883326332540176791
-8073829452275619170
7081109726172115060
-5571643293276759151
-8383854973862199852
8792041428670318457
860248403812172826
2129704519797277063
-8720401069832033723
-2187950705557273702
290165139267057727
-5260544214158608865
-8932098305041732510
5278316422463737562
-1881977164056615020
8167879256334817152
6106990970495311536
4901243698901278403
-786464142886586771
4224389098605693744
-6384461478276761237
4413820477293414445
3660632375330618026
1843076293559400765
-6464983639897573067
5590690656724568138
6902626437989768057
4409445864704247905
-2807663995804217734
1422877750078526780
3434962939829098992
-8706308997301049458
-1979891307128932979
-5280329676007095159
6078943941913875190
8677639330076785508
427552894287902108
-8406887502086256483
8292046111871568298
8748070826872657505
-7942905577466514085
-4693713994519631161
-567821884382464605
2234614828519108636
4738276617427899994
-7559498741028373825
-7323098863438742769
2599598856522423013
6907092608916056162
-5712969748024910317
-4868544954231435915
-2619107387748769311
4838267782424102460
2384634235186633461
-7129924475804837029
4611764587472979514
7847065343794827221
-249324710768545708
7456427152128216458
4388649477846447921
-1092582627292896154
4191953230501692953
-5778552962319557183
2563448482739859895
7926571708389032562
-3468581805249518820
-7513952768608729822
5689847360388640325
-7618509185299129959
-8755274189352620989
-7855881571915829514
-8643732892148265590
3738364006525874828
-5834593614470573880
4366663823435981130
6377484154072302830
-3622292379218509684
-6728551690324023869
5489067868697810597
-3282173153868084386
6963676147567123335
7814181918937384683
3897191783961166555
866968830918645538
-3715143216905059962
1695315528256490853
4714632316486730569
1361134893456814975
5007653025024805103
-6907929635053856506
-2064127967951028325
-8238764783626754092
8808774051607437443
-2412227183998356934
-4228369453981965245
-2016249664109516144
-4574714830661963978
3779791456725435994
5397297907412351987
-6086559180113560395
-4898054617557470789
2626599584883090157
-6505428605645545675
3563252136237819884
-6196666310328910485
3142728616824331345
5443816204157553218
-3071089235278228033
-1792118386760386635
-3978690136563499781
8333435969643357443
-4821350793371510023
-2729218306684628192
-2639898271596932064
-1320465016426282993
8480001276908937577
-5673446680747576415
7589035431036449291
3928285809722002042
-5173877471104035391
817097246717636544
-3160759546219883849
-6263710330110830753
-2313573321547996691
-3672225950489978508
-1370661676465367202
-7365743658917084558
1814683967911492020
1551622237778355021
-3190116349452340794
-1220890082619779597
4450184128270627540
3471399363706202306
320754766708926008
7949844991374506236
-6562354352356749840
3211760288119593434
-538553879920493586
8082454143905688852
-5583060195785430558
-1118146590479229078
-787889041875075869
-623590521917318332
-4422040078273280303
5049036952132687466
-7599504094864751088
-2688562241307474613
-5734757160668971681
1836356163752445025
-3592806951769830521
7642402919180477298
-6953442721933327431
5024136903775326963
405000695515851784
-2156653067790294644
8924450181925990429
745600552664571607
5607161990648848550
-547427498222833873
2228969954330567611
8688231162650188984
2795066818749165810
464324698934618094
-5312084524704351646
3969415404421408420
-1536376259319975335
-138779876898366098
-8945545893950940791
5503522188557945136
1667513337758549
-1352981550468160402
-2180235018106636101
-8117880987389470135
3647795465697768013
240201003226396943
-7907261381290385636
-8296005829738952790
-2360120446648161856
5903961918255626386
8760213416910525168
-2035974136064605597
6234504570902154836
-1538377565347656785
2936527143081843616
-1738435911442419326
7707625474814574572
94733513134791828
5841198060802491753
-6134106001464140650
8361728648514146296
-7164739526896474307
7833961972392143052
-7177819962547007602
2987629157940536024
7659867395744576736
-3059240083920500676
-8718056506007015185
3405172455516781008
-2114262477294586906
3426205613522204169
4574237514089310690
8834932063538596422
8286805692290002225
6444949958491029383
-1480922654832964790
-6999917385916059759
8350495319955059102
1780230913478491077
-3252871672768494200
-7770395446603073515
5192350764242173247
1292684809556279202
-2366205409981640868
2934512968501926299
-1723111052150905783
2796665778797458090
2121672043262875609
-181894591103650152
4185527870195299935
-4444982802964843274
-4662363870680093622
4038917912202548206
-2067017888098939326
-7213046894270508988
-5360239476209061493
3026892427103026885
1874725503211594915
8108073696990430973
5335517523567630320
-2143403356653519999
4932763776111353102
-3331884551161903557
-5899857460959354655
-359750388521493559
-1256357966327062853
-379182224715407944
6757511693801472046
6256357675203062923
731410266845903253
649680747179911977
-5651884921061866495
-356429051153513702
5739481977408181930
-5177275798550369908
-2691424762313851875
7623121590063634954
784723191902878895
3036350695562378146
-8022171241214530864
4246720386233228275
2603695852288502590
-2396532538801583754
6891706169572513206
-2173231209229470858
8526477470746337013
-7859407679321576010
3566239939504741329
8126351620410239658
8907718434237301249
6059357948917494709
-4901191202203574480
-2734281800313868179
-38325587191371024
-2501566654313162072
6004957709557813281
-9178123617164183373
6506945388028491121
7658265277824316224
-7726671784557301489
700974352630142006
-3388893905480830143
8456117224686432611
-1420084662896494888
2765154594764624987
6832610991564770096
-5664577732383431801
-7725263436117013286
3640113651240699490
3150569813778444296
-7399362115237628396
4088288589581443778
-4488783458884728866
-2500903806988620899
7300706846375243491
1373259936462761090
3598307575292174154
-4961961371683191371
1770454900851083672
1397811191636990992
5354568593518039631
-3782654379094128164
-5169939245598714052
-1125979442047247573
-4722469166109215050
-7758196978360631873
4997334799464017363
3219072756078242430
-3861942539815765115
9198774599994468952
6055621332592331672
741649341241373333
5634694073615196947
-1939503362587787137
2276003546255270615
5818768626811347480
4576300007612657452
7519143596008614420
7450456920032445589
-8255678176157082707
-5563626256124353742
532741586533950394
-6685009225905860862
-6545540348330990065
5749103804337756918
1271525097355914390
-4466614040029458970
9189684120043770505
-8591755639423591580
2949585245807937362
-3893704413428495558
6283983524169180316
-6132151367510097161
5715263085327632614
-3232447002451064240
-4747943366211360433
-2690061638068094354
3770939702122206776
-6889569908467094556
1889664902802664957
5760824110598320760
-5926653479742505673
4217271162797012782
3845934438666965791
-1377800125703235565
2060296665230803788
-2502344327257600279
-9178854357950061196
-6451965834919238931
-7659222635669351796
1074172661762780696
4084992982998108087
-2470795919134887032
-4445152126498067397
-102707305528318272
1538237685149394903
-6410356135207436211
-1590778569329780346
9198456977045454306
5253575526344918912
-254418538510519594
-2810992756518978147
-8774883236709179710
6814256570834105593
-3450991225578530768
-3391130680757774254
-4443489005533870736
5898357593249032539
2888058066089259844
2757388778149550444
-5128888409263909719
-4807033948488862517
8304127553782630895
-7853223960429054374
492134884834564264
191950437454642330
3953914727270687471
-886228675876092740
-4523775106080378006
1119378721120132705
-4660067965848886283
-7378932622138401906
6661398327161395374
-7641631311641473341
4090244179224706911
-8275402521857114306
-560628999393201171
-904124018875468134
-819093560263976248
-4851874590147427446
-2464729912042284919
-3361711906739364019
-3858872673321380705
-6646427180573627412
7724201639593300451
-8097378853969110508
1407309843616329650
2686538887037946960
-4691422442972668331
-7613229865697780485
1683772902297340889
-7386294878150827921
-6672147876279408893
2055367882594414339
7378993708058832327
-7898696573933812762
7939827244875317556
-7671246051095123134
-2986071774127936863
2913050013704218610
-1823239008713018605
-8325873440903255179
4097802161875841265
-821959361754595926
7711970863221778444
-2897889816487947744
-4632809085116043810
9181877938717080097
-454696890164588883
678973085091275907
9002504204991989825
3711213766974550187
88463254754358993
6475799342596877409
1477364676941827180
-1729499649857390460
-7767247550034012845
8816699793783727351
-1207874467631126895
-208320365812095016
-6617078231582319285
990468841269367161
-786982884940150603
4154135066813778386
7494855103942564960
-4250657146779136563
-8544781954621713480
512257245643212288
-8182638717681872698
-1879697518371154033
190688704603974132
-3968660012863957220
-6284897584228398810
-6670394985523708107
7555610585326367113
-3194298429707537418
2128065657135216639
8019682755578376212
7181919941434411633
-4057818715689609755
-8452696594747379805
-9011545784272833093
1380504692326600091
-1325628805640954164
4228850556378948472
-5415429344300705528
-3095575246120081415
-6527015250768947251
-9071229978398358871
6731094267807543499
-8120413547057329412
6171440488090356502
335425815290837025
614305746606639286
6974095191703183124
8056287988892166089
-7030006661365643620
-1536496427603916307
8406176817010983392
-2579858587694911248
-2498428692727136050
-1897520324770236980
8487486261192234037
-1136417101071369750
-6464746260873163092
-4069777609968882457
2832998299177295162
5512260265856141754
2808179285584116265
6507928629812938528
4415927559552926336
-2611519679596712871
-4532033337005695108
3845338167347476059
391103765209221897
4298785847839034200
3064508680673574949
-3669722790690852282
-8584396546603216172
7324070462160799827
3254993475700577765
1157757088173710073
2055769624083713773
8094236465618525346
-1783900171621164547
-8490281437489016128
-6496552644317343527
2769180451018947321
3163487834477654655
2397485249909554865
-544265381215958343
1939944631951736025
5945429129648131951
-4783078012627289020
8139944321168569737
3756038365158092045
-8505587190052605702
6954817822356358942
-6365351442471122867
16579653488570111
-6192114420045537005
-2948052779168445242
-8011309436949526898
6418290890141908314
5857738296391411307
8694443093204226576
4025634144092261782
-3214265359607603216
3358115659167220540
-2602935610046621829
5376542282421313715
7203643030856646128
8673373261260240491
-8875496578362111468
-2663046643356690628
1652881594100749281
4798042891393079288
5951257088898554559
-427112508045718008
-2058780801216230834
-8197403271754507084
2770125970330294960
-3666398709157583170
3886176062435062147
-5902103864208864903
-7311907588914102889
-1956457211389757637
-6299132377511852239
5112749262288486593
1380492468335716781
3684803342373681174
-3568574392698740541
4365648056383829736
4333753206992694712
-7201396873421374916
551258937180325555
3041236055717924181
1999034335908630261
7124446028967678982
-8912764305389730512
9045148668561780019
-8775528539232192584
6459616984008821384
-4141407046944640167
545465398292711617
5515111780739073478
1528854624344307546
-2877563460876930982
4050995217720491037
4912803078240897765
7448260052310999292
3392366827856321293
-8084934869434396643
-1627353835627065296
314814985059230759
5119000567786372729
-4710454999859339427
-2587906141581287785
1738045595712617952
129652049602087681
-6015596320769660987
254823459927949725
-2809856901086106003
208460524568464901
-363706436511387053
1420302896005350294
-273449228908780517
-244451889850129964
-6283802049057563668
-229508040994653064
-2607568592946699167
8376627004612108460
7844369896606589273
7427330832180314987
6583699967757140629
-5909323990957985524
6995694659677597537
6128714346903162608
-3349863530951486455
-1316999077457884188
-1260426667387102796
93099043953595560
-1903380821780232980
221799366975812746
3946988579637155941
7465710106166736870
-2736925027215636953
5473276357383245936
5928481657073326210
3236081969899877290
-2563154371354813114
7656995590647484092
-3265544159000512503
7933171882290213750
1098674654713828789
6955624865023996636
8588355692698761968
-6242273412728767911
-8562537408571643285
-1192382174678601685
-2625001797818654917
8546713013406691111
2909891230849680405
578748636262622292
-587682504365090082
4225580288068791830
-2496520846208010780
4096945966024656417
-6982883803581558458
7131087047139214093
-6414461457247768768
7853851826851953809
3798324666182718622
3281319150734984477
1576651444986200830
-5087603003327871143
5070068413137352128
-5571164822931009070
7880490129689747672
7629771886085285722
8110544425157244030
247408918582052244
1545794080352083022
-2211314328597028168
2724141254344411312
-3421912609740584845
-2302461983058906295
-2250475631456827841
4911990960104472821
2580620330096622447
7845408006771558675
942556218946783270
-4426628732405009963
7048374393261387917
2094580257323932473
-7375764892600472869
5720358410742481839
-3375741449900162665
-8057087377990079925
7028242299000528122
5685264070430479709
-3789899855736001290
-1718628326506415243
-3833097561778990552
2420581283336623254
6497453565336258159
3796940035090283154
3475943522021557271
8070658456162892094
-4478877235631407084
-2869422942484324347
-98513356229037754
5305219296377606053
-7079823926091593837
4651089544840816407
3963622627428408919
-1626011831666897616
-8252722109849560275
6800708985699936651
-2661297632184122341
-2274734734417288990
7317628190103396307
-2766792970076306352
2648524976443017263
8842813917089386605
2793633692545158972
-489761409257796732
-7426326909137231118
3998919257897513384
1182535618809793189
9188758792339591587
-7568867488498177115
-3333663894595127590
-1536546670518987607
4810256881967713091
8399185396417124805
-9036802463125448140
-3541280035245169474
-7376206135112177117
6572269053753686604
-9207278971300608116
-6732353457288137029
-9005356054811901169
2714930054853030388
3615694859982470767
8731732688995126370
-421453796475633284
7703393200128904810
-351650717425575274
2903604939471021021
-159548380997308084
145778584718413176
8128431901742847312
1624802981162433590
-5604853288395894300
8306205342332595515
8654055018062893526
-951524432067004847
1718578655198071517
-1208496661828245854
-4038194662533906134
3720878112024682696
8068342282492528464
291670275583055200
-1622916145856946605
2111424399151900928
-9175546214047960097
5394125054328824358
7492852575568684717
6900367145972549261
1529246383062219112
7914170357560163585
9078226598104801174
3504741899280069714
6226571200734869046
5136418763498741014
2157252605378526369
3254876001578443491
7020514868945979082
-7298098060156361587
1180434480941204422
4590630898646634386
5501313967236674076
-8336599422598916067
4349669691539864026
-8481328640823224925
2791874074427954271
4960647169115098004
-739500831305884128
-6211552316017651449
-8334051207482811114
3282101398191110689
8001963671309392973
-6496403564099026049
-5044183276593680309
-3314739731648583037
6226714230001183590
-3577528516226174264
8342109261262160787
-4250520641258643587
-4934510877172897638
353928929527534323
1182104434482372882
6937445638639896002
7973430307957202968
961140047391965502
-9079505948838841111
-73638195826625368
-851136627841951788
3528516839701533382
-1809343038511480350
-5291605642209216070
8327991062110557007
5704699785571086146
6773181230958866727
891779478341375642
-5020352926271032662
-4601588541265500998
-7636452123406118521
3082177379900971841
7997079929217370479
481186884297782245
-7403513563965144566
1909299809837969696
6998508338378415905
5753568093191412918
7016837399860418485
351292853489997854
-5298473006505829155
7287848891295598990
512119033298628205
1686274819790310022
4356383005387878247
1644541152476326876
-1466701946645379759
-994210037654999588
-6680607488792764595
3926832786491767192
805537987370875079
1831879051454664443
7032795744914176184
8247931688020028159
-1157952089541459995
6556720523883443245
-7804666169943193042
4007132408826740850
-7856812964346524188
-339265949800731184
2883881585819038743
6200169107322932258
7343271899638005939
5094075683891474705
-5804314807794529094
3340066182222754484
-4229231348070199360
5066079738097975363
-5317768292130108401
-3927478487746288240
-1715859754602036593
-7480304542049230471
6880163793788894144
-82759983273211675
4011783083478534071
-2776444430346556466
8775562918643725603
1301445287513642185
4000300951807924962
-5927047800353924332
6977335788584975453
-7880224303697608536
4121135183007852652
-7441852662676249880
-9110302028172846632
-1182558844602312749
-5730421506752247521
-7472806099307455272
-5384645094328516685
-8329776920899393313
1779337619220391675
-992824187831982146
193104972756655968
-3403957030860517575
8557579113504707917
5447703796407750279
988507158644588742
3356673367557527634
-8105321062411952746
-2052495799109556280
-2339864049286262977
2263894753380374621
3671982766211200687
-2894956588580998278
3186371616629745198
3369640174408593340
-5485563870266592122
6970688334261705845
2350992548715831228
8510790276628332880
-5153370346478742846
-8500134695494862266
6548415105928141338
2206304443319071322
-5401527807022479612
-4409568896677013925
-8134346738726720523
7168101869107892512
5177874140707894625
8499540699591750742
4157214278714325794
-2808013938871274127
6870799890952891390
-7821447454897206546
-8879400321242552462
-6968695990911052
8665765538859589214
6028978607240938567
-1377302422904133744
3619179739125352614
-4093006425699778555
7169206917958321394
5001509229653592314
977230170957678178
-1755191263745882681
4915419634968567299
-5091165645528567922
-2723948661377656390
-4779936429230173856
558733800347546712
7991977601348919523
-33771298974331828
-601250585729911410
-1369812914925032334
8432294396743817393
8214219377336161383
-9070334016881777988
-7198850330573196587
8840740653488105336
-9043731909027072116
6726375431338367395
-9016717648411440119
7272694056631424563
1512714296839717086
2723513506720509970
923064854734926604
-6852377591101561617
-920434173154013019
-1133250266935402267
-3723984968242066074
1982545198691486311
-7323953589198251895
-248083960685429792
-7707090997225015416
3937196677733154010
-4688048875237287556
-2798579416613180265
3477112678687226904
2596532642079704444
4643044249987657409
-8421873191236254989
-3361763032059663820
3291449904966373790
6243513803450667230
8884346349550142074
-7255021400183689490
7755330829308923312
-6313608350553065279
67387969393359649
2081115125503920362
6605102196015467304
5749156798289962588
-8709646837326626975
5051462711511444697
-3706075438643043469
-7411007074622009472
5490169517047485928
-44821157322794701
2414365832963164064
4379536849702139195
-7919943245183935818
6573154867842207123
-3003733106753293787
-6749996267466331901
1598192456526152688
-1789422264475402199
1693721300471954860
-6030722064325337022
-4787309145446449683
-2538267185189576976
5650157767604698661
2295004754421579236
8974656549124541027
-738646661416437775
-6353844427696366621
4891212989136994984
-7529944724424613166
-5224374729075527287
6097670667890169684
-2504723007182560459
-8730569625342135786
-5963536180211926142
4702168038259635654
2685361196667303469
2081732440911977243
8129792304668292187
457487489600083768
-9075410630555966399
4787885288178748116
-1503018093441834122
7410021373533877319
-6872699893076847235
-6916591360759349515
8353971471031299520
-9067343842626818206
2803106693161527395
8107827213578755601
-2924577306254698513
2878615252721759167
-2859755489896141639
3747169462233832780
630303042548142445
2191161749511662028
-4916277061091635417
1830299871057153902
2810520460676399276
-3222956452323830464
-666714969093226959
-6653184201931129819
-4873343115475511512
1725667679193083166
-8985750511485917513
6077416003810129882
-4950764378279852920
8995426670927796206
-5210402002543743637
-8098400305587653207
5568948778150906255
5141213583843767940
-6703092567202158828
8165984343846894897
-7430403241204565458
-8269743165215172075
1118352699983420594
6181128009247561435
7113463668525423095
7443463616213497511
-6965719999568189833
4614698856323511355
-705430298682184397
672927708877524756
-5865543893519544830
-6010553057503249381
-7805341691115621258
8945999264207852171
739644187789236989
7893218166611869214
-2938892444511100201
-759278638327370120
-1536820864959505214
-2899263656362633715
-8927466460407758304
2864706541801879451
-1149518643548947753
-3787469389283142361
8637999530519717523
-1436292345409939652
387726886599369312
-1498331107518502427
6195652209314730847
-6578133270431769686
7934851309675963485
-6336860298380883557
8735042577297903646
-3132347146729972218
-4825067508940310785
-4351115335644468687
5081240973805529538
-2832636574104817960
7003132517691760651
-7727997622119025304
-6482256678447204344
-2249538715921248166
5481763193418468088
-5658246563838325640
1936515695128291452
1610643886376148914
1423405110751892808
-3192017088338162855
-621530089684054152
-6582288519346386501
-1392681888082962585
-4973566731806308193
190625396295770324
3941398109663879797
-838792230498382644
5910329498457333801
2488036165764451484
1451563480730794423
6965017908429799763
6998050162028128645
-4874278592857757253
226550453793400604
3471923607907485826
-5029323326946010057
-2407079813422049669
5349706783586834006
-198212294011079272
7331853238321937217
2879194512638274295
3411626580883547679
9051638378579761857
-2037811782317326241
2123772434059826749
5702097899290334202
1467855583232452057
-2507571982114093325
5443456561747048795
116117607279027690
7803711983539141999
-4099027346801010488
3900464366614989008
6611160146598258734
806580585780880213
-166640748536319183
-3877348374255083607
-861789840514526442
-1421698361456536386
-1235485501059603465
1197075791942348756
-646251213778111523
-5877965100736895264
1930188160194959670
-1916955381484381828
-7816335874923317477
-2335808216425994112
-418143877482595368
6522876283171288236
-6774858027486723686
-3353961331470883738
5150508827758076773
6277560003769118023
-8996325880127175139
172558440995851774
-7604965030856829188
4264362028243874772
-4198695691655404688
-2708028944294110938
9030987674631429324
856599185489995700
-8033822222788542954
-8445130351553560905
-7424907450422879339
1723319518035306543
-8402463703917723703
-5586201827235678863
1107926622357840700
2099556822344825069
1455032837268845361
-8058602933117578119
-5082575033115688739
-32157531035737214
6484369928430741724
-2383461469106292845
6269868547532487599
-8338551576541190367
901119257119762394
-2546187622627830459
-8582444078311539810
-1293269041549720044
2362064365220909099
-3035360459079551195
3857569950573176591
2060389778771121525
5092200976769243
9184201512065962250
-3062064539016510369
-2704097190801762601
-3020137805055396481
-2668513681041529641
-8846328471351786983
-8189206538388937236
-6093166160714516529
-2576402457868955443
-4109935878109191431
2482945331974831570
1342113330474323094
-689288197944202495
15043755115231387
-1035328319762442661
4524671801803520509
6370977082441157291
-8745412297669364077
4450846663657180245
5047425758266047749
1700700829999008891
4598233493491648857
5349052978435590563
271958864408314205
7952257745092860246
-1580473396604911366
-7817779501136065846
7408294770488765560
-8995361764481390490
-6586304471700576927
-4049053818014876572
1899350266876136252
-5299062765833799415
-8221958049525443372
3528854695064623017
-4549924244165771591
-3505654613816552719
3309906589592876069
5236623188708205705
-5222127446167851535
-7042733280138951773
-7215316138638868106
-436459542648171275
2355346483016014001
2437279569739809659
496432920320340158
-4335248416877018973
507229027634720392
8740437610831162147
3825902826187061308
1315137730743758412
-3221842710675742315
2229045618590555148
-7363325915113257643
-3819433521283285467
-41778127916452796
6375506147278131395
-1816635477320418561
2162397832950721245
-5282287280392411686
5871709531704450000
-6961362062235668865
-9200102665947205061
-5987134568091548509
-8893266781287249946
7873378928537110723
-7139116080598341966
4581250241735238236
-8852102835922588136
-6621650980472190698
7176354810447788305
4789272970016902416
-8103702185131025444
4550502127390185701
-1556325525506302501
-5010304804226686705
2125465594153789337
7693289583745860615
-5453472813544466752
5966307975425501040
7804189584394244237
-4684921009054126563
-1144931378302504303
-5480830594951090920
472612177339238244
-1312381104483302605
5694759186172256320
9100252425257986114
2133752405639025610
-7660173298464692810
-4392723776662625017
-7442704512440596016
1077053043265345895
-798658616179421146
-2225959541898819649
-838937710288440917
3227482534017946118
-6721039152171160978
2223816009482092423
858887900641016517
-912057801437857255
5990643971588171751
4348669936548256451
-3411919246033268802
6532983137870511108
-2551639495330932364
-781567774576588503
-8586853966992834532
-8294938915737458859
-4421878778080225095
-8992310827918600712
9062321485379287804
1122128639336474443
-1936503669070547730
-7070366898739834628
8345476849985310592
-2397580239614229904
-8042502305154142172
-4826489729035568704
-6781947196974480051
-4335891328120284486
3389872944188409812
-5933529319810767038
-345657436202280221
733166851649727055
1689371551228651349
2488192546769611727
8791979780000830609
-514772921614063778
8849263401927260679
-4267009434614483830
-7388042479460346932
1000368994380870897
4979515820463301307
-8881815052511407767
-7653227567061728392
200412184380348649
8504474173233588203
226537960491245007
4789380969497002966
8979993632022618207
6047367954162411322
4312160911604167706
-5624540051617923480
-8730377980076497065
-7751356862561803068
1722658824117230532
6270517295110205795
7824352707681003517
6079716049519202323
7952120157466955293
6333880227589370192
183711509162843183
-3050319237708287648
-3076109650185737647
2456652501264703597
7906742494540097648
-8954288337775322706
6426253081783577576
5555275308589794063
375735606519449504
-1034019831152750129
1447884329230218028
502720779687763121
-2822768387807065880
7221145688176723842
9022204477325371874
1883730527435385883
2464557805588815106
-3845101476047814855
-1035048994653691974
3094271992019075803
8043199802067674513
5274609287829115912
-4966081697983541075
3255235469978994320
4475504805123655059
8807582867443457344
-7479011519563153970
5529810429485119901
5240666209985519478
-3499603277064787841
8949270525482741756
4602672239342061069
-1663329905623525971
-2869464865088269365
-5875790294542332620
-9168491959037931764
7261646379291282172
7393591447515806504
5913837557035402694
4955159676615191272
-4897118460464573931
5764183030350930125
9076852193550644006
5507654826969037921
-8169559702671177987
-47285920357024648
-5234206475418971350
6010458069674909298
2958209858399643855
-126299752278157183
-30924247350172563
4379673231827596108
-2275169472926382404
-7837730158902275268
-3139338710526489911
-8272128993355542943
-545363346357705540
6112956947532253628
-7762407787322734235
-2838805547139849299
6620656863685550245
3272284834109268935
-4254366389760148332
5086981349249704180
-4403064361731011345
-7431321163826744707
5260967182346541536
-6773712441430638927
-1359768719076853518
5417050165061520907
2403694301310792665
-1633258339727730018
-5083247285288160884
-3080462752764360361
-1352542680327328532
3741297594315024705
-5782529518642220077
8854876785083406461
5854072747754112887
-7830618664582806556
5131968702423132961
-2406655787604314976
5670311655674547505
-8385055858467694850
5849695807254149652
-712206598599057745
-8569985600716206754
8796676781903881654
-2551706743195533458
5205281055612877712
-2571726196164384217
-204328237191480792
-3736959990232646124
-8966225083912222165
-522494911702527164
-6832848297944420882
8379661062749266839
4564349618919047172
4488675776237834051
43351393592714794
-8658649237936014745
2128375056137600943
1710094595804647997
8523129743364987285
-8252176701155842809
-7731714712204706648
1989916801837535567
1571729547876743348
-6579251184823845211
1833717838857974457
7537497188127386101
3220546998969430476
4937176550092914471
7840645582241583529
-7601993900542191350
-499568141760067475
-2722643292513772458
4958095759543218827
7484707476784405456
-3857784359248940391
5687818650624280931
-8922409783555162450
-8671152471902058340
-8545039429831026006
-9541107418732292
6403021791255375730
-5983332009051153506
-134212042081339754
7317271989645480709
8289773784307778625
-5541987065360335264
1355279426372922134
975328954978364149
7662034346047044925
7442313361923242228
2461929851656701322
1622088145553277834
3264330386318336964
-2786374957754653923
-2348365997426863734
-442281860170937147
1128000180080097455
3464711423260126306
1319660807048554026
7699668878628451464
-9066420332237621924
7411744136221476639
-3916993933309204921
5883255436337568678
-3984127087798355044
7169309512214648797
-8985154773433059047
-3361596067062962654
-4835195748969527218
6814580139421907177
-5135420678909451519
-1870750743909361317
-7641632020789049591
2491872712681454597
1297080817918847016
-3564501739973222431
-9153976640324747556
-3330936441263411367
-4149191248709258334
3989251455755019839
2310321928411270985
4435514437918426626
-290525546066238969
-6355238317224550748
549688918488238427
3319673855789502001
-195424578675607244
1431483652567880649
-176084052699311238
-7014950961460832201
3270629766722374596
5731566835771088014
2350324040550995122
-6524185485854772193
3694768274081939473
-5139097626384920103
-6152327392785396255
8844755074784877427
-4138735475394528886
-2127318764841513745
-1312325263932316803
-5315018058924579828
1516438835282027879
6293392614228139302
-6544825225936639232
361980629590049320
-5126185672347686729
6698234398369316895
4597872265167015249
957041740263267072
-1212350833403771596
1102148808390080880
6121473394671578315
-7629111953432401540
6057122986168377469
6815108630609246601
8422190482533766504
5844473043016637042
-8424921048066418751
-357413632913690253
-7216474408989486677
-790931548822191002
2224319288326139229
-355770674087908608
5228964353713721654
-3028493178266850119
983059552071584162
-4592570158996954158
3166307608184016744
3503586373376302077
6037988270835665253
-4482614108715314632
-6745763493252948370
-9172893277100587199
1706071094149015850
5357618898628201811
1739405510722731915
-3247637872442039764
7512051155420048429
5535607254445544166
7558111276223251846
2840871868173821596
7433149900455082663
-688847485457499373
2883966093516865992
2335593696377490822
-2546895810913715947
-4457144265525202264
-5185845296879158758
-4808507543615927000
675567453317788137
-1375562008027157539
-3864479418663244507
-3225391010511468770
-8354481160536530162
3946122435636253477
3408512783582121433
-2505322823715988146
-653486148581807064
5016828305125518746
-6219753342915929168
7156387974360746623
-5823129130369841897
-808831755261703577
8113100647456633107
-913376003712491422
139595981632326525
10070202090965133
-4280035418596675764
5972764568469895468
-743690113665638025
-5042339710279930963
-2984774229994557437
9189613528166220134
-1500747721991663194
4902546945871147916
5832459062011479129
6356993404825938094
-5149231059481296015
-4486899729423572892
-8379691856792884997
-2334393733098836167
-6335072544457533262
5253962994139886550
2426624952744704613
1256191950425842661
8807858903247428139
7786588773095835619
-6022796204906973999
-4156393943091624371
-5811282528437674762
1864128103318538838
4689142227891900353
1391929385628571582
-1057061526555801059
-8597385493629254046
8508646772046552459
-3569467971943530189
6056158075757887376
-8633324964192674014
8919309000349838948
-1915476325882217444
6009313207578296472
-4795383483283018288
-2300223268877319443
3575342773398529322
6465880170864686115
4022241379510246242
3559305606544121530
-2649208684158791379
959979570555536396
278111373284737707
-153207588846070430
-7407899117299019853
2003315823376815994
3690553338503233350
4296435378628558163
-8048733058526732434
-7810879268463011518
-6027754214855245580
-6034322831403081578
-3251254706890713549
-8846010202711705913
8354501651095424559
-584964846633520015
-8938171086723718606
1470967020966417063
3989243686419105518
-6667683482346027833
557571588158689847
-5397045551842724076
2180707099767614263
690906503907194433
-5464266221764210454
-886860315036103060
2720509299149841686
8878343995211801825
-2405198990278800069
-3437551211933153652
8132563676165878998
-2923105340235272668
-3791013246961281834
2367951126330891172
-989222483096612021
-286876560038756341
3474732004208619057
-8927666211148397890
-743759988822548703
-6264433853667996129
6802537510509364037
6286086331222879163
5749471361637462854
2323090689091793665
-3896662466960066864
-3736993622155162650
6889419146214640344
-3584247205763747643
5442779311871820667
-3701783899692914235
-6131962581060106899
-9044006779651209798
-5316378100414740045
-6072671358523999029
-6882848074860194445
2126651368649109459
-5276830235014619951
400284777379502856
-1248084536535816479
-2196636332498565685
226731253126398802
-4876079370605149748
6837976282715954420
-5037342002984655321
-2646037390589894879
106805627592767069
-6813232834653644186
-6349988906262113884
-5620635920047898741
-3784856176184139050
4776403367678150087
7833238378811550845
-9217538500504890923
-3550797923843429784
-1525586818933093452
6239161213732206996
-1119615120809151799
5725457508466180123
-9082838150857793396
5649654850506029568
-5063024037408097374
-6070282987289077792
2624406099167394848
-6351036039154210685
6539636905044452911
8810299686248435672
-1817113154512149282
5287578952367803416
5709247168234166790
-8776518981422213970
5888845173196470988
8066492509958349965
-8336329084296033539
-8341559939182959370
-1473547225434153882
519863981521433928
6553530700485112948
-4626307596300764541
1015582857820210930
-61854005370781287
-2233128326792592574
-1241758651069098000
7716302392875570250
4938625745650384534
-5741613304366418969
-4141360108319644476
3821352933669198113
-7628833054218588831
-1051183467177506734
-9104887587209881573
6855319321136798316
-8065697129326071829
-3277334768630093018
566410456404093284
-614109556411428941
2757429966465984433
517307414570539277
-5934799626440545337
-8824285924999243521
-2656880737805055739
6941786588392323355
6833208923565457290
301991262761104311
8771744145126269629
8542496056735268164
4118277179640554079
-2400152580939531593
-1158601047134176503
-9072114252655603122
6053332148828535287
4797552125254622233
3221541322709799236
-2614972197491284272
5894118011799466270
1616480641685390159
2477111394132581978
7984998485727894060
5508601996887551253
6965923207304430048
4783313781188890561
4654001540633572161
-3721763004570863679
1553059708599225691
741476192164073210
-1603407624097428864
2612111339109534645
1427947762703133111
-8768227693782446991
-6020981921403846014
7577786126224485831
-1802006790868604808
3756140941295492835
7974406555634265983
4056331848627399672
-3950839185222553727
8129855199460095830
586989023454225516
3563896867414327548
-7742839098924581921
4597009955763404902
8346076957557815330
3159560373432236488
5818074102290070435
8670101063705514725
-2786411120799199076
-53859482246032461
-5016457831798409141
-5534329877477050524
-5481665068115959203
-1100051163501837620
-9221383064414502657
-1363179081590141552
-2591453300607235975
-8876355757105282245
-6585895737181502657
-4890013794374473514
-5475474195014475860
-7743293864838571059
-4253969493940580793
6226237476112565878
8168017528514138696
4751209650280988022
3156533502727522168
-7612917012799852636
-8142972209191980928
-6853528080679979089
-8417508089214313777
-8751918426370567773
8299741009619747210
5468704616395152167
-7775371035301658659
-2161845986419825237
-623917768516718083
3743134940264382645
3623584723574648633
1308219606249203301
2729284463900252723
-5403238735629534142
-4724438888452116619
-7184180926716018845
-2643835450864208015
-1067307903484151010
689227058409467988
-2020459796167804276
-3843993078755240024
-507129513993603963
3124306606695207839
-7187916258523024038
-4477061534578393360
1071767844455786964
7809685168096627325
6620129053146212287
-8174355892709288607
9004494575630192961
-162790222559965337
2567261277277540129
-907990400135200760
3761269203872214100
-7581709146012763020
2656884212873772067
8052708143299835604
5538198367109888212
3747378620621452964
-8349934144341260686
3951672154940228518
8827763049125758610
181706663419140247
7742895112010987018
-9223220856807827927
-6743954791428891483
9024845892679974499
-2357492443931434548
7648672890531617776
4321693889609067677
5177948904089159683
-84108564437980363
199325181652461326
8991323783359757283
-9011499856938951135
8443535652088165869
-6551478098797327403
5751350781414624771
-6719741285073308319
9189645856314102144
2587972570748978097
-5223108313190926305
3020760869633811276
-430875934502902422
-3459633567578747698
856924607517409165
-6673490330061385975
2146230963062058608
-194680038312201358
3212646236491225733
2308802693376810191
-3009406576010472826
6539601226266728527
2223816952304036856
2002117990147200485
6025860764954975408
7555693353622655491
4630014053481316624
-8941267467764570629
-77674540793852523
-4026355042140602760
-3513535908425258827
-5975352740060432979
653884487615688367
7418294199772602808
1927687480508683815
-2531550663582346476
550453610483500959
-3399679941811961778
-8701475456730304013
-6309478432015231156
6960054785535207095
-123057240222692320
-3107451888949634901
4466381799678780435
3583461338042296822
8485351947196949082
834180661686514024
7719510119740672637
3555549343199829350
-4332694933288025370
5062920823197091532
5529930733820379459
9190918341373106849
1998793290116486984
-7674961275582586044
6499350696166904320
5789798920782167149
6696327763938911464
-1618584832384613738
627446279990413212
8115000221281858049
5498688724194415370
3271572827668579843
-3281612075897065280
-3471863162193931373
4017067891694776064
-6055486247471013664
7438305668693486497
2896387061871254315
-4330028988074125671
-2629183589342379887
372543483922437985
8555464730412910175
-4474091408902742683
-277339027637092889
8092831879014987830
4939345463679386808
3328933203603710670
475464088042124769
-8476029424443856592
8377633293829794767
3547908425585665054
629577373714418153
5867225442633571588
-4464150939988712636
-8802869459664855546
-3258793489726274180
732196204588465911
-8927642285835520718
8063392852356905779
4830844925279699034
-4984263720033561261
-7561469067656455775
5617654115340671203
-7127693376679329064
9144927692160386486
-6435474896560611731
-1297348275591805201
-4820695293802710600
-2409193750599324382
-2165198467805618758
-2944288390878625378
-4509954782649955871
7990345567505435136
-7903010809751044277
-1542503675511843354
2523311256001855515
4015937020503125742
8736593884886943195
3447094992898346227
-2031452726755369409
2120730882828810231
7267356885963869152
2208156624093934615
-8764047791414473000
3432415379286179345
7378864341819536628
343584440597879735
-8513209200714749694
-2070013070371042653
-3706222243361957768
2293191245423831945
7911861731880299200
6602121636266149489
9179939301337451694
-8173313864916694016
157422784243708963
2412442093406055089
-7083463637283917376
3157292871721857767
-5252920641414407091
1534643673193724569
-7881709807209127095
443172071176284834
4326570794511896881
7995967804790035199
1640780525642127734
-8271768456046235469
-8490131261688349354
6271893935278647964
-323274475805256561
-5220399605850885404
-1183758971564709818
-8865270693461951268
-1148433700660221549
1196168435624497564
-1121894335432548869
-6569608100638149332
3780701425316862821
-9205718141437637229
-6604597751530802810
6740246365917270650
-8632478916763596050
6034127175597338168
-2348870913946847319
3697046923875137332
6546244820496940541
4045705438638115979
6911560852795910616
1434477014935054514
7776686279019533085
-2963159117534015446
7207568834429808796
-4082760894746430840
-6895584057017377461
-727849779844063440
6011809900824268276
-7297047944273221517
-3011853556949057617
-4672705591912980354
7965599262320718812
5473586252772149973
-8159714603960437683
-2522419708174714756
3183557674395237865
-7066643162339231485
-8491483411100807146
-4476764930045555997
-4552351328617647565
1181105744487336111
-1002032737351645403
21143831725119648
-5764811329508639532
7313951664849319075
5660393409541101470
-937540778614378875
-998768792430264157
-2215564166162944964
-1759278917850329087
5608017182810594522
9133609363553978127
9167914468822253461
-5659552832903416124
-6447471042430062802
-1332650947766480687
5815101300060800226
4246860207691913436
3578841140844045435
-5974368075843474650
-4630540323523517996
-9100093123148454468
8590880823286203707
-4799719162308327459
-2800676044910110949
-1066931367500823497
-7645598459079377117
-2152283544345524086
472931172959663045
6995561469916109737
8425364527931250437
1736390467196174131
1536492429051189454
8924089555377704183
-6185483867421229176
2472747660163086756
7433942187286843168
-5368885259662337373
-317428950049788481
-1003069863820210718
2754030575584025083
-9135648475736414512
7201209363667366059
-2924642559038038385
-1476686885475267697
5217710498749086245
-5274697062500521235
-5132172596492426643
-6148200559790377587
-865235094182413775
8264742606134794333
6177307937820105551
-7220425610630667355
5483704080302611109
8205553291895892060
2114042239302582544
1567208927915280935
-3670910673637003260
-8258740286118146441
-417608381971056599
-83988849980862668
3125412832144230390
-147343155152859888
-1912285058502140275
-4969208228035765684
-3662154384276981595
-2631275631911971337
408296064447525567
739090510426193104
8634896309063049420
-251396125472260889
-7854570609700400130
-3247401462400930468
7620792598512127868
3844883692282424650
-1889543474422572788
-7965240935721459474
-3282874932115702034
-1478982528829383026
-5572364614643614059
4165562378528639826
4737522701719092184
-2124384770633723365
2715628838903132512
-9136642536497911981
248392997976882182
-2250391880359934592
3064125034474873468
-9016739151534015398
5242046389722040331
-2968214195875494652
-8251701311521215676
4121944362452489870
-2454204315406655764
-4148255189080625495
-4990680120837329936
6774366770160950849
-129353668657221222
-7782877930932144747
6849609040219487159
792728356264282324
-6679397023113879819
9007980760790675677
1986842343192604014
-587035663391502975
3593914810250010833
233369405680855246
8675998935618366676
6768000091060834289
-4422083866416745669
4155501645726775734
388257819209556574
-3014369981236404873
5877607433130697498
6814838326478386404
-907395582608119862
-1059628846543950499
5581954428366270656
-6321452708098079600
8475037632087462292
8226089502980917472
-4233864394350526534
-6634601968490611858
1135500799226538927
-8842988976803577313
1740469329062909827
-8100158021452058009
2579361187241192897
-4454271954655200300
-3553949030129791955
-8405290659546244510
7885732814119053871
-2500825858364607768
6516902271087016352
-940741735090896358
6173787414946313535
-1331554313244222983
-1758888118551099194
914918750413655196
7405014201594188088
1162274720907047996
-6748324955844405874
-7563865391498999954
469785217646299177
271444797955150007
8872539568786860735
-3070844475677971718
-7328746724676895354
4610775558585557277
4596069058376731204
6278775365299140508
2928018528136053205
-6228255874265383380
-3107002128932699017
-7422143106811804590
6204061059016892143
4754542610412532043
4983853189167263114
9170099416312834167
4114476113137792247
-1318006297374446091
3712576982509981093
6019231409187136779
-6025299459513870201
-1773785110361263428
-6302380795426807965
-2399017263529832001
7384548860958773803
-2495642060387836761
-4953351975396372341
-9172675629059460407
1935108934760785256
-6299645446465716918
-2494576993150883290
4541741869139767684
7840342714618659532
2541869201960780542
1013276761730383730
-6517229214835795741
8546239701827658070
-4424647030315005888
2136072290519669081
3097280205760752650
-5123616963558964103
8415096962496305164
-4397912051201784274
-8996772713100129244
593725759028593695
7827046359073539651
-7225839408318601654
2174795196891868378
2378420854308596238
391875219532659505
8222885579403663961
-3916013841124702479
-633990773833426061
-5376959043514259577
8849231571720290069
1144303089946579887
1655994239084056855
5488728192492666267
-5506562471695739532
4206364062862144644
5267739321369229607
1290742083174569832
2620093346965546078
-3671858641030818194
2890797500368001723
5177577803507500222
-3503659782467742384
8817770381704083469
4419551038620749237
5927656574213212172
8036484165524810001
-4326601670488114789
-7244157507325112397
-7600042235801411163
-9013180427823234923
7563938594074978594
-9040303638136349074
9078482974858284993
-4461567590986721287
874252614432784573
-3689990355696471118
37463132633485946
4551995525521957251
6468858474116829135
-4001617490415211385
5612018283544775367
-9140052988312543256
-2051881567926307852
-1045298622387499929
-9086583346124110747
-711928191629722513
-5491989132635797757
-8573730576719304583
7367938277955647791
4565395748692490647
7505338692297573565
7783605529135766001
2837098990989413069
-2679121642308866404
6526836387488659956
-5578140913965261957
-3345803763699120644
3133700383991221895
-8790347038310250724
-6330745014024766890
-5282134252112387007
-2895957172836661490
-4889252729736674921
7519737432282808117
-7620097179236061731
-7068753747511338985
7594013308568985319
-867358218852363873
2544513929031689639
-4266854766488460624
-5145058057932123445
-6363246569181426445
-8574561665277361307
4982098538580359572
-6734002619663117763
-7920338555590684074
-8147455835488743051
-3014919863977534080
6850988842881253529
6017140536735933333
4609280591921450462
24949549272168314
-859312359781766900
-8852302277657188739
-8601147917413902990
3804887082878060807
5893817833864331615
-1353057527165353802
8891467188166359430
4692400534465068409
3666210251996255064
-7733495171336021770
-1794876984210946274
-4616542057125394884
5351847089234961854
-7898377205849136154
3565732346343600630
5222152988459840993
2471162953593416284
9139265490419200549
7683405690689717974
-7644320753214854563
6057146513403541358
-854378820822809373
6260483921692998483
1915519356233842878
-5619202819398159057
6308357741119615669
-3390388926675934900
-8494965161215287000
3986057636019127956
-8552765650941492543
-4143460429439349811
-5127094844475999842
5029658525044103567
3289670751041771469
4020366330215692067
-2701859118557954505
-6156052754230394887
4150780306329772835
-6458981971953348001
5114677816544114337
-7573297463789652426
-7552266245584591980
6242227386136945084
-4989932038849126077
-155459061589550607
-2252460066183092804
8741351036048539992
8958306478580417012
-8521136124212701677
-788187505581730030
-8634772428090676881
2944169120520054821
-7810482674864150414
6174650809923088349
-9165542605859673323
7056039671127093868
-4158421185640667975
-7188540546504962441
-6931597062133350283
1884690421296811230
-3116316310481634957
-4810370384613840857
1083876918418995384
-8308495593763946183
3601535973677275688
1565546411091745545
2933969448639363488
-1384064529536751509
-1960690604077390696
9220091479319167405
3214431643302593470
3368654501586304136
6958945337805321200
-7218538308310991601
-6950546746499310704
-6039013950168433690
456328836145901700
-697634569472488397
-7208412559076402223
614145227206592313
5553830118136483893
-7983688737489150729
-3051969236453731691
504923863037212592
9219318707473029356
-4976561527473172930
-2775984576455642887
8500452549099577454
-4619352385695009267
-1005895206691723956
3139786249414563490
-1339142535140455318
-5492990789298516649
5442802421287568622
-578929378489570379
4747891562601836553
2117661808415826806
8049588216503383354
7911497204585132644
-793447381927413366
6116853519593596224
1209764697921556105
-1152770249104457081
-4172611488084884216
-5836113070904321126
1710122897519183309
3563600164116443785
3310350503068812274
-6111480411687475716
1028302880463723805
-1046054147586479202
8274168106423873090
-1384987921950597740
8889122815370490381
3617513655621304633
-9218557896510529549
4597941882171959100
-5858379484333462405
-2522086227091928886
8186675813143867383
5098723182523392928
624843079955395294
-7907487033339308962
5208114715139976641
6226974736868956003
8400280067512719122
-5720281798802355263
-7173982642411830343
-6272861230732901580
4537459013552591654
-1431975415168379108
8702911283159017438
8244629839663543031
810592743297860687
3973930244259177812
-5897934815949031952
-450198024139679921
-6569398015861002614
-3584394914590741291
6749103609611446620
-5672322132738020652
1569695798488479079
208179837184431250
-3837854749249720746
-8481505165928798677
6376851679976554645
-268201497358873611
1505014615639729274
4442970518372232565
2755793908002549417
-5553417767539142086
-5208726737124714198
8966926553136732679
-1981018516009607476
5083396476384704714
5230928747580571514
-7032481372613124828
3623311034920086112
-3381880768515345745
-1078650016869177500
-6486907547205496692
-6180812931421364497
-1186867425998083883
5260296791430022718
8494167579213903573
-117188814913706920
8954414956686699779
8340290658135731275
-3044944731855875006
176783745041661692
-197856103669363250
-404955985548805213
-7841595209181374045
487078976001645879
5302515010176537066
-4422966935578844296
5283346555960405971
-8000004994554328995
7212332703743698641
-925901759782711884
-2198962342592113183
-5822055564969916958
-600884473660697077
-2908022510585725707
4478380038112187832
3469263671543928283
7211717105745388815
1919259562015796130
-6423286378019450901
-5267868877313779763
-5735107887194525289
305923248102403829
-6265797852754333560
-2307261873636074490
1152188366501266233
-2790915429222968052
3882817749815383321
9735133020832261
-8484544447199586365
-3038812252062719293
4554457593636002038
8027534430833401510
1700467021634160094
-8160422263169216809
8487106058074175876
6132199532926132434
5371442330126812423
2442731258805202398
2388068425487574331
7402879616260586657
3433224513746709924
3443756018451873331
7057697517226845595
-8008187032012980387
1712482136554828902
-1420473175998592752
4068516148958598206
-7587209721423016847
4470740377579782465
3958635129549009401
8833679393087330186
8266143995468518263
-8885625931398438256
-1981398847011931301
-6151676641039112253
-3886355277618337492
8265676442229598095
2993420602865632573
-4507361808475274184
8793778037568004011
-6808067968016166322
6200805961293366353
7274379996485692435
-8715807142415219892
1064252357252594476
-6410000886967295384
-5504104850706415913
-8481741477526061859
5595663407031493712
-5702830653156415928
-6912951992701175319
3153852016693437695
6855711100624234914
2795910193594961254
7241053953223916192
-493425182428964652
-3193657544981822037
1199667727426441462
1576676281997279353
-2307000413923348163
2674915237595058948
-8497964958801340272
-2691884584481770390
-5919507727792257334
-8995741829544848035
-581020230703278655
-6334520865268490573
3079827615415302211
367102280043322249
3115110323511404062
-1920656607688152606
3665407462056498720
-333549063464563082
-4206236246036367673
1430598933750134447
-8526487315955152707
7846622224928476264
-5042713063698755787
-1861360397528514699
-7029545405645018002
-8233699689944866412
-9048402035521410139
7772870378895056322
-1396257570023247253
3639790698769173420
-1718111348666112942
-4925071460329389681
-6170529855426897100
6860072053093145163
5622143628782370625
7190184461836438834
2180171180166133915
9010659406488434833
7629224678894389018
-237382401704343005
-5744283851933825012
3822226602499383875
-2835944486191068023
-2895449046173687918
-6321356472694231934
881988976524162677
6332080463916029452
-170538529269713134
6168474092511608071
-2575410758142653126
260860102479521861
-5033616605517853090
2527734635632300793
1196350894725845608
-3230849570333248002
-2118023021160464249
-8255927484020630889
-2310844043293467312
-6345063710638204881
8614088518031399524
1279745406446341233
-2345075230384385300
-2857868994434556700
6187953740318358612
2617550902823938456
6811307043197378244
7375385322429376797
-3355137574648929471
3437660300375843884
8997553049467863892
-7233624807200083784
-5811354429966676926
139152475701356270
-5635151713932864262
9202427464321313677
198939924407337573
-7734552033729922039
8696829161909710675
-4743177826529289719
669377616176144941
-8400642868577744435
2711674884986502591
6263335780613236513
-8017857999087118543
-5002966487543965767
3112556533978693056
-2118479352429754396
-1015405965976129890
-7899662922398270803
-7397039460584722482
1784135482451243880
-8579796331957417491
8313753382932481889
-1591575257702125627
8961219311866083292
4286957260779462386
6396999926707428565
-6393143629178334994
-7248971752098324039
-2788290636760117854
8898607577783395936
464868316804516281
-8794340133203775174
5479470790292469647
-6140890463544942573
7032382873334797900
-7870069523179031007
3215515895962496912
-3805254192894892123
3032379004514218666
-7726450427059659037
-4133563946423760204
-4589133729930136696
2113221030598862632
-1901013916485371267
7231267136475191740
4872357037592580443
1867290099664384351
7545360737965000329
-1798522178241715928
-6034280055739375923
-3127513753281397263
-6117728203374125153
9100529209093952299
6567228127431932185
-4460889859927781538
1714101970984396445
3043556316879328988
-3245479614397663168
4662023163722736697
8711950924549384508
8429276196393625524
-2801019923866630713
-1545327610325932173
-2142963083934827672
7232562601013001659
-8492350080470512207
7919064613213084043
2424614766889367407
8235465337487850338
6480821037772785187
8500812296729362507
7630184904135207830
8103622353990436745
2443067323849323902
-3667970888480319526
5180717144829594976
-146598590131339958
-1550311504170989248
2110372370311518655
-779027283930781564
-1316428649653123819
-4058223008570125959
3913288225478269153
-4838819147479506849
-3217394479544050090
-2729332882820231606
-6049221234866712683
-4017624421226874392
-3247991342150000503
1564618804726631232
5575799264940400222
1309762245277091050
3648330897473097419
-9160357109866642760
6035089944059188324
5026651117881672536
-6848513892899821904
-1454125396331481317
-8730874565437802423
8261921270664105314
1707906300153271867
3155182797904507763
-457319929564268811
-4491392686933776474
-8980731075565281307
-1046722373322721480
4727365262445641554
8065048891410843092
-3680850215272665427
3579585709542524274
3380128306509933374
-888152858761983383
6645957608438536026
-6095571315714510834
-181842310392560048
-7521125620111423677
-8004091006448814020
-5548394758955741942
-802710076282366396
4403191998953111100
-7079136507900141033
6780383301394710683
-4631186613943763707
8856357135962436525
-2345869975764641112
4741413871583368712
-9205217757373850403
-5499143403458151283
-2173775179594382454
-3820151405090477536
-6258258225998016011
-4859178886950416701
4258778214980413230
-1844003629337529222
670766422025331209
6677152702620304790
-8106908501449827253
2222688678672251251
4641531804591082736
7309621653663208585
6540054713972818509
6415926471969797147
-4615618558014159597
3415204858437030593
2800159065694529060
-3549500360972563431
-4483723013438894389
-8190972563091838677
4872269363607118426
-8271831735606778230
6862137149690508538
5120587962182016150
-1637289639791704617
-7832751620839598123
7157978514096471370
5191132056412403878
6141381990885394974
-4984121831720233171
-4817935410109710907
-6838659845092978362
2683481472365996174
-3748912559821620811
-1706827180380252905
896999518914420676
4669990812300923487
2864974497411979652
2863782738187107263
881620473755991126
7793639616551347770
-1351766551377637717
4384045665850918150
-9118778915768462126
388637073757154494
-812459673882573623
-4789559748058340606
-7084963836399778514
-6948981938443244252
7109579611988595709
-2540655423252787214
7808635131832583148
5760121389250470851
-3159508741435360232
-7978818536522917883
-2774816298128707353
2523478203810818910
1907574745127609451
-8239751569118687693
-1687940258445691613
-1170845656406650774
2562883866791164578
-6294479768300048307
1022401655821465137
1881593499041460213
3008686258869473347
5961004562117193248
4522215947944494758
6030676766484258904
6600489474539441564
2561333484480066853
-7469650867112342581
-8907337785715777750
5665903678991721086
9039894198395060154
6734827402483262426
7049903172294795130
-3148214199903387291
-6821803607978113599
-7665896113537586971
-2129523319656660347
-7623629370651862143
-5748079173481614666
3772512510460159820
6444867597869774211
-2889301233409887415
4194097279386262418
-1862263410213385457
-7350272928109761862
-8720601499854367503
-3047545715262205049
1471858520305782530
-3241143128369851426
4127129293402133704
103948584879605269
-4691527738808471053
-7809479151052465139
-5343218876673524671
2162735077527534073
-7357747241548928899
3443774098587656450
1781343606257574107
2110781791786087517
-7964482250395248653
-3064839349197095992
4248620682505514103
1881511119550608630
3139408937731403152
-2449921100069592394
5278665494041839433
-3306969993354729177
-6319171868414159214
-4171808344698536906
5246140146682381853
-8285604998346232573
-3973351647049753637
-4926048967099543896
5118794320077923515
2625980054046977652
-3069561572627216447
3883282743210925063
206495056835031683
382473071022980334
7493950586691387595
-8076036930688264478
-8847614816802060781
-416491933358313363
1792299680074625189
3343295746809103171
5329750828164804301
-9070310164215756200
-4298667777485122876
5557454566836174649
-8918947150639614934
5447972420411711125
-4482623849436342084
8331840756404626050
6176573081489577245
7911361141688923612
-6605626962700961343
5811526086834130914
-5928298013345061705
-3104780991938758268
535221815060428463
2003576209440658449
-1412208828130650558
-5374232069833348820
-502245597372706241
-8513678183570484366
-8937305433938800757
7059544616228420032
-4175972207137321834
-2921610331553240318
-3060137636184880672
-1726948008163315788
1895522411129775107
-2458179506975540946
5320313460854481401
1246634567435843728
-8090853884542009223
4664372833944107592
-1939887881180711128
3661732173848813915
-346997567014193061
5285984657513222533
-2234216938050312684
-2361402268774008111
8712439498642762917
-1263552682204363440
7046021403479516052
6265188202162047153
-4300540065991713996
7817563505800534060
-1535924046659910062
2860901878027660404
4623021918890941007
-8163456307834224538
-360742050584078992
-5439742986876607736
-1804791997846268737
5336973402241984425
-352230558146135506
-7836150400129327666
7300608893786357545
3269820208733767164
6006850774305555359
3921191860266973787
-5166665302451926425
-3102196049474448607
5430154666294470096
-7572479899976517071
161229746052909261
4687453262545407592
3419768732115144723
6953401824256713878
-1694072379630975851
7394425418963416210
6396495855092476151
95016291783783321
-4616930542586066859
3110719204637365768
-6797760612059310939
4325876652794063804
-2315173353963157509
-7035174003649415401
-1957950255753221967
5539529677079300377
566811123983938356
5912457165441529719
-6671237162723182634
2721940114178580219
-5454219598771778463
4028357255684977542
7197907509609199843
-6304901729417462460
-1502074078458012506
7925823413684422412
-6137623826011949331
-731923391094328016
2773309798536958895
-4717840241845490252
760891446215629610
6907776767619138896
-7370302135573411355
8239254126437137198
8880263391093074668
3476591069561007642
387208530719974842
631189998622913195
-8518618687655020244
-7074548168651772531
-3903159917060019868
-5595085973936907780
937904082292187812
1199743096781631391
7651378612211657453
-762337784151276281
6259807955927058620
-6286058136391537596
-648822278700102442
-7552814085043156090
7262398872799097195
5987842524621020388
3447426307050692424
6126414578337519649
7958625223759056820
-5114171386398142556
-1825183553889818165
-657135035775136639
-6739631150659101299
8132337202252780596
-2292047967126989759
-8339611858939494423
3883619163946981687
-4422053625660756832
8506128625279953982
5884008261881122006
3864505761696140676
-3443404662575363327
8610567508446715506
-396991077206703624
1978356267660468843
-8514211216927694625
-3383442586285637018
3270939110974066907
-4206957045044421663
4641144332075025837
5866670924368150297
4808114118770534221
6637399131593019861
-5138853895085480119
8489514080611274658
-6103770996391203540
1055930610769628508
3729585930763110301
-7149168891627003599
-7445936806409066800
2594388946152585249
2274405594762327885
1509218599701924458
-3990665629438657644
-1128357030501461844
-1249890539555971035
3220964180426438988
-4580911413532061058
-1817780787378849122
-8616125098252974301
2960506809789999520
7138250220463858400
3563792204032622809
6846534782876019127
-4028978159691999755
64819436170113768
-8795911249061322577
-2645949324637107346
1687645308783795733
9065371444226462204
-1639129693860614624
2776682632328955505
7386583254201191248
2369851247316207139
613827701815748137
5032506731224692085
6601202677893571068
-8897579048088738183
-9154712568123488319
191490678477597530
5909440710560584951
-6783714520605934304
-3554927823304327692
1162659179068045797
-7909609608122220101
1952148635969515605
-3919110394607984028
-6367625356194736078
6882101290688998268
-1684580102529329656
-2424360342926127320
-803371686601196956
-9148549286103305112
8784725829345089314
-7685830700913171902
-6196384948187409102
1176356012589227847
220573930800682537
-4401794435130799541
-4195885579318417128
1106063885773986657
1932269595144674241
2399631878790737121
-4439431927013364406
-1842770562874000811
1554101322710211912
4185638958655198932
-1218843979081192005
4306925869130911293
-1570837465843207080
-2830673578591981304
-7597537045714261988
7166520883622509121
7928670290997018029
-2840655879291307356
1980698123241094886
1726182088043646615
-1879460125742492799
1471113629357349183
-2671281363643629395
1336331180607735181
-6420201678442225585
7023059987467317321
-1210568224628954729
-4165722082820421646
-8653650492837934837
8431015160287229925
-3386399917985209275
6687820787308608123
381069633807115014
1696965857879437029
1069830603048160327
-3050248116016699191
-4312752174487131231
-5718251821092382052
7732105584753727723
1509061380165366298
-6135572668139416332
1693981897126881536
1171586887546917327
-3487906671955002181
5781078921859085256
-2604529446446511175
1207453150650185876
-2185118204855415052
3856531906476333089
7945093535842585548
9044658067825385020
4772249013888102928
4851313020729890031
6094039995485033524
-407804441912825934
-7095422493634184281
8107720427627374461
784792004028710031
-5760536318908512432
4803142879925151452
8617135732996745345
5471890671783036441
-2539642066515158982
-7212164557769336156
1209666818165181829
-1226997629228805930
3172098003950152987
-7128789433113931055
-4690610445073359649
4062174066315516072
-1247265557384993185
-4957831564409934497
-6664135697190986783
-8468904968846996430
9058254008277937902
7204591972586980257
8608755849368066749
5779699623887860727
-1159602786797597341
2182643246300305615
7463978009494649085
9195880437008076873
5272970239433244655
-8263740827939008095
-4671443680584860749
-5541116818981734406
-1724660784790897491
6371816337241370920
4601340670148662407
7467480523594312869
9034898977988811021
259597401651627457
-2040244193663951979
2385854204795219267
8102774436044642902
-4317990829300642704
-4375648741485059415
-759120729256046857
-5068356142836902517
148159947097875517
-405832866918631788
4326796534176735138
2676995229656782650
706105281990605905
2362083013800819262
-2736772938041361947
4702074281257241378
6068599828034291008
-2897499966431137548
-1252029792768129914
242024127964124585
7952259924357200038
1396206485415156239
3012267404603731729
-8202613324162833034
-8975993598644442574
8615551282966431036
-5909338574421979015
-3377862512139503425
-6147218505082529579
8068289589377580380
-5405042985807371282
-7741697941401227551
7248156757332900711
-6407577426489888547
6497958867726130245
-119706266682210524
7599121501434060186
-105650726139341598
3400756923877045128
6067888912181027935
-7536468439831997354
5234403357125240058
-2804572374831058388
6054066091332348561
1881669670028630120
6536592411080948521
3018546119062429608
3889775990042264907
-7824737530474425929
4188673860664271844
8895549630219479503
131608573345783215
-2404900758724778651
-1014330510248899320
3488559138232562429
-8803395069303939651
3241976835852723095
-8622828823714895482
8731570585295310264
5190595632059665593
-5689733059578315177
8916396514197423705
426149063641858938
4766598966386823381
-8742723260841374955
7423248667667842036
-6802456556480940361
3953961074232624209
2594891531888982878
-8238992206048260986
-765028376978720677
5885200107261111735
3783782428794058588
3430489906021396572
-8926622239041693937
2007089220609296840
1543855739547029173
3325969121150444435
-3228967738692580992
7415916927004183484
2462279454141114732
1547193820021140827
3606457290297584219
-7836895065879540959
-7068830405858165530
7769490390077658298
6532861669009869153
1761603232291928600
-905048059412348246
-1933189052454706082
3189394420157388122
-6357654997820525951
-4915274109907891878
6328844367516054295
-1289413561429757809
8843437285950962007
3649887980152474703
3903342461474132364
-7558649352959936375
-1796099538273429716
-4629986269320549899
-5657102826902334379
4647682312477228808
-1967568060449864788
-2472377557161777145
-4550520556221338526
1991018477310863694
-6009628398366069088
-2997002765362465117
3089055231290466148
6322020095253614577
-2158049784358870766
-2679661187342407557
-7333900434750882393
3274096007099370849
-7618743196485868289
2263053891811239380
9195868210077089718
6213293249762052667
4723599308802421913
-8808907169848020215
-4273571612685487778
8809238800389714046
-8172175539129918953
6133871259958384910
-5352341060727762611
564041850381473447
-143053919385711749
-5394536191092387210
-2137159757666104030
2258439823650147310
-2337295233704669551
7338490156152895015
-203522433794262784
6470403581132864112
1013089146319022507
6390479298404455442
-6660317635278805105
-5839852988133795374
-4116238051070084708
-6646581674539330304
-537181223942138177
-4098401290581798791
-7878148282731010991
-1895405180033824095
-6692404069011158854
-9216728754175714333
1956730148208439424
2440827657977146359
1582471538204789942
2156402472876046301
-8931001168268795519
7846488847868857585
6975100380876306165
622579816922338830
436504296759403107
-3234623161395098277
-9022293010137961092
-775833619822606554
-3642269260475832777
-1399548617078839081
6361470550218594295
-9071371519873535279
-3135117589796701330
4360398005960247497
-3178992936696649542
1224417084913488956
4145635254016948071
-2539815672052454480
-117048662115240868
2461562817634944698
2931495426706682623
2500386086083390858
-8255567545333122999
4733444642122880885
3551584225750848257
3330944143344634815
4939289324790304693
7225326143844007636
-3671661123762693967
-788618209513198589
-157897759952674102
1432598988585132600
3921602087319038268
7124519452858732679
-4390462086862334576
9069523769056636065
-3317753053796559070
-2766589503115964420
-7764647344442853259
-4330689542362425307
-8998191524697371199
-1657666645815623429
-6237764001448060375
8244754826357014966
1911012131472698440
2342172112263710868
9192302822220040547
1325288556655344440
9190420742024368333
757726104301378383
-243126335498526930
969387162984432627
6959539906666985875
6837157200146782930
6217554699202014246
6803695839087803568
2329757105083989586
4397301001411630037
6415586232354394579
4290884966132480435
-6660260592796345495
4945624604361403851
6994758694591764352
425386610236570375
-8023884151407148038
5574970076045398525
-6050378301029183440
-6391722791051177388
7319748543371782128
-5025482718584204662
2679470665476972285
-2755872175571636686
-8944903538956738255
-4410807537870673720
-6911956240497024073
3593322526257704450
7231024839621711474
8283848935107821172
2545890318637295449
-992255344068993453
-1872862597248203960
4320947422077972226
-3989389580995493954
1421581670522717174
345921151679422991
-6950885202354656781
-2429864802137344022
-8664198137633057074
-1093906003554219313
-3364194670037437148
-6961089236719503699
1054177172676069875
1516813184757433513
6238923642400028899
3787132683497308639
-8536426075183325939
-2827625658764009945
7862936898171217808
-4965803319591153132
-5252623385236982983
88480121845904817
8294033381550643947
5331322312669671674
-2757281667078728915
-4971684817409671033
7584149955827128389
-4527944582953152344
265881328695594556
679022474048776363
-4380150080567502321
5126901000341888718
-8392541978017811461
-4350568319712948879
-1990384690593463542
-3818411940641566877
-8837476184850425348
4352008512028744505
-2388761225788273025
-814360383439403447
-4677548261972425918
-7713280528809081489
-5084947697091521448
-5691836044818467942
-6958394799759961359
-8851779646641978235
-2175403021865599422
-2507755532486584629
1767598987362467372
-535796240202489153
3840599549097523008
6323887979815218596
6086234224863542510
500866979486535424
1910629070653505563
3585906262606728951
8445346587283132580
898527266406904113
6069668616706228131
-7411092031316767727
-6627968836357336603
-3688972552904856086
3844824774817760343
5902651798649648896
-3903951008347941934
-7547270298266109224
8230496952406945949
-805722679119604529
5518147686198665219
-1483752576283458135
-8339007119430203758
-3977726656363871204
1071099382509895883
-6223403569353740
2027331741833814367
9029929577764296773
6292287574737680975
-5433073139556085684
-4380766631077924189
5497659326205293070
-6092400132963988576
-1049023381151705889
-2277227547056088386
9076056522414950875
-6152641947462762879
2178968208889453556
7563414532764219851
-8036737201585087856
4889396131988457969
2747871403148465759
1431452186465934099
-4459564796090267647
3741771791171943846
-1674967636262997311
2018333440324467596
-7777145862882456077
4040749225926856122
3710873132589816881
-3198990320740238581
-7820067847773892434
5645987244137757614
3339904412419073762
-1228369968114727346
-7055390950788129576
6346703543761826763
-7760139189575594091
8815122072280218440
7248220475925097050
5028813381535940651
7026836945539099916
-5950158480325714019
-6962022385745765512
5665680308711235253
-3218346407746648068
-1331494349721451376
-4881019726430405340
7197082134396288683
-4727472510480824109
6869282250479836240
-3446648454796806755
-5775730569696844265
-4722499915949997102
7325616638582662327
4665453594336128739
-3479556640432465940
6287216499925109051
-4842636642562560998
-1304161337829650732
4858065717422624026
3615315536357159167
8287782983214325461
2657736531603187022
-3718051981905150037
-8100524069560950270
9194516782772408042
-7674876549171660561
3896630025877501685
-2274693285674061664
7589467990060750873
-6102388020752571471
-7042822830187253633
3015332093884552908
-2977473723993908983
-1177724485469005259
8024776737227886482
-7696080259470904953
3824213976745476566
-2679235616401069926
-6732337717834207082
-7318335706169433555
2000798689293077702
-8559010245831436598
-4467693016086486096
5155942775288938402
-5567699511754662080
-5741541152285540358
-1550137471949593171
-655698078373728188
4557732795928613413
6291241144634767567
5955358306956975602
-413727704876583838
2305518366628557341
863575952412239348
-93052086928253443
-6192809812089783034
-1111033622752128426
-4630856241256627651
-2496708802056830624
-7965683962393157618
-8273013414603690871
3642986889624422823
-1223822903737464635
6232078628164459628
-3488211305440239863
8834095208941503457
-2358929804245510772
2323492337940967722
-7243439431740243101
8318570557309580448
-7161068015375833251
-8979280484421175461
-5046781769835962127
4766443139848761107
-2515415849187774490
-4633856022605628974
3115815887750793201
7838421758369948476
-6255482569786743947
-4030398781080529437
4758340308136334286
-6478009468001313919
740277867473103682
5670186780030508121
1260020873093957282
-9045588939369271094
2684873496843113831
4506095849425736589
3367151424819429218
-719652632680889165
-6652855970515428515
5798259064028548612
-6757723581008420652
-6911594744836023199
-5104284953695767703
-8118687101490745458
5497316103599573954
3610416401997015843
3866720967314387219
5407486768512415896
-3364060458427413086
8808187606172070217
1582895422539865757
-7198067817507551186
-8160525970039481341
-1388210204235265392
-8092343249885754042
4050398412529607064
4757752418252012896
6826197891611687465
4569743015441561364
-8650472153564385665
5549448450118568385
1648702912457738706
-4209165174865920710
6384754625544201495
996531076003781548
-4558594167383654700
-5606001147832113323
3536796938602367781
7186851558861178646
7904532383389921841
8319646088130429162
-4223606985792754023
-7199063865907803683
-716346866726412942
-2517258217104191172
-7569313909637559222
4195705995521790733
2895762097421835313
4819745897257989916
6755646255629529158
7879342104303827530
-5205063278137806825
8623381321368386848
-3244312163831562986
-5068229904534911242
1727673885589926947
-1439269787194119957
-2609181439214415531
7181341201029956307
-5754799846235678618
9121920495320765733
1309768157544981061
-8975340081653626086
6239669214360757255
686608281408693411
-1797016810624334029
-4684047170951861774
-5006399226823128396
5306274648877459288
3042558860397599114
-6563150688042720857
-1032862327196716249
-8074180464570630609
1919235236387021238
1713843199609604451
301265830239184040
-8914664713355838791
5325712919902520690
-482438824669014133
5948856922032133609
-3104661529284564701
-8065135350256759879
2652092852056642917
8066087114453960533
-4573083551355537655
-4515417202261919110
-3226910313944773128
6966585923119135907
-4746992297287833635
-8434472802229954956
8704715220989949355
4502247901270966150
2610655813550649717
-6166387008706211588
2284925010577832590
7473755753256748399
-9161882598801710774
1992495120037078772
-6485179652981653329
2974325702207669151
8024302506125312796
8055815906029895680
-8361131850839132719
4600995138516035925
-2052390036996008764
-8784031566463510560
-5425023354404317527
-5001667032277613261
-658583077464757055
-960853864347079963
805992437380699494
-7949062563860517460
-35948260626089145
5208501720943280301
7024344579929629762
1188907762277563973
-2248797753058845406
-8573469717096529636
5885758150883897985
4284231214182630291
-3729391324777663899
-7705974480650544240
-7336515607242688250
7730180880301563871
7480821925268678725
-7059386085043120480
-5449258648895916855
-1073119906980430160
-6496404152783422245
-2975397696030621250
-593532469706843177
952927752645691996
656720853716660686
6013278885708787524
-4597449379731742275
-6868773788047693891
4788907192549882258
5300849206236920880
2305976686363735598
-6524617654999916701
-7658261053249439232
-4230962160717751924
6683098737833053155
6938236889437269379
-5580126313932842052
8219056181150782019
7672710717863723669
3034570527259614616
6460167015768902350
1380231763743588229
6196403032957627135
-8341838658027534949
7825055028268684741
-5248899806672002523
-5175006415188883021
-6183213505852100342
2491380957467486612
-7445673187274489476
241457711477256853
-3811293966697408747
-9194499858564303045
1703311115235804458
-6141288787792255770
1868173564817558937
4112226964192723003
4379553537667700376
-5524587762161645224
5443585168800610704
-4006143676231983584
-7609887075534024607
2988794690854723679
-213284231565940953
-5005794104046292510
8626021565340714987
-6000494497101055918
-3332740014482665413
7694004804475808617
7826002674961216506
-7413086949866567716
3132988442965282425
4841796398030636964
5022211479117308099
-7833680947579565001
5782045039843961310
-1057095961988286860
-9091506633102360690
6596129235597404833
-2031314527321744630
3416471918019625705
4401777140718698490
-8633539035546673911
3134012386987806584
-4269540006829331703
9031198214511568594
-4867128950932298690
-319243424346832271
1831451905971096957
5531837876948141784
5543666163596477515
-6575504858972591146
-2583738441965804722
5424474225895328862
-3198584964858125311
5172588779266062402
5833071162978823958
-5711325771376209354
-2862154421261738790
-1666364551979621529
1934247887013004258
-816135624192417944
3914363598439279551
-3468587633895132669
-4142524129189809761
-7871237864399312650
2700556740571859202
-3681618112872889955
6196142759274186553
8907567239299689989
3903364319928820913
-4480792306610733904
-8292621336266307516
-2500023035848481599
2984814093028622227
4521153419887225703
3316875791142278205
-7053023922890870567
1746993965630172488
-8189528568592497892
-1219010191463186885
-8043847521209197929
3791655504020311423
-2820091848978891937
5082568460369767457
-8983831804852082903
-2850743698190124360
2565669144288045839
8465237001146736247
2488871174324595185
8778242479457720529
-847813504791234756
4869662565410755669
703902482848979110
4551020937657838831
-7862346052874356004
9059393222427269806
4493132094900280789
121363771737657966
7424523506905941906
-8755079634354787363
-8448140067689568892
4004536609096878268
1456144538025264662
-2607160340952259370
-1019158267275365361
178255935297780233
8715014044646770331
7874538768212511416
5896803528804941120
-6365635025684276787
2948473435345856352
-6712881058221385356
-8442095771289123139
2279732459709318162
-7117341709519108276
-4242642421553338358
-3463837895229907712
7013816767601066674
-6609083113298247140
-6117381253147272369
5591609041022795521
-7317313971182658024
1193690581217776399
6935214958996045323
6361979124491544008
-3540869174432718942
5902535782889047609
-2576116027130566337
5508173282062512137
499344328193541952
132712442756328608
-2261171174394941339
351289791673193450
-2140844782864177753
-6706329223218114107
-8787717216962696562
-7481355924104721443
7738980763575609616
-2200489241874157177
7061539656102318877
-3852033833279441723
3450019027713705653
-5720243006789466673
-3840729873154902792
-8378031390472360805
-8062915571208039799
952255307844138683
-8231433393803189439
4633008569256576289
-9049199195696255042
6504768397539245357
2879458357101111642
-4714497615361236590
2192539970452965233
803519837638138679
-5856036171428078806
-6343829455407501682
-2102561854351367694
5660412965704028390
-9130507567382125883
6191539145782782737
2199591945968506426
-6636149303265382287
-613520058648921810
-6641595181795209391
-1247813304596441365
-648149366337106778
-106670135243369872
5580961028673722313
2861122547928902970
-1125743502544784188
-5314553988047440138
-7617563228662717819
-2360876268106485387
6064272398231528780
7918444494336737267
3402935905157170572
4326190428658994079
488425608043161550
-6908120714529999623
-8819142929202513183
-2447260445713986163
3309037016517496220
232319778584439322
7889457058652600083
-8551897645928736069
-3026570806479291316
5651125582500801012
-1172796414906303245
-6109764246601706128
-3160510438159957084
-8959842105206524983
-6575935444445929952
-1468463423704633343
7914906275772034684
92846305074415565
1641803666081567060
5079869671364335878
-5072563282956878949
1993132914370301668
-2486087714794744421
9017464916294009000
-7513675115512151546
-3711465888434697475
-3621086197159872538
-7238259937546525250
-1703088076045809855
-4647052684796021093
5036071495507155962
6301480447183067998
-1317933914558108307
994227295482763959
-2186329464650336238
-6893905592224657425
-6843574920232186482
786624285677692794
-8908184676725168733
6048379674455613928
6142756404967173207
2556895175226143935
7709100464845442324
2974122532621036605
-8654001548139383631
-3803465939137009610
-795989027642993279
-3265045333191868168
5306898638421100652
224852566796860065
-7798086646502317813
-1219059744588935611
471138253320894391
-8316677561321043230
3622282846011588100
3385755030325507854
-9129538084502753039
4184337769404029798
1860744542110587276
-4211521474348951146
4110802831411909652
2064015644321554826
-8764711555585833543
843632731726817806
2974226404234512899
6763182476967039744
8731774059288686049
2471292011396287615
8995943491618796009
7716078454057783582
4204070575724571110
4014757928993971236
-6439528992319707868
-4378566405056220971
1862851886605168209
-4607662909838162229
1131994381865853296
8039037922013111120
6905952753066736249
1446741501822860460
-1493416972815216443
-6283667940832859134
-8303088499046863322
-4538696401830349456
4042811626247213675
-5211066315210098706
-8950034347734756513
3928518075495423694
-2868844661220918210
-5132145594045756841
-4712630963265338622
6471224571565324341
-6972846872788872677
-7388718940613087373
-7219233667578615198
6354400689236838762
-7942105933262034458
5848398341617927553
-8619454162981721858
-4055150832879804462
6934479520903440977
-442782362827475704
3590655878248978602
4394780822408110104
3689429297709638186
-8859776780794413828
-7774549481095601555
-142222727372944551
3035592896408280301
2432164423786716682
-6132031237544739750
4332532833845035539
5931162894150183027
6554624224309114308
-74003203854595418
-3591056795356161261
-3304383728440487413
3218571790088707169
2936291664969493490
-2706312949545997546
-8446082483190058482
438567324376107664
-2512140297006170502
2768215992657561860
1866564977623887486
-1105523762502507498
8472151100407344931
-5361567289029561356
5616392694500915168
-5724932754475063064
3002933952414740353
4392539236057737953
3128821806905289784
7819163134845783529
-232002701315514681
-1502733498914025845
-3563054673749980823
-4919289105905174180
2826707085307252364
-2232439145424716200
-2833567535190380801
9178131188889607644
-7388972325412050773
-2788029109976049173
1627217238822402924
5719158850456964509
-2183165774358944701
3166017735004192583
-2017019845032686187
-5794236572585695500
-3458675663654874233
81993337528162225
-5709110723270731457
7314190388578874702
1701619477066119492
-5404588927767500789
-2682113980464725449
7035607018027696516
-8045443836332937303
-2548097538148782293
-8925846355691988771
-8936374698507561112
-7299053374854434520
103904991247854705
-209617034810175950
-5932768013047233660
-8204040851020349016
-2693101313845858725
-4373604557246401059
6471995228040256202
1154843091053580843
-3348620925612202252
4168175140869449793
-5156248852224465982
3661155818787175128
7609480098142955913
-6523286672552590999
6955145133604817284
-3349303242218005443
-6486170943067306227
2045285333902529615
-7091979118657683304
-2406121281057214889
-9012090593387130917
-8308166926275756838
-4806775001987949988
5957828397185327436
1142297812408962579
5310703276640486676
7405177627664979224
-1492157858263295114
-979236481064362606
-899700815014559658
8965123664999395154
2580262379846779123
-1260427676300866599
2717627769303192216
-2314131993824298830
-7933779329073198518
3062762781442643946
7160335186535583616
-5737327300513730114
-6531708610875864193
7949693132190258888
8382742998582732167
8599991700772468777
5918057734902680135
9164362424481559986
624406654008206044
-2145600104360243753
4928443622873763170
8995138270669560029
-2075185785128359897
1424724299543835448
-7009530556033508784
1463111912869929528
1026400699675304438
1682408497834592833
-3686013563470313480
-1363334549044230347
-7856693300303101851
6841446044103962482
-1163995710480202867
-7736436432169076751
-590750322496377019
-1181654526446601345
4582058061502356681
-5476923031003786208
-7998608693943277683
8200329015601231321
5279923972331122176
-8191377204434789109
2096444860973316995
2392414805048099035
992294061897116647
-5613449156651560335
-1063636530978458585
3146478511269973812
-6563396193066216586
-1264359645862914303
4765057511992968983
-3607722806635838057
-148867240606527571
-7219774736172810924
-6536933518822778850
-789061454660084254
-8085996579003162025
-4777340945118871646
3560899864460309465
7686894586404001846
5856957352987915772
4506662011576971557
-7714085996917710006
3268422298240367586
-7646082133825603884
488191446596910544
7105645174667495553
-2399788929947402336
1752732548289405731
7192211833297779777
-9189584905194051932
797981072489963204
-3327317970079111514
-7343024592410254144
-4451172990852328474
5609210469276671925
1469663219365061405
7410682838498725098
8544155158607713857
5271056533303019518
-7251436599326583008
837476366230276022
-9099092149761631383
7111412925082104313
-7967193220766238807
4605051565325039932
-4785916997665771188
-7414354032236865079
558131049243311804
2031496071992662828
-264678593575860687
-1581845819287754644
-3352514022381706443
9206521756286298314
6798121904509306823
-7897257833700296457
-4732457915056776109
-8554048557533844908
8247219219176216047
3799538267654224022
-6376571204243386549
3787485216918133456
3281410107332649090
-5907571764895159757
1631202953480864927
-2891559511069886368
5748599643676300479
-4561795508206907506
-8457229777613428445
-5500708347108312226
-531717895083738451
6443436061536215234
6782499006710455374
8822101609810360538
8110773562309599038
7699877235839811362
-312377126190596101
-8243140116014220499
-5739745241111305754
1170276089320227401
2825100802520709878
-8609376836136290188
-7707438470928008286
-5122602060723520250
-4054129389867031040
-6391276060774697447
-3580409168787342865
-6161679308354184307
-6370746432012551663
7001980812556161201
-1807745469072586892
8030491965214387814
-6893341841273614374
876077063564800319
-5017067656769879055
-2912665902855951664
-7495292672446351264
-7958133800940467659
8552949085952100943
7651774734914862256
-6580687894243451471
1316181322274723269
5500746990932486283
-567612142806238835
-2330868582700013095
-4342270911843757105
-1807829731167320217
-1760957547345230553
-3208707434695965747
6774819324894907246
1031746762445722188
-4289158902363251515
-6061815433787854983
-6530728905150129156
7179974149592856299
6759749857478947927
-3868374978211791078
-5294896672694022590
-7239135642110831066
-3637113761719865521
-8587952677741707178
-4494801348683206399
-2198134860250604112
-703700456348903724
-2372255124411345683
23017989015845643
5759549842347304624
2710876179492449959
-4207001861158596999
-6998452171853047712
-6059138112093918069
6792400817138234208
2678742488335406427
7173684631776881287
-797338009083172967
7252767188922212462
-1626112730327127529
-4807554106814117041
-1850502897197275286
-2328125714213648548
3735891200899353215
-2751873382571651206
2613544737866026066
-5520072430753152346
-4217830539112615605
-9063352602746819253
-2572035724070313749
-3542916709829410293
4976553035856969791
3755412416971949828
2773933342348156145
-8257784970457354486
5587217930607240828
961854806932126498
-6754017690706393531
5126847444895593699
6701522001324903945
7286155175781608023
-1836316919861345334
1985085809649697145
-2742888061008847209
261033501269954132
4624543268429893437
-2083915584607640582
250210851263152950
-2482531434813048777
-6055751840690302235
1523283242026459392
-8297717729808799397
-9154443664313947313
7701995085562160148
-3762364504746157349
-9034244349348889948
6944534539735687356
-9048794846380806306
3610248862084449384
-2852733537202246024
-3637521412300881059
-2157796248543005345
7278681829568971354
3980421387809976513
-7125158045626140353
3793098884789108878
5146117706544615133
-7916040288114613858
3496964665712186407
1956361873874332823
-3595634760786914350
-5034361288824935259
471746394302681000
-5675076494888844637
-7267984534448017412
3143361461213928996
2078243250482787395
8126920236512097868
-7254798755720122419
3667064568671829527
3502030132866432722
3100755464382915618
-2430559483685472866
8211765458836401273
6178273494953065754
-1881342101496291664
1855822018468849853
-1273767151590220525
6550577270678902046
8671821657544758427
-862976048496974620
-5695930561958266631
6047408803138028497
1614535139720290143
-2055990815987983648
6245018583750738585
8090244779431805518
-236342808222392166
-8177184743150840772
-5152544423400364271
8931873345662423977
-1271459902412856310
625942918731343827
-8773198465466035887
-6034819902246519115
-5882457443816881439
-8537694436662056664
-700865961565035366
8096133731501632281
8321613893962222672
-8658226316047009925
8678066386690322485
27986991697099240
-1074258989885676316
4937709876127933802
-641418657833216697
-9085593519283240125
-973513428547243988
-7596675055192835783
-5047580343972302912
-5645750241684051151
-3428297679468149091
1836297973128807606
-3839086408536880219
4522052947269617527
3598085699972405856
2967004665147139342
8800611593163640613
133266563304720913
9152479276276677006
1828763557612259996
1364265618706985611
8587883462850332616
420491281387128017
-2399387171882361228
2912516080196472138
-1041149589004631436
7126557957860140866
-3165751831479286372
1309960445152369982
3665811892527348084
-5580015032220550568
-2975788266119443921
-8236589587674233754
-7072453548353190939
1023386569177350299
1105223245336017610
2738746275121309455
4881018524026865226
994811620948585851
-7520822356919997076
4585071460313103938
-6392933914234095292
1721237760568567543
270761557910935702
3752827667063139239
-1326952446772610685
-3000588186661298699
7458341639267186630
-721917308034532322
2566684428497027316
1044011935787064001
7396337576083057244
1754973474428666439
3412983746510130707
-2892359731336832346
3300753637317869000
1835219110267153558
-3829340972480558515
-8343675239672748681
-8022070408607515692
-1805525411000663183
9164741304427016180
8490381539340646191
6769220225561951177
-2811442342576239907
8126700719176470798
3482502854902739820
-4158894320076813272
-8946559087680488534
428508841327743690
-4884828271599605112
195439531780885616
4528554411362613542
5828341997478664899
-8630229935348959080
2500465264168556751
8491378339263125572
2890642671195348171
-4610143207084087625
-3227908751823725030
9056132349047096049
-8252886805659559551
-2322418605852712702
544858967907744846
8928054524013131176
1376292582280839896
1403486678390348329
2606398805653647750
-4982584072312471402
8278432099305465285
6195595477443350423
599872631455602427
-5142519902687185306
8205338925787636336
-6290041324071988380
-7350024252130681262
1898291647777240229
1881617876392233168
3175130458448519691
-9000729483400647828
6716314174537209683
4935741694868778175
-2788483659182069999
3963400325998638218
-1242072438697287294
-5968706951816644243
-3242545422084410611
8522461496591325424
-2039033038544641315
2150527664736301177
-3294308643318658974
-2277019547355816428
-8397468040111151701
226659702246869273
8313131853180773795
-6916543529711304593
-1753727018882128615
5415975224046466160
-8635366831840258314
7003168056661527902
2717918732626406802
7164790915363927421
1164111050275897340
536560761702380761
-943641265425375490
-8274575245962561339
4238418404761857617
7739288836457134659
5357541362830511483
4014804358970510536
6881111903141762557
-8944409846552257572
-1818260567082699014
7500019361390786417
2676253375214904082
-8742095158496301296
-142524307526991568
-3459340975290984522
-2268044619808829211
6649019978552381543
-1352974568760410505
5586050236734847669
1105241587742299579
-2340203455506423104
7264998285947907770
8507125575826428854
6997211049502954041
-6689268123175293140
779607669246792492
1871988908294053238
2127584549094162545
-209046655447095090
4681489567207597089
292589343926964747
8481030785215503363
-6913765284320342483
4672801555476552150
-6828670586350114361
-5440390033421376732
7067031650644932398
5373412302493823282
-6020347684763060135
-1374553775222601791
6223571094463610061
4687589359783180775
5608787981554566976
8399908496436159896
-6330451267277424250
3899726363077004311
-2889757870957770095
-6652711833148258728
7503275103461023563
-1749484753438489596
-470995547303127513
7944546969299356996
-1933957687125821957
-1009032373257822291
6662693959415811181
-4999559109126943789
-2789734511425010722
2397334217334669302
-3936896689978860382
4121740837529478707
8396945282628828923
9016104581665958807
1381698260615564906
1316621069913799685
-1939935032161306750
-3021241170439748500
7577251963454967868
-1510136584156251196
6985678525095725718
-290786808666324751
-4849793280397917119
3628346600494641542
5460474127306279389
-8912075252274768418
-148430588692645928
-3687361699203899610
767167423889393615
235859940136344461
-5023137947010802415
-7884341209103500681
7776525504958730943
9071993372858133394
2560054175116902112
-4704029220196720262
3816686511344675075
-6197804624989616403
2749303908525735574
-148155655343935503
3169019443256338027
-4940435844927561196
-3289544863008361933
8344772120924362765
-9066521778211342009
-223195565773608571
8976400004814513044
6142707021433597841
6733925000543546034
-2204134699535556210
3039383458317952092
2924419974431450229
-7385593825012151367
8118673815401961356
3313491871957588888
-3457614557114987965
5144037890217318354
-1426943086019230838
-3996938458171638708
-1868746690059905193
-6146771387390755088
-2462921139298701672
-9052317123421030787
-6124429858739356478
7067098934716562625
-7383625234779726158
3520513586104233417
2766570991541717915
-1223805071351276477
-6482775851169926296
-8335512565357552819
4192249528812795249
8194771470133771207
-4530080696509330408
4599751100379797395
-2410699339320518710
3612628010480253916
507673122289914250
-402414583389639694
2580725601164042111
3834948291341108143
-5696685172030390354
5690989183893467189
-3095191383680481131
8363296672405196865
6840337170961036134
-4120576666899010163
-8246300772305215779
7139213024009285053
4514742960946626627
-7183718798782114321
1559997121585222693
1413282154051601527
1898184749334627462
-4838865288199205987
-1851720522030955187
-2368233639003479342
6917474282212054948
3610321771738674672
8548121092518619836
4238820829992778377
6552592823032968253
7168976378059754680
2569757993211241982
1838314665103981548
-1280552192026979252
-4457900722038971899
-1047248526574536413
6878455567410655980
-3022530250472901266
2296194068313709807
-6301084939266532515
-790513808243466182
3893323567989321754
-7044732071920009078
-4964739604963385140
-2339624952261828620
8871987277809294725
5653697403856718733
760320183006951416
1701821626433654338
2995552388777452110
5975949757375893640
-6990489976226295353
-5386089022261440201
-3867029191256759879
-7303937701174902227
7186393917219210509
-7537356915575994070
200462177874990417
-3942400842210394362
-245645364408030670
1201593130311185634
-9113937226273757727
5348199222408737990
-1241915516989420400
8021822130888289228
429255129410474265
-6689829299892781023
-5947825657836597638
7820727921496302513
1463402071365805784
-8031579426097811825
6306526368943624432
-3505481389685393282
-147654169098865906
3491096452654205654
-7996006269441417933
-4064326781179571358
-5395394621635776066
-5261084829471868313
-7648998020128551054
-7191800964819029124
4102598875520361995
6393461700097869507
1383023519605502411
-687202866592838998
-4928535980010584400
-6120594071504818186
-4002355648862683935
-5436126847811171644
-3434942584771425905
7282946831605071400
-682515628521635435
-8236825928842238196
6599754513086761285
2496763215034739385
1566001631078381813
-6583553360129560664
4328234595361894310
8247021174663835925
58143888395092432
-3708542448464589505
3319612239608162603
3384143601230979955
7587904345086859882
-7941654194450311512
-2656120186190482589
-3970104425765342384
-3732041908122981002
-2950735636175397291
-1636133873486298898
2414998533196812349
332204528367629099
4315038200122473653
-8418153222609312870
-1741849672004233206
496100748793143057
1766818227579909703
6393201414193272909
-278709544465953986
-1165403541897169024
2867423580038030376
3107938397162151344
2890063555499001070
-7979016321322461773
-4356281984803996959
-7289094300240475523
-7804143658128197551
4315614271244583391
7103236947431316844
-3502685306047945138
-6982196575909870902
1786071858321671024
2311320243041758965
1022618802757799873
-3318742379631684399
4481222859905139560
7842629647388070130
6617873271206632435
-1323403709917827253
-7964270995139533721
7767473264347958531
4614274417632736953
-196699896051788945
7643728667508331694
2909121383636445039
-5289980742552712901
9154981217043514387
5004883837639912922
-4439164040283020547
-1628278227243690911
-5563645535805314503
-6915841719790767365
3654168787326478273
4432778234252769174
-6723911959999487830
-6178692345096089094
-2173604242850709423
-4246496128379680143
7718694040774935713
7599330555734999595
833324071379571600
101977094093595319
-8843785932712987352
-5412674530575747579
-2976631168452219422
-2779250963728830756
5023082329222953552
1993405348334739206
-6113829683428691571
-1939461899412720752
2009667369402876145
1897109277364515831
-3816920576805410453
6469372444217706477
-658440426572714240
6295508508339853702
-980538301717906174
-6439554273233523340
578218102802646818
-3706579041722082643
1381243276416615344
6569530685661921129
4697063050612650681
6491297168276960982
-7204558971224112253
-7391103197985278004
-114519970303423220
2867351789936695494
-4884408652915131706
8768438597994190164
3780693081865338238
6592332213271996420
7546784656780054347
-2569009765776035707
-1807202400716932792
1538243337341355547
5262267224361339762
7820251539264287007
-6785097575674943879
3181429097276394488
7581870364354633273
8364316352058994219
-1653830317034303103
7365457973537537141
3216321589562876795
-2322549179562095004
8302593641280057198
8548309067334501976
-298317960787788383
-8898019162913612752
1303429819815396799
1629357519368268139
-4534843046785060086
8901663341442388848
6586568576491463076
-1804402008706722563
-8365487171220756690
8728856019075444731
-4605209866544779189
6559422719487393428
-1870479439428618048
-4214478605876980398
3162797554421631316
-5171636679102638757
8134672426063963311
-4720457071207262284
-5278293592831357932
7577559066195762677
-6376182791462599793
-3129695495221616926
6709643999256130018
7606678343561669719
-3906465814108428151
8484470179327657577
1937313140504442701
-1904959478688160796
6095697992487649514
-2821847509564984587
3811221633707690292
-1430805915351339561
-7148860877641840743
-6627835452684381163
6015981399823349733
-6036852125423758466
1865527217181102718
-2648468418840860595
201027922822001436
8289377495715249350
7468557693511488679
-1531173451568830064
3130960071623100756
-4964448062404886767
-5077691818820872599
-6667801174019405842
-4186993154343139235
3707767877716854389
-5294563933160396259
-7492743426877107686
-3775851925349605229
-4377997905789243128
-8776599560054865963
5627378351701651662
1010217736225835938
6817410558236320639
5122997385612408019
8570556178436369956
15436392121071408
-4977651678666627550
6611211876922990172
562250387481166465
2314936277700711679
8652996379186123525
-1942207404382942384
3171504595512839044
-4779359547903234434
-1004092078317454392
5977159510497813987
4369953657252061833
-7031496016722748113
6291295391942121028
8255574354364225213
1720728708528175382
900314510331583819
7678339142875664467
-7789878140677469649
-1687118333348458595
-8455549501420942682
8452982852086091595
-2409601782829480741
8518665483686394768
-314481856205144749
3945055308382331027
3041005455189927671
-421187889345870761
-1487946054338222229
-7039174103446429409
-1388109216961721635
923957774241729817
2785988857110616255
-6968653811783644903
-2869508823729598433
-5995777499003653878
-3685023740801285615
-5470371810848024199
8633650308508583097
-1497675401751092348
8716127241067242621
-1522973002748330160
9117705829203478098
3353080047295235290
5551084226096991954
1984663830787623433
1552162335257897715
2531512163234984444
7535588477546445602
352840041708429473
-4339017549191957483
-5305215840822016108
-543894771346821847
5630945333012749944
-5662927636969937166
-5791241875693241123
-2351021824507162202
-5021443257904840707
-6402953376360473127
7399754604382474159
-548050235408076046
-236577673487224347
-6118136624129747631
508589706003604342
-3637765740398854400
-6829999887088830717
-4635964405561515116
-1725973293652885763
3625832936426014377
-7396470827563850003
4414889639369503311
8493582948350217519
-4677458461329676785
8729365507791869518
5012604974025902103
-4259541912140863183
-1482141121232885837
-7547559944846539024
-1531625482897988175
-8786108369666072353
1529005400710759846
4613594310391163015
-944108341700750161
-4716935234936307479
2538189669000669906
-3701435649181935117
-1077370093611928369
5743230775071268454
4494722162180553976
8201862280982839377
-2635596451599700432
-6198552497359526142
-6624965962072314651
-1094067967535711132
5494766192962561002
4401187059017369196
6235573242516397638
7654165342171925287
-7475120983660638967
-3338446423916278301
7216501434563292059
8221802457418335553
-1922138900609072508
7158671451171000296
6471952862656451830
-8865508283488794927
1176146368475626773
2454412481415118438
-7207021635374766506
2895590504525078777
-2513862376263317045
2152444541807758315
4693532430648018237
-8350243559060657236
2475272437982708649
831069896489122588
8721772759143753623
-1111343904623219481
4539593697024958352
-5687358609387341787
6026706207505218296
6477243984817195034
7525075026375489502
4114831735490303780
4354376803453506808
5469493909680250576
-2798886835823068674
-5623655634902938038
8960971033918769843
7299135180978436760
-5613552482644258323
-3298912477142102456
-8651286772861199561
-7253200303210666087
3853092502210854839
-7449013157619923790
-1224624597117578247
1059572350163372495
2092945860049047880
7496604192706597642
1521354608513221873
5596826067188291651
-3191358284735245548
-6852462418248730299
-3223952307112840206
-4555860449586826691
6539500360590632865
2245984375385450051
88487674618824361
-6870097218243032114
3974386756912313651
-7623982858351124729
-5777539399512465074
8733043772261242849
-4267263882518444408
7345975195646676935
-3767717045879443606
8743398226232521704
7585429124634065256
-3456946376271197207
-8670729998373915970
4188045415685541678
2075730806967464799
36215547040905367
-3527141579570977762
303884838578052589
3615972485362169208
8326154782818251366
5282583518610334268
1526987926657237208
5676822474639137461
-2235760604720991019
-5460949319434707517
9143060218878877587
6452653118041501086
1870721439369707180
-6791642543080983054
7213670624037252231
-4448135001468250374
-3300927625426253208
3141934956228032686
965463632214199339
-778557195811532235
5830513509520630668
1645212369700850109
7264646784454017050
7597221856217697227
-8891358506774072897
-2546469281116591215
-4692312501041287521
8299000907459136655
-6814305786385592088
4722972778385922717
3596725285745922132
-339795520503910169
-3461748766127387278
7564758636690723761
-6130519444769869978
-5467175424207298961
-8759916683692044096
3387658683339294333
6038321996144697267
7955965329925902834
-6751089129589844141
-2841083744808121910
6933799806951212583
4281749718936117941
-7921329526458959666
-3671305349918318791
3886647766398299048
1815496022036523394
-2865073869750275591
4742772438097643275
1973752341187107462
-1887190191612189927
-5943883945267980142
-4604456949835655269
-260438511691302812
-3331079584498748747
-8626233055735359980
-1060656386017743992
194884712743787372
3046577665141243587
1934481907649331689
-2974030320519006009
-7626334701784633178
620873184169914182
4981097037216851141
7500314587990109430
1335505762832425628
3250798922029711963
-278118161409627093
5783265672243058686
-49941812879087939
-8396961590378301213
-161667722562661089
-3965126703512610234
8518893085850325008
-1835361023637947190
-4216317569749268291
807008343450057217
6486258252190376899
-2312689018541303826
-4280046555463358511
-5933261808848454932
2797903376047103235
-3459561725889280400
5724871761206442204
8298878122119750150
-6636381935489395357
-4263622555169316234
-8670118811108737094
608374949979667689
4919299758627852381
-8898817867346621877
6117784502711545277
1068657751683450828
-6003961146533175590
-3590844411203408810
8506309689468551486
3537686379707046440
-1531727965767086543
-7364903516895169837
5486511139411646378
6946291426606742810
3326651940718916608
-234237098151731798
7875719626443050438
-7362739652137637078
-4067531782268693868
5976508971118100499
-4275667121850365739
-8341282840091489587
5466635131936463234
-1577220215015846424
167047907927472610
1697017805541299195
7743143158116182436
9139708288041541387
-1537671871425156833
5673116341362380880
-1730134612834595155
5876363957177289123
5508647327405366470
2452618545616538510
-8418813341360467372
4213906622133355960
-8316881702171098203
282362938737975956
-8242572832420260665
1513989017657846252
-5471218315486083187
-7405065311658958077
-7356179069574886954
-2672101491218456008
-955831913315676571
-5560803213170206721
110228053311767087
-6991936849993695358
-2030663092126123646
-8904189227985714565
-6115498808993611256
1247287923071795208
3925143269021165066
-1031589743889880764
2792088552044787860
503579496139540874
3429887812904912882
-5964682930044570742
555289214749179405
560125784510971187
-3098908792767350561
7564458294564546362
-8442170023734732498
-2535519030229791841
767526280354755691
2178187457006600410
-2234045907879905932
7703011797496301215
-8427486154692583934
-404697674983147922
6435616032964852109
9017079360700838
-9063868601309477609
5260749693660184051
-3250352026835184208
-542753453149475969
6838002405790002936
-3503206421028627313
-3529151892452623479
-1999376666318244988
1133429230770866005
684275214039124297
-1542279937717337720
-7945069509832644045
8030905863085309506
4069316471788193391
2352125281474937917
-5905624851764901269
8206081075467830027
-3704898515850421712
3989991171620853194
4559781001939082614
5374579814497049087
320323998811334821
4216029806087633038
6111282233161908638
-2269948733773669311
-3113227753803444097
5220839389665143523
-5919780772727170053
-4186780023084445316
-1728566164313319769
-7220776134699618818
8316194549701251027
3281315461051787295
556875999514620259
-3453542270853844799
8346121133360352312
-6290622703539853810
-7820304369690647204
5327272237952074771
-8161389231335826135
2635867166645770938
-3345102284064295525
-7321400276059571146
-7226590839337294945
-891473053131629279
-8025992233447532046
-8483532238078844176
-3977388751382145117
8844247712012650831
-6526956252291023869
5019132137002097166
-7814047424532464624
2781131589543843835
8309094304339154847
-7697925715703401967
-981481722877370696
-1537200629285116717
-4234480665028517391
3815960801238100424
169749075549398541
-6282095546978980853
6627195920578042624
-1724015636001227629
1254501014018035664
6146024022986348624
-3274383735095615998
2146941220361300373
-2928724393794207852
-5078676130234523751
-4975151241296580588
7278956029821297852
3515290775692785199
6043333823828706206
-4070977703006338811
-8411669034523238673
-8195436660519296365
-8456773780509975847
-6335216982458168520
5941689934232813528
-4061753969543632453
4804961192695262480
8861793055709556032
8487582371490973148
4649628394698174742
2125583116588989028
7515512015908554165
5906654444811521844
466807712432830934
2967837167463062819
2478223304742144954
-141997645770144714
-5866140984022653699
427217527616068041
-5580869198903369701
4442021451311822747
-9051101514489456829
-4459926170161820591
321274031589701487
-1428885864296090436
1802066496515095588
-5017169687845906964
-1015209869034743988
-4971980674484668697
7781550893485599373
-3062570976615547164
7978823066947092226
-4285673941651745031
2529734836110053627
4258670894881686998
1674177646492586247
-5334115902711647871
2052610794501649371
1900035667571179521
8389492065059086373
2652537639407214043
1313303985677766180
9125283644847361085
1945087426801738121
-4652305884231042741
-4025226330425348430
-3897679021686108328
8404390734304941231
-4163501026065012267
-8168982067953611218
127143966072860689
2038767654770100791
-715805522807457023
6342321438227380363
3434804189785001275
3289782547984747825
2817632706583604613
-4010074296861114587
6267773807260370901
-5872918850154992957
1578656093189608302
5530530754083850499
-5670132796942833915
7430197592211287378
-1183293345276359193
2524156147428765761
-3394788528401656443
7682425291818373655
9212779773753082915
162640305243614707
-3709631055578724014
3803549260034931232
-8833409828461468030
-4576517568893164560
1469995852355340133
55393439936043068
-6836028127468572851
-1348232686455583477
4561294506416238397
-4875154174137918375
-7021702256477052363
1239151889568712037
3104421046327728276
-6343311554293034702
-2815229052616485745
7000692283340430270
5453593704501204453
1681804015342100492
1782255333934772493
-525787722798022466
2372672669289147286
-5593446137364612952
4339130130028569227
3949561284666075428
1009796818541174152
-7048567691249780009
-6276407605638156607
-3715198401582152675
-9133487133582247972
-5891795006732338287
8300629324052993241
-6606603107550163556
-935886521114009003
-9095328349821283523
9163823921839960902
2673423805648227876
3781685529275299218
7581616934059242789
-3631985389423153742
-4494334719497915775
146716884800695706
7780949190482121066
5121380631671074908
-1896348701115829714
1809580246111637567
-2215119112841684817
8028729889377644946
-874669868433805209
2114243687359221032
8248282755225546790
-4793472483349852864
6899376282720410808
-3412384008855355059
-8120677130998241259
-8070821518937190719
6609826213328902522
-3899936024639034453
2015713285434039838
2950101065469847416
-4579179962624419469
8320549232651574309
-1111194371906376413
6669848401045218586
-4908359249105315580
7262320335079554965
-6169924080112114812
-1582641127600069271
-7278772327303479647
7287417374608964905
8877291407507048047
-2301543764584234631
-1153432169654373910
3654901682048947550
-3660955418888451400
1123998896326869154
2721010120872067486
2528557017698974490
-4545610271809272839
-3396055839891325944
-4628740018014326418
-2210394351698703197
1625605361167218435
-7268112739324830450
5292176180369895478
4206972374445262458
-5232093610414087038
-7462683315404375122
-2041922238723693523
3890389455044772799
-8123036331021023113
5710981438656001407
3929117673709997717
-2238505795291442752
-5211566089860942443
-7398834058825236407
-8015321629573666386
66844877364106316
5570366472855532480
5505132118644633187
-2443951477840852523
-8003362587402929496
-5443587954566985280
5680993567747823683
9123261105367395713
-9070556003192997567
5550108548531298711
-3071735329528187707
-4351434237105860781
4845651000496671793
4399342749416835804
-2240144342738247039
-2841608934943700552
-6742357508852325489
-2994945562164007058
-4006310844945874490
2391350692603425087
-8060098979836627608
9151425650817891783
-3146732145975980378
-8730378970549444084
2883639315627369178
4341979982083758289
2807479789712578289
-1956803207755855842
-6867154750740132258
-7049083250427431866
-6200067932388542173
-306435828011673684
-8798721292723380677
5752553063856546481
-7850093191803046114
-1024508518734423874
-3421033833826756335
4820166204766524142
-8914713856547596911
-3198614627066620148
2283268065294681551
-9092659126200471043
-3501366929798317910
7185749297782240737
2520575937029877438
-6190885196778647349
-2430869893153173236
-7358656031327264954
-424585112020970806
-3029146319421550746
-9087729621089231379
3226822596171135794
-2733255798932167794
-8993584722468775935
2572414136763151236
2713256852462177022
3649689322520688746
-1569789547383640768
5760828834620439492
7849850124608257516
2003544115456135198
7052607221845392006
-2344972475513135609
-8268956057324393482
2611464833424814659
-8871060749048197964
-2502837477104681000
8852469961721719829
-6585671951975549300
3866487497860364592
-1557581602372577123
-2010905872204730858
-8942100062624615399
8352511183204151223
-3770010964143496429
-7735966634233549675
-6249927659164443243
1230719009760050694
3631825882422820447
-4278271531919288466
-1854121216585744861
4432406444128469411
-3053508257596556441
3932095004845384610
-2764130549178450406
-1651578434712848472
8797326509785103397
-2127474028812403634
-6802668987383321755
3374983613788355013
4473340511450960335
328284756235977489
967419920286808746
5699147577215029434
3669081284312414838
3038582557834627036
6112695308978949501
-7955340400857335090
-3718685495284485702
-8202888706242567733
-3270105676272755298
-598824238986059232
8063272064746631691
-7399772324810736795
8893823686027666697
-4746745320985113112
-3905402339715482383
8534525862877628169
3367062716503908891
62998933728649339
-662939238150616035
-1688148017532733800
-5410464370999069756
-1638799905901842582
-1097151505754765542
-3942449592810215911
-2646587798027138642
-4382552683977626951
1912995087221648690
6196222450666187085
1741656034485493552
-5427094951307612081
4799476182368433199
8263678586308979531
-1031498684809339538
5838583986747794818
1322176055269617115
-4826331440477191239
9193584089223556785
6364869185989841152
-9159126965196310679
7600320353217078787
3391596200307277018
-4474566685902689392
-2294196333491370173
-4539587502225126835
-3383615070907910506
1284569143880277867
-8157420630322628157
-1398423152548264535
5043804015777583431
-6022755214701704781
-5672174492521560659
5616892242127552558
1894420301763161758
8395227707797268584
-4042317766175800760
9217450949933408739
-7019365008048691140
4077323961472431327
-8482747785235699331
-6881206982978487872
7850698357613897639
7502977330282479177
956804497015643784
-7540308201571153004
6027429311432020946
3335440599323136099
-8561139190334981280
4640089819419925439
3837643161050168265
-6153233187252781997
-3160766243431169053
-4832349160856419600
-8992578303660350759
8224566687434857315
-3546561947738671067
4074262891742682407
4486016088294508331
6673596836874595172
6833454353484942412
7444924881438138788
-8489133443212280141
6115856688221830044
4384685955175588584
4041504410652196919
-4672629671054012881
-8500309155970293567
7950133811037454484
-807785815836009049
3910626909766194807
7782736898364375605
7909296932872849073
-7916597029335678595
-3055645789548062537
-7567054452900597431
2123933262362030753
1422395136826701089
-7244683273141609393
3920936267020425450
7053393847441864738
8847035078060849870
-772341825832609761
4926346375166884345
-1275760819216880654
-7964477928429830866
-614695347885980439
6945298580719320539
-4904394510383753817
-207508570275485186
2713090059967011143
1196008972738888273
-1944813292620982600
6624950244647775245
-3775460784386105983
6703097748010687844
-7098345876844014453
-7894365275264276951
341909524196118031
1289116550498761360
-3098483134782620736
1376643584839198639
-8280502844502964965
4371615930762159297
-7512270516656154180
-3173470217798758484
-4530319978497758552
784665738311178065
8426822510991382608
2219146709741833010
-6425408929719685955
-9009039798627460743
-4099759846872417715
7400843409870313450
-3572220610740972325
-2589329481864609113
-6232537314339237836
-6084495949314138386
6798747332869835975
-7331870723038796847
-2342168531536938674
-1810948594992466506
2516514705557087602
-6365352787483773645
7881099225877589853
-4515428559068555538
8600341037913598269
-3722203723195280702
8528264240208414474
-8454984456228832649
-6454680575964347284
-8392852987981782498
6460683644249062733
-2195224575713966516
8686831745388623194
2207483196526223733
3486256981162771771
-855334143195732585
-7755744554879845734
7402354564876604077
1938683044589881802
5000639362537361895
-2059094632940286540
3049306195049659194
-3399135752252777902
-9223253542473408671
3716547752343176166
-8665619343716479699
-8343927990598081515
-712195905623850390
-4103381719717443229
4369875646492041690
921098266234097407
5674675657779495838
-145975916286522128
-1346369944647843435
8373923937450103294
5673979722076682102
670581298619091646
3667911044988588328
-3131373700881039127
93945984257397950
-6258838249364501552
9168155860866128824
-4821831257837875191
-5805255500561306993
-3984869469770066312
4242190724031690392
4829967313058383612
-6469455305223265356
4217072129083637014
-1246134063152741109
8333056534590235696
-2826545595644635000
-187978387362953967
4328635793800376946
-2161910724384320600
-4102038877240575859
2570430353317916759
-2447323616351037556
-3125110740726611199
3880191142700926359
-3850675526578692157
-7489854272252196687
567927419469735651
-7448648026316767186
-3371472434947579945
-5202532521834143268
7435391349280950659
3811597336908165456
1366598710744586681
-5387644711248486311
7712758219344731667
-373794625782240817
6107727195031037724
1500899184120909843
-4267184402056278476
5940070009538529694
4171243978565090307
-102884555943791233
-1887767577962781049
-7097999858288364286
6186571825187071311
7235477702949228423
5366039502501304095
-6930062105059146508
8916685105384546770
239493839100062079
8341088413257695569
-7140317833365274245
6539310997371324881
2526651430781086576
2073876616978759121
-3897501190358379888
-2318629471571740004
78413777315407717
-5515305661816799584
4298789794766022910
-4023914120164133320
-6647194364943353446
-6940438132517719529
-1892174416810696319
-4633030936891724853
-8921846129008409480
-6000439516680267213
-5549375802505051951
8289203678733807236
793111499519300663
4693523214484493940
-1044957399170005609
-4584037614725412616
1685970622503159148
-5949340121852424638
-7294575289755247744
3877262878388282246
1789110143473046737
-5028179906800687941
-7476592989769714018
-1788352053010790385
8801125909055111615
5708034779817930361
-3812493295704051583
-6989963154422476625
-4458074723879931725
3043719440211112204
8775491516435341476
-8929430450452990215
-3574850553538901599
-9130080892886965753
1387953595926491097
3815299650507497182
-8384298723624262333
-8447672838162271136
-3556598578154543428
4835238344897294662
-5568675514418579849
3498194496113508015
3097359747311230074
4931021022987068094
-331269959614567329
5111975099076795535
-3241215531502464190
2718880025624613493
123673862639410990
-5526896329568164852
6346469323190097863
3957913101086569976
4363349057369431304
-3487868522601580527
-6045309491462316874
-4618183006379353703
-1901852933954711645
7214609874089748380
672529488095349863
-1784547031957223652
3023416128548257390
7288480003470068967
6034225957573114335
-3630390789653926287
4979118146196911888
8901989015558246442
3739772293806774065
9003918386527953138
5918757575331063873
7664183975329668402
-2998061819678823308
-1697703536818165487
4883231015985072392
-9142557622636876195
7378303029473926600
-232057080304503187
-3284086890697583955
-8756309160353838933
-4109770287186461903
-4814283265439270917
8236006506989057295
-3436068135619527335
2866334739549268812
-1546844658709623360
-4399410146768062251
3364070290771512817
-1260332680077133233
-6347079606205264264
-6916585389093585653
7128900662480962297
-5867485689233679999
-449922671037512317
5053563230242971901
-6295032017168112223
272217305572966295
-5034106612962658488
5257417527326329552
9015995936671766884
-1253542203301935107
-8690079111654418376
7488593041543096749
-6775086420415269804
-1234778671940142627
6192211429100559304
7531892288480726518
-4614910944054962337
-7338313005787783072
-4379964769963386019
4725983149921137147
-7361797286985552966
-4165472669543518878
2686634540625793971
-6135934783761097899
3759664192486261006
974474404158166020
-442949468787036358
7499344569247037612
-4937069203717619899
-2035720748236318652
5988276897525528550
4508724709368683226
-3488125884702681156
-3294898527616557127
-3507483904856164429
7646648111936061229
-251289104780573433
1815217051792650091
4691458034009016248
2076089081058737892
-4380087667354682076
2239748458037921446
1327029513294817926
1663425895826189707
8758296241807842421
4232116632770374744
-4055527928456452333
-2878906342957716433
3137773390849959234
-8099203699921367858
2579164419413215412
-6034311233872875893
-1315259672969012846
8731442637259738074
1875102623021722195
-3669079193696179449
194022073694555691
4564816339683313755
2231664199616867885
7665257422623423885
-8798489502685049819
5189176079946853788
-4072480948037391026
8499489325848189281
8492256846731650744
-1442984531892492624
7465586696661830729
-8164796613639858259
-484989804187720580
-3960036754538584808
4431743519025738015
-4403483373444311295
8356212832337608921
3179840583691300505
36999182482562031
-8219337077022734203
7212152470170866743
9048834669489196793
902122180971311005
-6642249039597855628
4464174343803083470
494717059230617762
3781704126320228707
-7209021881159602170
388849097322391658
6789880916821209321
4009773162886153539
5517760403728277294
-2983589606397730162
-6333266524075084541
-2154815284940084895
2740347527569422667
6714341425360491365
2183127117373989073
-7791859798143072933
4286730745550156015
5224769690769458026
7533465640232224703
1378526253739152143
2136930279066453099
-4599530100819758382
4731728139018515416
-3654424661990620285
-4747860666813621006
8521595114077670170
-8940317863654728716
-1096133029858206445
300566962206257287
8151456936206038193
-7599801371421641137
-6684000661661622622
379291031766042352
-5756313525027343559
-1435517990944700851
3879029533258468315
-2245715797045773040
-2850817306705319043
-5788111534947509045
3053459321822760668
7279850212802660900
-8300608225595169918
-7588769963136862839
-3895798862506166107
7855952906386867616
7848065744020305954
1203698926285023278
-7194353691911674140
-8645134209330184034
2931121336814624699
1799460449304871234
1474028735169470616
8239001286555153720
390663572662629913
-8229663423162900437
-5557949687084542531
252773416342328040
3596628437661630303
2696416776099447560
-8767815949208913529
6837683677142105137
5992132805353839841
-7615966184178177421
-7336850329718976571
7898305161434188063
-7505632740010048994
-3379280331211955030
-5003286539824904177
-7901521031856223416
-1849622954504639191
3798708473297180039
6763862206177947283
-6165966460696329384
7544361896107844441
2649069647061000027
-2761978080839448589
7658260954993168092
-5571630506459060023
-2334114218573779551
3530862691205020606
-6535388015223824808
-1470630065648232911
-1488796138021306205
2029484421234561871
-8140671111387592684
2726245955781324262
-9172168309845318677
-5229795511553332631
-3826635499222089812
-4088380144731406769
-5692154143724442779
1913627543591599757
-6490195109827526054
4874723162945735319
4842116552943931410
1000749383672008049
7880053343274917651
-1951455825701013082
-7121792003074107116
-5766387567454217455
-7935278560420619085
-7663533151818941908
-8067405923087019033
-8749741924287317173
-5199019437351230804
6399367390759515856
1467697050591146354
-3146050526766608703
6246306440620967892
1378430036750075624
-1548441364383993070
4603097207998480432
3794173020134802839
8222570926732479581
-5128387439639571245
6982924908576594137
8651907142960302766
4251745873315674904
2868143674879062734
9196748190900615793
4904423009686046661
-8319982497960308746
4206830409283699708
5093767229048804166
-2859003476033604099
-8806588925691237684
8663073808288460862
-7979493125472495035
-54661334897712965
-8151981185788722456
8950098360492199667
-4733144689908908257
-9063403629016906623
-843413925370673401
2144490805794726149
-3337495989532113763
5653788803891366278
-5438220256518798636
-2408678202772785881
8101392460360004270
-6359494949234571640
6297893207323868542
5729953192445206061
6840261746255811811
356505207184739259
7842021729671164204
-4718464684931792968
-6633194991973959614
-5997400630142133528
-5548815009873153643
8405941681537213632
-8328351735291016167
7946022437704729672
1543089045483542627
-8487252307335004140
-8551549040144598794
-8356108507761546137
6797159370135168895
-137936091091779667
3372512197151746872
-6624485113042450017
6659223615221157873
-7416943531440126290
7671657078528231577
2032456673122404474
-2604751266159916124
5173990659953866913
-7885741870080777933
7238265636326129713
5303353504350858474
6376564553786686321
-806913162055527154
-4976780823410785528
-7513584003790345293
-9193492560917375749
2919935844137873327
1554826375953483378
5095241294713265906
-6584507899931427765
-1699169870855429014
-1863146586591894698
5631583187385061027
-3375850056474340834
-3357966568640182749
8849961893709449419
-1300925930821746766
-3950810926491249457
5736939006092918395
6194600262858648852
623031487157948545
4084064534038177748
-8230802821941467694
2542581375623041053
-7906601353544286813
2100318663854679143
-7024174951649227520
-5692038964959091728
864076342239931408
8354228728546558413
-8584390996545800896
-5923702314742009342
5300969179789075338
-4791840955451076669
6516710826451036613
652769604216227405
-1495442055757890218
2083209278410553751
2289783892353526289
3421232267578817708
4057777043761241822
-4691335175726469382
-9145207101871769477
-8991652951817019230
7347672638632361935
3172082365712454222
-3738951116056352889
7903515663913330577
3109444076839455916
6916367223693086421
3822796600326990006
6874211901814237983
-8581600217445448162
4484231865767333317
4664589692593094514
8433802449135625569
4813995120367111927
1543334324975467201
-8251356018989412424
7970685617684808750
8330309440884353912
3360862541855945233
-3139828339992954518
-3041295356533673774
-2976969829021781318
9062639243835986590
459922214007638336
5769729961150469845
-5621905122446149426
-5022684401876693017
6813881946836793113
-2963403715862094085
-6982646029408133452
-6039437567435143629
-3505003829090328967
-7043450074710837437
2666797472613106850
4579798240318981903
-4942118511999370909
8650512078079273529
6216055904054769802
-8905983070709691015
9196236179780143553
-3330924775095311226
-4099757966388607142
7754090596838800239
-1539155692875994402
-2049342556015604180
482593800400958825
-274908481601887876
5387325498990434163
-5816393854733904340
7574019541117889452
-400098681741338178
-6935736574107539557
4117800707858038064
1442682205901861184
4393243933111562137
-6042532571107141015
-1953475113862928914
-8517712335342906806
8406411037731353290
628468315974595927
6258407510725233544
-8055195982043940719
-3229493175138131949
-7326070829068171879
-6195550581761223842
-7697197178594092703
6378974017829477503
-4380508355484689409
-7857831264869561381
7516786708481360471
-81939968233102808
-2752711758346711970
5503912693052674699
-2489165131884372998
-7959712608684825539
-8219815976028071280
6655967365332032891
7830173868600981838
-8665490432925247877
-6701337562098339590
-8724517258299685874
6955831492569153752
3646722228726364368
-4654103468575243533
7989515870325985696
-4446537269044294293
-2316939408684756281
-6118937619923171296
-8607692267737303139
-3557099763247575930
-5519541746955504273
-2013040258400843431
-8144555108687738028
164601359154717939
6703355499032506197
-3538087201375746781
-6824703865358483666
9082929159415683731
6249715743121363340
-5553042365048818365
8169893047050354501
4807631603649767347
2742665199380398977
1563708184440571813
3107874853881050431
2488286908914403907
2303021827698066292
-1478990387188620179
-8815607470614213080
1879996385594683573
-6320531119836683687
-2277415103355812968
-7954057732559964411
6994991693918844737
7358629369339575633
7985273206266050849
4554208298141214513
3264734942331753680
8022183682923101505
1450197643807851772
-7462923390267559482
-8680982565304632658
-44604526115325516
2878490315594449611
3405104736145893591
8025688392824817299
-6977928247839298215
5575808018476247605
-7502150650453246925
620379747221686654
-7378538828402688872
4437313604324329644
2100489967365933741
-7049193683131018844
5352006627023694613
-6711225802321534308
-2992523314057179091
-4185299443700400872
-1973012870476183960
-4902173637251390979
146770920834071750
-7254351030476090784
7405764910262239479
-4708557535258040368
-4237476230399882083
4741179458689956687
4298997057823682782
-1087825288786062365
-5812846229252977317
-4484226906300602429
-6482365857380359867
6221711840766105040
1638847965545879443
5643760586670853708
5747128997952622842
5674166131324560395
-41548839688613607
5952728798301390101
-1961357140949732363
-8221870976795182677
-380100966049506643
-5085894252177630780
4713182096155757638
3368218904440925267
-8736050186741290198
7976154343782822641
5949642561719786579
2371673112958044452
5577491957234994932
-1020014936219209660
8062651157654550135
6011410583590457128
7987626273312139557
-6536560875785191599
-7206878934105362162
9092139314236250439
1710682574705170252
-1485113936396948159
1115538425887027499
5610012676802722949
4251773413003100402
8978255097331479933
-593159413850264939
3467830141400428645
7870718493653985562
4473865271070637551
3733742726693444529
-6848844202189451980
-7157922242477084365
-3553785794005992759
7300416451142639872
6377387340921324585
7808504989999577711
1013814914717546088
-5188489475634211868
9168370049993483970
-1471777105223969323
3767754858707849855
-7703910840114091054
5589390236779808979
3837175810861769246
6456810669177211322
1081087252638000404
-2425912421585191199
-5699296902060643371
-876703733674298400
3378178820629221406
-6749130989913688614
-8958414487136607162
2301105992070367722
793397997634007052
6745282767172989794
-4549459080451949768
2994562755186626815
-7805641099993311324
-7234763303697316707
-4071357941005077307
7434244883747535810
1150252243044967664
-939811064364869566
-1808546993924113569
5072084641174837451
2603168232154957240
-3671401567581527152
-2175833268923527532
2389537270369645697
2080936403781699130
-7336829878390819937
-3283602807387854811
603755880707154950
7961024311706848171
-7503274284562083328
4162240671505452884
-8636385190653246472
-8306470467217870301
-968281784106996255
5509740663471142703
-1077880781641604865
-1114917065402053989
1644400977796542983
620349192999252076
7055923364830665567
-5581746361052848809
-3947109067916532610
1885028775716441030
-5865923299610855679
-9066296862951718080
-3757407082065286105
2453931221736799221
6077517036051924475
1235361234410638297
-8745336922708343359
203516955426195501
-3645876574007612925
1635849564461878994
8876258775036458776
2745791516232129234
6561720540763628275
-8949707823589704003
1570199342676946353
842654492959184908
4259910349527887466
-329413371635219266
-4513115400553662651
-3363110120637591241
-6630463380992222485
1126872295883831928
-3288319242723988974
2476037687484158899
7718233879165813816
4320897068464247309
8574524012942255183
1468472358100801844
-1018722012248315801
-3128296065314090473
5670554092003867452
-7968776781447813700
-4826687714141725597
-7197177261959737523
3628259017255186456
-7470629942724037481
6577170610284293220
1531808361952996813
-1825342518464096234
5611903534537129210
7124564585710736981
-7175770441662336604
-7695783498580908455
1410587025020811825
-5285294888106232989
-8746675298462561425
-5126192977114069460
-1720934991905554429
-7387315043845202698
-3405897601675131025
-1402599160557102659
5390420614065666111
-1754747215342821589
-1655157972809447269
3023983502306203317
-1832212674357560926
-4468391431026048347
2324155614538349263
-3410678939656918496
-1134631666759745935
-371786879306004543
-149489236613496282
4635014506540188531
-7046580480743019951
6483044886781850068
-5796763680408357193
-1237663824328237659
1554376428486783411
-1598846506426941046
5783978054033826461
-1855189724686832472
97778470691913441
-2247518517033594969
-5309073716157831279
-3916442752994269547
-3160360876133543293
-3884939673680201705
1709588172187669811
-9200841658484038033
4759840235300057437
-2212300367429134241
6577479521190138948
-8813299085850004700
1220574303126680745
9115812755201623723
1183086820184383102
2967246495720215976
3447326281305718829
-3700650444319795522
4865528208868608380
8707379442574423674
-4011913673052671683
6694398901211208176
3201617789462718597
-8619345059643427228
-6576938681935973140
-1138759745161189180
-4054193164239941353
-5730266522405513487
1437539167029429948
-6243780187322767723
6064595887828935338
5949295203667621461
8420861252740473007
-6164961701338200613
-8246483856920790701
-3976655610557193338
3323193157590472076
8115606867869073710
2117464017101795492
-886718882789006250
-5946607920056513432
604609244550764657
7732741581716958790
-1878919589264345299
-5291348116453846965
-6089732348891725796
3171264305291113385
-8035728288679289869
1651968555198750038
-7057693999004876327
8702439871731917092
-3404811071297760459
1672179489112947320
1317234395749686505
-8633033349032735496
4484669763002836951
6090916456170925367
-7366171552919294704
3642332586755323504
-4312258807812916122
-4650639846941632153
4391156503907896563
9177464082437642116
-498183495056522547
-5213998455326085581
-3707265453818699876
7796035365548614551
-321927406854674742
922169210493528235
-4415330063548198995
8356971002467921614
-3902261842867865322
6613157040367797737
-4559607767915349720
310771512591593599
-4425135534841163024
-2792588170512778461
2067151183772606331
5976448776236329805
-6433116249529321384
-265402517962546856
8788788518890386373
167998592212176663
9025244357003221869
-6387381220883766929
7874997055955398531
-4686051022942732600
6375912682717426739
-4875369383394153428
7783335569328061691
-744707056351903267
-3608024853295876458
459875918783595583
-3392268357641422564
-9132139375886809420
-3070829616779859693
-5720441837478496099
-3969791086792954393
-2621987375825208743
8092503724352356800
-5989672677718964454
638884767177387817
1900449581525443439
8649334288889945924
7343954039394992556
-6921767213633804860
-5363193057388227858
5411304319616556894
7894320261326573914
-3055493143722594544
-5707577373726630342
5405968075718107066
7795043179328303202
8830027735313831963
1378529680012538546
2737570890472317713
6130651462887565545
-3971379512193715043
4775725349586809093
87011840134845160
3452949613840443813
7904036114582249350
3347456221502399492
-9018973105476042584
-3018330085638489025
-6705830586555500714
-4581887802241295129
-8914776142811904673
5688308412299162621
84255004259902328
-1732244639417327204
4624841726603968783
6576619538036076932
-5375215845321533847
-4514545261771870083
417355257708305317
-8898826250388730562
-3821457316663109881
-8008316292786004538
8201814334773376736
6591459900402547202
4093722262849252080
6142243042863273498
-4165524841596112465
1899156333061950878
-8708319783337469864
-7178645487525803151
-3198011683510923221
5826443915548532415
-1514040815801934281
-8415583927272531526
3711736858338227078
4083821637183656644
8770414043221496158
4875970608972817574
-6173187741034515448
-3267679536782668884
803759327146053081
3899452100929689326
-2072473750403523857
-6941992859980597349
-7613686093734246793
5845489646377822035
7012990969284639288
384337957248375091
4552403328427067203
-5978517424790728062
-5701891847782931242
22902762699066096
-5849163477663718821
-9013385009539858979
-3010405409456618057
303783801782043374
8088973840009828954
7466219088436637780
-7225873805687919888
-6449091601512116863
-4086812804380128265
2301255787684977375
-3966551055743695325
-9079581044668991912
-2466909034587603237
156023313164893158
6691367873410160385
-8935285848747020966
-1599341878969282865
-7587029308007476329
4797609355524502840
-5757241454898866300
3790788166153586070
5301437355437487674
1646919976304473196
2791776970527399050
-7718347183593196954
3901618790548200243
-169156081668326776
-8162605176183517257
6655778905025478509
4214957513930525855
-3148289522305742421
-5766073033196739274
-3991826388600894950
-8993960960485365125
3941570578023666061
-5739673187247409591
942931590111385402
-5472217592173898514
7352826168321981824
-5094288598787163304
-4805053875751928434
-1833988489593700323
-617115261253748707
-1322658120355545635
2152260135128584215
5528118200551466278
-5396062519155214022
7064075735299201113
-4319886267988676649
-4049203780908428507
-2595818600790598579
6670572966899533047
19623193928335698
6290617573504854147
-1434769053075621028
225955323778665475
4540008483391286786
3303630924032138046
5137295763002222130
-3527824174471847140
4584093821306843996
-4762885305420527499
4594298046747014997
8696842252808493084
-3854713686652538253
-4214316996024150132
3929007014946302153
9210078521026143933
-2436638180562986827
5475125827389297713
5160068226044335748
-2629000852291705105
6543822267644423407
2073983210884296811
3756551854772852093
-9100908380045852400
5756212548496251553
-7563298119184484872
5649004417453036904
6061970611021389549
-5943858887851984878
4571786320808864264
-75903867422074030
-1651299432998653614
2075892398727877846
-2157982110878380277
-4778032789751625330
8006515384178491380
-1632620670186071049
5972672846060837266
-1709084423536824350
5388351173626611397
1536699142812215852
-6802231106135411249
-2632327310355499781
-3278689998768621307
5092775390997995348
-6007805225505880695
-7938710929160777145
-7914105405782261684
591649224423686380
-1746720889971632009
-9034512810391004407
3286489740860514697
-7085289795232776363
7908690376099186584
-8895123852644904979
2995231624363531200
-2440487835618674737
5246281861861925460
-9193346025069135084
-5287319819602012790
-773309497863649367
2018463661415969388
-6049659601244655392
-7740181972849452724
2792813189593499267
1281206877464131576
-5332016621866243504
3439349369472614070
-4789889805335873827
126330183173584609
71030734336500798
7597256366863290682
-1953582844889898725
3005337115918309961
-4278826853244413522
-425581065416183908
5096919124396755807
7231496653560693293
-5060728037016661531
-7687750819526135753
3334978464927924862
-8716290472864984979
5128474955937793471
8128582450347620658
-4372918526202333900
1785966426813390469
7516207182297383393
8130009455855259925
6015712874105023894
-2088289703845883714
-7516393121093220976
-6086442400529393397
5980777127988236617
1114805557354000921
1680334953083468651
-2804303775831417875
-6884957068795279609
-8750239281664184820
-2547262056093684025
8000774594981967289
2177725420080922734
3060391908276231940
