Matrix cols: 2
Matrix rows: 8192
Matrix_0 shares[0]:
-5031071306946477558
-220162434599259810
-8745645386068699144
7808146688742274381
3215456973099224723
1238684262565265522
-8060934300076518364
3029677857802804154
-2565670748247032014
2122580531518579533
-5900651920751975213
903067254146411762
-2908818458958083968
-3075627560213583602
-961383645118399252
3584045205767323923
-3048155911084488785
5335914061990052776
3452944496251813896
-8260446580964283451
7850728337567773501
383555692987375255
-1622505421101785928
8810728256568516536
-8574310357844685309
3626149198310327019
5113524307141256322
-6982505971762501364
8867630151593204375
8487031227358916907
715137940045667039
5121622273572841254
8290542973224760559
1720167771273744185
5061166106581447443
-4705525172199192394
-5551118250490338063
3385164965520230610
7883782762811486934
-4168498115851659449
9199498191935345266
-431946064450111774
6465981650158578746
5811504866867057578
4308388564661773304
-6949259867215736457
2354771712794401931
7499638931363192883
-6542466805880587743
8275597463757820031
7765542912712416671
1313833502465559934
5643258283263329102
-3263296705506946888
7487638846194670676
-531280067821242692
-8177383340514334116
4619459034717896576
4532329041195912104
-445736155380341448
-2402827662198268822
3505769131719785049
5276529013336380121
-948527419897490356
-4088800992260435197
-3344569225019397625
4977484926038725740
4586698949099343019
-5004038384667314211
-1759564277215399399
6596756355611206960
1273150183607743941
4669611909105615957
-7020420148789668970
-8141632569521473621
7226561724615035601
-4450705270754546002
-7414044485849372689
-8443001415454519549
2416967794657489503
-4392255212125448931
-8384555727891355769
-3034833579282778050
1725834899666946831
-8299571025476872221
5876082074887465580
5203641312177284671
3102687741143112323
-1124016541224004528
334080426623627511
-5653873724198285377
450603891439686467
4379181725689466641
-1951647263942923177
4327142830712850650
-7619364125225249898
-8874766847654929722
3059167320064009462
-8299036125268615655
1451821651546647192
-742873657592703723
7058755167816262106
5918285422465229858
2444774433609809788
-984125481159175101
8134362461019580039
2117169286702895608
5127735595801174919
5354955701680913930
3765569594030346462
-1535996586631385313
640414881451021939
-206010637093779034
-7117258083859593243
-2804065602449976200
-7966178486068300208
-6099265340170791011
-1469667763701621165
5707152714428193380
6131268373209107316
736078777310349028
4877652720018902086
-4817030037175549308
-2031139753233323246
7649883227309017099
4018137287256804975
-185422661599386306
-5471457393720367498
5569742948287375722
2540796483682990175
353814634470840801
951628705300372121
7678244296532158678
6726214919046517172
5458057398873253912
-816824497418498966
7101957101248159422
-7387364989541933248
-2540540834888185355
5378692612449902030
894377011180926903
-4412837924444099883
-5131291985193772398
1474113485320531795
1796458831272802940
3229943421669359277
-1055583645518948750
8349268975160930092
5941072331399964696
-6595906611921770231
-7430625902898515457
2488276827658115651
-4991765997278065603
-8991413227820347163
8112985020738403766
4832329461836114530
-1360856346922982965
-5522131580780889274
193643254645455917
7739852846560840038
5065639530165891523
-152480213672282019
9069746344947050150
7400440994232686822
-1628516734787039822
3206775553497945812
1725607304216970930
-4049911991868792732
1498777085016113803
273803071189405422
4760933840538466317
-5288059313374423963
-4179414080564896580
6131553095029977286
-7006343922348549066
-8727269254841614071
-1009405164412590510
5416842170697469547
7348103047682606105
-381902897710633161
-2781862394791159356
8811654618803215612
1320087435207353899
838821836760515066
-2564884414978291771
6442576780585384634
-696155544781601616
-7207610421121403135
-476942531276773402
-6267943249230063359
949067812167519399
-3072398634075107390
6362356606615315499
-1876972626510957738
2258196615760790447
-7692503813369625222
8027566191835953855
1411095200359631320
-3240371512182030952
81010133606765159
-3291721159878346899
9215443286141225057
-8928412809617440495
596856434802199533
-7030209183046440215
4750132888815728041
7410865856440070417
-3621694175240018601
-6493653688064686549
434575211199215611
2383467477554979807
8292572130912797843
-1825341778367564360
-8690735880281566775
-4082565989989155167
-8371971772248120001
405814075332681912
2316691271903240409
4949897299544298697
5634666133452701660
6991974754292205489
-8506805337064897968
-7675193920013408084
-447553211967070892
6654859241564829481
-627057077422299198
-8745504710024775991
-1320006775205094312
697141057639475606
-4044544546522931958
-8198680343845727113
-1459513750134653515
6328450120118457670
-6917874925930890788
7879758151782860325
5360234202424265875
6080679037173558364
4680910053861102668
-2982715827561634921
-8333514900616279707
6786968260098388316
-3181881145579278972
-1617779076999811849
4409557565549004821
-4466891377247915150
-7672700763894723773
-2736615204737752985
-6998828467347081651
7965773839127835878
6393656241540536663
-2880659325889776967
-1366724882299302375
3550741965675919668
-786788008111477912
-4530503179370866242
1688907215788075041
6110305422374092002
-5582170829155209692
6558063076304429793
-7153231417360373321
-3555637552539255718
-8547737206354353357
-3592038821237494572
-3927542507000994957
1374489042448134769
-3047779514298179201
6493213287934494275
5993766703297703333
-345372693396072136
-106604919158048539
3352901957170475586
3159934675760439216
7155639086028453030
2667968862020381875
4218196330194672408
-5618969651750779958
5818146575273965501
9007372915765130589
-7404283200746080836
-2633184064763669562
4763446217459150145
3747822079750701136
632308462659954306
6607325386503377302
-4608755426446942957
1907475247229877971
2372681768920924733
-2057096228605839885
369337024846354803
213127663185916753
-4987318581587287918
-5393407979302529044
-1562545702993888380
-484192718774957809
-8764499965369419152
-5713649619727488453
-5084215261302106421
-3912236987597898903
-7803361973429423388
-5272737973410333110
1615714699024321495
-8637699954851761912
3725136845559277313
7675330027972143779
-1956511380855473688
-8085149254254394280
-4678874907080444621
8159096860545320761
-6538792663759882665
-3577550234226612561
-618280465189298033
896833881955720562
1522051169536891248
-8894892303595588841
-6960636189625032797
4047179540423916321
1991345798027415187
5730998444308827674
6828574613441525018
8262905228712286507
-1622060184529114234
-1111817822886892931
-5234440680927656841
-3203684685026696727
3968343608163429581
-7001412228981641732
-5824603148838116597
-8285581036479501088
2018580707894774761
-73496625902963897
-2087953469467693111
3443810198630475285
6774694688929357501
-4505274690669963565
-4562023220567577199
-7658889905020248133
1971058772810493384
-947016736520062387
4139349902287955683
7757141669956839873
-1136520569700311004
-8137101953715558185
5818431676579597814
-5995067983184180406
4475086981399680084
5106391212839483164
714722821191057604
-5240835172974649697
-8858177692642709927
1458672454549545475
2854976904598372554
3319147278336673764
4007227438673191125
-320464583799370479
4564080111445349511
2801300426474714339
-8673972368078089988
3426962453113715780
-2285371364732369019
8791628027224432739
7591900896616526588
-5592987320978331341
2773587091105001352
4974117324867362331
2154253535907953730
4128520063518508445
2835166905215388984
1027990184832861053
6216909253417149346
8510077058970091797
-5630518280119440941
1408387163219978608
-4328992120614015579
6103118607845246228
3848930986851703825
3492714833064299240
-7919893831895431293
-3141133606739189205
-4822065801231994515
-6448395249208459799
6170150186255101114
9010070606791077254
-4459728616799735657
-5251057140109413985
1770798620068390820
-8172695738398369404
6808152990739224058
-7827037120899077269
1358106938964417382
-1704132063787498616
-8098494411883604355
-1314184265583344733
-8616693184204728503
8976515075806380248
6292827116300622647
-912130614516379399
-7055636135861115585
1605331090065045616
-7227113594267053804
5975650873925232571
-3149291330940815610
3495698373637593076
4438294373614210760
-1240684913776398181
-6298003037355735106
6357597202401459338
623240335689622676
-5382848709003628816
-1757127034171420598
-5933485913466737037
6521528517054648558
810870042941326973
-2303477012182117884
8520061028370422086
-8423751548250792794
-6295049010917821554
-643204040908312612
-5883822019290492271
-8823819514975807682
-6367932737458249662
3824548812664122870
-4786233533627997953
6691618670809341982
5520182753331370891
-1081088838082335331
4483806357039082742
1695030536587546499
5547165897181643648
303575306712499597
6671672321910392011
8468922664882165058
3893722172371425390
3547757538012272986
1669704723369664461
5994084318203630805
-1115865173081672072
2955478942388728212
-2075704698196434197
6032254928229478332
3937695073551359576
485156441782860017
5075064195035053145
798045348949798062
-7781002182634685267
-7157729684811583458
-8817503526409098596
-5676138345368261556
3205161886712416686
1935972415053026162
-9156292892345841229
7627867674043894184
-4408309022871288240
-1155019459247663200
4031793242904961723
6507870574082672763
2070500368903373982
1331553562824091933
-4142275870428428910
1919719865506212996
-7782563919072681025
6805490248184786771
4324818606322357444
8079751141520058892
-5860446137843621792
1851762498942388584
-6084761780386519305
4900017606835358501
1397270074350285426
5601793434254055446
8297828869493037079
8177327426621801034
-4591682689710067249
-6470609928157642368
1463030719130854970
-2492568091337924652
-6686861777051076615
-7897489493069197187
939219609544355716
3154823930759886150
-7410646515057659853
-2167275576736664488
1581789788551121775
2206399775814067319
-1257736374826726247
2802592152775218582
8413099272386303630
2701233507355828991
-3640623525940505311
3316214148710358662
3664567662417711199
-1490989007416729415
-5855509116151694421
-1354067820725425637
-1476022444403417812
689343913171960948
6774099993923117713
-4154772721197680284
8956840199587871545
8000813878695632077
-3504347119674162369
-572245348298280982
4639131032425340765
-7052560736396087006
6465539558453982570
3379655631369966159
2057313204637772545
-8179487485516388737
-3153425592272001008
8856303645575806966
3167096240249724829
-7818840901050616703
-3708786309213577436
-3265553898308733917
-5151500203349992741
1657006234584931948
-5278646058611429341
4830653574242263709
-1991109108196352422
-2840555838959063502
290878544196369101
7280964231402969911
8180524145363323113
6591600856701784591
-9197738788609877257
-3207146340375601214
-4764223159942456313
8564536616725004003
3580930725910810238
2307836460308419002
-7710447195351117488
7958686966568384522
1204643846637214067
7580622049733100572
-3638221623872631345
1066150897767200177
7182849715292227835
3180671377441899699
-3671516463864962881
1132420325396960301
2862148682283721535
-3172901577892102240
7346940465185931858
84885810864371243
-6983650937770473949
-4897896847376177181
1393556439025970452
-6871744751608376735
-2851647947354476114
3197886806460107151
-5711872665873936124
5261631549473880856
948423814882055208
2432903771773382708
-4822984181977925104
-4143713207209883772
2813731244220382715
2126833615440663702
6279249408673363864
5956398261446295181
-2574927371094252583
-442277723303636623
3230204979518617379
-6693039257492660288
1255092020674431524
1027313779928334315
-111232582402338435
2529096232502572211
8516504766514449039
-4297795003239677175
1836794101362248024
8577392013071893522
1169342239496718963
-101898849625734335
1026299480467973625
-1924123783535594670
-948191678717431931
3235386218072254683
9194644866026152844
5441674202321746170
3099772959737814591
3680954591286916441
4000755416878408827
2606620760764492092
5948670771176777336
-5571189600503297295
5475714708641357272
-2548311818529219388
-8532834350892026018
-2719633223953007652
4058771634284951821
-3924367718179126303
-9091182117971072164
5832688280384417332
3074564341948472703
8199396411878482022
1044788812361189772
4904720880159974044
3791498287850764618
714365614535461585
526019895121585199
622742925112953268
8665452410536077584
3097261526615493221
-5901995631014631199
-6884732528300975904
-376149703530886476
-3792519022604553383
-3245640564569758441
5026058249179108934
3369152346560158350
-5298001601077186548
6554398877916477434
-1881119614368927747
-1790102740946108300
-4544133009266094952
-2518342006912195684
-3455534836871934787
-4642747134411817670
-6961151360916041843
2050520130269890794
-5888725248698000224
2351193818396094981
-6507251700590392019
3213334502644837858
4599331730733265143
-1731987619542330923
-4895557510998120218
-7298831391856982469
2540865073937826307
5660716446317439467
400324186423406091
6990976863998929559
4955200621408320075
945265641236849364
-4814198760858176196
2004231634983884257
7139200086487289376
-1888627232209780146
3339476331970897982
-4241889687796850035
3851306379914497218
8023328657235787447
-4251167123320608523
-2651727908305892
-3351867851042405712
5215564833768306674
4119949063367087133
1549039103342677236
-436848805806686156
-5115126806178260117
-8515306285736961680
7899904881484374529
-3148495048691953646
3996088324192700014
-2607942679451488047
-7375404005502512637
4649036849671553389
7163220531439031524
-7924298546681406654
8134350883983837506
3109466023872330194
7868793664405129647
4408437723197510907
8625909050641342387
6966352246426002578
712897169416050842
4990074770296237754
-1609023065656500464
9146649216381983281
-925990214618613766
-3869378413992270297
-4674881788128021128
-8745143440227308191
2406051184262281012
-5612384608893041481
3752579706521117107
7712853282778070520
-557769276449292133
7254730375447706755
2730166076696803240
-7941023317033056363
-7192357897677706594
-5527230518688241046
5472704656819477951
-7464086285880405064
8919165506670441774
8917439204541975760
-8370797765562284879
3918424432136348150
7403628304301063415
-7234392264307989219
123722317129516890
7250509916705589262
4810982810724542772
6420786039686315268
-1645531805824189265
7202818938937872802
1272965014547366120
-7138586163973238259
5665018845910122072
4135488446279566818
2126049865080023567
5892391540321848576
-556235237018326497
-6939026559463287990
-1834278827957510290
415393436569615570
-6770211649210370591
-7952228418438922173
-1349824893907626667
-688063515482491026
-219257274467938273
4163096939570407151
-8754589779645632406
4088044920511164962
4496156396523363648
-3266091609440611019
-3593934186181852958
2274040587946517281
7414770558873690323
8659773067917931483
-6437698713122427739
4802146362981709002
4408882822405870692
5517752705210576536
-2971535297207873489
-9181794941790509119
-699697191411813482
-6666328258098436710
-3599680574353784567
4832262887551228150
-4715078396283442039
5330757861216492069
445045794182089319
-4375077799360984987
226793413630072455
2579630206695491582
9223260937668156364
-8782882424830629796
6251618325447449057
-8148087863409717781
-4559830241886119192
8521445465946092606
-7820716613126798518
4237415182925537170
8213562690521698154
4230344293493569018
-3616730339423080943
-7701330594471854647
-624251152969502703
-2043817604101303786
-7985621338876898746
2074734680175510508
5246269923413185795
-1111539526471085854
-3897125107372758263
-7798582715798583484
-5462989182067580629
195253520685232654
-754081098170756048
-6035646008952646507
5970245388678352312
-6385595661763924425
8858809979837051055
4701614277186424006
5177412566202902289
4938464731918766982
-5584572712163996368
-8646171101364535113
-1018313547260128020
3511326426547767334
7774591898437530655
-2348696068343230664
7980458943036625173
-185616917363916101
8100881888586696201
2796967452453345490
7677017299055076275
-8679940970806321030
-2213431160015879876
-2239455671209087902
6324513760487583904
-1098496048196045697
-195029490670142127
-8926816996870399510
5767439923564820283
2893986044285393880
-6928373904840811803
-1628550603021822594
1885890111579465912
164024646688512326
-6489675926991816178
7419634404688104472
-247581143193429879
3965396670588660914
-2896521240947977799
3662966769126334460
3229252750020331849
8039002999884990164
-7559185410829315127
-1396797640782549330
5900670566344066517
-4933043049184903110
7506881415201065013
4063766652488122845
6357382838973754328
-5483608261851725051
-7293611337577194840
7693415923916948551
4204972896795608939
-2756051010163449594
3247559944314186870
5692329500693396633
678458143238378184
7825903400037188226
-758037980873849838
-3437465762406973841
945285453176666006
-7021665476616181491
2776720772502348553
2239567758850629088
-5935653543972115671
2628562100184097100
-3837233340764368467
-7941612528330491541
-5879155170954168889
-1451469292730380899
-8138766844259249016
9142285606323111890
-4508983947902242003
6072171870123046351
-681953340069811922
7674160004247694811
2668002842902547507
182303150023746583
322813654250641501
4952079820551588872
-8979397340327162559
-8687031667182643359
-5130134099591945668
7756737272908966348
-5641345213771990729
6130714924126727475
-2487218395468174917
-4442879402668570695
751994314548700540
2199181029573113265
4166990659738072694
216536209181485569
-1308812165522924752
-1128615019503383175
-6116058352859461540
-7872196928687688646
5984180631200836810
9024720755852498208
3394321255348848204
-1448733714689823012
8101398783085223417
-113556209308118176
3653659086106586026
5558471501826955722
8366274806546958768
302202242906366896
2528904820407210656
7659846584500644691
7654118939743354272
-4182469158190537425
-7352537791257316426
-454312504888238551
-5797288607812168870
6130819950897355695
4628195342345071555
-6030938256357444349
-156701421620553453
4507749005744729409
-7526720633880886197
-7626524460971128793
6607068317150683691
-980037761089124575
5148385077306107623
-3207928103346882346
4694660866805461128
6702488611507487135
5673937457101457947
1270853279596573274
325266788818438585
-4552213367660883552
3047077047946566270
3333862490833503381
4025657009928195895
6474300071607133180
1089643517416156460
-876580908273589246
-7467694640568852665
3221302347508687961
9091404557542887305
4315226732536653232
8783981671877690135
909893090803311382
8511256123007083057
-2258987270135488364
5888485716495873899
9102008640706093727
-254496000316830898
7707510089312570692
-260426768192899398
-7403820189113773357
-562787512427816267
-76544543235415436
-8783547149672069635
-6036887911638379431
-7789349918787796316
8333382469182499363
-8281216766964329739
2061239873104126552
-7486843179898697361
2992782535360973126
-1786101720069682015
3036563480107058364
-1845477605392868470
4669708977774476534
7656333803144668003
-8240026072940401039
6798434437804827756
-1680620921477527019
-6081061366918574375
5093877768932626709
-7520005214327854893
7702649537072513093
-7414788849649768129
-3909934497896437892
-3336509524300213044
-1338659120988507423
-863590911295457164
3320693270019681034
-2800884640305709914
-1394099192046011061
4703898426727942015
-3934217989463038349
8805746203187046646
5103107991840693856
-1535234314723837706
1773804959568506855
1843476161865939690
-2229387593472159487
2766242861554971751
2900223970423695774
-4885600304848436873
-687105230112954323
-4392959493195328209
1778641962733798241
6509909077461249632
5005378750663700684
6967710229376197957
-8375754167832587104
-5707323381167530790
4647516052300353661
3892767099906065557
1748191335529706028
-4902728732844799770
-4629704275471764228
5215983117503333323
-6891857471729222985
-5879146794492845892
-1488959278113148084
2351262197115991687
6670543848008822782
9061322255848924042
-574884662091716242
-7488145215618816420
3469837302087444872
4715210120226401718
-4819960052668326917
3905144747169853518
2891129012166916717
3715322593160611523
1793840021965190466
-227039837418180107
-7922143855051954331
-8215920170878330604
5284533033619741973
-1123592201029659162
-5252563282319302732
-5950422334814553105
7257786643087095793
534058381731022374
4415184386400174327
3413638597901281305
2629996377655586184
642346142962634779
-4894809991645589160
-1764408981911704415
-2425094102632816935
6595038978190256083
-5945028049288213228
-3851547452337002525
-1426935211063972708
-7405179830883327361
4075279478821944724
8474817865821530154
4525592515756620371
3435668678618776374
-6763340655270438654
496016644350004778
-1742506186213811582
-5584294878601615350
-2158699702213251948
-6005958947280678656
1954912747387812162
-1007339732453280701
-4784321506345893817
-999907268060466573
7030941878129211542
-1339673289294823134
-4726558885993800623
-478665605995611839
-2215709607588611722
5745018719026405350
-1332804749947672390
5009356637468687610
8354919687109222970
-1521711272168577991
1373695356531100192
-6605107133067717705
-2453895053723680284
-2964424588153668262
2262180375642310468
3303602191111023037
2070815025249184652
8127153866967931670
-3551651221025871074
3141816630074342716
8250174483737969008
-6464885904197065511
-4756064241822506318
5661462071284478846
3863342042731119083
-769016838940088568
-3637446775672416916
-2273365428092461189
3210680660075427967
200240861097888113
3624483085501485508
-2878870973953188701
-1648178805517120316
8238200791967988981
3680266321449493165
8276398829885572375
-3557630619180890578
-6993099899165178309
-1910928677507310428
-6343107882744553290
1633802259567158911
8803496255623110528
-1384795449973124288
-2769852371892698826
8959718467859499274
-5907515869988592009
-4045219782717831786
-3939725991045774453
3267044852634298121
3052935865441923454
-8124939969347076636
-6882368998549513049
-4967210411039863430
-7050832535881216903
-5658350518162667936
8893658749796955397
-4534935036691579749
2132058306233531900
382897694474972761
3531489179304521193
750552488959684639
-1661054145945179933
-178475686098341099
-1877443030671493149
3210359569599956692
-2001740563032999317
-7059033650144317799
-8436715221037870345
8661086498888229084
-2989553192449318457
1044907128470348105
-2808916657473036336
-4600042928456177500
8588647461186550366
-6447360052860800419
3733577779358143307
-3940439620618822598
5317831646884396787
2620184321074595710
-2879784426641376436
-935576651065449094
-2240754393685420574
6637884057706709390
-2439057623266720227
-1591374263503455171
-2595695391405575785
-2436187909691581341
-249089990154704339
-5220667879164497327
-6797932917322369629
5419743137838587777
2357302700170478769
5215468243380565497
-7407879218675269326
-5818249981252358388
-1509696356235533046
5628099784605679229
-5313128398360848320
-224128885378662288
1802114272603181648
-1868867775563608230
673151103746534837
7710290890947176198
4877896659459327252
6395961791183459554
6459454599602976719
-1078064113452842574
4567181853798792675
-4099536223577247739
3643302730191468102
8458445055700396494
-5743940200497850578
2544233204186024052
5388474913308954586
-3213955906370752796
-8851704322529545386
-7918922734746876286
-3497002555516782066
367597044521431571
2809547883208547400
-4067777472663465683
1885908623180390175
1178880580494026224
-4681532519842733932
-4726206125102137895
-2387258427685615721
-397692815618114540
6016644715639408709
-2414790455923770717
1856215628200036471
4107530583049486861
6442069150389283018
-3288699317147194543
4091056339654388046
6376262252935841791
4062752988841995810
837117302388263431
1955924266697198153
4144606954654275808
-980252538738483334
-4534502959138960346
6870277247693407097
-2350632299664165455
-6673300402598883411
5548899090622190821
-8877572121904758234
8063102816970166004
-6673040543584515546
-2029948609472483438
-6503343905367674930
4938308092277295830
935397727973044305
-5438152417358477377
-2219124779142850098
6523085269443795528
8895075554560114157
-4621205631145294094
-8003181358445440349
3008004678804670334
1601010365502317645
-8432568922788295517
5723843698540071401
-44485379802947306
6676689109587772557
3642941745892603391
3194222188789266895
919718015545942480
4022104703136275851
-7080794106859861659
4309621440431776106
-1172025215412291988
-1395476008826473408
7434286819301935950
7987843287151198728
48671386598649515
-225894591824170522
1439863146078059102
-3967476411877165964
7336404932550394083
7533532780307792883
2957944235880992192
-4040442424484052541
3996550469160983226
-4833577423088282147
6899043963462384408
-7553935956488889612
-4249733791096769459
-6092431368519488635
-159224160503148772
8094320040601690873
-7615839481246425273
-2240353049354449458
3528840834053425961
8863283473435332302
-4319067352619762353
-1929775962095825165
762465778620220180
7390822995954949869
-8473725381148805613
3722354672682138736
-7227608180817885945
4144371049334002645
4582347361412241445
-5441693399876114771
-6843878839098999074
2963259334874561577
8213765316317019262
-7102888757198420422
8630683574348894122
5812772441659242849
-151154692933368073
-6138590939010366433
5897828768918719228
2365066203016503742
-9196112033069019381
-8405001717926483652
4080349561898211994
4757841559735079606
-2286427724995226121
6204611600676726035
-3627651276135701274
-5633376084365713907
-8363606881837844594
-3813866682092242577
3880277514386852576
-7275392886390191673
7311166274525575190
3005993335960705491
2432296445363623189
6741680455319321011
-7651699925327088715
-454902028704456726
2446204728591163074
-7750974499613809175
1381014173812760582
-8179959292618632937
-1313908031018424311
-1625363690049307541
2442586695201295753
-8882869559380697650
926510225566021516
6653281837530192446
4931750543365829622
6520418697944227306
-5962916457979512221
6872333293479439305
-8608818745405922434
-1344137066535275471
5894993336167785538
-6149308555124031369
-5338439497220816555
-2870514691311222832
8455467466176561479
615700700862833713
1705056241575853593
5792159357677316233
160313186033701100
434131363206579200
-8373630700929141241
7005788623181826049
-5181550343285679574
4428850162468334362
-2472341979204692170
7627038606807863709
5345893106269097428
168224719247186811
-4120431706091325264
6038622528220611195
7537079514815815052
-5559448865445177953
-2380235111963595039
-3056649753670043308
5511114448306352348
-7490814806437020691
-4992573911645089017
7418758620027911327
-213085537674780573
346586459818280586
-6113612490271019285
-2057817243447853352
-2360755836393893046
6487422950928614843
2929145296106263599
-6128973292332835585
-3538830378452865397
-1910816618702645571
814137117274512867
7423875197996827355
8239722106423148653
-3829387319162668697
1766262591751629795
-1112032806486546538
-7884699563840182541
-8345820099737419270
-2184002391237260893
7349917124734968772
-1499098505616089930
3052021262081422825
5142501869820716050
4150190960131935683
-4591482266912904170
8032488129105550839
791328655561273413
-2167324954694798880
-5688608622813131930
-6617979068335751942
-8205047181889136115
2278676454199164642
-1581078135875987529
-4464212937038266406
-3787318657957154690
-2871212925223673968
-190167600414829778
-8327601946558526459
-62968017803849777
4353280386242449977
-5138268710263747960
-8720372713162007506
-6375682735179214015
-8330320549557366351
-7208053638551790679
-7916025246994430826
5835829228660510949
-7851698046578211033
2892728325867069571
1751756257402443220
-2506191332940122201
-4498451929259181750
-4631259624427266137
-3768646650108321967
-4774626376203292743
-1974105004325301581
6039618932352916881
-4791173433390550690
-5297461633137984973
-1191852547208238647
-2155747743086749250
3859955220939841915
7508749250870998078
-2745356357164361622
-8716006558419134672
-1966448733201376306
3121042697158434459
-4935752382129016965
-2664887204199591070
2039526317765315533
-6786145986335323135
536008865786746787
-7965688487141417930
-4264609376686288499
-8956679668071953561
-3648709976391927931
-3454924786628628149
-6927142126544073550
-8988189811789180682
8819950026825412644
-6932685702804804541
-8346133977507335870
-2763621836409980017
8483664252419333838
-2574932003548679570
8267614132758169976
6715400306735040939
-8860938711106748410
2304405297297959463
6953026220310254018
-134501154991670152
2125470805842986497
-3451961531406963473
-5307843116791359445
-1749150076474658208
3964053598352071590
5839501779792558076
-3183868260625608988
7661366007798806782
-4220327820874673595
9037787022018444651
-7610165088460162349
1182422200528928957
-8432654748025763748
-763097385946639081
-1525843424117582745
952091540142430709
-7089727726568536253
805137301329827105
-2682078115603354878
-2764272671000194887
4018272600452354235
7623163695343340902
8799922817359306721
-6045032927071935842
-3378054217527350474
10500974414699405
4165782723969197560
5566141336841246018
-3091612479538499657
1433418955451217755
896283051344444430
7262730577494511337
-1957713656953941711
2675571147153285313
-91914137039106001
-8890019248913051541
8951067045452129141
6100107704548561748
8168326742030413792
-8183778783252943004
4041992411819844266
-35883117151126387
-7437431863581133453
-1915597025951953611
5218534424671234748
-3225411575048771802
-2151730008414136682
-5307970388954676889
6213029461163696266
5858953129233807066
-8632289667605738048
-6370810843838192806
-2648299633961501062
4042384177721330637
-5026832888434595401
2978214458855767758
-5079370411167771162
3443565028716730268
-4795975559724941375
-3951780213250729420
-5400754792955097321
2439246947436276724
1602721249851804170
7152467761151515664
6109332056290194727
-788756233309994784
-2181733906595542199
-8380228917783181837
-3322952197313097878
-3357407954244949496
4063894039787951342
680471197121141547
-2489430620097706132
-8179574491599131605
6614325221576645545
-8461470598938468616
-8327630826891491695
2664745335233087670
-1898319433196639369
-8623152894846267369
7843156851262534697
-8941231358415014021
-4394798445132551009
3619518129020758794
3284742762361391604
3478590266320491058
4828397446125264765
1971984526210615908
7163518830156650729
-143280780961833757
6190963683955284595
-443789914818809798
5346298730855714487
8221896202444854732
165702911919021865
-7044385805627450393
1280498986898805317
1541650287859092613
-1115748907585107277
-1089976047484689044
1867374018188817214
8418834963998347971
-1279256542348652635
5985194401445363137
4838875312554643814
2934492467735926474
-2661054857303354908
-5321668547975064823
-8012528657707894888
5542191956334892750
4313218681314710003
-6632369946935386536
5067792935024197018
1117950856440498805
3815945891585595838
6364498201256547420
9066911847746991830
-3846941683260224479
6761954166871963419
-8335710307020405415
4742825436368892667
-4839964141500282683
8240330155310325555
5858495050440456797
-835917054509782797
7397070101307074037
-3037473349545813666
1645840443889854779
-2672393442393938419
-562842027866144535
3081329417189745469
-2812529818430496085
-7352132280396145485
8195605282621219356
-8823939108458219248
-2576903354323083188
-62914059605961251
1815417561613421586
-159576959881248167
-3525670725707143668
-4271830514100759995
7756540409026889286
-4487547078788033135
-6987821409672632228
-6882917055565495076
614826020648796303
1348707263175012478
-8891923514471012327
348729102292199087
3196390602970377484
2164370694401047137
8336911329587679071
7872804122583234265
-7475312650636235136
3616604023352666594
-7515754881235385394
-3668128247199118732
-6064663633674436800
-3668786811420706595
4250622866680888926
-5053712335391666568
2735145833534001613
-4923847238813042884
5263999697344563745
1637227273666749279
6531625626784559631
-4130460645152821998
-8754193071821626256
1199470248383083146
5175899648692825857
7869607100299200751
-1108761843571449843
5917308365272726634
-6536866705477095410
-2629918576806650759
-7141168504281845173
-4309173042026147630
-8806602136739878285
149988762983406812
-5903554535493944895
-5175087133936113264
-2500056614970022736
5845564300458128020
4360811239548021285
1652514843381643954
-3679505960057066489
7975153819776382980
-8257595333320793052
6927382279593428005
4142595982776587549
-6918184511390302798
-5511042198077285732
-3904582503369012874
1510513097325367641
-9008175448516220194
-7893936848449548600
-8820606931142781535
-7351627818969568770
-4943292151086049814
-6722033251804653672
9026684405176531774
942884033170402838
4716329805149259901
-8908433019528199501
-335061572212992244
1586626054675430568
-5169883954412228835
-5547713282532408392
-4660902602646465598
-8796450622284939032
9124895473117842452
-8308171752511524592
7958033728551009147
-8557300928665451095
4387695789878990019
9190550426584699391
2395169657350670300
-86425274907685114
-3901834376679555226
3543623547212313596
-3673460367346460562
-8787064937947019022
5418669826528317678
6768982952848232983
6926109053839946572
-1615088101445686155
6640095365845060862
8245148161574684234
-6917147140758979585
2512523799864990785
-3660914420388065824
6939335375412670864
4581922878812831429
-2274646982422734899
7176192341400847915
8131199587710439529
-7385701650220760994
2868535591533087596
-485287856501373666
1767622934956136787
2870314241549624721
5557692440581570442
4727733925849562625
-6475487733258088727
3486994770486228463
4077029754347883154
8071164851414021192
-398342589635824936
5653849515918706887
-456609579810861502
3699043519833110676
-4444265401125427537
4796217507113965015
-4358299894824139975
4723425449300993435
7192015718356850868
8141035677604541794
-9173755792914089983
3738163130302030420
-3758193719389179689
-5556187610121637772
-5887296521685618490
4635114170782381334
6553130635891647784
4385896271265681192
-3605921686659984354
-3054507424756541855
46484994558302996
1990311358530477397
1059728449922660318
6671315050004438097
-516719944407743146
1873417839410725446
-347254065306312932
-7447012567099071133
-3387271136482076733
-8179539331643822710
7313571872521161548
-8732926483776297835
3061186838384171684
-251864529280474738
-2493785505912932512
959761751989997570
-7944509158908716100
-4919426214143426043
5693668717575487575
5024907572325500068
-3074950768756578825
6819161414059250473
-5814351366379699984
347165563628065993
3339813353049009707
6754226067782407729
3304228896757037461
7389323574191786311
4876083758981478330
-3727210983751162582
100422133694170260
-7324438571728243376
-6399191445180151889
7392271329414423889
9102179576220152615
1898470374245593570
7719715123489831869
5923755910482166469
-8873216897051976601
4106632125465268086
-178319765142704424
-2000632150368303333
-836059434155546769
-8758383827718122257
2807902450090861325
-2928360390600933198
-2670675422503937361
541481824036154235
-1356039879834818825
3233832373286785882
-5042981139779050248
-1828423833448374050
-5925650339846406043
-5959687255841843204
3100158753498971806
-9076471024568913274
-4353632380223126570
4506490341914769350
-4989806672709943282
-720224761745242277
1601859202729811174
7058092215138722531
-8077367586174618338
2455683413938577756
5876934055923833504
328578778941472240
6483228737906602609
8890243623663144267
6722687890222690793
-3421590888027247372
-1639214798975592108
-4986039137040703380
-5293477312029819515
6414862495247474664
3196164765579309583
2005834210677364808
-5596364327859758599
8561768647732323082
8930716953596377147
4714636497429592029
-8396717383640050297
7159668881755815276
-4506910379747423030
-9072850491160102866
3327990160968560294
7629285689421322627
-6111676743988901993
4663406863821101007
140099976054211642
4639736670987594916
176756835064085819
5882266009822277650
3000392781992288927
2206387925948722446
6466300577478496065
-8032377200074814744
-8042462765908335
6430326855835904661
-69026419862645279
4703117355475486737
-4599222638096919594
6268511531599792317
5010814914296326470
6344074454513902630
5347346770309803745
-3382540871283321332
5693147169098416154
4509640713111833379
5287103186085028833
-8170907243916690769
4477656206250551949
-2282030571637520518
1446906185435571515
-5704062759397776479
-3037379432452725093
-5663499927947335102
4056156067978869352
9085290756968165948
3572260431104793431
-3931625405280370963
-8785168437830733374
1266548054444842257
935860950647173448
1101559324683423966
7452353046382923884
-1439842701203121779
-7453726315373713052
4167241672298200576
2573283506866929218
940945753907975865
4612498021491275294
1465567431940320124
2333301016761525871
-2192109900504985573
6135746556330143766
3502861176675707884
-951074359056946518
-7464733281656868271
-2972325208822091693
-6516225791183230562
-2550707361869898609
307130085054881288
-5872621419602778797
8964507012498184637
8858596275420515889
-7393835663096053851
-4643694342315565541
-7564664832461499875
4118351103765412196
-3629019863486209804
-845937688145207344
6338213161971128592
6332749547147570318
-2713140079709587834
8299237581811120083
5609388736989462585
8932233186550031580
-3637461980333796461
-4162364636510892733
2360634041482183386
2093703447806048853
-2395951710833747207
398914831424364189
4606197034477559656
-2522608748555427778
3861115567680752753
-2750464284327903950
5372747052277147065
5780613957586473960
7188806480592125110
1284552768578807063
-8953791861054222159
-17161986407228317
-5229178311492673022
1624082821441843494
700892133274304418
-4522105592889092283
521776930062131910
-5661143650192086794
4551333140298927176
4662962330009650690
8966034403474579834
-3128595511329654577
-8541112359218409426
-1831989207449872418
3528163204970183906
-7012938185994426045
-7066695363805206953
-921588513514053755
-4060236618088796798
-4479689828695093801
-172883764714841850
-3014435726932973750
3909287177551895158
5742743537311634711
-5220287140106780440
3065543272317184530
-745713512682521121
-6234325545495676800
2389330669359265738
7749980139406755067
3301841592573681158
-1854135767434706257
-1068138188356264780
-4398109847330838659
-5105776151332557757
1870784809187503344
-1452297014141844791
-7547669716392592018
7749436190403451940
2539309653395039441
4696738327055459134
2315265157201786835
-3640263456944303427
3768441610429637478
-4035392099253714247
7175198084293349061
-3153961981099910288
4452081040806733247
-6331944369328078154
7691019009040268880
-9190112594402211371
-9104453031590747640
7098848401857959209
-2947827763824745626
-3009077321296686315
7476754698377242619
-5527896123302134083
-5999929368537113181
-1222900831909044137
-4507219124920127890
-4170306768485420205
-7780777546145640424
-690760023571117284
-7247731151046965887
-7357608615216461667
356243417999043915
-3282459093581340031
7142039347162853310
5465563970757911342
959938345625051132
-8680956678582725136
-3597766952076558049
-6190524155025143909
-3047684234814286779
-9109821236512791438
-6109942235688854149
2771439200642026168
6094434931993292647
5187235534861635384
-4179751520739089161
5662074609533609802
7756139383760113996
1094145922770382838
-9195912618288788782
-1145433233124315110
-1666277195667064253
7024156002364923028
-6107960399152349929
1282546026085936654
-5881010463880215706
9086380975375886013
8251098808001544557
-4494479253467729692
4347275853184585752
3561668013324191884
4489345059974489552
-8839756022598746239
-6651092450485142110
2512537849369700566
271080781028749512
540524525004078567
-6432582171071272624
1225866000893989838
-2741637700520357465
2952230006461766557
-7992175162871733753
1645613074802124997
2266006144568628908
-8503526252545711436
-7534213543440968766
359180659298174495
8399422978950068428
-9025655153263503903
3424349418996010025
-7595368820684556937
5724156613970062512
-762112987434327022
-3386816451428989169
-2312702335339143417
-1226169914746837434
1732816335329538121
5503040518814339511
4405053366048970291
-1623013097857991752
-7049624224008451728
-7371224891404596056
5450928142272406172
4923388565007249464
9090963992537660820
3810703056208921829
-9150533264106969363
3841261539550053670
436477958916970446
851895627164630556
3808814666020921901
-320773542192333211
5338233963193956014
-606980644800797223
1146028067494544361
5175862240522604909
5267209461334965310
3501153079188731060
2539748716303880742
513209271887921501
-9198841462530361091
964163051149944070
4761738919719001754
8328341846318190608
-4416598101500822663
8954332348899034246
2345732668097540841
-3617390159395163498
3361193581134908932
-6132127853867305274
-8251948756863891692
-493801622006857175
-6490132369108588476
-4452922847896874720
253086549759984701
-8005655103664993610
-3210387364816772747
-3762780254007227159
7900387950843793468
-7113095889782803776
3111265445514544123
6364486778010760824
1304374465904959291
8119052930167717179
-296675877085695291
-1770484012807633248
-6141362833013302247
-7829331706459813208
5823267464072215844
-288890108383702933
7411443382797995924
-8488480774312003620
6293594310903948665
8665025746252028418
3960885414963448906
4391595799649120389
-6784246387035595284
-2944095218533826771
-2231323076553506340
-7524555166228410220
-8658385378037183892
2523354064471548748
4700644917074178064
-2712771139202077618
6421726354949257159
-7903069227861923582
657408173026817858
-7482275009215632914
-635768002603649617
-7335041020120916321
8083467143781080542
6621186174800790725
3108624906081573785
2120512681658436641
-5100070182814771340
9153159099100901773
-6096532521158893504
-4371904061100850833
-3952537973826455649
-146487563604924902
2844494634356316660
3868389373167290937
-2343424931796069568
-204097839982821378
5430781782087158049
-1100007724061009790
5395647696504203615
3331714878715154390
-686325350340380068
-5012327526534937750
4006911728805607224
-9038627356553061973
-3230282700321743000
9062371666584969307
8643197304004135793
-5102886858610910880
332031715781784579
-287112248701192133
4178470993144281307
-6649367080991084298
-7699778588516731183
-5167683511313815871
-5108145252140645830
6637610285978564542
-1984669851212624885
-4257838989074203610
4534199031088121440
2062263496665961640
-3278517871203435827
-358427242235629769
2897366248180703458
7198894195913652639
8781361281955584240
4337292656654424993
1115310130116520452
8958725905592924129
6798173749683313497
6133831489623753183
-8491829137996521832
2672884553205918585
-1177835213824484184
-6417638485195771631
5190463313693479613
-6524851432515019731
6053033809644340112
-5564426926233858127
-2362587350883783158
7767365610897361408
442438619189973959
-2162715298920673885
-7148136045908776982
-3764194498591808771
2831499629427818012
1031503360450997630
-5972743157606428099
-6114742138648845604
4908751420265821524
-6449190798340152614
1228688535360101110
7751514242060605581
-834579650294550670
-2252876276418298964
9152267449978110164
-6578654152670929292
-874979816800305726
-3799485160781325003
-1219039231310401960
-8820121597642676599
-6381623202503949660
3924486439188762598
347590677553380691
-5041783386500286425
-5199595060886947984
-1585326139474430625
-6497943367249367524
6177050595982790471
1600217340444234715
4718824531549540044
-5626733020851736462
2669699492116051530
-9078358105798090239
-5574764491271913980
-3362053495825867470
-695847797870377955
7701146468709604356
-296443777550309992
-3273453114154232520
7674005899853178093
-2492595710336477931
6072668462322423966
-5458207537353661922
8641870547655251787
7711893672627826517
4813539740317517719
-8266232519515694782
4403666738020533457
71835247413982524
-5280948021726166561
7448017363693045723
1726449508374974507
6822570089167823412
-4384414437180697754
-7322220306830111729
6376724471838694939
7692216820673471273
3606916973041109139
-8804664456155768902
-3650258561451150653
-9036451323642721948
2734906859785506521
3564849908604121217
-7228124783618053942
6501223194812516168
-312806213108401244
3729715869074061794
-6421247769955625725
1034887012397222054
-2813657099825488095
-7394091054166616353
-4626734245887143990
-5725811717080287074
2014610036575876663
4614969613931755863
5363353575292278415
-3666779857579427328
-6309356325124076058
-5649635797094450254
8432778786303431258
-655959046596198942
-7553597581166159341
-4546038341804667078
338182823102735290
-7942206598780605573
-8780196689638479884
-2225615839715248656
8488186027977195252
3682209499896136615
-929245575335875622
8395384105989685051
1241504514089287910
-5638740058657084126
-740985611458677660
7083179352108046951
8673001106949853536
9126595121002313658
-7367462015236263607
2923013466365095338
-242616132273209350
7399598990354458556
-7909978573333035893
-5249511043394851818
532611759312488529
5541590340193374345
-7233183570733742986
-61897214246226904
-3401109780132113530
1649303897716473612
-5697930105047305150
-5306780996693041269
-4634835350512976172
4854650788766700286
-4238855121490224543
-4004346253500289479
-5570615788428488592
-5584050224739221272
5297292795400172511
1720099235105085447
-209079597547254367
-8982111768157437060
-6651726068620717009
-8463142633654134950
5430169553728878483
-2282289627435376134
6951335609195730796
3614294963494609634
-5102749767825705241
6775438841763877431
1354049125071963292
-2462347616884798306
5822279020392500226
-5757423654753315216
1913061190038449232
-1164384597746252028
-2146423320196000574
8583939100945990677
8455257441773890292
-40952562313214095
7660910761378732140
7952444021863557273
-8822037436920987686
6630915045002817687
4775545072298372961
76513370847547150
-6863935602364407442
5915362206880648096
5463869133162049917
2057758823895995020
-5334388187876646925
-6195521861501890567
-882951926053512275
5897657674304440191
4185466772525960656
-4290185442990474139
-8013515517967006363
6432801681620700845
-5290137820122626934
-8527273237298754025
51182872731923672
-6983809762786106370
-2649109354092683375
-7487217379480712764
1002519245646939726
3025107310604996916
6625618878461439862
-4381758957147447848
-4112135297290111740
-2688262961649950831
9071067542014131171
-7404532419070798279
-2925825045621348038
7289036666646448354
3280952722047600276
-2028165609979764508
313789521636328841
-3456676946037580970
-8273371066710889156
-4519171581052152773
-3117301407215561226
959461354564402165
6339486223807129384
8226104695091854835
8236176084875173630
9176176069914110597
-1858599646427311505
-9035962135004503566
5036512219877047799
5810092401135181899
8712159933976378654
-7019804334701489135
-8372906983452687172
-1300813565669442888
4504013541057698956
211394549738502998
5703725657948774042
7362843346201966615
3350370963240489226
-6089858514727722520
-6078615928163554759
-7819620587558599732
6800580666633739344
1405829179160398991
1206004079930228592
2015494398497553359
6243319686532081725
-3876931361626620216
8585124612360518097
-7055410124493622415
-1930540043216586105
6666153963769455537
-2619301272502832366
-2462609739369237003
-4769222936841982149
-5731334173123889740
-7631645832192085437
-6337535554593954939
-161689642718688744
4134067881973126569
-5696651059777226989
164684645048899409
3075159296070362131
1510408462400782692
5490688413909462338
-7606780866948393804
-5680527449368144720
-219681962938920311
-8172624288948321380
-6835260963195200822
2282719766467467208
4839173476881777285
6037940694652105049
2453856718405875305
-7744215431514398681
8003424211977666211
6815632078403397684
3498048195984962895
-866934642921801619
-1533199593472777045
-3379303277305028904
-2313972513021947178
3658802103662988993
-4897780647592993056
7693665572164612414
-3188462936768513331
-7990882894251396587
-122322540437912859
4201433649865520719
-1353523754651135952
-5976883247318287400
4074423476046242914
-1232644490185527541
5758847404459920534
3318841055436506563
-742789520484082974
-1267871877007677767
4986832772401490587
4875110077278101782
3908985824589122094
-5232613556297330968
5988903900202428432
-6693680860641178301
2369266775980550488
5452469226738311822
-248413119168068544
-4966869409026440684
1187384369109011365
-8052526984517278325
1720001374678911807
-5315713100428967220
-2074903694708304650
-2649259499686799772
-8939523150105408056
1790429209039757967
163117957285450371
-5230018782282323510
-2728627045594096962
-3649612109778781997
418725038554687910
-6544278260392238464
2760883519895336016
1198560870859678606
-7808798017228622215
-7389381436943022610
2406854978494216303
-2233039647319112966
-4773717970558004293
-4060047479628697021
1969233515829526541
7019786157858211332
1441150571259836907
-755643671122560597
3758361375296582767
6475495157931880729
3828866996490407671
-7878283780985070065
2801584226088013978
-6433334307590983093
-1170442295922880759
4271633131181558800
8647704934404685780
5982073279923833480
-2091074147460201670
7990517813811349628
4944545622390618702
-6353112318543774531
3515083015570270986
-3540179041176440718
2070635981270278147
275347581367718429
-1982904252298119586
8566414263180428094
574330860821989822
-3394797128355491210
5678073664366513875
71337416849070324
-7838533640775078057
-1848062120896752907
-5132540580566591612
8564874654586394175
3006758402537704900
-5861021999142024239
-6694094550480475044
8261925246272853889
5778568140446016228
-6688014754939380448
3422668646353212748
-4146361478484102403
6569200650026435293
-5536282645139548247
3012665219216439184
2545779241222181290
-3451342463289887271
4370562707280109463
7464672108341355799
-1371657312102809662
-8270476076084936680
115030587811455310
-5880996329454352601
5899482358085728431
-4921249232724444633
323054511478186039
4916613417921188306
-8801694808055537445
-8358203454960482011
8803965287182327572
-9218389776195663904
1795018936919301619
9125968259356643179
-221013018380902772
2871389579402441601
4501395316926576828
5810662151551734254
1975770694681116818
-162123064738544852
-9089204479581940220
-8930751434454895117
2749906832598469123
-7810004274820309911
8531706854897811626
2706735157419595813
-7989651229791081262
-671851811335078492
6447272170339355834
4158577969964162714
1032369498680714632
-2780543740732611984
-3585709981497270331
-259795619272539423
3623344021588435298
441516004704491114
-814738548842208650
7989620485913455057
-4777926418360205582
3015397521113416397
-1584006734678437713
-3219222013745327805
4538252260026875613
7268402301859991672
-488206926713768304
-896794058865377842
5433668833721968371
-2924466433563625518
-9081592256176283780
-3058736530870894723
-457744632366841656
4321473503347207860
343075955946764577
3631747910379772585
2146382996363239657
-7143167459314306979
-69161289381382245
1844097511851534327
-8161179741955375708
202880668636865701
1783917251042942184
-122472158225279606
-7676096110329931735
-4726475566248285030
3988959953999762172
4601220409056934048
-711307446853881540
-3744051685885414434
-328071372692434589
711411093440671086
2914992556113900813
1308782380041672261
-2529037314263278898
-610789059577841774
-2812000945247428951
-328613286675497523
-8501361302146225548
-3566161962315179985
-3221286213228307497
-565639146849644124
-4512011748026128494
-772238930764243978
5329062138343200401
5020084026685522325
7776239935936203084
-7044640206985142155
4016951884029775001
2919332506280369158
8509528573683894778
5790057728574176750
8679534517273368910
1082778234072339264
-2273828853543272470
3989091131044637809
6577094684660714480
-7622121192860302242
5430637807250584696
2761488648719657864
933234005669548039
-1378113179039643740
4564022966715212723
-8107776525118526451
-7152753416970754133
-6429112328989469122
1966715602863636819
1445013963711485802
-617309210077472985
-4464601425873933537
3840517946138156176
-251272164246126620
-4797543005908552547
-7673542361729922118
2219775709812551056
-6880166518947468063
-8735605641653595545
5239702378446510210
-2149813885420417291
-7139103504380550533
1368669547522158963
2717829783615326497
6843465965572645438
7385953419972349927
8724391994379856603
4529896364705722760
2012317954146042234
6367664611939458752
35975647128972339
2118870525227415893
-3154478351476618158
8144503142986872507
8540822698451079074
-2327379421594220262
3728559116059419123
-6352593504025223783
-5524779995873928659
1659849584303257660
-7175086746205201533
22556059136002724
7028445150456436883
8998696647177745390
6039180012838578511
-1233082002843195942
-3313581790917806682
341209548427757637
-8777822235755791251
-4412679033911343076
-1837500371515257817
5151615159406341310
7043982639768308593
5166833453364469883
-1490411811905268030
-2876883033664297290
-554924888903699613
-5140849474320121361
-3763256502309142857
3337140291742006387
-9135946238528537265
7210787810052869826
-8865135613668347104
-8937216343892861855
2982132058274812471
581263699452851831
318631525696939371
3448631925249605192
-31272310917319421
-7051378650037287419
-5932259378799803060
-4842206895151997768
9038917903166960085
8323876176974082576
5763329151980025101
1263830650842912730
8877831865321492376
-6101934998465284838
9122699827924936100
-1692528246536877402
-955572400179155809
8796414352514594959
-5792260645926893181
-2797242641435120014
-3531426620251474605
-2090983539331508072
5265006156392437974
-8117845278656898453
235575323143288514
-3226772059095555817
-3976678776869334755
6165404357275714932
1877607663550517873
-1870761825033314354
-8855144280734725513
337825247236018898
1284325703406919546
44426200445344593
5279736689757429526
4540903594646060211
3570134733627495167
-4447849777154945098
5135821154428437392
-625040791764993816
-2446426829900525053
5662178987904860587
7021360491981867362
-1289754438003286235
-574620678711524230
4332924015733182880
-2616748416814898529
-5880797846549834881
3026249392584159868
-2581021561898171056
6126441166351887150
4123715413761635987
5723521700356351536
6917442819215497062
-590710315188473494
-3622482732188236344
1427657247196554898
-2002934786729719791
-341520923957899455
-2790458971758279132
4668868341717608612
-4747325651790479439
-1307632345975575317
3229825177547776672
-9149306847681732597
-1993019110793321302
3521785446989411680
7245777858635340675
7004564213172703194
-1308881113020389688
-4218682594736535451
-4575821985469246682
1579619720978822367
-3617366449841051998
4212473476435224471
-98155562121181408
-8919122818013945005
2002245890137584294
-5814884307158428496
-6796454368131170551
-5255291737777168781
3813159540961030306
4965623048292316793
-5754002083227993710
-4045292435829065738
6383802345992692084
7457461065963981159
6418141867962299008
3862831997357971758
2917840254108992982
5649950781946226276
-3582414778754902038
-9189219387687730296
-8006491638692923663
-3044682923717191634
7871252432554476076
-6500302717639337688
9092278454718421521
1637621759198240473
7097461632464897681
-4836869910240988758
-4267552800366028234
-7669756753301684812
-66299957397952751
-4369364350592703634
-124554801522210971
184183932976167533
-2401120890204466831
6072029494931382886
1387254713078347276
3553191188975249098
47606089857459880
3762929006688713927
3846192343910996770
-8922120262468752397
-3295087329324732776
-4666745347290817879
-4006454827451369394
-1494909621625572845
1646173222472373285
-6746825644175037129
8617503845728202654
8273397748783837562
-3099618456484784670
-4940356979272576779
7064927177263346379
-4323326360313062518
-5479743278901016001
-7554456654659644113
4234748172242471749
-1628423602663255363
9026953545404834663
-6220849480302185001
-4991052419200260290
-9146501983392565933
-8950704595842121101
6077367406512481624
-3512720606739134830
4211100222927965670
8781940021484282616
705608750672234057
-6359823555797692430
4147240423096093132
-3147649414151997849
7289562358060012626
-2087973993617456777
-8666817305044833656
2371896665897579328
2850256542746019586
257396716923408730
8425022508853205629
5465169432337473526
2612665358524386615
-5977211427462538015
-2774322617009654168
-2389364873244320230
2091873900801664201
-1295996500525952268
8698451797070062253
-1741557467333191847
-7523421402466512067
-6379373867683252396
5501222462350466555
-1982047367932747891
6584475138068314702
-7808211378254546112
-8434670071388280278
6231423399692102467
-1171321865695625267
-6491595017727099488
5918986548042849272
-5887805736065806363
4642996283520956205
-9113751922965951616
1423265865995665670
6885096059754525029
-2117456676261764960
-915255874150844728
-9128297066457836700
-1685811595004937701
782135731226248388
5604071544639263062
-7808527780161595239
-8967189620957254695
-1777635239745563061
-4248220585142545836
2900665417371272984
-6774752277428557435
-5134562829763081249
-3393777304226443296
3021940185343093958
749174321321135003
-8705215034914295063
3684595931849197542
-616436094652429542
-5294025084393352404
2855154054731240100
-7221775233635074436
-7310659440197272611
4912041842152123866
-4862147134776399188
-6980485571203195678
-2365567280493474105
7690379022174962577
1551430986982694905
8507173477876301082
-840492700951077203
-2617370120025086859
5353226755431600448
1698704608217678558
5743188387236033348
4869383639697863487
-7898862781851718155
4415324775886276086
5396947467644388495
-3872210728702778305
-3253963581178881761
-7960029479194151263
-2839726755024538449
292414286892622307
-2597379500787543253
2686664069987748257
-8968105627163699500
-1647775979663888938
6536675604863408015
653525597349414975
3129954208949879513
-7929714785628305786
8884995864442280010
2618421268672737169
-5424815855360398415
1572084077617370868
8943858010588480118
-914463042027246346
4408053392268640502
-4999527550127366891
-1218682217968157927
3934602173902726673
3491451337962445813
-1883851358419185411
3242735203880136280
2479667032783134563
8066599103733408819
-880610528586206954
-4406852596683899718
-6090291101629504989
1631067048570241089
3771171717659705040
-3651511563757175685
-6735236103513919859
8317891640178790093
7936554829873285158
2655606603759905892
-8143913989541030476
-3543864559679282759
-3310808559716897973
-7510943031398316401
-1736535308380374665
5255632588070133340
2154253868561685677
-8336031627643018548
-7951885046318552978
5519128028155125654
6207775666472819118
-6185414223390225916
2064913038305986402
-7292268674224121114
-7132303649751268522
5970165380827105734
179353047600009536
-7660222789124362337
-2164158314547543247
4218457771113970410
5707160465185865483
-8240100355434414423
4959904958528124962
1565978895264900930
-2029225169973798110
7802519976155644162
-5207910640132266494
-1361754456754280062
-8131245847076945159
-3081303106070987259
-3230988265499442226
-9210610831317211857
-2311761123172751742
5548785286874312866
6289655814496084343
6067611999822178490
3960599171478134817
8124464644439882160
-2838911266435278543
2632149033922586722
-5228269049847119313
-519948891885361053
-394361563543166548
1822880778473654674
6515233664939726041
-5057932251072705293
4954227028539504940
-273048571275221606
2541861344396253205
-555265954633444236
-6216243955195898688
3275203543567263113
1898068684564798123
3261218337961314847
-2468809780941978948
8065014265446359230
5688900139159010602
-2038953739404409414
1328530293487570676
475601664142608066
-2099986323339749963
-6972707586161725113
1650594181198611590
-1033078254388649186
3928819101717265373
1541729853429990957
-8526561176070039228
-6915287179200950117
-4122706860991067690
9204615476234385554
7861757852739056872
-1819958708510601532
-2263933984684670491
7406633359406165601
-636978252681947056
-4233910669757986721
6102970998078475347
-8248805469450948095
8992005561102987379
-3539746369656367631
6238079040319779631
2016725398171712036
-621043130647270037
567659368195123078
2278616880778310282
4992116894512255307
7938491413302982615
-2378124596805287391
-8161142325652385354
-1819098217358282247
-4776575617285419990
-1252503209655439536
2658516829106670372
91242746178498026
-6359189408641576569
2415860515801715976
6833758795880473589
-5485995138878224401
4187706486618017076
-4247585661671593549
1005843586588872248
-7635560657371324595
-3277005790028966481
-4282134950224682129
-1989306713973368009
-2824262443577986020
-8641514749732242275
3258327079525415300
8968511791162719893
5771356506744484865
-8799748271670555577
-1878344251897381278
-6113542016933866847
2342561321911603802
-4446004237245396356
-395113368510404120
5300192756028939596
1959052377720630576
-8825114862003182369
4700126260458178048
7804863933680614878
4372300869417779449
-5529243170191595007
-1562836404939680487
-515103626095106398
5945129736375472253
-3668318783265287634
-4961445247890796017
-2872449984405871412
-1524980236720812772
4687738531959000835
-7668629428333179584
-8886132509495796222
-820794033322211478
-2833787715202347355
4641730217688768760
5871037397485274801
-3544437103503622290
409537224844878832
-4870727618519953807
8887971545788700568
-6533905801195368390
-5948405898950040330
440466137235268756
-4001729823095621071
-1754126945748374180
3339810836406889015
-938651284869707791
5995555653103302794
-8125307330249507611
5402690322084696711
8046528426044755989
5294786012863015307
-6724756506064449664
8507979363907341830
6498508063497873594
8473199802273169133
1312355142976100905
1858251964965859412
8261095794944377390
6607898589089449125
2022109656695222035
7017499522520141283
9114845637752743470
-8051567116705819828
-7026119972461528249
-7747344435025047600
4145030183326121784
1137252395681321556
6155465423329491918
7872304278660793965
-781595528010079774
-7969856858261638334
4721597940363761221
-6881438575868609405
-1841485338183006458
-8147972631433189160
-8801674625226376213
8727896803194646609
6844322480622210751
5877745127036171044
-4602579370590554537
666036702578827326
4617428301243928353
7918990741907855736
4356717975080756492
-6398197999101740440
-7710863534239871290
-884355653871907354
3300881707490822903
-1471652808536248784
-1599937341380816920
-8462144623523432576
7951508796985524066
-9006982674938150161
-7656953655196870996
-4422346979731537908
1039493100882889676
-5136150541052996456
3501128071564827566
1030259283791035990
9203450359572588810
-4165021287094270626
-6769632322462995696
-7064074618819955859
-814280641794845049
2553137650762690175
4466113734208376960
-2220115878847359413
-1403165133696500235
5268721598525004736
-1138868766193809235
1693966699683813642
5312087998638532967
5813675341067174127
-4144769656936514265
-2482015865502112215
4339307866339167668
6747434132085590293
-6080453861748531871
-4499565850457041265
-1330026251406231953
4240566934635857400
-5804272822116960052
8521507256334005222
2591539100765711130
-4389752658071028506
-1440781864763654586
4694622751650453923
-5863480580307546749
6556618020908555602
8676417391176998336
-5497777047639834347
-338523120095785875
6141469718365388122
5968426334631843367
5878951395723137463
4189505671314131687
3204544144928920520
8759067972671798809
-1812006058442213132
2136662323150921801
-8289043531500717312
-5758515590657223741
4823329781663045849
-8525943682852190298
-7401786818799820693
-524721625626000149
-2592810121407496879
5431660685267827436
2731288215370345791
-6215218123802993171
-8646470926387566161
2352527182743550269
-7760716897527852013
5147780457311596149
3609734908392981219
-5443546720523893517
583333927060726455
-4936620609501371074
-4660075545588273407
-5165343724816175716
-7636097378135998623
-5657951550976701275
-4294191108244336453
-5593542166912034251
6079285621337264450
-8040333705774449902
1239076047188402492
-1792608404092672425
5155810607501390450
2755590004930923070
207631903801087481
4870257355651561195
5951616043883867262
7383697980253358734
-3208740001475733303
-7523895591512258936
-1812582730004827564
8708782215798696759
-858948861648460021
-5379867080463339851
5116621259834323763
-8479917239424493486
9060505310385606988
2051622570255157569
-5441078392527897070
4308849635283352570
-7225035414876652350
7511904982743521990
-1173565330239312075
-8976586742477180330
-8304497799122733372
5396693054290740692
6540487279646984348
-6161467370441150535
2726475430370625104
-7508769555782720856
408325817089909128
-6090383678435202701
-6349105304849219449
118535671415203358
-8753477867151413470
-265531299293628089
-7417897566893568330
5785160352133108001
-8871698647159551144
-1036146659418715091
-7164660580388428699
-5726395400154533480
3779179509663186672
5160407788760292736
-5230082273297414977
-349519206823058811
-2756337652943598936
-8099130484735028288
-325737679829454618
-674076350109265683
8724712265223826756
-7233248792088673441
-7489507419197812084
1746652335233929856
-3912723651483516611
4983318409764614115
-8031220593872734128
6576802630693827483
7308062370643614647
7799281344034975613
-341434584824107464
-2593093099835310714
3269668614457229066
874825499612639244
-2424898748187191358
5120518322085576760
-2738016628123866510
2749319043954583079
5219017574667616406
-7035100574758878577
-1997160303703422008
-1404376142913149582
-9185043841468253190
-1369229605176537817
2455767221559325767
7510090604114184227
-1555714155213147911
196646343587413136
4819961241220007739
7585763124788210843
-2724905841461137768
-3757203488238214161
562433014986792972
4492677699125940823
-6461734744094442406
-6294228308702153859
6729787389697082711
8487829876136569570
-5255696354271219523
6785670385879729415
-3234635751334275865
2670612675317079370
1213895903890767698
7377584161231042243
-5929695682868730510
-685077816719827584
-2138506874262174919
-9114924161188940265
5701180115231896135
-2249766764436339204
-7507531534527195779
-8371114212808942958
-8293447866910235665
-5837328395891537945
2699937274047664364
6817498928100597316
1516797164525584333
-1977065626540527450
-4383635125992606998
1663707006611051652
6136994076667365586
-3069552070305574594
-4614334938620638229
-736779811523341687
8797805060151123356
4314482284862590141
3443747333635906865
2513555511351415722
3100819090370477462
8520938951400605905
5404351174545729433
5634297741232463106
2232654120125316148
8021329264549101629
-4267208311027968929
3444312282908384306
-6964012693027430952
6262915572883888100
8761665177733474853
-8931922892720844640
9016036560040698527
-2872478129050621770
-8272217279626669125
435879710789263772
-4630467800027325832
-3164721220605081563
-9174781678527822191
6707443884779604038
4586893802050804145
-1615124383213049663
882472508980648520
-888661361722860963
2937890547698135088
-198602341958153426
3340976215848874608
6470463904711251430
7991010063654932863
-4797315251795472325
2145361444464908092
-2747550234600931601
8583367087473291723
-5056392744919609906
2896874942573800214
4832821887956050251
-241652138367417886
6428049824418399558
9174093750768993049
-6822031668889474101
-4596273142191346247
788036154645637986
-5942461006683867539
-7155565958397500346
-184104327103866893
8880724760790075969
-5669999236873066483
6277098082900826691
-8596918957693502382
-8544530312337954326
-3883103002460604581
6742406467410698448
-5847458833256680139
3404784411425317225
-2621838656446115217
7476540469377183964
-3681548755204389909
2730714039804993712
9169251517305542696
-7412305465263163460
1165354337193217101
5800390548776831878
-440575884876500025
-5470057233505225473
1409730441282797743
-8808921751084775523
-914504764776909002
5755469939111679092
1767984266217279859
8866717987554940704
-8619915391516271014
7739708968854060111
8586405971199118802
8210895329025743893
5594057092602157344
7788437516943321774
-887341826380247102
-6580349594009518192
-7096462280978565363
-2144082186028315332
-7624609403033553842
8392850929723486325
695652009042327623
6720807677824634447
-81848610791623614
2349318454990884092
6146554949241885796
8095679235242732324
5727754967220571115
-5490526272771067964
-3143367690395059564
-4826686742054649986
966496097492077517
7069801619343232480
-6941626220502541264
-6162454872910376754
7266537623571962986
329236760785100830
4534709719597303662
-2734950415288308935
5099546624251834262
-3601307079124211330
7917589787207138526
-7471311682276732401
-6052396412949191457
8021305761931479217
-8076903542934114435
3205880717298205204
4456064026414195901
-2040401829799708721
175223908837597048
6459804454985544594
-1608489818396637082
-3798229477567196651
-3626969476134652142
-7503982866410622077
-2435844650302164537
2702436488750905148
9056792952405444811
-8095735363369117513
-2743455439577567207
163995546375925648
4285007947695722875
-2187650141269692843
3803072372599797420
2468599141532806359
-3957610989476355197
-5973261779856232862
8750559484267619207
7306542870706918985
-595760395386478408
-1532935683597531999
-300187922987462919
4025580853173481128
-8324731363334800662
4342321172060429535
6425476313946506208
-6598710240090823833
-4090939564960072391
-5177568578786246773
1888766212193484904
-7549203340631941200
1304279498570741230
3386470922445489816
-3668962049953034328
-7424603644986552031
-5184243298540482355
-7184621925362412131
257588782059086000
7586952533500868926
2761859679681766059
-3713666279200634482
6471504342677657061
539528480542243999
7204368102704384631
3005916912364450269
-3151929744951477869
2858206866612547005
8302785788525601963
-2855762879086469696
1078914283230894744
3614530040115003220
-3068366275980459456
-2879563814524463569
4833304353485217600
7956789112513941594
230630002297324041
4542568222495106396
2406786791008318639
4907795554874138888
5721969752640711104
5101158660723396594
4276829424653944646
5801080143044886990
-1043443240118122475
-5090242265246279451
5084745185371101181
7904397634419729959
4105055752135866210
-1142526101704530841
-1899688046065728172
2956441093094733332
-5794085317307158899
5794821556225498847
-3710461126922475492
622772034558556422
8076384810535179397
6721154891380077352
1048355629261037748
-7820991704748237846
4014681433605389473
-614868402662237021
-4453489097854115364
4063515390444074320
-8745886778951610811
7695940224155788805
4165568273060636397
-5315115344958174967
2780170933528127766
-1941736341365055631
-6973978135855200048
-6250806615939655843
6683866198867887258
-6872674697078061296
7305856339291713003
1521793505219367703
-8024618439540265926
3835943514011938624
2613373066165908807
-3073994241888749948
2640563400598512706
-1647382571363323390
-7785952750365513384
351087059531996782
-6746383050207489289
347405116267552896
-4959749289877084468
-8472103502664594341
1147417690837069848
4042277774047478569
-4950627230228543441
3970713558393023487
-1321519919853069641
-8627285846644878579
-5652275642709439525
-7947528911404215453
-5872015699923968588
1658546640188113804
8359079850971937694
-6225508708093197329
-660283700203189458
-3270287515789786691
1848529748146640493
4477014084371121331
447880737609863943
-308933770001999958
6572564300348571314
-4816740647098711009
-8170557016626197026
2711756826953870600
1780007743194025839
3780963695674989662
-3769364874107769624
-332310320663483125
-5574996404141509879
-4795519611178893442
-2954083451563021794
7847388240176286535
5738954738838936092
1660636338280291836
-238325150980223468
-5064421132410938378
-4496282923494152254
-4000959098722579167
6609098993318667134
3680899376900799742
596666035866186966
3748499992156043304
-585940519211018399
-7208944368878614752
4121406895129960347
8475407062458406939
-8049647380204405223
6311638949308315800
82494306529920893
3530592152970050092
46075054722552464
-6653672054749336936
-5374334367839980893
-6775156831290627539
2328441990606368313
5372662549700788610
2934170599516339238
906758721246020618
-5262407639310909397
-4335770316068894124
-4591932714276072700
-6536895956274031101
4261464818364998178
4757063344249442141
-3229151603434929638
-869032150488062334
8877448933760327302
-6077843584126283229
-2194373315119807731
-8934408530217891466
-6467556737000593691
5866586611281500205
9177953278003193061
1357679767950999654
928088028999970498
868257404108346754
6219833206602117524
2773439722459548140
-5898272780839195723
-5602735015665691633
-3480862126906560544
764033183991422879
6162011760890347914
2227744665484314103
-3049033548086793283
2232803521753837847
298472943774169649
1452933305934350687
-3022509515120106965
2548554708556123297
5090175256241344117
-4449912325697987606
826594862050147382
838125012201305638
2264835557377044957
-6627741084907996840
3512741439154435267
-8577074824440028127
-5197002510247570214
4344703276464283316
3215838018537580507
-6560791973729820750
7433781574408669916
-5246245724118279189
86276625013911221
2395886312842764934
4382729865040855481
-4732767569421024235
8321589742938165532
-9007630563111549438
426106024265721560
-7509042137176275838
7016494755648376117
3844659350949674278
-7757817387537504073
-564915483995948411
4638619853252159256
2103291882051347774
-4713075315054662961
-6360460718290257352
7561662103922662030
5488895421052205909
-1851647330552453946
3582290554316023971
5282039374345878356
-907066008665171463
-1154361273410673731
-5770646311757533387
-4290832599831418467
5359277678197565391
-8900713455843099713
-1894052253702391983
-5699981903357221033
-441744572048460574
-5241786798961077711
-5808390341352755764
-1157636600176232537
3855892625630619645
7028030433920549086
-6757051238782531499
-6344361128266758698
5149204526271382953
4553378688920247019
2357314235850199743
-7043500128586638968
2115294187305761355
-8835781796639352301
6836776131268345240
-8957122245294964138
-1965622737172790162
5170805985237416594
1961900253875280258
6311872841416090250
-8495367621367572597
3315259928078530438
-6988567310804902929
-5860702322861824014
3549758999860914602
1210717141328897996
-2093946014062968487
5739617874486985957
8013890757651243828
5869917743185649633
-9131217161278712540
8746705759513753841
7519095594413455431
9220681255767728186
-2900669536264643191
-4029946138177097206
-7836501501087292113
-7908639940834068660
6490422604122040784
5731629808860284552
-8931936175922422440
5453673227932683148
-2934982018625873665
-430988183547221638
2582995435292100452
689108381274241955
7275142116760699194
8342645958364598366
-5749652555531775341
3362581847429249924
-8376697724789490074
2636029479820490454
8382269140217364373
8715005908599747117
4894711178629751707
6186765711848216038
6074581766764012064
4620401113621430488
3011960249927656735
-5680140726305526047
2291032342028195599
-8194821193621868076
-1283036128795566550
2824750986520248624
-1957988494126143991
2808446152508054805
3031667548496327774
-7852965342523917918
-2748042633622832414
-6533155929451494525
7836778623520155685
-3032720573355315698
-6624661521848924772
6184343094974558785
7702529560363455506
-8100135536795500949
-8523016038592029600
2868466895409873288
-1438354789174852182
-8106040710983787320
8889735647132473293
2812253189819520008
113127111689614591
6709830356597881448
5085011209100791899
4448779754481905111
-5998032214167393216
2990441829605023700
-1362164409527211239
3715972352388708394
2596118158054284500
-6713708298290647559
4958939213620538432
7621256920742164232
25351791340192962
7700537452448169059
4986880009315034962
-4285555059640570611
8759652904974503384
-2337598002124159267
-3549492470076122385
8495375282279294318
3117932069556876245
4858204848797059197
3418293096307908794
4495060039291521988
6094555930036962450
-3871575066064833940
-2558171355117597898
-4551761355577892172
-6442624759779592175
-5667063259174730593
-206528805066246258
6790503240888750555
-3149063879136742893
-6273246436119462878
4262904648129195520
516872718738409271
7120271568669604667
1880592333090258840
2802795384292429058
-6453475921081670504
1882579950648157489
2998214837661236205
-5949258346522841518
807886148984418755
-5544550190034133458
-5536528670297963722
-2767683286821821257
-5266720470185331731
7907850952271033186
-1146808699920038395
5066249690433605816
-1215706726092860138
-4952579856814466692
4714518106463935735
-3641056966934570285
-8995200266028710615
6128646440024246153
1065327614367542276
-4515316102972626952
-6258847615649787950
-5635501523517255092
-96216988517692890
-5283498129837788792
-5394515094002066827
-6873326445531211330
549908252675867224
4564122605222079854
-770076661216976579
-5881240616216350913
3275853235077256871
1609790589676118933
-4099014270987245432
5947803663574295926
-524086799844301253
-2757020832381032842
231186469817957404
3721774335695303562
8395314852516779366
-5635681540309818589
5287672228575445875
894147440872610853
-5925182498990755287
-1701464596894499115
7568318347607943664
7455368085254669359
3615167862766165898
594597278539915762
-690024975009303540
-3559831278621060280
-5249298683463038555
5086709196441199369
-7360675626236782625
-4747382426815018988
5762133317764990715
-7433968335918997545
1235721809790663891
-2260664818204952985
-5023186162049493900
-1190569719615403179
1291196762530374444
2313154828253655109
3759786552752649418
-11305230211728582
-4675282745114952524
8033966624989653261
-3740546842795560659
-2060274547298499401
6524722785144326755
-8244583988010517016
-6822394448638004225
7804508153010122539
-1494652871703317563
6863671547275373134
-6411638737988931890
-4977664694573801206
4221117635594706859
5232387032274844444
3689355809623884877
503120906658011525
-3957762368505390224
-5218133440109271294
729558756729989895
4951170423299266376
8629202429781999978
2171390741010331855
3356339575218771725
-2492914398798596836
-2003094623360287950
8597976871150819515
-7889237614964361569
5433935109964930394
3894403445094275232
159086748511513887
-7036559073980640388
5812564313405245974
-5780842187705317665
-1175411946381677339
354896265558086491
-1714732043522202740
1977878957547439843
6663600075836879538
-451786409736661320
-6071311698904648548
-792691002353794099
-754937351323643585
8142051639214005812
8703470194637484305
-5274613486569875763
7288169264570714576
-439611012697905078
-5521762606334131000
-3606935207501414472
-3081906436824227596
5058638234610677080
5154507461068574557
5541585636871991290
6214731942343187705
-2602403440594219563
-5152077901771911723
8496385551159036995
-8218482593731647394
1036544127479506325
-908572157672744281
-7759575043383114064
5793283101740522133
-6567844903664114750
-620433578911341739
8460094762245615719
-4675588096890200646
-6078058810844694466
-1642899035786394499
6084894144774925866
5458648620256979474
-7896976732674723870
8585122028966195028
-4335286900254331039
7443708882763137131
3535135360077162421
-4418886846424499069
-6312643810632085474
2794918919422028818
443796124478047798
-659013072123449784
-8140112848484742961
8654910427161645564
7529941149543985947
5474156449005496963
6137365330303054363
-3591287655051860827
-3198418211022750677
-5438907104099279847
9150700398649144238
-3646262836128954513
-5959306091843995000
6980069271205703004
5764364440070337908
-1131843914702274741
-5517043576630892494
8688171100815691100
-5930449372958679934
1268123472694167264
-8531416977001702973
-1406336730454469129
-7903867818502486377
-830248031480785043
-8390535212188617522
3151197622619626338
-1881698370157962881
-1672084601614721913
4653684617547131733
2939112620897896195
-36840101373274021
-7959667604848286023
-5626396868059927424
3215454193287521957
6971409356626689653
-1510390909857961555
1318694210454855583
7116463392216890530
-1711136231750951657
1138185222981306036
6149487737379362102
27502418046165231
581475582896725447
7787292487147743463
4246802213106190665
-8290980920619771422
2824272270074918612
-95290993408761768
1149050163305106539
2814161294081765594
7649738765026239143
-8822007615604700556
311776927341234837
6642883088097100661
1713010348360433738
344373685781170762
-3766676824156563459
5137048729499611823
-3446750028157892005
4203922403124685896
-7997234728535440545
-4079941012029327207
-7554704731263823574
5279512775980543602
-4296949000648227904
-4404965844019890542
1606952305348395057
6511868451251177155
-994519599274203854
-1736875458204205246
1637108258016963900
-1471763276542212282
7065745239952632722
-3337749071113783338
-7975064913443149233
8773765191198462207
-3948830650095260955
-7512347430170675810
-6673494081408732563
4136146996400870830
1345994646828884797
-3120517296813759398
8211330502169911290
3683112562651061941
4743666132941977304
4299586352876895544
-4045985632574520121
-4327532475325202883
1717952256861423719
5739394822872678464
5895661654012377725
-4401977447844334143
-8322546417857968594
-2088101752103524431
-8750295042623495241
-2738446326621161539
8360458974540546892
-4170509330215390585
-941176319390599681
-1462713278834969830
5543908155045977924
-7213524696875490545
3081754727716245416
-6364012428166727870
-8356982985922188627
6268296902193020270
-715098665852816712
8366910264768902301
2041280712865964028
7265439597307749779
-5686650239558052435
7746434191249809874
-2948210972037376108
-6755174712709575179
-2624464649028534822
2482478365336414889
-7132479052185178544
368448966277243426
-6521961046632363164
1977075266441613894
-7524879067596354592
7128503824562682218
-7494665001697257743
-4201147183969368444
-5792082725129337452
2983714698990475014
6913431527092350692
-1847524984449465274
699351565576276916
5318913774496957159
-4644668756559830814
2750849784622444203
4158029780329286850
-8386837897114416721
-4736978931799997625
8223358839896662051
-3462590066213809430
9041027064699613937
3513125759398596178
-963405072635318427
1555375334189735611
-3045501539448825982
-7360563378813134566
-813112593101970219
4619207529686535237
697316419003995015
1360467053337069351
6509890379470471541
4716061678881641469
-9041321524557994498
1965337393274732912
6678905689685146524
-235872135495766368
-3848960995551121079
4230196058674871137
6640754326501540226
-6170056639770760283
4068772209451180477
9170287129413378806
6448047509262394339
-4692435352574462917
-448674482578459777
-759522210376489683
7301848623947438573
4856992202698073642
1193847250360567685
5943134853002410837
8372424897798869148
-7271790710348648342
-3557832541517329689
823112223149875500
-899089330432942264
-7053139634673228262
-2505474905950102458
-1657814171695326195
-4145123729045398475
-5570134275124667345
6986750506570430921
4299337246668551930
-7261210795321967412
-1254474817775929205
8960428893783301171
5143447749137371050
8627869730439527381
-4594718776311223821
4083320808763903588
-7519918375254612284
4423277839360881573
-6815962616220708088
915537583799152578
-4353188772887447401
-8626927580876842466
-8312774853730577980
-3763203955037914257
-7649177285673610765
8264433583319139528
-616464726484423435
-2781829595501685064
-3749843580591015548
3413158200984101832
-8711262706344753474
-8920728547717763318
271326678056771694
-321591989529905569
356220380210086266
5875778173562727116
5683417823402752360
5108760538791517202
-5403720424703003351
3305564197402750761
6472711850658438974
-8620814816142466203
8392588268421399738
-4247659446218280
8603973714265409944
-40496219245471093
1121563926344570616
1614993221980440459
-9052345020026181594
-8125402404489117927
4067140413886080390
-6856462665653205691
-399825246413590654
2745277778305034191
-3221990432752024166
-176799579101123646
-2588369495754981856
7885940938906136674
-8533334401417421775
-7824049035928049420
1049830679381095502
-8954413780065318722
3074268756420255153
6404527873790012663
7632295270692315259
-1436463651735111213
-4071510290072208647
1595245787848320146
1621882525109807702
-589563107040959841
6211944743393527679
315953753691914036
-795209173574000517
-1447818288202549137
412608722223594805
2576642319734690980
-6162475889371906889
-716447743472971579
8383177036709726560
3597868478555684692
-3286776309539976050
-5769201178803602288
4944813616964932439
8823748634977804328
3322766009724753132
-1040973946515343343
-7154082883019145049
2646374161491096814
-4719171615222671604
4087382745478847529
-4790813002529014121
6990059950198018559
-8599379894470929273
2826776390201941545
4565935835659752164
-3343045375517542729
1255643470780101883
1656446871858366760
-1704748467796208143
9220136739167078009
2446787715516216162
6797765887297963538
-2936610919033060716
5473902499889493038
2755732195224258214
926505877431917098
2329913467749051431
-8695331888790207066
4924918233342716343
2523115335255135608
-2575305894696346357
-4525527659229030034
692175765865465426
1508376256261925832
-8811703873461173971
2462049129085993732
-3579780652851718944
-1810930127459335606
119555942027893860
-7866266077238304547
-4053818375851037318
-6261114563771643666
4240632162716427599
1879546558069341931
5174463146097751540
-6378410871788406981
7098588906726337857
3621521007155685898
-5757038647360802474
-1890793989355957464
3510935338056423181
-4548613727277125091
5058621272222009591
-1849362827980522822
2102846262512265216
-3483882900800640041
-5005648845056937184
-6000016156431596732
-5089939665763455922
-3491077557668832206
-668861525443754241
4088095022169105331
3244536281512055961
1487672400867310852
-5890283879419726066
-7004977139526531099
-465968862800545017
1986738278543294488
5750340492840835396
7085180879035950703
1005027410844977065
-7979409967748051931
7991886063552023722
-3437769106348630549
-7753897853475374074
5166964899664934159
4754948175232624
-3951033772325435781
-1040017154894723772
3489875011093832459
-4450477044120403571
-1292640150393274136
-3947271832471398375
-4502141171025728124
-547054424033943614
-3895641679362413314
-7450013046391796587
-1205172445530146903
-1925492823853284412
4716093376500166289
-7954223376073674698
-5592984573917104288
7527881199218614538
2800236331154004172
-9163928484845408352
1041874432587728359
-8723478769873613555
8362687836838969959
277025650131275938
-969869798511952529
3894507701156016996
-7490002209590345021
2813105859859823046
8852572172713527281
-7773991604295040771
3334599735521837328
93099805628659220
-200872852444173612
-3050606070645348153
5041036048271650986
-8532916757654810985
-2269431686236083996
-5168963721856172495
405016004019644173
-222366917109156770
2208553451836202184
-2878547442921659331
-6623325875872466347
-7434396015393137325
6872687275048408287
-3265482542375894831
5375169727575023138
-5763135251948285960
-6508983802666159073
7279980300431121085
-42084711356841626
-3383459844229489481
4689247444867134124
-781177096536712400
7696740306023120982
3361343895081778282
-5113957692157558598
-6398113435970264210
3711471302219203362
330917120844569887
-1005433251693349164
-8719568268272216162
5687506584999601475
-1607507965668284689
6535373449328705272
2180133375094937786
4020045768310738477
3578864792928239083
8149514466119866863
-4130061274165672000
1973032689429672041
-3398013082495182577
7899955569796241493
7335945891994884269
-1652790053484862841
9017302520403305385
-2478861240967322325
2421071950634760468
-6245149575021988504
-5334069070328780310
8683234966036905425
8341552469439221034
-1390909517478111978
799601208920162362
-6392458602749331218
-5865032723857234800
6625366691962672208
-2580426564554905583
-2172558674331861763
2738476979339942940
5614886303592284864
4693605420347396277
9190383349531226800
-8392446901307937506
6314179963947851100
6632857841649691100
-3278792725259156525
-7307739614216565933
6090276999549922691
4067246363355386123
-1368780989310781404
8152968169106468426
-16488571715613961
-278220623011613404
-4427703846519678760
-207841797741649159
-697606988878361012
2154449424597496687
2883546319656255541
2498900633803349906
5833366929085239376
5582929075870612975
-3409980301954752328
-5816939617596898103
-1548140205738075491
7047912675871318293
-2117701910740171547
7320019684140469423
-3844890636086591433
-6525402611008798607
8559259331282909765
-2304811434925852514
8459123784316578498
1292059742757845074
9217017516644671894
-3994867948951599713
-3473510966970945462
4508976717544651558
-1824086258617372587
206895463064091310
-4423206843713132536
8796050504825044231
3296320900804592982
-8645684204001010783
3122743915249584223
-7138475721572785923
-3946776128038944749
2615491681264492280
-5955627603586178499
-8786436795049004657
-3141108845858822872
343187486066116216
-2974331609541110605
630741735978658279
4987978841519234081
7868865496983338515
-6551927817824838036
-6469039503992546381
7781350970954713097
-2032712532916471965
1207435617283612640
-282264438098741649
677753362884291703
8595300392061366065
-800197840338719735
-3421444460700313559
-2928441515442349060
-1646587150099015219
-9005157133761518993
4783746681628036716
2996239012906138857
5960337324990393965
2111242607225467585
-7312131745379523551
-6377290049853123895
-8953826092066702839
2327298676072758641
-8533114625255186514
-3672790465156899017
20966013154512150
3580928367922553410
-939100052681904217
-193173589539198381
-7841444149719639251
5612526216115548086
-4650586592713053171
-7026725775863783367
3008508092339034359
-2680342611371361338
416974272915400226
2849629790690764483
8420738281347071707
7326272195356666109
1766018696039847274
-4242778365162094613
8602752615332583406
-1413174962251188368
-5397042818683211967
-4767498080289310964
-7380548723243320653
-2258347193612268128
1451883007290027203
-6627210887460179845
6198476721164064651
5500444621375337705
-8639364113055821495
7805788894150522171
-7645497671496383260
5750122250009146954
6312602725861525706
6322789623251738089
7823477212800488869
5773451019663591740
7947991923822340508
338303635940584528
8250905429484070249
-837225125855105487
2069431761337561632
8006140134095719716
4272364609427454954
-7087590607373424964
-2175094903864272957
-6915098409509090794
3120209790762652741
-41885229489465919
5762237829161189263
2688804399376449832
-2884079119656026536
-3144554977724150163
-132131826740521769
4414503605163780286
-3932541830214584463
3656133557069387298
8761865633812387910
3718579397200010282
1168193547701084807
4772275474595849312
1112679919073377994
8450317152607959207
-5586382836266183189
7542644190800783342
-5656986236170511580
-8381611465126700955
-9124976288055843621
6037007016373903246
-2386810387873578545
-7456625834714449498
4067255406932484169
-1861863066944438720
-2660480610946775298
4958717190909442199
-3399731810092121053
4815204802856379948
6561655512629031259
8594318395766933894
3742601256539503080
-399285036600964837
5616412824673183201
5943139150641023250
-4070434837772358166
-7173216529219705638
7970187944719308096
-7409006141485411601
-6581969130967362253
-2788492305460193350
3084114330898617504
-4855569019675464488
3119533508494252135
1669025722218515321
8493497567914902175
-5899441069454677227
-1082275509776028741
4700668806585791192
2985924994818720437
3397953026867428929
6135734838183822033
6550417648052933125
9102047410980288221
-7590076105570815810
-4897891158820238083
1044571400919495302
7911838767733459542
4664536915225869554
1731685822809157462
774151517301475560
6837371806809756167
213465930092257153
-8299766534746209612
-5326685888606423146
3167128991668138792
4327958854325440851
-7366141760041553904
-5142564907460679369
-1861822132530899183
-2979555980026896112
3873275608992011827
4538248632799684944
6826750011744333982
-43391019987374321
-3766729205871428708
-2689291480635082822
-3295942206724273456
-8608305036010809454
-3499353252883097528
-6140240384066037723
9077751248643192509
5854307701988364693
-3895597223203309000
868995180287071814
-5925857830080739053
-3387754060890686371
6518021149898501812
6691993103282918759
-7714947620680821158
-1298990432614071474
-7568970672819688955
-171944725670968313
3748155874105005423
5985990705663757463
8557137824969585764
-3786881124401239198
5756762304717328913
5650659969119850327
-1633563203980054953
-124054095304295771
457731782299541766
-1888522961182265864
-6743675876272736976
3539606015622415442
-9090042251788596932
-4080893268036747098
2598630319290973941
-6450260668048804441
-4102500982643944426
2678918664006220028
5147563921843610255
1820074418919299487
3792512872734072655
7131577150352871355
3693784525365991322
-6472175726594869235
-6842515084342401201
-1484498951126341104
-4521605453359622702
-4150040532672574458
5179494500513099696
1356497847799984488
-8231736423483059081
5621621913450599288
-988248511433277962
3971638707934398648
-8697689591581899449
-9137754618686836141
2265605063785079163
-884845396289551694
-669135017992642068
-2859246230306726312
-250356304873714902
8417547148004571528
-8594511574818554705
-6616836952475503347
4148518858259379084
-2239983558176253653
-4095056209088381095
541708088556560128
4980772754708980228
905949871119235596
-3985450684175347549
-1000613571191449909
-3701182709592096827
-4292457825619538343
4969011550282815285
-9031583020178366971
-1781495805242806448
-5643374562766118599
5632525783711472135
187877004614282888
3785380607800504280
-359468440865695858
-3563240224408417850
-3854912059843733320
-6105856307888600139
7791216499993637596
9062575475363316714
-8967406522881773117
5756991130616513920
-2849079631290558709
2498190469753826471
8004906047025677849
-6373610600217924383
6228508194196600137
-8707638842992314729
6976200788001793967
-7095059756625608481
-6569566278706202621
1210230281165773441
2581148776136141207
-183298509510061745
6243756211874136892
-4690216889163133751
-7510339922742978760
2331261865051018773
-2735526297586259526
3129145752764538789
-2527699003967987998
-3873539565443152643
1804341292490669611
4399113079860408791
7870125154667058919
8930155582209440203
-5325685298676293779
-2566040388128535173
3394893339354568290
4075514221901512716
-6890061331914944371
4143129549682256362
-1884213273295111549
3081107030922013303
2509648576063589886
-3400414441355729777
-3470300424236085059
7972261716108076145
437932971168133035
-6996895799439383922
6173779291902807794
8976826412365757461
1936803338709257371
193571776035452366
4096159764742559723
-7476051511060469199
1779307035647318616
7809599504363725659
8327646163053584570
-3155045382621585549
-1591602016626197800
9108727993220619960
-6842357591415215589
-8548690185050293823
-2987950691337625114
8880897969848458408
5269315054213587569
2845180217370266411
380771842574740835
6103813074598989008
-4266857922303408308
-4187928468476654358
6807529106865587040
6106216113906909014
-1612304689757629470
-1040937821872519092
7774494838989361588
-2012097607607464501
7256024374805577967
-1060424758815238060
-7438466867326303271
254550010651456611
-2260719934429289015
-5134319117142941544
7491986684912291373
9042858672943555327
218389768067897831
-1492642266310968894
1115184548243226093
3133694924525904385
6544550358019253391
-2866975345527537683
8823000827159900526
-3464781009474837608
-602659614985640619
5004215784223309188
-55277469674214584
6934580893292350810
-1793228650858179468
-2877136047529078863
6944374330877980375
-1065769124786543846
1569617902271233967
-3351287960967275482
7917804804446753204
887988044853093164
7915641456039722433
275373597295454903
-5751667875341111507
2932598760061528402
3259069045995458695
7145230911700861238
-2224679017822387290
-2674530733898389915
-3186635242701360988
-1893594784189636292
-979602789720889094
4976301455827615121
7448601146544163015
2771387941297813372
695370067155340979
-1149253511485952368
6500129905280768555
-6187848347174451968
-2293296087236115755
-4336655237283834558
7296781401110195964
8838174821631181039
5784610665597837551
6168987043048098794
1442640218392328203
3562416349341578720
7677965275461327636
6455382991979431764
6068652139184278211
220243785278992059
-2044922004137254959
5568348429447491972
6194452049417487336
312064549693921931
-3697671187758774714
5128313061076599775
-7396423095334560994
6661446698906078145
2157942946659231898
-945137693220012173
5355117965290736340
627301004161824621
-1407689444613114362
-3505449395509260563
-610000073354948806
7400607184162525586
4554569625632983094
818292251853204216
-486093254973133603
-2721857968947178010
2400614806183732358
-529340009596507761
-815556585933442749
-8905127518943400597
8934825555653379333
2135247368450244195
-1004262692438901731
-6373376426211730475
6062440749572699876
7791199042646119508
-1957543981186386690
-1014919664525132491
3398866426310774232
5442270860017795895
-8355907767463926677
-5717032360608601949
3147691465509542211
196880030229677052
-7919251277356283254
-8840589825733787371
-6321989227358756734
-8870171928691528373
-1793540328332060576
2028592467311769778
-7373592677169189306
-7122119333760035109
-6051712291319636521
-8998298999321580572
8853945075904768017
-6056022962753574135
2589821799284149424
4454593069011007850
3049031209247476672
-2072706487523727441
5924929859084106431
-3555937374428421765
-3713444410863685666
3921119689152735244
5168900651931122996
-6411005139915898534
3306786486751718159
-5352496602291733405
3896690034313350680
8850148992536279195
-3671094076158860521
-6236675162876640501
-2537582505709807022
-5287704066960337262
8478546570155978434
-4967511695134865770
4682641823130970930
-7268371312676448755
-5531097828745965609
-7346965382044766439
-5247750042974411800
-1512578998450561559
8289022106901404257
696249775462821107
-8443449062673326510
4633078114649594107
-5812531868042862440
187255646642287076
503438220410476102
-738734837416861680
4293036981564590117
-1886468937836402502
-1712417393723222754
7163969958801745365
-6966544314663053988
965007209248288733
4646873065125294332
-1703500284146311660
5925720001449613753
3311585672469915525
-1677659173612576978
-5082689826563878782
-2331985414382215383
-1032139721300035866
-8120051591544617743
-5029259388300920136
973123725568232243
-3757510321531088188
4826533174874446911
-1383655300421970851
1147954486780872975
6716661950152462904
1637455818290379654
-1218764833416330877
-2313868731165988735
7686804708198516713
-8387418292725859156
8220578095452297356
3952263270249516058
-6625267758363342140
-5543653500205116280
9067038322693326931
6326789304731577939
-876819732297780143
-550286391040303687
5863911745109832450
-1213084805324760173
751692128356611928
3243052833782781057
-5314204789840767372
1713973868137775670
874373397346947167
-8153914947471817539
9219952425093858600
-3641850304050049347
6583714751138764246
5908120596716478910
4877606816159836553
-8845054230612847902
6783831292398396391
6298505731102233633
-5174116071345846847
1593077276775965919
-4239175434952024877
8264454376922768638
4587912735694272555
-7120402571053342303
9062020053497049227
-130706383820917605
2821611975803203703
1700487479447800761
-6854615994328873170
-7321567262552023116
-7769808567413040605
2969683746212338447
5149197167893342583
3058253288850758693
-5777031774048095235
-2604931655394491341
-8889647963649007775
8941545576430107841
8544105844327897419
4103912123830464713
-2171884770670055051
-8558559106758389782
5139853431598657819
-4443046782005074465
7105203285289912905
-1148939254506095075
-5431766649199293826
-7968003737695067668
786355344562817364
3641608422651616622
-5348801260109850027
1729359623822225241
-965006430626151629
-8293547183313231087
-7396979557437171875
125066365708143265
-230070244662951371
4335959021550833077
5363601267751496118
8355803454756166460
-3886307352622652991
1407504133162780309
5472452877610685005
3245018589447659904
3914984071827208121
-8924025692087665800
-7323025248383700690
-3016677558990415606
3796081791850933230
-1019807662603205078
-1199435432285052926
-746941007783553418
3881043064633905489
-1460674415253153004
-3981283207654753612
-1395001576950049839
154182636367507223
8909201208290533938
-8517658327943504450
-5296591318800606141
8464000968508177383
3215763971187313052
9025882519115564582
-2378727580240121397
3908836729983947495
2619455879411431178
9128924928696130457
175986259393623537
4358716010716958903
3436836946008632788
2169510366548759794
80650715515732808
-2983433470976305788
-8204587103101712382
7061508218149922849
5570657206634941879
757012322257807977
-1483529647622563871
2393092337974852192
3090082702859277498
-1833708926625050874
-1023967184219774749
-1751488952613464037
3268142178715426613
7172104738327338935
8845860342218483102
-6381347774984987741
6424612476067257555
5822837135735863541
2757753203662791185
-3010298429178084365
-8208224226065282493
3404778507872519121
5678126547369992203
9073598620841196175
3311478383947523797
2355283032861649602
-7593405378219519599
-264989060430827754
-3698325910096522617
-5281040364122978210
-3705369197376535071
-1009606439084439052
-7404571778782543287
478623507832772117
-7313331297002190442
-6755633760273777074
5900295291883073194
5677136152975352053
1357343637003501586
-1387273272919923873
-8695279030317310632
-1463740687803650267
-4727492310119465377
-3339740136536439217
7666178440572292747
-6815060186174017529
-5221973139752966449
-7293899810525446814
-5538438589514503766
6181031855167522020
1455526720791261888
-6518905248179974995
2119694535818682590
2880339799433323328
553379878727821539
-8431417489738492156
-8343079694485891884
-2561429282430667830
-8154566443525818856
-1243596563576624358
-7663626826184840847
9194156865895198424
6668009796067665272
3351090103319315507
1761680664268856063
2335852394390676528
6991115685051616528
-8497775064981594663
2161372965694114516
-1391897950457275868
8957470054731075377
8214711266116093555
8533129564523755936
-2542553746559694363
-5783644004845203467
-2025439786514551459
-3559037814578519549
3837274542831306159
-6942097537545595686
8775373766231014662
8200025123735402265
-7975792308664865511
-2535804480210628264
-8562780021534705386
3506532843493769894
7886385634556398804
3278365404135426119
-4004806911074164610
-9030419052347499159
-7828069810421900078
2987168872578686094
8309727959547140307
324233470089023622
5336146646914242689
-8788634259764354013
1941834517090580249
9191895756742715592
8944518329790756770
1896886578222621102
-8893478527677861352
-1330932073123437993
-1840860750588039567
1049730034676156419
-42364379066059441
4254659414931469693
7293291269961975289
6276532535838208078
8077610744374602831
2596304599788301692
5136735803592866711
7500021957070963996
-4553720487382963302
-5415728291897831704
3938319875142560816
-411315289639564334
-241328845781876774
-4078876590208159730
1317039286275456442
2894866733832041221
-7863619243150474298
-3509253212717514457
-7601693856022729369
7401469682450636032
5132955244801813483
-3950722633434452628
-8464589623612779976
2649173385932392121
-7890038119512086632
3392575017559238906
-3146333668559495004
6133776730749665470
3385378289281996328
2927578997960279603
4563253977309563375
4049529260328776770
6756418900097063234
-5141667323691455654
-6640879538272146663
2039301760595330540
4752826906234130962
7972295836785020176
6528866817500985784
-6784810255032103962
4512986676004907270
7377063950208938844
-9096359596821548173
8812364460793096961
-1361454537231000702
2818736036370050559
-1382563330730703377
3980232951156383516
3763191229518633313
-5929506385062975276
-7417291710898830147
-679214454799894566
1098275783258788285
-210842317129940440
1282117424917776402
5699904341476553912
5663274327836245872
1935887461335707649
6557451937014310938
-9213334104710782154
3117739842266816974
2145738087975244229
-8815801909422811747
-5610897137165775360
-6087454626212975210
-977200858579195648
-7280387220724661554
4345224354445356423
5692194171897823663
5133547907719650735
7784244787931530902
795435922181349208
4669090089041829631
-3116917803170268378
2946113806575880670
-1611246930394046310
-2895955839339146222
-2345113834638835137
3378215797513144124
8659335812589284015
-2404957962290188320
7936374054869565337
-4779342644476000112
-8136399765577620063
8675262913666347796
3665385667975776166
-415209860851243476
8507229574786585211
7806198638050753222
5867513767609745190
-8897510583799231472
7264026441505971356
6381390095493366114
5453609212607483192
-6002047757518578808
-4600731854608883430
2089790649647758207
-540839054192791867
1587818879573287205
436768954014792064
-2589167465018212770
5370210159570011640
9075147501451693388
-3130494293005502341
-5920235105002021047
5261687079161849342
-742564800027019577
2421873785795237511
-1340034919948379988
6459428417667840760
-7742981851030075905
-573808398181316257
6237188890434397421
1326574366798487799
-8442636583677913865
-6908579511783443435
6588539873108096803
-1078299169518224747
982654415712561893
-2037286877285181302
-6480142669423187236
6166679539113083129
371541889830279310
-6123463547777295938
-8648498891288818401
-3854807650913782533
1023709414517867550
4889158058769186144
-8931954380450052896
-5367777881337558230
5451176833093765231
7268926092695050246
1798624845658900983
-4916397148654823662
-1324167482931732657
2322725357596729160
-8981797955640481938
-1682797548868164075
4177923954305529418
-3309957677570757580
-2923107819712900664
5864878147274738144
-643399844713112676
8200694999650838868
-7988159524186625354
1402283895869641220
3731167658937137826
1768662888777141244
7195857804840900117
9020182298813367749
1670070763048806151
-96163734086956930
7770785827809805353
8559306803762348748
901983529660260819
-6437221213686677692
2230328690421105367
3826308086948715988
7068647519094510874
-3240373262403216785
7859188243633662103
-6895956929043683936
3842022067850276166
-2011287244856723297
-6145092182071109541
880726235933014075
-5969338343508672816
3594046570991709613
4637206903673782016
2852140015372755429
6202049426854592832
-4622196168654054447
3573252063516620530
3153341020594231263
-8501768264857742458
6044333523723804246
-84474822141938265
-5958789633037508790
8492880073442960884
-825076893988774969
6051956355831910160
-8095364917900874844
7828834071937170012
-2547048580602787913
-5286967321824708171
6968437448774197334
-4933199623051877090
7657814951855821076
9206927774605320132
-4949384495715195236
5274362314697732280
885709740565730541
5644124624633206918
-2443771935583181991
2082926758567395366
-6729129184663546772
-7147549651227265434
-5481686834999655077
-7308652331607118746
1442040461534179266
1963344025862745394
-2851800836935573628
-4593358039601449517
-3072785668966316178
6241622875665740104
-6849940711143569371
-1932209029685375948
728071280670509601
-6238990492610621347
-1643417849567959229
-800148795815276502
4833207617623919534
1370149330436805975
2075829092441575909
-1014124867064166970
-540322518567640132
2549877754655202875
641260624137164482
-3765936760161280927
-8570598106669678571
4426472300407491925
2577930794040608022
-2217526275276203911
5367630034043224728
-4149006031814114675
6037973005271126180
-5122442058188627976
1348124814885833527
-6269376704117080668
974961580058504948
-664771296868739321
-6792585437525557123
7015703922118732827
3906677685148056431
6892294285617977322
-5904797200133780980
7536630071702272499
8156046780741183494
-5519869779482021972
-8748593533786413767
5611352579501419386
-2237408070308249633
6414669275821683815
-2148815002201445688
-4227661205517467111
-8562026975845658419
4688102619734165414
2871669733879295579
6695959294275181484
7069283259543434311
-5157722355751701476
-5195350247929072561
-3456021428808884757
-5982774912941128425
4648986434738847201
-8560934204684118252
5041401978969647531
-8704415756139335314
-875969796980703558
1397467786883320166
-3772008733596012067
-802619053847135674
5059216682356610889
-4155062655536675846
493869224445793950
6455599261964915345
7357997877495641552
-6846545432918526446
-347450670958248525
-233465633350941265
145834638380710290
6829695190712965165
-4481168124422294297
-3661688836256918984
-4292199371173972572
-1778177187545784510
7185668533555635152
-7184838986412988159
-7709859773706416062
6829230912888682891
-6202291810639961236
4204465683835021861
4917492686201796827
3035913842528257368
-7321412770269840890
-9149894798224693838
4413813074167904065
-2025978843286013666
6990711031387102674
-7919973287192181539
5368713020588935287
-8747641538275065353
-3444123930657731462
1433838185559196848
-2154842986480882012
-4462287528140289510
-3934712123092855102
-7878344926870097764
1922950919460056078
2538722261950047993
2047658509408664943
-2799368611879373305
8918631166519796527
1417313101514188119
3197734718397783252
-170102560901302147
-6931186629582990240
-8786804083860837996
8676813626885564389
-2085289008794300823
-5325651190351614511
-2256586520524111891
-3371041292683045386
-5883461030727582619
-7337781953782186565
4905475449242268488
-4130325719631804321
-6711854521565196613
3621427562156791184
2915475704986400832
4116914100712103292
4394217789939969750
1735880217434812792
2601732603432716461
-2164036420165511099
5515458400732897690
-2340089452397828748
-3432457676848951154
3397931876982034208
-3413360299405728659
8781430999361414043
85571892327461676
-5058567683661653665
-7952821458838731140
-822050160978508025
-940501403736472866
2274836109604753783
8203877602609727333
-7386290252755590109
-50802050332287849
4657466244712515978
1053817429260346506
-8321818216939890472
-2398546266175670047
-5730470247166684005
-6630494018813956429
2218764437441320977
-7524146948862006351
2434051837380189748
-2387363119067556949
-3363089363824266558
4893510202259134847
-1540124462149679673
1825019835237184879
-6611644446638367185
3530740484700455849
3836823437005145196
-3939167974452956640
-4383473997171813375
-8033815455504561404
347742810894333559
4183364723112977965
-8850153087483774892
-9134180115277717690
2779515181480863436
-7119059789535582830
4903071589779769119
-9158201999394048124
-8785488379470989797
884667584055593497
-4559183447980365218
8454753681407079029
707478744276089271
-7798704519796033121
-4640210581063702892
3438900481798484960
2255715513679320871
-1993896215841884241
-2299926694794140484
-4668652296862165942
-1632930186523764577
-3176626186696902883
-3193044469834266135
-4546391860487323989
5332425709202546630
-314139711575581997
2359973368270149227
-7926718525637529226
3196901050696967177
2248126799858045567
-2082191389255960935
7194755243595820090
-7315423792142524473
4069186722517689423
6792246924924119643
833326954061397195
-2819388914220657773
-4369626686034269017
3992263183162185758
-507663981960569908
7482401446708731324
7380434837715038947
5646391105842604126
-2174323548242293838
-5974559178003203346
8861430356250183047
-6055932943833231181
6761529131334002188
-6451462846887904226
8639364688687165063
3383124603796765966
-1558214404766119697
-2768386121367818442
6686181202011164602
3829566393229689023
-2187766046857875763
-2431229725310853526
-1067940163281140853
-6473383545842809974
5919548316390127202
3408088928568068955
5512086146174105578
1597600197888480401
-1503983757651612792
999861539030838548
4602858330655591672
6077064229199626106
-5030225735782727557
-590307796009529959
-2153812480408133593
4484208292367233465
-6204975493022912529
-150836296863796413
2799674479097713010
8947157352207908127
7669339597562352115
-4999930081266437997
3596866103852269989
5935556899186916205
-7871178606806209734
-8721204978187946049
-4402035035673891604
8180522188074764773
4935633553610045141
5152446998712534529
-8343413356994813803
2018463446001542673
-2869882974888507444
-700371163510306010
7197630938573087019
930206123834327122
9153021036506407001
-1310496530352662186
-1642639136496598180
-9045355108445381491
7474245307892287633
-7780318493383785741
-557531776243472090
-3761320958000701332
6910293160596174927
6022031199572520881
3345504405655229454
-6278042374334629083
-8830891670527606483
7193491951650595603
3667911945498189299
-2745626463271308283
4979782580250018516
-3532143389967476641
6904035273028549485
-2853862012967689886
-4012856736913910436
6642840357664260418
-8596277520728585107
3785796303090594368
5049114098846735570
-2084551906291039232
6255770344069008094
-8373667877671367988
-9201670962588206391
-5354011812542119429
-594703909056090431
356405361405650248
-5592623818783321216
4610001555732512509
-4948806569785398122
-2089354264629907762
-930173886347518928
6951604818051743909
-3689539878829564163
-3066982727937519137
-6817672002000301735
92049470221979050
7942849758580696824
-3891148963741182325
5456232854092621942
7331219661898786747
6453633189313395008
3809239875103719346
4586431522744052227
5920291091198860727
3279010445800135102
1043832141293080620
7138382499102496147
6390057943885006455
2417356603147266101
-5395370944735627897
1839452856173680159
8075355284774945954
997491644085166405
2965353252341076620
5743416335261103749
-6116727571762128233
-1371354230833113130
119890468771466380
-2849659579116256311
583495625957993790
-3401804826228481576
-4431471894287176830
-2090017599452359229
-3062286100290051335
6641208445594306328
-1626081892815502860
7154422642623770174
1543737416299984444
5048664749961886499
-6341242739292264360
135424642373032826
-5665081711601136870
-7355981306668277477
-3508972469546819499
4070615872779050
-6446903033309007041
-6254129649855465669
-42275826887678611
4992024965064498264
-4419619966016383299
60028731561902643
-8332619736014956207
5747801364700897040
4906915347768473508
1692667155270187612
-7469347114221297620
-5579153583309735061
-6897680322331965294
7025752629156815187
-7180372052006209126
7082033423480404636
8704391583502289410
5255095807721653286
4626488144213684611
1640174207793833992
-135517548981483285
5504371321775676702
-6138439582782381490
2283684597818036091
-2413582903524839823
-6271593011977049891
-3857490992449312927
5007442487196043311
-4452109720378577165
-4254988849333085322
2390790037878972737
-2962846865875297437
-2474015800156310084
-7038624224871679559
1062426010977860293
1772562208889526550
-902037768501838272
2418694659640754000
-8120241930027306473
-8614304231500597929
9072612278510213481
-6431328306481427429
3450626088706613363
477007611427714460
6150772279668448757
4251461159226854798
4634590824010771242
-4486436398753012388
4447784374087184698
47888754777600723
-7388470084276207192
5211289156410542175
529117954125433316
710376770210760415
-6201775548286546590
1725113802897649580
2030931711183959500
1610549439307898080
3581152209579407697
824119759235499398
-3934024664312149442
-890050330143071773
-5619388162442427590
-5592103199441632877
-5369702120657888800
3034076295025323119
1778132112345100670
8814476255770565020
6458562241339096562
-3044642735842653395
-235244500780202954
-397458454147906946
5884409265251732111
-2900703557616075446
-5067528481504676963
-1686929886191441811
-3855763152137154545
2824515356199414380
498001795132913270
-4428464687551987689
-3080679750513431018
-8583002450067932172
4745901357688000657
8566987482318607855
-5716954942614234246
1512475226522423722
-1208773265855179078
5572375575502217671
-705877934359747265
-2355573645926356368
3811853389187428839
314343037043345045
1026227757003784956
-6517615911798207558
-2994118924886149134
-4067008968466849830
-6933361670734018838
-5567017142681290153
1950755326920038974
-6970189831675035039
2844958998278849749
-6269283633007520182
2984042702790815189
-7000912801596764149
-475404515610928843
2212549134597115341
3520722185869862196
1577650246050544180
7952269605736460259
5138421447709136714
7639244993621845860
696490204991550409
-2850773568577614056
-90084525198610442
-2014090649530161353
-6099265884904639240
-5202315912669158988
-345035742590343370
-3770117262370857976
-6377478499317682680
7305366587381366291
-7257729047317473452
5399335918655813340
7070613500808131266
-81410538817231050
3634036141529451788
-5834664629738224283
-2689874545080999459
8254585761002239438
-5525115303901901006
2455374771370539245
7262393830552254517
-243708429339896384
-7322277299921743893
459353369409269711
110123110381341552
-2109575653765755559
-4548676192823680504
8208776143951337655
3043162554505185786
-8304136331044441823
2955248815313399930
7445260572415558346
-561131012796099089
-95775073015768680
5710115130147298601
-9106582898635288169
1928016877203727367
-2255580546269444839
-7301541782433311397
-1910577884393691120
8074093262590119810
167011940501998825
3746493732808205600
-5254123886782830966
-468662199363281092
-4001904492696577251
5779561145201938711
8115009609256566125
-5100169430541047001
3632173317521347511
3912198140408970951
7545934536105618322
3985408871967734762
-8282909471355931013
-8057623916695728215
4143062460202885788
-4225494596448482751
3358930218152208218
-6236607105728131832
814356408289896303
38781223796887212
-2209568130253833501
6622263078193629339
2042830063301227445
6849346559146464611
4864703727541072761
-8184852895356840677
2327598376941907684
744678409489818653
9047303829400296782
2929981879729411490
4794171853358782840
941983618667251035
7011917480608460128
-5811358133478320999
-4747989143233307959
5808260348877822377
7418672941352203758
3253897284492590481
2501017757022649662
-8898456068670121993
7750078456466988224
5272925704613675360
-7343555380704465499
-3536693519755435878
7834289394391483908
-8749986541767787889
393123117657807738
-8740986702631969666
2046583288877314037
5387092788930997956
1052333420441077789
-7390787184954004187
-6733877519918974076
-6076754599040706349
8338497221670501459
713589095557307782
-7823291948879952634
5972444294392119621
-2078143436214748056
-7764641569540397353
-1542920249487438100
4745422268576217315
6930308145374533248
-2396933179458778119
8569362419248453668
3489592876233410815
3167757110385346047
3406216201602339194
-3203295590385627770
6331381376689148338
64362237086144143
-4375572857669043233
1898561647043386592
8059788257467975956
-4458831390140845030
-6579929718567873477
6525427375126841315
-6450376394674597059
-8190296912574748494
-3366625969591896596
6610207021234561549
3255634731633783028
5312192224244842309
4934139765233147097
-2818015594529625653
-2446855633000058141
1200719480093049491
8207579229358562370
-3216364781689246468
-7228431986187304629
-2514440579765636297
-1633821558652591733
5027411732678576461
5825985081910371778
3924104728808146698
-3138593372584806729
8449222700796186360
-2416287194037490713
6135406437715114273
2886320572981150547
-3873435258332661592
2088214368092059819
5471117362008373250
-4911734650014045892
5383622749003512690
6864503934315193909
2786293035489881218
-7557334168663529619
-2478557915766588113
7332094587163448172
-7888881569895931725
-1680013498274254712
-4455268133462146778
-6786124131524155259
7391647395657437641
-8893040646971402782
5983253291107594421
-6873716403571459231
5577033236859773425
-8441145487029215233
5449828029916538403
6016398072214785265
-8759529103384345850
-5410408086971809558
3821207739816137690
-5019601351620728314
2333680802980779522
-8071206515559100495
7934465168624064417
-8872211895212366650
1284280320275505824
972882965313192771
8229534295232764957
-361763282155291369
2944535657100861855
-5115290834607637441
-5577073236131031992
-1212567230391419742
-5822773350553057680
-2442738165266932448
-7468756642692039239
-534755660978839217
-7076081434090595591
979375925434611421
8276230844260651312
6855866031038598443
-6838346618819151427
-4865455960140952921
4191334532715044467
-7946572372297275155
-8563446402483242334
545179701283962298
5891713663534735866
-1102443207809527486
7539263073697731238
4955428834792031440
5259873876180039920
-1616091838557632392
-507233416783400914
4154320581884510943
-1654704514938817422
-7210737056700059808
-4351767885733914229
-3416712155625106416
-3487710415473385166
-9164973566556873758
3790018518294498029
5061675453123781721
1334239847946219383
-2696844002884769599
-4764704874576740755
4275302102955182506
5794346453265853514
-1003660680444259194
4766655086850216812
4412885040078113022
6961588093861972896
2316131159824393440
7050445879330253692
1304448794163812160
-1418386184252214282
-3029687409673924619
5239983392112453845
3630807186978842733
2014827445861815179
6953126945172157678
-2038001119782876490
3769395893526023071
-3155271078452881184
-5752872013159887715
6703531260712208166
-7964647152693217993
4398502722325816758
-6321046939333688776
1741503300805586309
8237055646447684109
8610996871259302600
-6884431460083642473
-8387970373599301028
-4419500201842292281
4143085360867932965
-4046442099005237165
5798853185079527569
-1555366580737726979
4291852610929917420
1790501952079975614
-7857119494129349469
8884393976612611602
-6926211169535715566
-3431056844236743098
-9010854707729193278
-8488384601988244342
4434222537923442718
7838965576527245458
8821101268764523394
-2735673584176347190
8425734134809966329
9080932651985947094
-7921037247114153761
1209550210824183868
3856772821175400502
-7383842234398176290
-4177630375628907957
3917367392871858909
6486083840862299764
5286496550841255801
-7537293147090055881
-1736990798101976545
-961755129358320796
2797300126318193889
-1376779873201006439
-5435551988251948291
2293498133991518100
7916169505819107739
-6981092645434121600
2234813670304586242
4210085031390723316
-7096892544950561930
2924475862698258850
7550802303606175674
5016485402654051478
-8965546999143053911
6233375195896394530
8478132984626949265
-1087320406981107574
3412739213382210158
7393343918325341846
-782251537903171190
6239942128925486862
-840596000921210185
-3701216737264804534
4258359627097784279
-9052260517657312552
998529092121129413
1549168256711975029
-2199494414545393820
-4141470232079317144
5304439227090472878
-1421260868047800000
6098801356366068603
431038749060836984
-5595305876488221636
-2588265798745566621
989697857467332176
7659257024999067751
649454430271155239
7700459391434090581
-2431945216544850116
5208672657141856472
2300348518848307285
6512870392193037571
8276377984239685180
-8879333241417971889
-5893348793488607221
-2325006212937504221
3993606529323014901
2467314619012852635
-8855931130094540023
3004783013583727120
8119179518510276193
6666153004829052386
8058368424222663391
-1659557903393174077
6002436192678651393
-5979723179364047131
7499711092265781751
-1685974223006203245
3812033919797536307
-1656623365654169372
7233058157093921486
8622912290658497150
3873184569147425440
6824492896460112859
3223916769046645200
-3672937554973608522
8776110764561869363
-1272314685171066434
4584485295328912620
-545529408282745544
9042751180331357058
8938797705421081499
-6872410530108392715
443408701600180436
6706732721206928990
-7769002393457989376
7671289753113418477
8410008237196673548
2303281093976144647
-2332684515524731354
6560813855716846059
-8092371409454367423
6408631355106554575
-718406771623648696
-8372403880345904692
6237254052527437368
-8116866549302229343
-3979569901311531967
8115064888525115514
-924539738174257028
-5215687589390157469
6392615183273927084
8526159866139647514
-5489469040012808836
-474704559020997061
5941626701364063718
8023874057639335051
-2197345311432814469
-1252374544681387711
7463297772982800634
4581380924065533826
4887667096643060780
6001235772738179514
-2126417593477801717
7814819445381987110
-3094969041898624364
-1992671593003253471
5963312285384747822
-5406937356055236680
-8587673682096303747
3812972160410121109
-6937955734380699486
-4677401787779282564
6168878603542983492
4648936856025217521
5193742826859959046
6489924384967761999
-4602557005425721549
-5539646441464203206
2594424655138900714
-4965990085827816876
4605246484900021671
1880262073266170626
4765368504692032291
6835142517594804979
3201472292194236678
7588246123077925967
9043924394861517033
-2037241417954760688
8823607406083467398
2321180733910852497
1179575018884032520
-952607028559579194
-7199936903345393682
2292506780051556617
-2311517897024803706
712966133019044114
-6726182552715572582
-3673949791998855881
8626931553945981015
-7182225389771843274
-1473274915398873404
873080171116497520
4348810944882197215
-5944824491265315513
3930947170229406952
-9085321846920472837
-2049862577965028776
1433369625722814190
-2631566903532624554
-4755069442414182043
7267495100829590311
1316481558469451400
4846355062969965074
3755413726329390122
1021788411069120311
-1130460852183120529
-8401786381765109633
-1259457286760027441
5094729613355957864
3028150735283664843
-2556497264016507436
4187589925754307877
4061703527134373288
5187737991337058008
6330253054759526462
6971652098371879837
693093371513094745
361628149303398575
-7517128778770579257
-6178921123285633281
-6251739014387147433
1188108716254124693
3658078351565293447
-3906964039995922742
6321322752513103559
6200107125316002650
-6927102488090087381
9062579678012533974
9065645203522169386
-3285728800420814660
-8942855561532440092
5793042035755557731
7504866422334934208
-850852171936752489
4315232236714913385
-5027323755550189531
-3466474018411472876
-7269423708077618203
-727325324071905272
-4646160790055420302
-204153950431432361
2092549632535767961
-3625086691135230842
-8447839564587629253
-7703321231584605876
-6313031436290368867
-6811715800761311968
-5923978745735667417
-1577804229402837166
-7008330426437742413
1558413528692299338
3348223958702808612
-1988251618758551409
3018604905438212552
7139457190993635994
2385651490793204036
-415541382746790796
3204303613238422927
-1527515891429422026
-9135414463196008652
3918386075625138467
-394569214821596742
7650220919289524087
-5829945322415930856
-8666658652469781258
3818083618198913978
-4311016427488855745
6943074272235375797
6081314393155494939
-9200081061590812571
3658573944380706522
-6749925217415338162
8823515321548427633
-6710402524501443027
-904319442499958292
1002676916518466057
-4402471858711500654
8747900465975066818
-4627031557693871111
4985497072521626252
7581636913922562750
-4835972936289524658
6304098598827428016
-6772763360905940885
1901082710383892949
6156051368996216718
7836945000734220576
-6783413669187658135
7266592837158763030
-5335855088617284186
4106228109928453358
246654934684644645
-2585769325604662932
1258044393962496885
5952988295471829874
-3593386653952254337
8979644878879093761
3427814431594616618
-5385453540992829653
-8898365948453038767
9108502760632770347
8887045291967832409
555938511969199627
-5602753470880214037
-4759903269365587798
6008903540611089032
-967321874891015556
-7727388084529402818
-9217270249170921054
2741193156795413424
-3712628147551142521
945048400293145000
-7322945185859913065
2822876849984109112
1553914557298786690
7326413061098467859
-2339546126742306618
-21571469249760452
-1662604896345530700
-7993825842252105029
-8972893177805757837
-8786361970316182500
6593275636570451668
873624163935858010
3396907175386191038
2764296859462196043
7359521107265911617
9178077560884893666
-3486760303517867066
-1493533255454563143
-7480013969834676137
5329009987438209836
-5589740306431852544
6130555928297463072
8144928625903387487
-729144275422081553
-8468146101190820585
2653989966018135403
5366239790967250550
1398707806159158168
5489474105145897579
6884690259850879981
7955832866270086324
-1170893535606365745
137849365549388409
1176195882649563988
-5398887749359141118
8751435807831844329
-7953339332819760578
-7275670489706106222
-7406864612904958911
393823274585567279
6218124283650827186
3177010634592407333
-3423084229172094697
-6762148540716343231
9161524788361512199
-2461827419951319735
2771298016487301951
-8796265833790718974
-1833011633112406464
1243638330467708714
3670126553094905536
-2383323989535438721
5795855772708800680
-5837774614849908667
-7213290435680784248
4147308926451147389
-1112879840736015557
6639464962614822082
6121949963340176228
5642866264675623728
4870239827339280370
1026769661239338386
8010690019403199092
6805556311044204905
-2006988210986641673
3107442144215032559
-8858724315551509548
5864868161937764503
1988460636752918682
5927116873391910126
3499596132761580223
-5269958558053980852
-8337272462408469591
6731755824767977563
-1953805212581954768
2027348407244254083
5238390543670389765
4927079432467971534
4419497464461202627
-3542663992530212445
-4840073276300326402
4049408853644848597
4420110396078638157
-6047208351555794606
7353283614357354877
9149355162302065577
-3948458207150216146
4704405423094758813
5114645090319039626
5932763155271989689
2280038433610615772
5348327516696904854
7576668737960905661
9194177590892925595
-4195927693851028336
-1616528089670245074
8757393277138844799
-5551052234338093953
-3078848579905623034
6678560134175854179
3926518896885707949
5639322560575806880
-4492902000907217913
1842882804670763645
-4595118214847367021
-8853382015857913295
-8286000475465039856
6873837353617222996
-276759967157903796
4317968311980481560
7599215882553720206
-1471002940787594402
-8796990293611895319
8341147261795460974
3586192651957261273
-5872966439958426362
-3725811959796586915
3403995053824646225
7200811367800651195
273911908741077378
7150847262287182163
4065515929309663033
7406135586856849386
-5065592223131170815
6567264218422433853
3046607619454833891
-4485459360412912757
-3367216391940363317
-9083026940543102632
-1471704534114112525
-711026852437440341
-336261899799673486
-2036939787983778318
2296444953630333602
5325116628361040423
4684172799564595076
-1172909058809143754
-6588435593503731215
1496416851220267476
590341732391820188
1030139826588941409
-8516728309247833866
3103301353703506350
-1654896366670153230
2654048155472612013
-969663338615619113
-2479369868958169344
5755532979340887010
-2483312547580890792
5732475442375342398
8517253017159905493
-3887853664276064986
-1032442890267334420
3229972611816360804
-7383069926631181668
2584195685267778604
-8649764441433702749
-5834078841138820065
4001795470819769678
-5688508180887941400
-3758542393021200327
-3007667115260729229
5044889940232730626
5332069884855959462
-6428906009174310964
7335236203508186900
-2091202709557662865
-932539687869688197
-7738315628830369552
2070641920597398184
1269240506591233276
-4089749919098973138
6101654495384308791
-5852663795904528561
-3709723725780834360
-1197031452943612350
240215139120316040
8977582807623495749
3691471216757281531
-4774424092635707802
-4084175952319756802
3217913977730845298
7585425702449566217
6168837159950299154
-3871642629592841303
-2362253059756327594
991259589354562528
585539074681009266
-3166916764154836367
-6238096722959732801
305385917085089471
-4995672103760406822
4085078304152042771
3463479986720931368
3148014471676077818
1539086972422719007
-8951304547699433406
-2168542684949661229
-4367575603659798006
5231641791265197640
-6097981999386389280
2444541229388069625
1626551618111231624
-3314405979998256229
-5744266770597750414
7080688722593976573
5259951979892153750
2187250132865197891
8938606799372568232
8879111068138038945
-6298102712865256780
-2566597894006493192
8382454001449879366
272844913133796461
-3515508246079957446
-2894502367676249365
-1446786232706678224
-737013149444650631
-6396118326402223672
-6984143333674266732
3850222772994559660
-5651679539553033550
-1218672052083125115
-4661914517774563142
860269813931286568
4170092322048063518
432646033897088771
-6486788145120131634
-7243555935163213774
2464088888271597777
-1686276765463711746
7595483555991069974
-903878965337407643
2129097438088367326
1251000583001526433
3935103749541787180
-8623050949684160484
-5692959675411787191
7954875115526811100
4272255528007122610
9054165674740430614
-7917697135140387434
3513087818135897684
-3766315128880228266
-3876584749741771116
-3247789062177903738
-8623308117509249425
-7235385366700898176
4177092374090709484
7287306447348094929
4822549858186413887
7246487075697377082
1068933557293674610
330124039329883951
-5104723022683475038
1863125215569511523
-599761886454799097
5391145619168842107
-1697608794755143718
-8708110398233785761
-5729458483978352848
-1633700678231508482
8388700380814242637
3436766290327781359
-5613787964549377996
3002509905546548848
6904024586640539590
4483445542364990173
8141289515156670895
1364366490570132296
1534640891672289330
-4214747223653331938
6101909804373988971
-4626279883673810365
-4870143310423428430
-2107884082744772655
-2117418025403609515
4411135155013403359
4383039265665645814
-6078060046476015622
-3339797810206230441
4434991302586458489
-611751962139816579
3881591962515378300
-2944200374435118844
-628984522812855873
-2400783376133457471
7585371632537297881
2286536638329314557
-5464659261866584934
5854799749514782990
5730630622384285561
8995907729392003399
5573304316070967846
3772457987155313472
-717022540975620251
5515539649327142102
992192783096312165
1014293574928001064
8701559614157023189
2792932516180203557
-8446517090274466676
7511361368808188693
-3249345777619105772
-7069475783489845337
1340264845658017650
5759155766963343136
-5814793168697190087
8852140608314270011
1846875917085949268
-2062243133834388590
8486867453179714453
-3293813788619473435
-6117341770088702038
-338227845046651272
-2295580475915311946
1425446268037495892
29654323808598634
-611427005587216475
-45084170500119820
1367488285616915078
4681226869694335487
3065069097733440372
3279630547554408104
-3905566268971388036
3772080316251131862
-4069943415171749833
8745712408915549225
3137795941780502285
3457617408811158525
4093592306441503747
4475945991674567054
6781244595302718010
5436575908235601247
3797218763657016240
-3647113881770154238
-5406749503570208981
-3749182987056773363
5195507700182954878
9123761268322605768
6130672972824305035
-8905015924426556025
7953961293005487970
6094520614307018544
-7693504031214621221
-1132422589819885421
-2349637939170601952
-8449015703669132928
-2505075964714579099
2022434288197991259
5123744781182869821
-2445656621267715979
-6443041675655276027
8391572542380043618
5139378768704022069
210714833354521991
3338140400566500411
-248190629128270548
2950654107444217747
-3619662683075581288
-1713431707735531056
4335979823689774706
5280053632936945021
-3721670188491376649
-7781227545351081929
6648357186926308483
-6738897212162663165
6075022414388385559
-2500905631809387891
1622279518991854390
-7739549637895676841
3249788952743821279
2076744626768707131
1553827830919062639
-5877769868461985706
669364186435402506
75935230816768926
5477297473769838688
3046435663268688923
-1436663858106049385
4492557649909152538
5820273422267524471
2387805353086037569
7652931365748019264
4251041647284761827
9041423220754666730
-8776669990011333294
8278035115058017531
2400688065359479173
-69644534739437204
-490553536569198969
-1704718691916899495
-3681888595531895562
7724122393543570064
-6913665744746080855
-4845948896225505154
769572114115822916
-7952913493393004832
4934073794425097362
-7039816368992457813
-6144626755412732033
2287749496075028744
-1314425900056587202
7916416660445958788
-8342041444970942605
6013186615145091138
7772866822551090258
-8649378757361571615
-2058174816657235674
4767466401187649575
-3282700256591513649
5223064522947800801
4507940418680524323
-1270181830312786515
-1227087718016914254
-5958082612449686151
5519171889098632357
687055839417390538
5950199280297279155
-6339020879011957679
-5380606022742197919
-2057420874117225519
4639288461380030940
-287333362304096034
3409623425192988930
1579937785430061660
5246836294488990600
817052427932056987
4612414531618771271
1760118676996028948
1897492613626133986
689494429144571784
5346634774167880911
-4787701197434328916
-932356281603129995
-4552364190125935838
6880510493233162307
-8000953195763140762
2404624760417614363
-8923344723498848823
-3429635987395715952
-2165410945189771268
-6418142085782808173
1611891481756818162
4329848636206824723
-5366328376772464525
1902557253679027530
-4288177812417366863
-8396659055528213337
5343202194683873961
3764498799735859958
3709945559909781154
-6842426657265191545
5296508308399839671
-8397590105489620668
7981494095495087396
-6413633908980183069
-2453664509354968178
-936299447581644661
-5221549220735529407
6397467364623287100
-7335541365323987458
6696298514571895497
826111920427693242
-5128653954585795929
4128001243352318990
352735379570134242
-1948485016177345757
765233960636748810
1970897542156068413
-6071176407861288217
-8830548064883292465
-3807256888789241184
-1477899039066408523
-5053857154692146206
5990300835716057550
3549098207976847751
4383210187251588370
3464615856506788509
-5531425287414943963
6108184806807837451
-2823350326100069025
-4538086781341697462
-246074294072909395
8561673844360902649
-5278623995852363195
4841124135971912671
5975255534766052481
-1233959508523044368
7566159704401262568
-6122978412656221311
8238545399210481153
561024371625325341
1264548433079064012
3177534482201900653
-7757284047117036722
570954100075235407
5458486547424427863
-1088738937932507975
-4016058569578008721
-3161078850115548201
-8017324973926104137
4914599675601847115
-7637595594214859064
4955966325359777370
713972998068525522
-7348442718186990097
-7194232273206174636
-2674846692928557593
1708858904039914474
-6278946266973498857
-3204980800698000780
-9197384398511217824
-4852327390400150865
1407590210182038917
-8783411028355704756
9201725278477200190
3771506846642561765
-2470646228147245635
-4820709376845371042
1248339593526756420
-2969160576250097912
-2688584391230207514
-2654649756063482474
348821566772945368
2715140490726639664
1418723191329749426
4455433181683571032
6837296749083557782
-1489866812031818714
-7358284327976019362
-1696644082677224512
-636440700081459152
7281365737442326132
-6083559493392056656
-2746142250892368533
2680900411664293735
-7885834441190643960
1812879971310969920
6332380107852260804
-3548749976518848970
-5952893625890623505
4741514118442359520
-7735984488862435484
-7189546796303442063
4369298237835352637
-3801473111524085263
-2412225691577065294
-3913680137216760667
-8744864002272818264
7836332713367806552
-4837790183219752898
-3498863593110428798
3077065646701465425
-7166390213143994456
-5081886874165825662
-3951992456629071278
1078527434651574737
-3620578909936751918
-8210797488140075649
-7581796731715820220
4312564020113856435
4960453096269778742
7823658350659443833
144697377366682116
-6192743222976658355
5396784104349499701
7320527437540328456
2309143417033014756
3827486933936533607
-2321777707454328261
-2685525810199994307
594098273375653771
-7577237268598772343
-3753352816405560549
2933811838961617819
-6097178541946753597
722077606294959702
1636328975998760704
-7759629768515609286
-2254069076761345097
2556295150696518764
2515660385499028621
-2016615691952343083
-4086595107793997882
7237519056574070605
2629654446721168369
3019380273906421346
4611970811156490622
-1541127495358086573
-2773733134816027286
-5758732777413156749
-3894781875816928246
7330181711930333481
7042119045210251092
-3122014950351646112
4988226426905422004
7234648389026133743
4743560029588125442
-572738347035516964
-3972076421839517701
4078092128524321289
8176609874278205080
4393052361891665420
-2376036496951220597
-4525828430050878747
1162483819250350647
-4408573880945943124
46266117608109439
-5741247718621724060
-6021285872412834261
8932087319670604409
-4736859695954264367
-5283262750983006501
-2002718553317809271
4423730743215476955
-7145999352895307057
795224802228236671
351034532970346038
7463567718755489320
-4966426703181749796
-6254722753834957180
9082749583361678400
5071914130611232456
7409229733351894508
-4547583728412656850
1162077349443862956
-5417190274670033606
-5412248551731174277
6324694583186582368
3188397758851398875
3952385554012603222
5526199560485359039
-8981161440400513541
-3603750374427980108
2034382687319572159
-3441465649225112893
-5860221044510912391
-4712290100550024063
-1436846015523083116
6409762153547018198
-1880795890940665755
-345318994628210968
-6009843398368724507
6442702950364125813
-8753563830780832029
5481496355199992855
5104609717146489077
3263626305095577978
-8015425376319156971
-5803832124302390467
-1193093215252633192
-261536159513780444
7653293848244467158
3973563511562373738
3576938839902393341
5993169593145188917
797729395460012924
-8304391074235896101
-8868230274258228397
-3718625645262452801
-9130156788509352182
1197214149656037399
145133334291458831
3449392916003803508
-8536685680644041386
6417224181998553398
-20114079801244865
-4821928142297457081
5212727327247068001
3785548397451097317
-7029904254074568753
-3700529787168415315
6357832379876564403
1950639348338668088
1896187214908409814
-7342873587015295811
-4839278366966583046
4284541340331858088
4476013395648238040
-8677294149706030579
-5137478468296799485
-6794522346978265838
-3782314906445344995
-692011273026558448
-5032692546473715649
4121905135109339437
2585316512471713936
-4235716968165823592
-4974761112410235362
3812977814425752941
2128924068288078037
1912285557196292332
1855612972526636019
-4632035507954031886
3831639314730427018
7532078127420546007
8065419438641259379
1409427090909501398
-5756920221526820667
7689860144496565335
3769159453272762942
474721616487692250
-3082916029005266750
8247038858453729
6672295104610316626
6752229256997073371
3080358110743547485
1002134870817852772
-6849964563965221119
-7014868827921322018
3043662060142136680
-2209962730259194588
7649368167693091682
8486617389522785033
7318886688000069658
1913874816790043099
-8015891254325292804
4900718370655201727
1264850126732516339
8795992224048534840
2878891983282113179
5492076750921182203
5490481188135457126
7418860266420970060
3500641272683015080
2608792391287660667
-375032677028830356
9097664089933670845
8468012402795800301
1142284868000075551
4118611877148310977
4608565569814088218
820278131114478481
1802758430087989826
-1820982475656523122
-6384522976549278327
-8550597529390484280
-3920765326681648253
-4040985904753109156
4482522984192715167
5909832243709561173
6367289940323400249
4942755184946754239
-1440768229044657573
3196885768142020312
391381617112153862
5007498012272862949
5194229903495363110
-7532051584211399185
7800143017964198007
-1149936201636049291
-3215856518723074929
-5383739095048659768
-5701469238746369523
-636091849396850231
-8982345270294431801
2636633007740118641
-922511009205976464
-782870623705244824
-669701745729727939
5039284785656991432
5410231769414426123
2772314467045015579
-7531860538851225972
-6902259803452892744
-5843114269395892053
-4761967632516552872
5123138979818043611
-7488726473650601185
-387942399315286318
6683659123126210215
1724961390684187237
2905405225570866799
817887122667305449
8427135925588947688
154141927952979688
-3735423626592752259
-5578061289843631897
-4227980895432245600
-7542712049469837968
5904795705741888378
6702271641327551193
-3484181527171530035
-2659644917303000135
-2307519946630587513
-8349946892270867527
7124159737495569939
-1076152799437018583
-7381862729045364510
5483368447637134975
2749136661696487825
-1375632644702609482
7361749456940346362
5220531520676063768
-2584189175876600130
3064109189773548482
-4318954699429269672
-3370126157863473165
-16055921556299238
8896919248958523733
6227755553138775244
-1255443642661827249
-5486931400100489441
-5196363345815908053
5372189030397413795
-974486323014741105
6922708464366038224
-6765090695520089420
1870081177243389272
4670582593721810532
-5078147126529324183
-2471640388436593623
5148855768725005942
-3779879258405209042
48616846831445307
6777991431498283368
-5549061857145538815
-7085223617134944271
4174936350090335553
5931235944934640201
-1298799538258983763
8613355747560645705
-5044552599777886728
6346445419266292667
-8691173806412020836
-8100493458464318713
3373251095389131398
8621368486622913073
-4047128793545596964
-3512684437139448750
-4066241668296733567
4787205719430887562
2718058552762164898
6948135791427083443
7199314914826968079
-1312064609548468648
5157849491016024808
3262858324236238357
5207112412901975430
3225714131040809597
6329106053376368943
8327957379390929567
4850220927701054503
-8023003416636524978
-2896673532093211246
7688162509923862707
4060368538327778811
5862934244931616253
1907637039266120201
7461431691667427155
5309086130380046552
-1329593598064605849
7017217159918846830
3378087453459429765
-3225858638749143506
8352292825880101163
-2117983330198084045
3089647349169535852
1083645737771810255
-578009528350134506
8043227618694803620
4660194795919930044
-891447999426203383
8588404186306593407
3900887875279296424
8251574761988451063
4879057777839543890
-7455958247933018981
4748364644454011962
-944102949504311359
-6069925835485960052
-4669465082813157009
-4476841246884362613
4409065739131880726
-6476962610751839924
-741946259584381506
1715459696499069356
-2096498137365671151
2961730255897820356
7230663458850952376
4498972735486980450
2631199058171165296
1112823022301040396
1767305421191504351
-2316098956700407297
-2013924617808014255
6378246645112773045
-5423698101438890880
5448619776227618959
2334930975461067299
-714128269833752626
-6627541532844987908
-992172946504703605
8654771113234607375
-999587429960286941
-162006272758464999
518462198104521269
7007688051228336942
-5188103631965372917
8008784643657972994
4934871175390828461
-7411316771759060072
-6954656552503536310
940591429489573837
7043168322198923980
-8762568780597758048
-1282671900398140620
8625243078735605891
4128824012658840368
8686057718901425459
585471690051083692
-6483395545139197722
-5871390172515303866
3831609456071374718
3920519713145728137
6358521281742130836
8109206398734229955
3387037090315794652
3163696701311785610
6044461719432876404
975497073941170858
-5535649249040322140
9006395507520177299
-8657634335737004435
-697291579385419681
-5168583479935818338
-7594684505340389819
3853028433587714774
7146930288113587459
4375584830220787579
-864516281864600402
-2447927028486918709
-4335091845670118723
3251233854018579796
-1257848096034900025
1391042505739805022
7158590924397849805
-1751094810368266525
-3499800846448391808
4701451070334377638
-6271486619068557682
-4468643672001000849
-5107973127686358543
6553730310000011965
7126622611123019519
-5366768465209013691
-7870870041483674044
3887523103169910462
-4531029792495264362
-8974006258969885385
8083349470776556568
-1176534338339388400
9156568071770333762
-5966247745375816397
7354848445527344757
6160355779156572950
6755452108180091064
4926487201057212671
5149472546270273319
6182159488806786271
-6410737502920715567
-2424829437713679181
-2536337067422394722
5535140013898075687
-816175925373083610
-6744461508818020465
-6619975065998157782
-1908039316701603110
7376291879200208509
2150921978809818981
7103638274160846287
8918372536645930524
-8265620119291184530
-4032608214837773030
-3085103083375755835
-1091708351770217870
-835963141556250283
-2032783400103886609
371588011944944797
-2832450355233429633
-8860450168691092965
4066242247933598970
-6545436748477670407
4370227144620881761
-6219809338735561686
5227072215214935673
3651379021754645402
7062570198384917362
5595330408439195294
2753377957294020315
-7332918469487285957
7989453286915056549
7590420765025459478
1463620096790834317
4165771755487216920
432141058166975979
2584437395824940586
8281220790932440936
-2664805584905913920
6240973798877053122
1395727793742682177
-3475684379216835434
508849517043747507
7093217321360596924
6979228732209508584
-4852543698479559968
-283764443680151583
7497285528463954298
1993236144114958785
5189578526491895291
3663581871841391615
6466033165842917213
-7144346391720122445
5050505070208683390
7041338530872943223
5829907733703879855
-1195703059848464803
-5060922219907383337
-6153468794052974299
-3730662579136601596
3295058209459935514
8896691202747913962
6920436655420343123
-4433136607273023326
-244171931966056372
6019335406101405111
-8962909926209803297
4563094765647214406
-5805626643586636450
-7089687150737784591
2461932558884229368
1013972908885207824
1722169064827473857
5658350909726451282
-5244056886000849378
-5287184761972070337
-3831252143627712978
-4821656441951322315
-3443367915153441699
-4174590187737082326
5430036784039168287
3299212625491399757
7272525800315954045
7135366098624897371
227145760326021962
8310306657183940327
-8926713222090283392
7432733338817921922
8529333049828102817
2353463932533942996
-3919188889968179413
3853218420239831137
-1145685909257784104
3841169172355625105
-1837970704792894844
-9002108979741439971
3458247386414457240
-8667801371132938836
1218101464785082872
-2202799706539837844
-6469957592298591045
-8223747777746846141
1289717748042963109
2715270918880345307
6890012533361565122
-346355447369229720
-943722996512972347
6739385475675119576
1582488476440535161
7944902944927642882
-4401344559176421380
-3993810873741577888
524536533260968971
3233982784698584003
7094019335466672309
-6449289359150350924
-6886418039030001634
5051356051766503015
-8434004115667648169
8952896344482513878
-5124629457394295747
-699665351202328025
1573972726529949801
-5216113415424419843
-8431320954608891054
-3549400426301574810
8704840737184073806
6210904970301286630
-7371740880881673526
7542692261350274753
-4134123136204763775
-8799472630792089283
-3215345879272226152
-6393018481845966349
-3827828082079250194
2306850863420105613
2094500216624154112
-1779649278285407113
6444544191286101697
-5302380057536023907
3606660515124488682
4890625541001378986
5372340748686581784
4377857747395318578
5861665023464944257
-1072423733978948579
-6148715756973109052
-3292949204937053832
-4434936164736163258
5126854665706192199
5254684394108338995
8380536059047254193
6298897613043057291
-7342387586028573084
-1312266616639803503
-5317794412524300382
2505563400647966935
1826918645347644105
-5745560764353221063
-3074696910393878895
-8407148069399636533
-4663646221935477072
-6525182757528927820
-2438295564457657964
-5548698415405747670
3306651344907070646
-7054726190397309121
4192836987590954080
463488906714356796
337627103337926634
3384298685507353242
-2494852696654666125
-1471721198295487533
-7162403830084455572
-1896282040302957899
-5615108078482133261
6358965106847212834
-1932579363839480366
4523786327368799579
-3030392076927111853
5033689973566001433
-5432003054752443397
-2217176060390936642
-1711150903912814394
6479303327377542816
5849903485589203012
-6032952265506519792
-5775006274274488471
6040121047453693872
-4854815654209478807
-2148535370294683941
-8871504377771313812
2549226421720117296
5232830944837169866
-1618893493433708704
8642989042464522206
-8844359568779420201
-2418975223752502017
2493188882637682849
-980549966850838958
1896396724066254721
-98914672491167167
1602337590602707835
2382788528767412184
2666686985466792875
-4603376244257209048
-2599157855817311616
-4597786438986188397
2653415567662246225
1622494814716784419
3238109609021200208
-2146772958623507969
157593159580772571
-8509782426691063884
-344145996039634431
-4213192735262591593
4231171007436936492
-1489398883431953205
-5058605271030057343
-7613816598855529195
-6156132413613876675
-1211575236716388390
3726323226118000280
2360873560297126567
-7872606676561206097
7090049400480409439
2934832691332954911
-1380192647175550747
8824748613483565829
6295195339589194940
74789648914446610
853601593120800465
-2881811083264521296
380775429380996496
43392450083580961
2815609699273215808
-4400371962052327131
-8657416764598052395
3167308168914351566
-3117824367685577184
1299536414773946138
-2965427524474297177
-4814567678880148045
-8208132103770264765
6064503763088310751
-2523181761060781079
3641495356675698320
4611422120549862265
7714993522882557488
7508155293494006355
-1011621249472182741
7873557614927766781
-7270800975285375704
2264515147919354803
-1271946807245739167
5851999029598533937
-4320801410027913163
2832816443601177001
-6654999528373552078
504790705139703149
-4407046271609345789
1350228236250708350
-5655661782949187884
-2170189857624710346
-7849484242812482217
5763670625841480580
3735172471443887247
8235281653119052240
-7263760611203122168
8287919569259088587
6235347096570215542
-4637672885269943274
5771262431815394114
-4604924112274718775
9187769111660677694
7380147194968645073
-5868805772394915571
-8431640637772109880
481957527525193719
-4365150097824967611
1118033655779144503
494170500516119690
-858189404798582902
2212415742315193319
121889152338388109
2690587939626800329
423037987380503831
5436517807020084763
-6749347027923797235
157425250962136387
-5300555740005205256
-5676214469840362141
-2677262008550869418
2419987422676379196
5516363207568542817
2570360573656348995
-2300402610625967822
-9168764699030826077
-5203863484703741380
-2054207645500591977
-3553585415105425051
-5549348554228760259
8325088536342726961
4349825468301554609
3787916958917380791
140332375412049929
5248848807341585476
-1763776470220829029
-5113561256491181512
1068508051048419125
-4599919769561752890
4979838565138462959
-4301892480069159267
652589690071024452
7960152034076203251
-6332165998022822180
-7509888959646008778
3222204164244487075
-8660887866067275284
7422619181229022769
-4109522490330271864
8662108321460530164
-2765230860344834341
-6494248927906043939
6153226850079625449
-3618909633103037048
-8753051634064408886
561975964257847015
663007733577030286
1067790540109804959
680447198921362922
-988595076390817810
2567850003948003782
5309517519152663527
1918814278964360618
6865789654586122266
7417442210587824110
8773665342833363396
-6692961510346228161
-7589060027025556039
303760309568256211
2373610288358368564
-3276354472113850630
1074662884959418641
5639312937637950325
7502628980581284187
-4725564933455856153
7087638393199715764
902060109253254832
7931548989772833215
-2290947809879453240
-8838617273590110804
-8111815381728281876
8373785172436577585
8953046020428757861
8262461266034654583
6493318895784598817
-5920003048814057876
7587146408688258730
-3503228767137921585
1317211331091772348
-7867597374807169545
1185438087335249679
961508818414072313
-3028675769515680719
4514895886232845370
-4001124713365428387
3214945960099605524
7384710341391952453
5806570008035617519
-5754748150093755592
-1014568799810926579
-2246637125620779594
-8148828775082171379
1468327145458682800
6248858510548830722
3460105030656996933
-8082896890317662098
5399400242929643410
-52518966883996691
-4117005192313659273
-1881772795394086529
-4074045443893599832
4022307635521069378
-1534177545715119063
6825627317381513169
-8203878002194877104
823585368107586535
7511812530199910048
7516794787444391399
-5763689036530971742
-1051434063285906793
-2877325863612275986
-8416092162628917838
1791497435440599820
-3357735375959388499
-4216944356667667498
7914016212246640419
-1594936491219516186
-5986703831978890657
4380911444816025599
2155723080651186
6731495331648362393
-6255762504392712428
24032639468732401
1674786955928873854
-3265553855474920309
1263328310615208498
-8414029289191910235
-4693505483338561032
5658482122779238233
42776086680718651
-6310216346789543679
9212409251159350265
3698686869197343500
-4082890310279272779
-1932249213251763743
-472879695200734927
749513834131984006
-5267084593765328824
-7160654319716574781
1624613231825657283
-7184509047300180255
357477153480827292
-5568225695620841985
1338159588581557710
1527160356570894708
5096152182477863930
2227580220889655632
-2988097649574514971
1333492175481372498
6393021707911464570
-1242347413195545355
4952472808862932830
-3551913902419390934
-7532855582090330255
-6668421049876442836
-8071334681059525645
1839443899656002955
4225665521809172977
-4882850818682051507
-1326029115230394885
-4002358250710013546
4226764926729051477
5534182271527874357
7397248480087017079
2287712066923870652
-7601279845907674638
3194939752522482487
7059720288340939735
2239954487635343008
159286913680647282
1532789434372424916
8599856943110766035
8181386853175466148
2140858713233910996
6026289064294627235
6226468285297119156
-497162648094577773
-1171863322072095394
-9096378180099770266
-7065118522128965990
-4306703480681500580
-3331054085674981543
7458122452086833727
-6248159769185324508
7841425528730951131
-5720883292587447982
1841534033873852340
6079689884645473535
-6998367220007979572
7336960693185796362
-7475351129499205342
8016347590924094408
1333797702075328558
-1593728858596624059
-8886825271937915857
-6814884692625540406
5935175718491194484
-5556100169705770586
-1362108153913792735
-4179899078172507558
2477690543788818365
3251448665126583342
-1387623117513324320
2435450782877696756
-8627048880983165169
-5733407992920558366
-6921055894085755871
-2362783934004440119
-5306588649480816371
1763154778385257581
-2320497099754288635
-6137218893275908894
8313358860206636012
-1338225490449938468
1868808186103691072
-2095329141731715958
4438496097452223804
-4005388412675747047
5773362056947013462
-1202762543218065161
5104567146373823517
8438656685729025911
2606417168345864098
5017768026786178464
-7886008506727330317
2373135660736674142
-8827774403618639360
-1535134441579144574
-5370103400161126578
3447907262624781992
-720774077488856844
-4728899322133635870
-8910830535147580774
3206571130044400834
6301404564951419879
9003835447768850548
5961489064813598440
6993518165913632792
4120057196565214862
-5601394029783217071
-2953009829589968743
37399140686304780
-5155182992340714435
-3256825385230933149
2037078289374049971
4871955978476116761
1559424484323975094
7158728003014475358
6888670415140839333
8374207588217213459
-7929754566231939137
5936143563132788692
-8847713763154291708
1062452512330902899
-1592418374675778910
1645521938755581955
-2307786655760860286
-4530250636489697324
-4982885044648156993
6172372189342118961
3190197882919869583
-4576430067556417091
-6374832053845813663
5810814018854520152
-1720907575551513376
9117601338008731015
-5003559793716742562
-6642915134775840883
-165716817774120690
3225167764747141778
-1043461726994992398
-6961368112693889528
-8601852528726840012
-260286113192812877
6353893892737049125
2704989757605204264
-5716100325698776050
3274214587582504129
-2452134669591857450
2655362247837702565
5566787790133979042
5121095307006126129
8584006998733047402
-8894826831973757939
-3169562868241417713
-2030732092074408641
2902085453321976212
-2546347780666505641
-6930540971023918251
4855113977325358252
6518168612349087512
2212374433111291806
3682578470064283664
-3308761232034124758
-5296356512069182776
4170989463509063637
3116074813009274739
-493565990915158418
7640790881326056263
8310005171069937606
-6731346156242205566
-8519096212087991761
7118085880192245573
1169231275215634383
8646454783273769753
6019261598209786010
4054102441153962972
-5592571082329938549
-7101297626551211123
-458734801753440990
7680850779020163509
4440257504379225944
-7174320799339140426
-3497691944119341478
3617943531185009900
-2460036619874447056
8784716761766436566
5100927255414494259
-6188060674970819624
-2008314608789802414
-2695958249896580839
-3819545031252302885
-5588332064758242631
-3579705970185769610
-7032224230231244571
3723630871126265623
7522566203019355417
6176377270230847448
-1192412094497950047
-304519845047848157
5085960106733561600
-6032424074024316709
5033593038565283984
4977325651860467983
-6090162849096094011
-5296921030933122863
2087806713685683430
-8555225665446566052
4886635898020142699
-8721759501842684401
6379717665869925219
-8996473785352448957
6061924627870268884
6617862492777645484
-219221320842810643
-2035369216426056402
-2421520195826813121
5442153243022466939
-5443949388951833755
-3418705790274974967
4238618669267917659
-3463809961784680712
969377125665735716
2093606236781154575
2999591081525606966
-4444357207143559416
-7386053140460927498
-4123706042003684331
-946624894202329732
-1497251408145257477
-468160523043406448
8841611392471648598
5290158900363594074
-9155319474761861394
-4322657207642821300
-2175911367599910655
103719421106093491
1004443560892335336
-3499452463909544765
-7266601710095441825
-4863592281368211973
7587036917420995119
-8912983197310035228
1813404048306661317
-7323475340554975173
-6103827659921456853
-7551559815959131918
-6915018240971227266
7715037303294258340
4678689765441632884
-6387428451724301844
-5969794628805332432
6110338439392271141
-6988787675327280749
-3266607346557634957
-7137355364075144953
-8395503652805691291
-6623697787933141918
1389699934102456578
-4941917985382865523
3460340672693201192
6868255393766398525
426348165232459240
-8002927379821030874
-926394337841657656
-8809745631651291945
-8209499546962705780
1932350039483239727
-4006631540657060259
5695338138671973313
-1836635936514973397
4057044738837387819
-3561416153843097690
-838306399535325039
8751708727223327312
-1900207725451111049
-967438579980547683
-5078072634966515541
9168332538247599500
-6018999751599509676
-6742998395388732726
7935027341265994239
475213346801607083
3577922089493166280
6400796076861373215
3350257027543633674
8309996879772413244
4377297534797628306
-8383926760103432959
-2920045844863391873
4917466721984729168
7615231088033839218
6363379081663748662
-8018475402793438777
1096791711603529983
-394391757767974522
-7030830273689679835
-8819465106297039293
-527483378341203368
-5507484353859889376
7700947989241349539
-111089757403704995
-949406368643625211
3762977110988383257
446121330684584335
-5813119902816179528
-849718289729636385
5541215409590005766
-555829344980786783
2845047222270796012
2936513929962797252
7874377315283804611
5538209898022817654
-1769965806016681698
1317071052500769715
-4349944269611846789
-3852299634351855840
-5301792953670079392
5570668041596296722
8128480030756924488
3741906976737192374
6158357891246113305
-8891888473675283825
4690195467279136755
-2993443816199287366
-1345347405660755352
2001529127436204302
6906016182723627037
1242884480459427133
-7405692101535325945
-8258476820373550561
-8605207827977654800
8799308949684257893
-3740046707000065797
-989251976233535589
1092525962467912195
6964304772345876490
2034432363702677264
-1258496844784968207
6384273121038251777
-4101257057228300014
7124254438352230615
1192657832416377939
64480524159297687
5929778345866280287
5797759689342687049
-7769158747438570655
1105605538120890645
-4072152883847813725
5164543959790139751
-5189626902808189000
-6113469673326369677
1891850435911967973
1299646485195572607
-2955636036336645913
-7472250779499260070
-6430213621715577563
-7338544984254619241
3696664128733038627
27234436292177549
4787343215243259360
-3918046449057074400
-6249204947289836496
-7057853776185985928
-2060704319222757951
-8799532452853637940
-8506570445608126838
-6039508646309427497
7234616339564678599
8643019006851345371
5748074221923906305
1361780633223661202
6547495737381643372
-3717068397838946112
1441805296654777935
-7704609995776651590
-3872553402326507002
-1720289695040703647
-5977260808750285975
-6974915921947845115
-8558636389404308800
-5603455378459354522
-7154323853898943163
1440041040421435668
-6368013174483533072
-7059985359467031266
3358836916176108077
7252244779993267454
8057249296607827873
3941485886300891169
5947483161527642953
-8316399776848328028
-8678766917139780329
1621985134289474396
491586965823655753
-7073155844161059287
-7205146855245143370
-2091242995574955865
-8087873076790834753
-6952782687359866194
-6479024509712667325
-5557181369763615091
5463714691831268575
-9055394326806154289
7732922557520029657
-8983363310002957012
-7748116723865716955
6836013483719873029
368356734266526495
6689348181223436655
1681750628637923678
-7195427470502997341
7177840298291487775
-820791904717400259
5696635753909645495
-3082417383273399401
-31090158225773510
805305344785827739
-8910779255630957613
2970969912583397570
4220244554104770775
-2222791598584532374
476422497422493806
351615124474026550
571145633842241952
2219879078523796886
-4440542209231504452
-7535582129367147518
5707588186110091229
2043333093903646242
-1771047143431353429
7875202308922730630
2307835225136650475
-3024152871556965675
-7875685289931967617
1258588971884152415
6852193984517978116
-2274651942491279722
1830290279325504847
5411182487917367072
-2929259953568144965
7881162544521890304
1495526080514001894
-7848898778010795792
-7636609142893578118
4630654725407959970
-8904686296851889414
-8243427034561645546
8932169394704451539
1361291245771619879
7382617294051418859
-154428134533577676
-5584391335884048930
3252169333029992901
3724500924470781620
-7638184354755480111
4575501128852578402
3763994216927882943
4636542822629005609
-4740596406245968991
-4068901212683360676
-1795908522303162058
-5943264129238996300
2831824492577092022
-2333712122684849752
8361868360229859504
-7342448714861118381
-2662576364081221634
-7278414790114096508
2528849590452813551
317128843974160096
4706485099131450993
-2775879863861229635
7366066286095438225
-7193922651906262770
7267645564521120396
-6996523833543960597
-7612835521454735474
-8525697912594358225
4237639233050804975
-3764812656763122433
-2879887328284204480
-7070856447136027690
8058527832725480806
3114898926564702894
-424671664362738639
-4960496170992001487
-1007288339096096192
-7725808566696055808
6677607224367240285
7004786435715075651
5731415208705572628
1523968451089207630
3425806765157121124
5251341837866126508
7031086250902978451
671848612831775510
-7912167482544401028
7302637932398144772
-8596190289108328122
7546583217545350985
-375976811399959273
-4687932279290018597
-1771209621788455667
8237138522347548145
-3852593390927520199
4051607625589463813
6436315085947770334
-1573482309612845761
-8680833639891958264
8645927336588518850
-3783294529532915455
2787136963969042572
1953660907961938742
-3508408298293827664
-8648088613006029377
-7581387402632221446
1312086954987897659
-2530794117634196415
1288104165393376237
1474656966857700177
-8110135522346711794
-5175135954897474898
-5612204840673240604
-167812747454719300
4477134158230764533
-6884137760544046187
5358296010050192377
2223338574014080350
-7490157619893504341
-2237189444452693521
462958622046458178
4531478769235769670
7980814542804260628
4233822278144674104
6841685615715757379
-4986501901257166683
3964779146162398049
-3520840958416523101
-5161108936529139953
7600149523616269636
5955048768826613231
-1300058529831963164
509009336196034836
2271019753446454751
-4738237878326337637
-568134598432606999
6271078254917166975
-6217043388911419506
6656818079685003027
2402593535626203803
2476021666777199394
-5800362578250517479
-7869760853423149633
6991543536255939621
4178827347714989550
-8555687265615200430
-1958808036020131331
5072054105489260062
-5297941662413300268
7052514919357555768
6254922549943853092
8285628701278660380
-7328081188150091075
-8429634840677219347
2001814126933172672
-701666663578273422
-3355276965497841689
3491305538731477934
-1563004345510454819
-5938457016421048744
-6942240410844268885
3659770950534118191
1118554004760166303
-3977576166621988037
-275061833527218084
-4682239672931882034
-4046083531062272001
2903237143759066397
6577806507629371004
7185404946709640705
-8216306729541252262
-4731468071131019891
-7032825373677031069
-7589663768967837106
-7504206568189038686
-3834613071480818040
3102616414036272005
385009673898090612
5266050276857943817
-8899165222022504908
-635377750684946908
-927764878741082985
-7594441519221387385
8228978670647509216
-1763497164659565547
-2595590739136224680
-4711668916667759987
-7422485512849504238
-7586151861312698077
6235729898945350066
-8736144821736505763
6647837213772128982
-2091958742210266047
-5096115049540042485
-5925348704763075584
-3613071017262268819
1781708477217263990
2449978128600190685
-8677046202852292446
-8170021665798575295
5513493882858851111
-6012074019459363992
4989731130782984655
7633997121575846900
-1254695106421337616
-7684254793836533037
-5565019790105637817
405591944087005306
-5726778980009193788
-7888202535537763167
-1968878134188608306
-8989744319761129954
-4570595438342874662
-6913732398256241486
-8482435659331131714
8555449819116192694
8251359547016797269
2528327196156110001
3052057239083769663
-9082371416478240269
-1025361688128120183
3279596005622761939
-2542372768813225396
1797075887947611895
4876554529291847123
4519719733381873008
8191835238224828701
7353722843242096148
-5576785232166751584
1253553269583147240
5335172712112527058
8627176698332515831
-5700693606714797057
665948194629666579
1015528453460216394
-5493745737872624662
1024448319292568316
-4518872524559145899
8160072221591068291
7354960224459489638
-7471270021989813320
4476420061440093211
1124010321028731190
-1712998408351871980
4730749871806326261
894546781182795683
-1470765788795878820
-1396091016955139066
2886668743829418744
-8251035571868246347
-4481096571627830563
5575389413742551343
-6885665594610161607
-6083866287820416383
1531944699900634391
-5972969767983672519
664824867488902093
-23939703314282669
1521879311310520678
5193149195203750749
307883856636914631
6638083899853867845
3160276005772971877
3735074545557329002
1885429451485390449
416817887514985387
-1476086501905346137
-8218410999383663569
-5273554937405836430
-7238815456892950103
-4231187581879259397
-245055913009036786
-9154045649968848215
-3848058309700231313
3431686178262490323
2375888471695728791
422311456576932482
-7396684908173673699
-7215849804262284375
-9152560358040595166
1746538433622573337
Matrix_0 shares[1]:
-4121947961027926061
-2729906525621796238
-5183473574963256020
-3961490182972646459
-8528751802117339952
-3393241466767432029
2098663992373350203
4904195441871587205
-9222622240582373851
-8837533598792452476
-2653840398018102539
9082339616516143913
8522320773955209125
1356640169211265015
5253416007474364473
8536052519440124233
5476658954287964822
-598269876487265271
2429692248859463751
-7123965336193133675
7699094741384710911
-146729133781847479
-3428977053426466123
211632050294491457
-5859321908688627176
8179629382545917880
-8155636492721504325
5873012251717128392
6432294649326027485
-5208792115095217816
180441336605357824
8752003362439821225
-6054170032824235706
-1987964754562701441
750960687666087970
2439547129035095183
6165520244516454263
1560791251253218763
-1769940205411969792
-4529561487058707497
3399640747193491650
2789946467006685290
-1121357070590008109
-5920528998752919028
-8912225118377129993
-7678582898783121559
2136111406842423452
2351253418151978391
4739204735178060968
-8510077713186651824
-5383042071840774480
-2432666832463640932
-1154414243581019962
6557158000378981605
-1941548215950513274
374691563814854048
-5585977068271828983
123949124897032718
-6822884748224930852
5807132779560003411
-1872502007696571045
-7453394485314007899
5154576797246691355
47411418111790652
152345656157343914
2194096168822008747
6597526650178180742
-2440237356477482123
-4672555489963298954
-5669530790092836441
7443671912595854875
-4562999522826271976
-4115414035757582039
-2342592491836036966
496646107780147492
765110568466319886
-3010249196276007850
1595107192091898807
3379758749314689040
-6612185760571015112
-3875374337044439316
-1288175057342041750
934775634913514664
3211135856928972322
-534230704874386198
-3652960423378657443
3181510585647098341
5496021852947045672
2534931293369534827
8323377772940394524
-1903962645158695070
6654560185248231258
-7803036082993779321
-2261098648652659514
8941609456421428411
-2423033700187288925
3989125731939700354
-1798155012197859184
-2308945397506872587
-3457834666346625251
3845799804333719160
-1840054534395477004
4397616078881539704
7745749971995578399
4028785682103140093
2331080757534095220
5774846974691959660
-8637385664952015308
6782801203537484344
-9097171015787653959
-2801697178886688820
-9140125794036999962
1219262700006204780
-1630434470676440762
5765073932764039678
62526426851754474
5481394961778652223
-3138790350864854598
-1259970761220542279
-7413852238334939057
-7767876506316054882
8386001189122173765
-3663864118684081846
3106963920913727958
-8153964105213771705
-3033108570901272430
6835191734572473724
8118799855240135078
-527806181168638378
-3074600769179251307
6128541604868409927
4665847807255871021
2150494295971976691
1685046028240034861
-5156300955648405900
-3502872817890996381
-927189637951784021
-823839419958463934
-8717627343600171565
6527130630900168462
-5503979222244910215
302747950180300093
-7202161838637987534
-264883881922653614
181759818496983658
-6754381012083111990
-4809828413704531739
6847848162169474325
-2387210649888290966
8059279284331667303
-8449128631762219511
2066458679650498691
5417093815494916695
3997762804632206067
3610830038914858831
4816855624792413530
-5353252520518112600
3142137609657021911
-5879281110645884123
-4910797555766496441
8135456799973375038
3054423052165987689
8865369999376852119
344255248949248204
-5108174016356791521
6678650377934503859
2322549077140580374
-1558875959591532946
2425893713659200274
-3876635898480059435
-9162474869958419047
5283028077889062572
-6436034549963745777
5137709166257234850
-8772397623945384183
4525493229966465076
-4274438720967011663
5435265839412624708
8535119022355166651
5343330318919474216
-3659609049809825153
-7416691356461744264
-2976998201570903624
-646464005819313756
-7707117467811564583
-70506663263876441
2304414468026243468
-3542532431906082081
-8514664939821300619
8454726723148406715
6299891245342323760
343410552560871679
-6005727911519464028
4998687832912840971
-4505140209389457174
2294079052198953370
-4383802425444893396
7337664692169299896
2046412377837754681
-2809592201652022685
1160311318410979258
2204871980731127143
791886074124698984
-1265990167218660794
-4593516491985733055
-5069948328905781299
2118712469246734535
6631732409444258438
2824662692120004775
6466174576239751968
842448410347015495
-3927969969001628490
6021485978744099374
-3479392083606038257
-2877433023423652500
1927130245311506469
-6602297082727144272
-8661778014142048696
5721818524072850792
9202154076988852590
-2340094866811410509
5157964103237202412
7835055957673130232
-538761226037719552
8364005238284445028
-1391688648586725858
-903892001129495191
1172724202201475585
-1646146578155194336
-995938218255129143
-7223004726885499294
-258669282412557948
5313651442798153471
5021578063897994890
-370429433530186532
-7591356983325481019
160360283402102177
2363655665724406259
-2007634681270281547
8113836548008398653
2801733486887859089
594716699952418065
-8865908565577738587
-3670871650415494484
274652470429201713
-8623094176590042350
-2683533740317671105
6630247495201126631
917879393213522995
4099117924030620963
-4609944980437645023
-8876615120320662906
4823473832094911382
8167800086740443301
-1536126989452751942
8142608923999645199
-4594727284787368425
-2889074695721873567
-7287108517511653512
-375775031401582563
-2542131357817340977
-547524950478805329
-5748820877689233538
-3221158128727077013
-4348284496342892528
4004765761375935449
-3395326974783565444
187239924586761906
2547888592079692497
-5418405444271729740
-3835980456244884273
2119376786591306256
6890351260213512634
-3553476552752627781
1871186369562982961
-6541655524719528625
-7230115227770422456
5623239841885106557
5711783430561154556
-7293593978615332348
9146130586067225536
8234325426345473237
-6126376326544658495
-7425131441428255602
-2359078112418382701
-1799393275526560233
4379496711747684114
-1841734967216000357
1413646631927179673
-3805357758354750929
5181912581117065352
-2206452420452540219
2796518687097595678
-8084307572836451198
-2804794003324483840
-1187642928996910738
7961327020615640988
-1161349603514795468
4138131444742994675
-5776152126141022336
3588707941708538909
7033156551406171288
4649208476906860623
-5013601300975847729
7073108974929133512
-5487690739133830049
12808329268856030
5962520917838728307
7961135365564195402
-9056477921456838325
8777150828390754493
5783038225653501060
-1991442144991080868
-4603759944770149432
6245460933346245758
3923974694310121240
-3024200491971573854
-6728186773255409689
1553846462530927541
1352540677049606678
-1929297500012138338
-5877795685176053999
-3075802502304131358
-1085384371780647883
-53048128995317170
-1077775113437213967
2622119373891434425
7516778441449507129
-3182122626962321748
103587237852802497
3927975472369622712
7336427030393540237
-3266844387072516429
-6654682103355121329
-7255867959790106201
-441151383794151020
-1445454071858100460
4778556800305024313
2273214618193934552
3874337793791617568
-6252986946683455234
476185220230570292
3761382086744073310
5506756462869163249
-3060209581452629602
5122614935288928467
6926199648771569440
-7742038601146266859
1516532204806793805
-2027826832198641078
-8017130774830900333
3163322871275055333
-2474415041107530690
-5558789804560346151
-8389772753403995367
-5334481479061660740
-2116174410137744659
-1368947241332764068
-7991223635744703065
8850236522132729959
3249708776762707282
-3895255060681395596
-2964702709833579435
478368917375736835
-4132981197036883799
-4356609344632130472
695962021906093591
-6642094829303229758
-4470565690427666407
-9100423598453352451
5459959652401263086
3850805699801737542
6031304314975152454
-6311884147148927002
-4333662988313029789
5497192022778289854
-7930743172313780094
-9161013242114555084
-5183454316037926265
7562916904071962093
8644048219911710222
-8913379241404717068
5646673486538912755
796772205008793215
-9176112586464595354
4449173812681635339
8406414118523482555
-5899582933472435013
6127553593674781071
5210629016096592315
2926849588158102857
-657458115876711774
1770108547473654811
2082905576846047934
6561884241562800580
1993376569269402955
3308890026800118380
-6804843682417154268
-7579775610079667838
4771323384893446693
-2100894681880040951
7583419023048331075
-2593148647942712127
-7009350469512471860
-5583548407410610290
8459906855497485774
-7224998225547927598
6833685087509681816
882744123337854191
8765598130144289887
4600871733549784078
7201961489637327018
-2731848886043073951
-1424579862351101120
-3726428711232274297
-5725894279336826266
5125564165980914150
-182414252964288774
9018045329403079443
-3406790397014499006
-8529831362144628907
600064022873932542
8986197257548373060
4689651682112215888
-665970095364315613
7416443442864965662
-872954439504865054
-7588331023502448781
-693504436326269223
-8824733597752295542
-2906499389220455383
-1792745850721083417
-8336233131222246729
9127071145221605470
2699460747982112847
8415290727788273368
-6985003690568432122
3613860977375457637
6976974680884068228
4750971528397898493
-85280734783538803
-1272567611041188842
-8514827251205450318
9056370233262972487
-7881241447573913108
-696892850993330326
3751207154393698787
8307964794715668176
-1023751783073036370
8444468572784696062
-2606601467149250917
6443213269040863603
-2324573357463620236
6658890613298403911
-889887380394298195
4719727072682289646
2227368832757118563
9134225762004531815
-1196964500821097274
-1104631230499846378
-1460236033396924866
432104129241632568
1203532387353879506
-1841427071314123125
-4475401081901782823
8272312614519461339
-8744886242321101473
-5784274893669827232
2261210069161539596
8854177218052239218
2195648436829474921
4763633189303954980
4604814554846909818
8215800599733008456
-8167607252134733154
2797387786728511451
2222590410287430479
-961794639626210057
-364661007359638921
8217921148619714116
4200117283428197539
8043348055269796732
9169395773088557922
4694498701829121731
-678447360336399784
6205913098249430416
8103312013660151387
-4230941961483501479
7322100970483392331
-501528429269768771
6345581476404536887
-6060865624165904305
4992753963170298354
-8146491545274331406
2266510306615902149
951331693456766163
4493939797816548507
-4321795822815545064
8510765176908403114
7704727363048627958
3039714325221193286
4834504294536707956
-381649262218458720
4365155409765090342
-5944815888008152557
5591551737349261937
8594580708069497393
7955469415068322007
6596672487571725143
4289480336182394801
-7722837318071308521
-4544182014358238723
-5388573907091180591
-4070203339706670660
1060644092667766129
5607121367286961
7601566711242307732
8143140307578507177
1814470351465975720
-5480483500796420746
-3535930085191270800
-6964683670563711942
1332260922921453688
-7428355010094317459
-3914752399380304417
7428972144434996279
9137845833339579994
3175017602861572843
-3933975297606608160
-544672797895034749
1090337756020235789
5148672640190160217
-3048260036270676427
-2068016012640696519
7911299267040837881
-315751721004891546
-5877110538270607701
7579722098796069459
8111529809438075253
7660155270270973508
3563141143754608903
-4920554384693194109
-6411363118292380212
1224455558744276685
-5452371092036952726
2602253071227919343
-3108049700438608368
8930520865601166936
-3451047161667904483
-7856966470773535872
5757904614768897082
-7189180303979791977
-2458568872665117355
-6552180666952298380
5602797126026243817
4142467214684577245
-2915960752346579335
2208569442682423119
-8570436359424227132
4357204522140748947
-241979861936158417
5842276956184967937
-1623446781424202233
6218186447266950957
802627962940281340
-6255953442009933507
-648369966311686209
-667313524739918792
9133685361723940266
4053671837448446858
7553615290313917104
708756045707247954
923901535269973730
1409105155482887007
5580818716495192641
3096089865727828716
3604659789084252624
-4155418314157192638
-4480315822625108889
-7280211403347546758
1845974598028203771
2837366792969381317
7102933588554583913
-8623373130697241258
5389643684568940188
-8662515578384500314
4938127595271625791
926515272146288092
-7130481026667388008
-3504844628663554990
1420369932063721361
-1664227493955901298
-6728170012974748983
190592389589542512
-4281766811669383909
8517366832595071662
-5670443659555297548
183104813023162194
5559966379380225789
-7524489590271631346
-1132315365532388383
-7792908830621337008
-8688316301840885774
-3253710269770526117
-8625191435892765401
6320586305957172723
4455752803100733629
5944035069561595149
5545564432368871844
-7124203937001684599
-6494634875061858383
-6042133834528928290
-3140204235006321744
-8835626692592940374
2660824124913573598
7500816763719627857
-2388654891352571395
3871175437444734221
-4699305588084298800
-3380537961078469575
-5819635650348931029
2524900330343025646
4202312337741589086
-7086186962696510750
-1384730532517590028
8863005907587869151
-2805601614478003696
7346057648593392327
-4501937703387501750
569082810985769840
-7689998279882437022
-2700171191597035709
1662269177378429836
-6672544414714966111
-5743744318494043009
8771100091918889787
-3473394890900462346
8240070578509130954
-8300355345443326734
6133262964126247951
3008904072994975424
-4508992662528525589
-32681240230435584
-8869148248444938001
6953917428280371457
-1895644916449436600
7236298450356573503
7875702997147098576
-6299773480914047664
-2574547223821514636
4200014700858394648
3232777517872734965
-3799567174198031156
-6685171351938868556
4672408419917937900
7159180007127120143
-3491603845160945591
-1791134854415434076
-421534237989896510
-6942047226174693564
-5434713942259033046
-223105806741377982
-1961730293468058155
5701563446656315446
-109274092915857690
4559635734511415757
-3499192233773258851
-4374843443266794690
7965257428846572775
-4647883863028035537
-2322812988868478200
1656068046934976245
-7968425327754383117
7641004713894328414
-2108273834861280683
-845115597594272765
988368823464226151
-6550390739562507096
8895019583192599495
-1677423186435373255
-9212081912798469034
3375525373848431197
8971414460969928465
8674502580227003807
-5098908941024686657
-1257428268827866243
-9075765237060859629
783703720617271949
-6860152204180356673
8586454451223828869
-4301935375375400060
-6920750236534328784
-1544286245389245854
-8981821112242535761
4864058080211595209
-820872971781073214
-6091370865268429250
1939583657832690697
3563833758448980981
7699075922949839884
1227922362895492360
-6529672672159756188
5727883261885098454
5423263132656313350
3335262702598072454
2971078139752297931
8242402510154890259
-1097865704535137484
5414538050170373100
-974106516523628119
6310183363268595156
5924473085619260118
6301092629024591268
-1863131436532778820
-2028779517341004936
5261300920369946636
-5702316931025103396
-7403850739644197543
-7679987033718332792
-4822389761890950408
1634778478053355908
-1433224061480402643
2102965563446451
5435754685098371869
-4152336032230106449
5834210159645793462
-8530883959534142428
5883075288419405689
2418188260543455441
-3736358849606576168
96362153446759042
8667433434742082538
-6503547633016645181
-2528186869612854730
-2711684346270240850
-3314010034398347863
-492498472326755544
-6574788680777266914
-2525841860257622213
446140814637731457
2519628546336800352
-946887059860815304
-6929540152136615508
1918703421346351969
9181269622129768330
-3049075506766624846
-3553856411700688433
-8118438147447163019
8627795120695749587
7432546536707342842
-5153761458536201056
1960094357702975227
-2923197312855322026
-6528131060159332966
2149356446923451663
3652038105389361354
8738890288529656069
5607523802804667968
8643492264917528786
-7623384235791373274
4334227116962415444
5114787709361974418
7816259743514863048
6259550592117343824
8718316511644553994
-6318443977830585525
8852799999699561693
-3313542384548163940
7959362942047857363
2202427737561825215
4337683787094897748
-7100003452467860731
3893066172538676917
-3765220620761075249
-3611163824836249140
-6142500636680097639
1814269227129399384
-7998126888440581060
-8830580020635464132
7894950239176377605
7187221725386295897
-616912593860985888
6960305260421821327
6165855746272570923
-3930277815595268089
-3159137750088869044
5654900049560224999
-2154229072889687637
8930853483490859809
1165411396100691273
-3032888367075756615
1517171214654371602
-8515866738896340474
4406980851240119472
6072794221260661281
1526416882937844614
5478018467890581161
1856695578072036821
238771140785319549
3219266998974267464
-174863747041822263
-3462478336256668811
-2762611741566945914
-4338871819858159280
7117299082590893115
2686379080863799407
2941809986963936872
1038755113770258057
-4409761395994912308
4048345020175119856
-2309168550482535217
8669726751983032947
8334286365296096918
-6859490116126563863
1130451281292610657
5904067770953506845
-8383235289271859202
3353169330558875406
-9221366708472774287
-9142161533707455208
514021925710716832
620798127848545041
-4443943198739648834
-4235831673561095267
-3205589392697794071
-3199084011512007216
-3432221094392299972
2150416392267264658
-5731742411809880376
-7674332730214673648
-7317355427487075129
-8066434141763669653
1930726493985935422
4612884576072977554
2091753785588482947
-1819995416081068770
7351312130581989651
7610964788178348933
3575145424899946776
4529998951387445557
-1421108452321533977
-1250732470670441333
6361729992908808972
-6921169648669898598
-5705038270202908602
3406584357493736959
-8674691764819142280
4244267366058795569
7925116909087290843
7635465009745379955
2729142778145681341
-1840228581354440837
3556396879517378523
4757021625580495027
-4729204003240622147
-6148953372476903600
-5123905312051597224
-3303721690337805202
7913813173032402146
4340337872216411209
-3856363875471815093
-4327371781029980348
3050799722027278052
-4567550304781290221
1035197475643354603
-5834793824422412989
1946313183662423613
-1900687981618141293
-1318312995894462876
-3304751432862297322
-7565924156325327611
-5661734730013652084
-7313261358199306393
8701492768286682474
-3265994542555376374
2121885146094271295
-517094456496879975
2620735744895561337
-92441044461789671
-1640912660659924135
-1909286890221984467
-4550777123012510678
-7484225677393049588
7067562791274468090
733309110465202697
-4581273553652666605
1741596891411237437
-7496728261393067371
8089047492228851560
7934440211604246547
-6401705156327588853
3582720736678765307
-4835243707526151896
-5713108639320746700
-4891540398246393508
7172159111187052301
-8803211017011053532
-5908710226731029507
2315811918738395349
4281184105089138895
-3938174243436322872
-473858930700010547
8704040128513430496
1842158567390418260
-2362858450881686948
-3138830923094493601
-953600322665483124
-3753387467075472869
-2317190874192994443
2537904905340400957
-3282407748153098593
6405027485666016291
-3994055516647117967
-4164011039765819014
-5441983873604108330
1550874246717749568
3818121985388314790
8754840081067520815
1065855225156459436
-4069519952484843220
399400923212767750
-6874483587389798778
4190242674776984270
-246554930062236523
-3947450321927167055
2248887280480579136
-7544968944039696401
-1352143785633552734
6723294133321320959
-8931858533880217732
-421103281865694968
-8443259983664357950
-8823979396458028557
8612994715227614651
-2474638611321063743
-6310835162573772754
-4072350698867027769
2267920415766001228
-1697966983674790125
3019873886752824158
8490667524296593089
-810943414187955395
8927692828832107499
6325668515295726262
3802612374195269519
-7790945965859162
5082466012243120959
7152253939655784350
-2753001480579974036
-29607638299601775
7802607483991532411
-3164867143717969379
1225458709854719950
995617455527618624
-970582092232477762
-7470605437274925010
1444223316157758183
-6253007220202316022
-1729823350115831345
-3334398510431638767
4747515320645907757
3025400939760288816
2811610567710768819
1341166119131045886
-4062975124604728898
-3792642078563376710
7566372247401093020
-2856046473282771293
5261044277431623648
5557603008445625457
-8369491465991178205
-867756496883267877
-6395014949081957380
-756857677292051075
5841183066787790584
-3380057706208292012
1618574160068089659
-2291038605034228315
3836654536110782998
7413298577263233150
8102914591150092152
6489310371999146684
-7916819011629096936
-7292544501452984259
6340036712516553661
-6167326486165709399
7047740446665410121
480574450657461684
-4361671468742108977
-1298656645017229977
-5819401007938252723
-7545462516770751244
-7535042692155061883
7826712645017059108
-5038844068146542685
-2748661463411555116
-5570908312134880847
5915121862035050995
6077448723134686966
-176692160415405631
-7796790039287257611
4150589591503573266
-9210249142001325649
-946830894068830791
1802143331255995536
-4570683732506474052
-5564161523534291402
90440062069383756
-6650833836557004227
-4733215698840118357
-5436741160502776045
6436610614771610176
-291119731162813536
1043245742180167858
9162666571633870300
-2701119406482575912
5409507944041886041
5215759076137208523
-1762605762149783193
859367042016983499
-4750331744656247271
4968060223230706368
-1427233326355406432
6572661094953450291
6926269655126367137
8077939448106978584
-1117774955637499583
5636453513950453692
952649855819553528
4560738216604151194
195001645664973687
-8911629812338681664
3509385781022821431
4948156215994765322
1012492879776311943
-6126493420084084681
1431137574977948595
-4099031056008931734
4792139998249520453
2603863801947476919
7847771973247019470
-5746251703614221249
5257549827058009760
6135416670880162679
-5849430597536448695
-760466679207454347
-8835107516953633524
4133413420496522061
-4465675630340805232
-7825050586203387781
-7635150517390514881
482746896187067420
-758163008633848897
3671911446852113870
7669348782831453713
6044177897881069435
-7905874688807289743
-2285559851901653442
-6441087715008943047
-872255335351483768
-3233836506228352918
-1401556465100244166
-955625975932540839
-1659860451502299499
3973170623404046082
7438684600305162689
-572237663022608915
4900660530347843760
5561203438434323309
7626043434298204438
1578037744104694538
5158322144266195449
-568452471101851706
248570721003972729
-6284735929812019291
197370045639817183
-7693912996421881184
-4192972012856539399
-758081307360779970
339600690041531090
3642817318617099768
9001926403261041793
8324484318439075045
6140412238494807004
-7911274707474260179
-7687937375991405851
-2310169595444066950
-898007631622635994
1144422450382512988
-1954803511589987294
364228616618158042
7053108706382729472
597113133118273115
-7777250864284045796
4544526562069702749
-6559252252768896518
-1534955676967421762
6071744508504967552
-648389545715839810
5757942187467308563
-7813430234883116829
8663477644128406775
2396307842550912921
-1889952185862719765
7427406302824276448
-489861434835102105
-1807034165066824761
5397710262203978865
7264036061778996967
-2009922830823845551
5516064725934855061
1642515882329085750
-7652343001833677099
3777792362745250668
-1495580128542589347
-6378384222912348722
-3441054885216077053
-1132848904192743884
-6892593102926327662
-8191629247352627723
4317925282525936717
4244507498899277991
-338269557058690220
-1565552649001509597
3874341985232833527
5458612962113557148
9188156071449444719
-8890911378518291938
2394993474151041967
2452327034011729504
-4422384129515469863
8738434847877665368
-4236844811591153185
-8477703971913241389
-4989764509540633579
5522576079235586573
3597181960178940902
-1388332151610282464
-9214818501839090636
1787324641094368465
5232844658429749560
2895084148202021084
7944551335423865475
-6331454965313028190
-13552618604930158
-7996518983754388575
-367483635406528026
-7871907246710143550
7429417438388272106
-5141380135524317021
-3294566748070076504
8730935065051193783
2432017132393568302
-8629206571379113091
1633200520936572135
3767581933299915746
450820078106103025
6829150472731388816
-7317979963282585103
-2425803780252558611
6303137410748346860
162354886599631434
6817920253616323465
-4854275885577767832
8632803160709831042
3799464841904789823
-6654527400133170267
-3997521656701139266
7865984908652036130
-2055722330149825911
4616676042855058281
1369018252563135394
869560803099034188
3572075231966962719
2035094358349874818
-1076492705913378363
-2280627488706164046
-8482445770239702676
8843921437247767204
859091053777544636
-3075914579017090609
8126401525159467021
-2314303716186598356
4988021212975374879
559022960305059501
4377503453592969327
7085341162212216859
948061762038664165
-1891061918177831007
8910699806666553138
8482261944928689958
2858343172818856678
8633353257741558209
-4632537372502158623
-4800959401355768349
-1476604422390478906
-2445415638230132025
8521926677097140977
9164830473913694743
-6945126004114242229
6084469456700698837
-7797745916321721031
-1017466079863049988
5781844213473530150
5784298405220727909
1445053109635278132
501280280387844726
7115880077223342527
4538093130836401605
-2262945641859107449
-2523727884277834968
-8188325954516631257
-5967907678382537295
-4946504298885764905
-7256114967807762697
-6795788933291444219
-3894770286338821414
6351511847681042446
-2838624021324586237
-8498538509361806741
-6568312132874016334
-6861360631618963385
-147533545972221312
-4168637622038645528
3065589746907760026
619926216438428731
-7082131461360618487
9138600803894824651
6802756209184969499
-1012819605478202391
3474244852746526058
4537175480792892361
7988140188411079226
-3907543871593052163
4297469383584983256
1607847934294057626
696433434664687763
8204320727655949549
8275707007590489751
5259226046668089910
-4217282589301070602
-2617720867956339503
5775591844013825747
-1924416946320700127
-605763606252620476
8444264715712543629
8184680823597338123
-2063827127377838966
9197750604324066862
5176041528588061407
-8077226988958519323
6968302244738914113
-1002519010424047358
-6978524189118447159
9190123891712080467
-6333699617940351522
8946328009656988763
3415083958876196914
-8709133172912271979
-3794476787441922675
6365501992222288416
3349011864925323432
5646821128169912959
-6543554976784385491
8174121049699194910
-833318861231790517
2128631135889447942
-9144408510210301946
1649663297834966630
-145592939306230373
5625004136014110923
-6308914950780304462
8378487040117654820
1073389829852362906
-1607887849766102751
8812064091038286579
-5169681287233359328
5538998639236109287
6587647813614216390
9139398598357456380
-2890043269691353149
-5243358016831275336
1966623273149434855
5082826968214298448
3723863514524141138
-1769431660041059527
-9104020562336607418
8121169651573835675
5456411923707596642
-11656813092523305
7848118119613325195
4892622499970076417
-4781537501749757457
-7322337119581363761
-5548717316047515632
1085147784694920613
-9130199806995613796
86863166156965624
-8353370412973093230
-6529090144488810486
678212704351682619
-8234544041161672775
7485324793369732528
-8939291955741321385
8908522953110093549
-1321800915710783469
4214265394586810686
6452509132090273835
-8721442140484672762
7052656365850137179
-3276880216570107017
6966783012687320043
5350242451975675646
-8250407221540242674
6530576892701175232
-7896454177830691892
-351735321516182538
-3418677523058518053
7261091840211761273
-4725072143860514891
-6431242951669553448
-2698619826185362529
-5131526478450478197
-6099790317812082811
-3177130304233151027
111336512292714004
-1288393821982629695
-4894147399241830613
4952261643362426673
584099617876093250
1947151267418376627
2484978125149130529
-8103240853598151481
297679870293066917
6671943815183938955
4581453831705759589
443339579776323508
2926171681126975239
-926331249555515086
2859831884460370417
-1139106143849564834
-9101759472324395423
2425255368299278037
-7086426775563452250
8008646239681190188
6083972968807259922
-1930328141020850569
-4548925289423838451
6854674344447953564
-1158353044363704535
1389595699680954768
-67132120468217825
-7636196358539216588
-8545220511969804213
-1707631439714815305
8536287702727413851
-3815876880503076423
577090144694975030
-8020540147272575610
8896454289169357470
-8209461335580715158
-4280950916375124930
3835416175191212562
-7242730691537499626
-2599505334158733488
3166908502258218149
-5328738783414993754
-7180456480131165584
-6478608172907222792
7214332308769366374
-660398530749073578
-295339587747366875
-5439183009884117938
-7942889546810537503
5923534854866638747
-6709908156704093914
4233484279303422042
1746492513248860166
-3007781076957782915
6728218449697049898
-5366460602791415588
1370604520001451427
1241180612553942393
4467257466576801193
-1937694891594206287
2660637418050257931
1102472312279409538
4235224535182423980
-8260232978542277263
5749196476479545679
7418980565761213883
-8443671319913940189
1384192325974969083
-5103107357118074184
836333048725601378
8032377876782517184
19794290185595767
-2016400440167506514
-3345536278334282178
1371060690629959066
4902501977433085523
-3701310139854576750
-3286203305988155187
839029559498834622
-8912168584295955234
-3272528885525184272
3594566164899897196
-49243538849899811
-423570653443340240
2611017244880176858
-542711674729368307
-6117654250646883750
-1624481840573343111
7030780705448079359
7864718063519123448
-702472262647827503
490319406207462931
-8901150176498811133
7734608095250164668
-8822781363496863215
999601727315904754
-8040966581829658269
5344166934520849177
-8324488258630985704
6196539445772561970
8750914431883048861
-6112101034193386589
-2125001468402203607
-212559955723154074
-3444696801165767379
-8243868741787950906
2036527222894749905
-770323592990894421
-3546157220699455917
-1274992389001692699
-3598262723302280549
-7432315237327291092
1202320871811044421
-2635751646257595607
-8582636716626161474
-7300450540430918219
-6287060557197715887
-2493055131565307513
-6389655685664917173
-113587331817061186
-1667766495458758197
-5600968826907756950
4667500412093071367
-6293479106146824618
-2515951028687676492
9095579900168262862
-65168312257101213
-4553557098983092525
566528135938888519
5220060224964166351
-7402049632082432800
-5352796575667496630
-5799583374745031014
-7400201995620763982
-1800477604599132290
-9093926775728379196
6692773132031107469
-8504892712689740780
6820204026842497951
-4638800222353055444
2521992407450935355
-1465471080681441442
-2528907026793406761
8259289241322867451
635422657862215583
7171212570301347709
-4456369574441813631
2019858657290672291
-475141027789991062
3992885273167799281
6984725938438891369
-2098588844977535908
-1993278025997100730
4059548503612785610
1841773597258391691
-8223681635077776953
3681438237086090662
-2132191462814884559
9209951320906514753
3137043494140240448
-5099991841650743392
-2939070707041870016
-243453485968204508
-5661539022225933081
-7234809267940503509
-4312608789682798041
1591734099162504399
-3761293820562376501
-7452904687750135753
31104724075866450
-5072970518359783782
7311881330978709285
6628044078438390487
9120871257394892857
-6943057272565785180
748499683000675215
-6270970377853342168
2078991832224381055
-8147435860846682865
-3961054694152808773
173363334100839197
-4695005379731301998
-5610005968615385823
672260726674820890
-3173014778731140150
760796141758852027
-4495482739141308420
6017353165773277864
7063482343551310031
-1876675787106580063
7922075231431028999
-6747682272338578437
3209525854165062840
4516397076421613170
-5036474604715193121
8017009364092719536
3036959883176890269
3595555225252993994
7833205749746738727
-6704008969423587510
8045717737100553246
8687278242223792088
410948253400232652
5834039227317235799
-4775368076095395012
7345810577960109762
-8591366915701934720
-2894093815390075705
-1019534898048652711
-6307546606807584194
4256053200406892876
2029270291158642966
3551936078666724266
-5675999956142507110
-6967406061323838373
-8424059714770845273
-2613864055028193489
-5612113200893627168
-6929560206549259678
7189635320698549700
-6347237893125127614
-1835365746514833939
-3704050750631520854
7825694908548219153
-1424176960801530192
-5789873458277054068
-7288685107970663934
-1834582520578403575
-8745894674847649349
2787197527439711432
-8813213137809529133
803236111647911013
-4447407228227400545
-802537004578669735
3295875111895065568
6997834784956577780
-4754423245421639751
-8997910850767395039
1511101667290467599
636531698210126487
-1621371839525621473
8908849786824718841
-2208524757627517861
4109885906015622019
7229140272145690638
4035094495908962472
-8014256480828096675
8355874054848667570
-8565510584075769662
-2389622742470772135
-4901001668297460845
6732825895010234550
7613525880026254376
7563041376243598839
2788740263282231383
-290732830221479765
7961814474941400488
-8617414202735590897
-2387379026742040631
1937461209228277060
-5686802378613074873
-1095591210991268095
5651042667079038321
7896303636855130228
2287891416157788762
7969471699694504471
8975782403846401536
4555490580558248333
1078219317319034223
2899597517982257234
-5678897771923605962
-4854699982748298610
-8456991572668471506
-5618521724428344266
5564734598686624890
-7267024912124998699
-7175563662326656500
7606787820344828567
5064037412805755874
9208572897345367177
-3330692264970536816
-6810134481515240791
1485040666728929164
6726075331179725804
3713170604777645605
5960137172736294229
-5827421318281449742
7785790426163774157
-6490963010295559865
2801141812776375275
-6980869541464256323
-7434536097491159412
-7624311913507986825
-3272195318395767245
4920608470748075050
-8806618219497177710
-4132093383007784322
5823188036654828350
456131394336985929
6058443691854374726
3731262662201528286
17502158868337834
-8461401705691397188
-3445486918829677601
8337940598524871559
-930362164469407303
-8791609227302474790
2671371851566673108
-5800618596785895233
605040352241138544
4461417936095828890
-3874097509601752946
-297154363295107382
6614400424315507557
6042824699098187616
-7194387552207916659
2383531074660580814
-6455916823672264580
-4866880103356109428
-2658016277558550696
7307073184240006284
-5739036828794460177
1253057023671756897
-4040137144004727965
-7358196057138179960
4055981637024340841
9198979358748885162
-4317147805207615970
5196037360587675396
106797991505133813
-4023163460629819613
-4318251216828983472
1172674597018142098
4772318840993585367
2707737396295075204
5380719293197975495
-9171211191978949520
8192577210036914029
4355802931013312259
-1436497669960404164
-5632664278582972706
-2089979961110745333
929970934254075111
3313832226977638620
-785270647512433430
-7632560810316141040
4863961386213739515
-4662958888514792988
-8488724127956782361
-3403870139601002553
141738066241679376
5445686484994266275
2395406061233238401
3622019547894195530
-2262161484713612407
521857338953166909
-712597964647262330
-8652011091639370206
-5612019588736198507
-7155521855527867302
4304460171520983070
8241808777648456802
-196416615732070860
185939195550379648
9028832599886824653
-8514703744088029388
7796168282169987920
3301923907033121639
-8408551603893315627
8622266411658937688
539055272911931443
-3093100468957958
-4729093811984763229
8184055529406061441
3819819256672849869
-853093902475361550
2283749208261048455
2550762177598764538
4045103861935636947
2277133573480289508
8892502227829996601
-5187411395339342584
2162670752035754012
-6725785438122899014
3776235668590992846
4166093426662255220
-3689276143209552068
-5589208405660173613
-8897827119822639762
7543211504120769099
-971829650299620463
7008140638672101696
8990931689422483744
-4110593427607633821
5488370265621039545
-3617986053850056344
5283888977481812563
7473767641963632356
461559713945625039
5412937974494521351
-8884319134906954384
-1846421505911901849
-2453924199152554318
6032639933245952719
-4611084580768555781
-2949302490341783781
3005367230266739859
-7021737483155085116
8735101952890196315
8212796847745038897
-7483081392399736192
7475886471506517020
6454459083832770687
-3043374893422659646
1206524736496429551
-4445502849315647957
-3947720464042718820
5669504602754148213
6821028760437261202
-5470438791660474905
8171665550592718784
-3967718833137580403
5800861133333914556
6947873909139078733
5505238640980531877
9087973703568696494
8980692233061820252
4974560403442069369
8186030645702046674
5048087216846492674
5946497864054324683
-3607541790725834990
5001640722393096596
8859354544294144927
5295001428737435133
524088828652831336
6596940933488020745
701447748434100628
-6646382500036856430
7165074624749936334
5929368296169783463
1529543223804355199
-32794939669321052
-3856961878863259818
4394131363830278378
5539468012423473542
7146134701208296902
1721984669795034627
-4416210443479603420
2289985513777651022
-7399990152275369898
1649659375840531636
-4262992560896493935
-3075822763419585418
1416372760159150445
2895295196242167150
2184269427437343718
-926173161961240833
8856548146455619996
8244610205472265667
-2645788243623522578
1932989881860834793
4343616775069722195
-1767223942128983827
3867479865894633512
689673684205693094
5752957286781278989
-2430123668653002119
-7355388257288529027
-1967343117430763631
-7024728241558672169
3526773759041484885
6650898002765348917
7431472629973770110
-977283130546935185
-3590398525938173166
-9021900221100595433
-2493314465426219582
-8993728264746185419
-826521806036698872
-7850368735727545485
-677672697569338915
-8574123878248768346
1268250142038804655
7370184102603367760
8603809062099906735
-8290484502355471458
3476449636855611157
3510360491804730234
-4243503107200905894
3683139598013229199
-8736059407990543216
-3554353820242324324
-6439515891535685590
2237308100178969102
-6859310439780438280
5101578858661902035
-2819835615842300429
-7757551839546529876
1440933029112213517
2181801156176616311
-6882971680527882347
2141252730088690011
-5428092774110358789
3038886191512996258
6807836230978479423
-2895479070177046760
3964762337114612895
-517668431629895179
3412471044179731553
6554356040089435583
3543600502731056964
-4870764705112167956
1018395195649772257
-7297227780360836117
8107886298441803599
4386998407171129767
4181839560787405293
-3999070515119597794
6148050277398365090
-7665793624571750321
1944168241430395597
-2107871231506575093
-8459561940368997754
-5643490724125628167
8292100229135993974
-3184212465747697699
7159022374897539082
-8384843263746917277
-3459005621374594791
8115269784838433006
357463113437697112
5490539968786082980
7597968592340406862
-1449361211415594014
-3486056165040105614
-1963779670975423132
7191386583478077879
396148687311740341
1577692121882618558
-6984746186070978984
6988363552721781394
-8404820870711147021
-6544279188654474292
-1510808826802658944
-2500350227999868376
168362382877866248
4727115415888869941
7496632218345272024
-7649937437479166512
-8716446414564679495
-2493250557306556779
-1388538001552365115
1725254810741593162
-3749192828357938764
4215735355125946328
-57923672486308632
4666703967536185688
7338186834975237236
5096642838230202329
-6276593166321479544
1850158131016876466
-4098275904687336617
-7007979628358732195
-5529215810948629234
9184961783045513000
7609957292679150504
-3500827328088709129
7290061512137093539
4461094299170862967
4455580893405249838
-3632240397519426544
4145015693555621102
-7734557696543590559
-7659610389180644921
6482701680938092081
-7124739287858835616
-2916693942365397207
755418916411092660
6258715570115791378
-1623050866718627647
-3236431249378233133
-1133833619921080682
-220905383632301175
-5583944271789825221
-2247087760947020373
6913887651697229953
1032113380469092800
215134234846517040
4871583953870853868
3476510642638920012
9221897989435360545
212758289413366310
1188191866449048527
1058535488571141129
-3063911173689153291
3440860090871715173
-7010544366955172268
-3955794677600261063
-9018401541568662997
-6418488810735591012
1151270123630976193
-1968107379320641486
-358339453967932045
9218938831724994062
8813543678536940460
5178559688689004827
-6729755049563749471
-7293197166467383664
6488724627330866939
-4433387442541046801
-3493086932067411715
-3070186110265639940
-7672587132956132912
7012859574881608872
-2340415737314295852
-7342052954116665784
-4811509467546953621
-2106565240448319924
-8211008477373913243
3019420808734959409
-1811007344913174572
-9057691661483910700
4643218666647582416
1377984726293120014
3929124314670892862
5693049295203004542
-4117769723168431515
9209079107580774726
6860502462134172031
-6663636417588318555
1097214198960277207
5706322270630944280
-3300683994045986273
-4618990052317188661
-1341265640460005231
7092779918741392541
-6350996935218334098
8484867229153280199
6051079683331918462
-13619080339314205
-2673109117875810218
-5090323215656366993
7828363138354056364
-7135207433310273551
-5345709590941916674
-6905770611291323586
5214829702790802156
5152391343866572692
6330561323898485746
-5545160017309219098
-6791019289766927194
8187977514385586385
-2634155632084507932
-8224425984437075476
-557748082623665729
510888901049926862
-8604603937207859326
-4651826332779237636
7029757566449629687
-6536106200250334291
-4980462133448870028
2750647709542098853
-1290411023610170164
-1398816309381536611
-8916892039459200868
-9085111473664867416
4108090254227286538
7861059920086590767
1157862657871885838
-2423047769146319347
8803541914406035417
-9026067850068594422
-499389247463933192
5027663957062381765
5101094192195505474
-2039718758746572559
6117803832102420604
-5597582161729579732
8322281416278704649
-6996673658973222489
-5992139061450354692
-3840061523360030288
5478078213613348571
-4115937387457232601
-8271981185074582614
9114755569373292107
6848083085420430015
3499076579666114547
-3587415486227264596
1599848289138241500
5018692434906548038
2013539377280256401
3108044388796958460
2893828602713374769
4507246643869086273
4181458229634625361
-7894511081743221821
3788498488637013768
8815924328153665483
3809471560980171700
1974233547598650055
2548539053905502451
-7865438465578986476
7963432099755867074
9019764243808102382
-1434588823118134306
-4700349912261173549
-8540467881390377326
-1496554286991399979
894415620638087913
1602910306398898830
-749734238544524754
-8950595825141344902
-2944202989853597018
-6903582298175982520
-5850523247764228545
8008384178464654964
-1537049820837758956
-6743712493330542762
-4542478911197763627
749840175187665946
5036357839266371653
8159652096437876680
7179307784063701567
-5538075435290819567
1170949817767247148
4463125794861907044
7732536483375198776
6751899921046962381
-911804091169009412
405878888639704425
124371001410560562
5006344034695802514
7158905222721494568
-4023711460876495514
-4486200521178401549
-1614081868879691493
5022522258403579787
6230652141983933565
6765345055384413904
5901461715635223163
1192686780011617516
7346703817425559552
-7164661531031361518
-6844656980051923385
-911950320123053834
1529983705373222319
-4021781725741989716
-8137507315752960526
5338590519411576928
4582231864298875729
-6577797380948679012
6199637636411942528
-8287240613630148953
4110990156109698668
-7125761662534965411
3719711559426335840
-9013687203537566891
-5549955654862182278
868458262395365199
-3339246594797214787
-1103807754034501526
-7568778500301868111
-150287336919353457
5118251047347871922
5977909284683896826
1952773426045043991
-91322780053486087
6830187770516003852
-2310915915859976247
1503151476654700805
-346233386720876995
-2524709682213390700
-3909611046858343941
-2519111782100245253
-9207556422837695042
3512770417589466002
4698966647214708907
2559844169198809969
5956180295026425801
7373951285194216768
5483277719734632877
3454372568125442762
-938806693938014234
9042444471430207804
-6183684870941082917
-2337659065106046713
-7029342416690978084
813834791388275322
3378891827210017973
7212808480861213338
6211037969414630527
-6331218739146838768
-1695963872050123610
-4920642475329840159
8464880046673988219
8219808122802403202
-8420528468405827060
-2564331273401299869
3198585831491827323
9063377726320632891
-2141987058855327648
6575096735899186737
389445421897163827
-4081420638973410813
1740668318328538788
1820261797529093968
-5258169653827241428
549040416926112727
-5482150833979430751
-4219819075577593227
8085753188068417299
5191076837223039072
2124051246382911255
-2502264620653237372
5023695968829694997
-5321899089539327493
2781502324384456504
5500823374057384877
-1182834634967449248
1630148848705906386
8030638070457927163
7461708172912891709
5802132532796222629
5630046275671669823
8515155018499902260
-904262761417550401
-1911648017937764041
-2058779395761454077
-838526484989601346
1498192655439048180
8355432843953849343
-943552303162296284
420066604658178116
-4018332309593109425
-6357504451659748815
1754942859329418175
4613488014884754903
-318105698604320358
7555154320553400985
-6828287624798163402
-7281501474326566260
-7498506262342728969
2885148936834146916
-7803223103720141178
8986329955276408225
-7499887582815214284
-1364959576252985254
2600427617163244525
7076841221781749109
-1554173258585462952
-5155822950496930605
4377328428863290266
7516035970899903540
8527847025375838969
6626829676034890082
7497405220366540398
-1010973077464662148
2479263359314405099
-732687730623282104
-8035318128444291736
7681642593228460100
-2901733229100573361
-5996090230092353935
-4025263731679302399
3374600780472321294
4420528960665389076
7329515195377057157
-8381272992967292779
-8607701023187639427
-8382016915651193190
1753377667747705092
-545984402283711937
8842138626777594173
-4290467687516208669
3938868724539909631
6576626193846623308
5151238963862369200
5731919196833523894
2123696708522060263
-7241251454825870125
-2411250764838331756
1927542700541787582
-5548710081002658153
1191489206184718005
4023333479202150111
4910396495268464882
-272577920364531231
-58983248514325777
8595024638088938911
5953500399434306903
-6067824108563578219
-1862826046410061028
8126926435861658842
1891356619034080209
3964463413191963852
-9148714519948424822
5468462970733888072
-5247553531167869241
7527634563716457366
-7652681495376000670
5718366286145460257
2177457055857312232
6447547779020226298
6680806598952227392
-7580414486315065313
-88006715480568297
-7227969348715411709
2779616462017539177
-456762008882130719
775436599115662743
-550471906137912299
-1848887677477797526
-477034877430086238
3948640201893829571
-7962201615787557578
-2305345760507232908
6040756206754596961
-8624994012657870457
-3724974415553852592
-4427809845159823491
-298068813326099890
-3552632318145659780
4488574004628675369
-5574748761420696166
-8320488423525287834
-1394307306282073878
-4376665466922373540
6504309991446056150
1632708038166764955
-7641005719823167996
-3071564176298604481
2218979976945529075
4861237080903123854
1194582033350491536
-3188421877929855374
2997924633742184450
69263168387487906
-301563858272023023
6510483387049039054
-1463482411615079195
-138726546626640488
8609207623995348661
1511833369598393586
5966343685008756603
8047951359371158571
1742029898556166537
6367308285450014574
-4678701830552767360
2377044400093943930
1123902509880206700
6624097265094573661
5386996022356905120
-8934182939305657633
8877891353945448347
6197505470474154714
-2990694029807424819
4480116228727505392
-6122054881824366141
5710431421814800004
-5918762583378187007
8698218334751522274
-8834520630036526463
-3220063354621439245
-8479017295834169592
-1885480458861722327
-8156348573048303452
-5866857550624516704
-230403903876705705
-5320967765861837625
715020535789481031
-2668298207567314129
3030171881781130355
7321819412837233971
3921998020150988219
8908085198259422337
8254021290591301537
-6738690282722208622
3209217487564956629
-917680080585260569
2205086785313653080
-8881723259266646984
8480148000289420643
-2582302181318252397
-4614309110232372655
5749615001568137864
6425089276685223226
-9007345523681148340
-3068184913430176104
-4676426339645122417
8093841474931702267
8566076209124210880
5810777486670831197
-150082960640042651
6939091026302005033
-4239981938068381093
6509971341204742230
5485122250470013356
5553846636869993671
8818945931349193082
5626407934350955303
3171822896226256850
7520626559921608914
-9172041862086936504
-5429310238785979579
1011024595570415950
-5165071569886379008
7918780470961774109
-6306495549303303784
2644662649016206958
-894961516094217828
-5701750581096162972
6170304065200831879
-8162977995695520621
302233329092150744
-1286096132363442009
-2810802417355911145
-3397084889818464131
627266566067324543
4862705697222326230
-678020706884105232
6360780200555598287
-4806657170083818722
6589838138139479130
4897982830395990659
-5963292971384604689
7672318738674846408
-1909625820012048256
-1558210515847153437
1889282277969844233
4189163218104827042
-4596564524912957743
3007131886648877235
-3584861398683882399
6265665878349574640
2447780340056144575
5139201102280693686
-956443557794555806
5149669206512058448
3737541028585223026
8824844062479348792
-7333776816062353084
9209367886735438213
-5496735352789410270
-749591018815893229
4952048675381368247
-1782886808375392796
2617572354861704853
-4413988653749315467
1333015259744288638
-9067875549726758836
-6713738166379620510
-6270832093942151072
-1977220799839953857
-4738391611362320926
5002954923187372429
5346463116243789
-1002073978039418525
4890017529264986769
3468581347505430344
-3333768375063266438
2394322630726600230
6417292706505144409
6957546388620103350
-8390539760651975849
-1517838944644313496
-8917870073670026620
-707024683871546824
5102241661964956746
8496522352663348723
-7249104848076307080
4323263283029746835
-8922049012013417020
6731189363442232970
-99236878337630098
-3228318470724328105
-850419236823217819
-1458798287271329411
8110996927947734957
-84903561095979380
2014852197617667870
7874575460415637205
5235504208351622068
-7211664773834667578
2759371132244816366
-4937828970315982910
3582813231664555646
6813783919765355511
6238284085234807499
5355174129504212704
-535764976176645443
-6854547082108204193
-386339007646862207
-8979971045971745928
-8994674999344063299
8083996064971389318
-5019369038960357756
2652288111018864316
7771500306744347
-1150130786989480847
3046147043196723323
-8572107704129922701
8961933240631455693
1432834104502015847
-5775466909211680568
-1678537817649849074
-8979664644168366703
507598718445779864
-1566068539521993963
-1362890711686336270
3488317885460981628
-3847643308145977721
5169159136371466966
7557305018028450062
3737749900507793775
-3752662698112038807
215866227729879713
-662856034493715358
7880584580512845904
-5822001545490631704
-5328589120133562295
-5438274110573435959
-5313350829225623178
4133232048025450580
7581181670852892859
4763946796337249363
7728476860325335697
-6413883722038649819
-5435119560972829345
2915045376055079408
535978327122427797
-1528094486439379516
440199304297623752
-4797978580570332252
-7819652878723533089
-4412323222761345955
-7480928661790815967
-2449295342849137354
-5260422983747671823
7805200321228836478
7780631597807690967
-8375814706913486905
1883037646265884782
-162397716431563196
1951548180795711022
2009726156119248164
2421210144350303925
-8761654223958833600
3104788944766384294
517381459669468240
-3690542472616187591
207194227477270529
-1347954072629333475
8511672791116799426
7229186438699209263
-1963553131166823982
2241623321587146251
1987001379279515756
-3595085538072524721
1267589253979860674
-5922659913466648066
-6439939018168793344
7296590214968754438
2365600755094682392
6375883892890445465
-88967601820887875
-4430221383274650941
-3554570639488631668
8030212700666712800
-3491766351975847451
6018181024211944878
4407986663408105833
5659981733559368497
172136230347471798
1124981732322340145
-8878083423085693529
6461795165273337424
-3547638881037790207
-3063474418615215239
-8530280571507728313
3617530520051142611
-1140609681696830627
5151844074076818770
714248982821488451
8792545756074757699
-5051962694374105700
-5667299043062647330
2766681065872920851
-3953219071300603035
-2166171994321746344
-467538223674223067
4257224081748685106
-3987158393562536364
-2474745826232366329
-6879134291125996194
-710395959710506622
-2818125853053079494
-7343286781033917075
-8849336905471234601
1239173848294285701
-7427413331663161531
2070681073804267266
-4576430083217049569
-4477159603823656295
-2314171744108678588
-8750245309124176562
7163850363354003471
-5268450893175859895
7741037813333198829
-7654465374525180278
-6690712485182557576
-8849556754431957920
1281098147065057317
919872528547400774
-4140308693191356497
864810857864094858
-2212236303417977692
-3971450912810003442
-735667257976748501
4002989481821842297
7509251783135057659
-3793913355899274652
7956408532348620671
645566010911238553
-1165396392352028323
-1915963417693674490
-5880088591729084685
430077218288181572
-1625437192103170961
-7682449781469277972
8469437187791181512
5877010284382076060
2566009299776884685
-1148117401178213408
8473548776855474451
1245858972501121159
-6319635849475731230
1626556563325957046
8007966061651861480
6107894281357373155
3913986047293331963
-8834355217728881956
-7306796304277536562
4673654125032229108
4841516953605287725
7042591549135382562
-5599854441628286081
7433441322751316085
-5957946357647675581
4546867374560000102
6697000868149147646
-1000967135999104252
1517974105165508372
1803457258622553155
-8350456212813176958
-9083859811686696127
-5580201688199034615
-7295827393906459913
8700413054055761283
-6868712484815400360
-2437920739449047974
-522667418621047412
6074836107185192348
1689755548852452613
-9180906440611749741
5216954205481653886
-6400602767882527533
2855524457130897166
4792765566233078880
2260196774115208722
1959484247217318818
4599503321591824117
-9179832265445399281
7216702224889514249
8225639139895438966
2408109138565714903
-5302578781039429778
-3379488602300671783
4576826006915256706
-2167606936256549729
7054298382982661509
1420193817331380864
-3160862780794362671
-5586074574039662467
-8930939693015143993
5988357387715022283
-2358153236076803344
4328319331159104289
-1665983431304834198
-81782996939678996
-804364564185494832
-2204052314855993615
4708933952861254110
-1449327171955399127
3244108822124871063
-6091620356262684568
1461349105709818844
-4710460804124616534
-1983443872326719562
-2107892879578003583
-7707833663964766983
3657637168320259916
-7406885994036186020
4990756256475120534
6951576177089443875
-4967461474715190948
-5499398885531794833
137147405258163785
-4028159085289119138
-6789411378544204478
8859045850658529402
7661528173784992740
8363107005380820838
-3224404674787663934
-6686160105448733359
-1304335540119385356
1847570240980695484
-4185100063839014415
5991194876083647091
-6335822207182466842
-9151971244451031560
-1259155074476664037
-7070221812134627483
-5114355825376230280
-1184548985056584417
-593942796610641916
-3549423026273916737
-4368459010920751485
-5330486584876117792
260256537403109455
1438273860428294561
1539777847402056682
-4763445664665955733
-2043073444966774869
6718113842125974486
7053459476500156982
72654725448383774
-4075895366566714065
3433506193618863405
8232651665097219001
-8675929789183155677
363621285235226964
6911132384552382898
1967619426327882954
-5240733667000491156
-5101287756523689209
7127201398398278291
-6205336703836258696
4333521519072430678
-453839157077398805
-3500645438059594222
7166738239053848645
-5874936775415231366
4204563010502048200
9218849880439915409
-930148601870251790
-2435470391213577335
-8571501152998816450
1035446854412243233
-2851339760688722264
4739167817691123373
-5828064165596824102
1774661701211724423
-6855709205243306205
-9193557906101619326
-979256131755216447
-3313778159577746310
3986147748731535094
-4900465764745080976
7027882882137398508
8571355040352017064
3796139137256416331
-1053244768567640203
6361142363304128028
-3612189814173829039
2530151167668847511
464123153757396397
861252175857501881
6843225680356565043
-7690556335058579075
-4151260903592548326
-2386477567318556430
-4035754567138079977
-6544105833691711146
1834577882249508740
1500265034783478773
4943492335870185728
7684511377125112031
-5437956093414446018
1402256484234022116
9167054141438047390
-645959050104224575
-3597575783071460698
5183157719621941741
8232748679366461632
8802668331891033352
-5095524365598535912
-7280258402433789299
-1579756839591105897
-9132380714477083793
-1689467880178089113
2587591915002330481
-8822020629441106077
4586683600520575951
918710918559839163
-4469626278998948802
6332475675606059915
3217146105046833049
-2745559388067288452
5684004278161176289
7079600685631937680
-4276349747862945097
655735489247892987
-3776558466663809991
-6779974806204121513
-556278811108385091
-1752508285829968972
-4429200464299495324
5003251269272945492
557805955593192149
-8405230985238629091
-1718511485183495662
-3407271561059418332
5815829220920351377
1003852684028799961
6481564755329941012
4236761356813655651
8541402107765236716
3509812430589732048
4841864093287533877
-1706804962996426781
4392305616008459035
-1851047236810988068
-3404189645329506445
2485099927020811772
-95684774002325097
-7188909221039318574
-4013870804221032142
-4269803902213529389
-2043002188782079857
4681920419949817284
-9120421385043894248
-3414931683544919033
5909235196089903136
6798918494180415507
8689742950438986897
-4545222198343430641
-4225852902217276439
3004799968850944254
-8412252577385849228
6342921714268908946
6946541844309813982
6484716536156583024
-500081994467800155
6643802189876606066
5277568591845786902
8156429336504000985
960954238320249708
4548727362780655374
-4466305332189541063
-7900922262335462928
-2966679574348624057
7486951388734941476
-8768994770031403549
5219080528448252214
-9153554728496256983
8138887595680756710
7153265634926247020
7919844501492174865
8268018963884402648
7319414683926389892
-1636520577072724587
6635847266165112057
-8203534996865672819
-5309802023142467542
-305807439600590076
4598410064142572873
-1992645644581070564
1618861664955040985
-8909505032883468066
3923969830119522152
-7226229192783907738
2331845510644736157
5345758046415740189
-578920149687292771
5197564284231124857
-5899328453848858929
-5012094185140288591
4123707992223870819
4173305979895991809
6017711269926940841
8297560781818788168
8241995632933358368
2509726371203793539
-1724467623669269949
1295446211795002187
-2647446661002958326
7986889510058171482
1269017414301883473
8913519682419834954
1792607299782757817
-8199612756901899812
-2336389331551430536
5780239886656250527
-1647578803122678697
4500405947559380481
2252963355547699550
3717994034963181872
-4976038968374790475
4883423156189853911
-3830894324602072683
8705045107846398069
-2613578685189711760
1776121499030314268
6264110571548352601
-917534014565516382
5663443893536986736
-4287381639990853173
-3052084464139479961
7473674199778987609
816886838950417024
582535024803928596
3950189667454496283
6724964884899645818
6830610037058346270
-3881973958782654282
1480221790804111883
4340191347647852102
-7371635853648801881
-4472975256038993129
-3085693770175169920
-5300512859071227605
-3849766999198332252
-4612285516488734242
143460966513844454
24952918707023350
-6380664598637047304
-7670696015489369249
-5700188540928271018
-5914831186800940195
1921875483402482990
-7311590871766001325
-36860371602539497
-2186206703269684620
2922553288068042003
2300900211058774885
-124086393097821536
2306995266604372305
-9062193532340954884
8174487601716120309
-8191014237506876711
8513123245077896124
2101920962550636864
990081606159784687
-4861124777317553049
3873493989666476401
2416143565127205617
8537218118899692784
-2108569426700353259
-5023891017423354497
5925803363475124006
7466469481373007301
8592551606329082297
-6694453789563889996
-8044773662377803526
-6637418984803361984
-2518061159043283925
1144880902336146626
-133738228152321777
-2380648424591658030
1806224946829181985
-8527613481077678608
-1061015199105021964
-8268510226586725817
-1925947098591976005
-1325088733965195800
3034641274875315182
6318356688715279926
3834465984055072213
3884809182178746325
-2517746847880290031
3018796195071907800
-7879961714328451942
7454102928832972947
-6611323453525771736
8952210580881987149
3907671942452512074
1295575314899617201
-8932770471916232721
6972890435390886180
3015429331385718635
6382408116937367042
-2046673870178149123
-6725251321157076563
717332641108961732
3062343359454355820
952279067102969781
-4077149505442598499
3433996026655379692
-1003865126499499927
-3520441525211796308
-1308753629963879454
5206537349230028206
-9181317147767881602
6423539006391418430
8175567197588859655
-2738468030033666004
3626390393508714292
-6738506298410819040
-2184647805051357555
8739318355113036446
4707777472318801111
3182816420486519388
-4596170250610894121
669030601525528843
-8342110618851082711
6618250777841292596
-8644676218399776514
1368987259759353919
-7227736337409853792
-1135651736416700796
-3609905692620771746
-4193386742259731914
2531083873540818559
908550781204141547
9779411088495323
-2059395117686592498
1434231865648709810
-2660032053559143240
524971980042598504
2901817322923895936
-4557962665252006999
-5359079347761903474
1072386862109285080
8795333507549438890
9040093762393276757
6096851917268010117
4904264273971229027
4192006281845789618
8633547904832388321
-4203980935882543482
-7717839745267471909
-4843605710510301962
9109635760144492312
-8643010593933723229
-2154773405149973034
4339646524758822750
-4189504900267444433
-8980685106637397781
-7374144032838251327
-4028905733142869679
1046440913265727271
-1420504163627194582
2372599930518412429
-5121080456492607454
-371904392246212214
-2123992548924605839
7682027477926250742
-6591790042264447835
-6755728959937620139
-5768580756935496539
-91636612855569840
-63884085017236607
-727814731016304198
7489480455299997895
-3837200198198379340
8019704834355148842
2107005158426902889
268043319505794080
-5186527949669636569
-7134645886615835116
2294730730353652115
-3958656123358218883
5388071603975706260
4264764340815559265
6636999083050207239
1889921620892012590
1948391531892365113
3296606525159277940
3877983361171879256
2199979135208079317
-8132057014742525661
-7388271723536421280
-5106051988536995973
5302977901522552756
4699822347171387792
5481540045183385396
-5502641712034868578
1641053634958480639
3502375751745861648
6869472740755445304
-6776793640940301261
-5384107861586797503
8431894541165743356
-2688580240525331652
-6632167309880497705
3330743406932229400
-2023549686964624610
5427474059412676188
-6361786676251684504
8722553324456111467
-3378643564445322729
6537630245058609513
3273410170579749409
2289244966448511071
-6405287965659841829
-9180131239341177689
1783497463799485658
1999106847702681934
655159355565694326
-2254525257005536194
6390715059087283528
3429789415951229860
-6276816879470747097
-1129005766923823294
4985683670029586436
-3232396704217671187
7044273522378505275
-8704296016008906199
6065053216935518321
-8119958894077281434
-4420110917524777911
5961887237908262058
-205724939294994358
1857670797201960683
-1090716911327317504
6183479804359301985
1303209724694955923
3893527688844861076
-4472983566363857972
-6413825741308417701
7736109007394628348
-7740694498947623061
5926924816198104574
-1988597091851943598
-8386162413780656710
-8678357711847156906
-4997262500574751877
-5371594185615734339
2839844091653403377
-1857962944143744351
3005436059150842320
-4780748735209757998
-4397651660127604677
2640106363360549744
-3371664744362534235
-5896361711691259937
-3453790613292700636
8785526096814976898
-357584772569215226
-552167863360976726
-580403189289657091
2144367958534415797
-7493535850232080030
-1780122629273860617
6254154266531131815
1782474130115202386
460841562195350459
1746374847864495345
2211387422408856748
-8057472877968616434
-7418527032696305239
-6000679659294417683
-4405411032003948847
-2949027828705208000
5391419539757362339
-7571909733179785510
5259308450461580175
-681095683306853273
6329245119434515325
-5692799404972683324
-5082623292389133943
-3515295895123313750
3145637953149453224
8049570401635593712
-7001166494042114731
-2558037124513938551
-5513521477485084575
3362573484819083761
6841190899072293840
-4264051331559997826
4590031654074876940
2815387434209090041
-9101593314319179142
4756639574118424917
-6389080721207399336
2054035680427369078
-8073059204419699569
-4917712240128753809
-4965023964635319499
7303209502969399736
-2469522302171028846
-1369314838318890349
7931556820419756693
-5537271536756802165
6796852303324046541
-7648977567400435351
7022402360000507043
-6614204712289286912
8197531122519728192
6946540663119489274
-7799411834847563733
7792296219314225962
1987153623857170008
-7657699935117069716
-6584479946258463645
2491609653823168014
1779334613091322587
8901556103275666240
-4213496116526076713
7220841896447581470
-1506047696929079313
-6650827955950835508
-1387646452552652055
5512142776566064341
4388656861023936512
-4348176093623274012
2181278484270313808
-7087769241462002176
2474568097873599316
848205835265054296
2010432153269044992
-3328856891952934713
3775620463461116771
-4214379713194753583
78250717543750474
-6458882492885222534
4386405416061842490
-7766552608497025482
-175744751369271109
772452827077877332
1864668491335960124
8535411205714318769
802941932456112298
1391333282164548500
7771387521893941257
-8137293270769533763
3472152918065278304
-8392114211736422018
-1649451860357827291
-3813241681464779408
-4949195091512374112
5187632400644055907
1455233377634525973
3510690313738436090
440751946068240948
4872312942271619160
4539941904126475883
-6515805733836226673
4719547626134227617
-3958457727789632098
-2420586235792693132
-1413231021631263055
7181070872518053809
-7625496148105221925
-943675141184041376
-2029652771716047156
-234705617048764650
-5368711129111384581
-2441092795088429333
-2425005557361571582
6718963487369120461
-6431618657729134282
-7745559650739243444
4833304891447212143
-2298107770597130970
8460835510149740480
-8806377847854898396
-2160521297985533642
-7234307198954128270
-3432991499536045731
-2213638850737037666
8435954816075368744
144635772988793458
1117881253610997355
5081999257529841098
3849602654072529145
-5408792622368672515
-9157308185664483884
3762076592584630169
6926237545100440984
-459330013262604667
2626427573804305555
-4245735962949578626
-9158074372137947344
-7144960752461623647
2992654356479810368
3888827069269149570
7596486476421012244
-7081205761413153823
-8148065009549365246
6313668018569587290
-7552550740614574239
-6791878870008860423
-4099919914176122673
5241406332200500918
4731138372896854925
-880506248368051558
-2543819774107741562
5540081728689790218
-1933658892208952847
2078117834297820642
-2548007116576142196
-4378599259611430340
6206904517489265097
5709632912677731455
-6337125693676170656
-1215890190452021645
-3219688480757223058
4075520314222047356
-1174735415738757246
2032733957083606982
7857199633607217304
-1971807361566373885
3354841651554945417
1920526417335982496
5205588277941623565
3714202482709091383
-8283794977354737720
-2537537740428933727
3232332610217402044
4319667370391488699
3548758382443715727
-236758532967170769
8693109240391648512
5721893887672548750
7875203886257001852
9168759100757355783
3879345610158804542
5561497383386921186
8395414114136627975
-4117115115592455181
6899850850513221100
-433010554494434565
4881049049142056199
-5813638968999315555
276177589625855473
7127873360182278505
3286312023262001729
7301307187086740356
1341891639086280464
-3696450888709209447
-25561535084355723
-8614221399107918996
-8064859354106499848
-449596803707445962
-518238856736433377
-9020676411767760608
-2211582907059339656
-3649512685147093868
-3364398920111009051
4664659557649697817
1688434941101941029
-2342227236830831108
-4391324243895027890
-6621088078263416133
6724176879967706300
-4171121629894457034
8467472185152355720
-4883443963934335498
7815587347497782867
-362000028506286431
4584502507431414343
4719221472128710103
-5140969618747170953
8228000299326533888
1891204273314249432
6317759349488152865
7469832338328440912
-1176724350726518960
-3904765858865152581
-4220739871738091365
-4659228046009125237
1674565456292226545
8077421922347229015
-6828479339593944182
-924784595559247361
-3040996668845291720
-8385365380099978382
4129868031078698451
-1945443823207954008
-1719995659520445490
-1322810818904203048
8118835105419833220
-7481051688106325395
-448668243063809043
7727195977504171173
2443473447225717854
5280777104244121049
8705868826195720775
6886163476479597279
-4814509547421481634
-1063124595147928922
6822730285034548702
-4976551336195260588
-1641643457073641894
8300222065585034514
-3193497192012126589
-1254043747006776236
-3599217789133770748
-4088546138441415844
5535780073190910584
5217119521014868211
2662598434014779516
-2973882543989588082
-3579027543650146488
5322662187764659104
-3499740034009863648
-5175560191012871811
6993894415640250124
-5751619700856267550
-3794897220490672383
-903839237304910118
6713433368646075136
-397779780120080264
-3213318206490199088
4850082767663030627
-8399937338384243976
-1629203822880611196
3090179629879809111
-2728052164498384767
-4295043499100174379
817296122602033503
3021910811519887935
1716704532911672836
-5778573609130515169
-2395927414119744866
-1155271055783266547
732076103725082634
-8856078949082326232
3906074500135332919
-3229102188639442551
-5878372977184332786
-7891277464810374588
3237531178344653435
-5860957992109584552
6358607376944536479
-4772221360646425624
4953330809466060936
-1892987881289331392
6706405047683376041
-2604130996600828901
-1544813918033067051
-5616793934454301659
733654207473880634
5724900103295495312
6898474339755344627
-9091996966630076197
1704657356229103644
-8632999259471377331
-1116135512662073675
6145950270686802566
-8985878505038858807
-7158520129002421763
4270276862536530818
-3566425436636015871
3028908193553182344
4404475794015690436
2488466344853554153
-1453318183292264628
-3791479882001859972
-1136848937443806956
-358827397478066920
-6388259813149195600
-1688436742877725914
4958612541774635378
-4853030202865905306
8724959738138754545
1469723138473619931
-6704807613842717367
-7143622098257908493
8766420607518100401
-5343632726948677327
7854107684146716415
1550475237450019038
-8992965633785183870
-2091868626523749013
-7313716924062368142
-3170328799427559111
3033950364186073846
1192716678733262118
-2630747780073038206
-457793843322644594
-4346193296308486010
-8535297419747684827
2890143865288526435
-6950848533103193372
1754776581504791249
-6263609622830963487
5763642148537830733
-1137567807398965014
6662434322132804848
-1179031317370272935
-2030566851015630686
-4538645835325163695
-3105968612453299075
7032909945469853853
-5568077804603974215
-6575185943511048938
-1781464276810590622
5256329586330132707
-4665917895095498128
-1911808394358182118
-3414117299140264192
-8882382866317973319
7721492694135024493
5544538226167488177
-6061394734945406128
7425273170382022947
-307260999129924356
2322676779412872645
-3590225331191939038
8122081496299360321
-8180543771445966798
-8333072104840682164
-7137230511420022472
-1925053301260002817
6396665114126562461
-3784894755659954176
407271151127005030
3300016932004998200
-3239521840310502029
1174470055364581711
-1035722341664454957
-7982927615236085213
2198899864254184707
4891771171657272537
-5698012761486846300
-762472727223884192
3210533557877607408
-6726409763907284823
2829874770532464951
-4088751919190656031
-6508146973114749222
1885808524675685458
1183090590437665017
3837631943665861671
-1672822721333346564
-7763899448952567293
-413567582367766503
2098397288873328416
7085418425778140747
-5305611663497711259
7182283757021835382
-7963545299578810063
3941172388008493408
-8987941525177825902
3555694203241876782
-1730851435062620831
695096653888594541
1544872691585296086
-4980839007336599294
-5692352898369587177
-7559002851104942320
6731728825405050877
3922978438639473352
-4825543318896803390
6820207044180670225
-5131035797685998993
730661589659297107
2597084238426042951
-766022527691546247
6727287730946287041
-8378293871750201911
-799538485621082758
3804312636556238054
-5225784483049810829
8328963687136263033
-3314484001976357221
-7000873554414374369
4245360674280050119
-2477811763862162376
5513103349243124458
8010444382866620778
7271237387507138259
-1356226710843942001
-2472048472425197928
-3961681705153343128
4265312578342906565
5851352059472607913
-4791592763256711450
9198254471298965381
-7479943734551930306
5916110812216319668
5615790550580229252
-7218060338303941895
-347616615097620037
3875708473952399801
-3367212657218379120
3289415301456197702
1654940852868344585
-7550766126525789479
452663680478886267
-886460223320365760
-7088585946230079498
-658848917184577200
-2051895613610893509
-995753726319361959
4301572252727117697
8921879580510952068
-6271252409158112869
-2374022454737509189
6281613976670778390
6918695843506249181
4589667634970702632
-6851874151265706639
-3040736532745668991
8694094957079403946
4007780636534263913
4619727666600239293
-716707541283320369
-3726333977224860592
2356958760124856963
-8943888395617377781
5972523957296680779
3738876965148840713
4732379004295656441
8948720750931336110
-4246781724623612765
471842054617525692
-8925578045203317648
9150123978850233362
-2835196939234446423
6591378369758767686
-402634566033367807
-6615431460785132895
6530234309881580790
5373870182138311633
-5729631350531023624
8745359814716801278
2255824327267883767
-4660830262086705745
5461163218014288407
-5403994237018347983
-502491163121437526
-6279884573007234110
-7817335023983814422
-2218749660699611201
6319986217201830619
-3417310831833395197
7072011671694436823
-7539474622210756690
4950046736099055194
-7752273877672188262
2151939971772241759
-4276961817155864303
1746309988470015454
-3058014315388844174
-3646196012850509450
3389437299615553078
-3972261375659377598
3083545134258152213
-3565808300476585021
3435348727844712586
-556788710205938699
-4240523869427185498
3476859440319944251
-3828320143007567852
-3653816861591864304
1413381298662739995
-4826714385974923228
6840413274738326645
3074158797872454103
-957551629369377336
1585279458960594783
5570859778752191960
-4814013818916875101
-2616183073698880070
8296572836992007363
-6442900657779498359
2030991531094743927
-4772913782273386500
-1499328900715743978
-1104707241591492527
-8898203744312612425
-8889530040394720364
-3528594246631104701
-243741325228497912
-4186947519564690547
-3460554052684181804
3785539872366015303
-5818968217362231305
-1670437663355650370
-2455340125470511730
-857498677393366478
6340724040139160967
4859287651464929754
-7446275364705353270
6770237119676470133
3488910341462655545
-4754123239198083438
-8620213865336576115
7378101473046606734
-7530438094277375467
3418435667721550276
-2682273711685965407
-7521509680574294940
9114027282846134907
1945686588501792567
-5156900500796854577
-1294953678268317361
-854478574975021041
8937635746977483889
-582429859616843306
-5712663838823103774
6808961656029398809
-5365082853995125625
-1886641610964056042
762303083878428693
9135399090373587044
-9219079960872976158
2652993875472276908
1746752745733193380
-7044204121734953495
4049436005734375643
-1594988165647415903
-359815552699974428
4234239237297076472
-5465235719029422934
5815448148992062211
-956043530180793735
-4202402281160723103
-7082634860256155821
-7821773720349828978
-5904766914515490944
-1707384448947170145
-7019949061091690385
-264249589397240939
-3823460908269281103
-2016923727513990514
6319126351291004240
-5156401222546401867
-1399229583083990440
-434796968437892959
6302303767745919597
1157822795222371545
5707920878334484619
6482239959133633356
7530412135027710632
-8216015698026821208
-9175575537622560160
4445992704637942686
1292651292018034216
-1904459593100984266
2413814807597579560
-7417273876079917636
5376762517351553158
-447131007929001475
7750263687377686692
4278199074204476399
-790771811606617208
-8909755050791377431
-4764869472549861916
710126248773599659
8809212545106057278
-8540295241067550304
-2477447326569167084
772497262507496112
1146018345379230753
3942263484475065953
2096666735137383724
2014185327881594830
2551433660936374437
8895870201245217113
414745795547583616
-2843169925603517044
-4155642111991484611
-4172800117642624462
8197964508553071905
-1832491146729834939
-4298684238049633473
2382751255475259633
2601149250629668063
1307518674765524087
7212218400275036130
-7796253534029480289
-1333833928072510707
-1418816784180036129
-131314281926675177
6989472904517276891
-6678513351952919243
3998191158628829982
-8881810125351903914
-1489456300399455787
5323709780304785645
-4336276950753231698
-5072327477136375441
-6712421693941802445
-5180176031318371031
-4791933170862740280
2194026390624409970
4648954264980612004
-186194450407333127
-3878153072185508570
3396551101462598739
1696983994652079605
-1732454097308647377
19373908967263029
-3530006366394594335
6175092197898189948
5466045105547634213
6264368000552197719
2135015748616524366
-3967025808639069835
-2739089322815229149
-3992253512167227119
492900193926841391
-651348361253243478
1385076267357131968
2121360267964610568
6332043083706615765
-2439310671762652897
3298195029876170827
-762194799560288588
4661306403350586199
-5259707274376643860
-8445221867046445609
3188034126401443469
2389194533085722114
7868158924158061703
2196932882651152713
8626460435893903934
2639090977082038838
-3502062135053259010
-3238117236755206313
-8085896485738697364
8276527520099719166
-4140900366395820665
-4152916170693848511
8348346124588955060
6052486908632826984
-7258924695772716369
8055386976203095295
8983049079893370537
7416063857200304072
-8956848336209361000
-1181112031565728156
-667919232070040208
-1986831225051385339
-1603101003870271164
-7919686325881449674
6023155304944582325
3509055545144356292
1469532416498783790
-8177112369906892032
2200074984852949674
2665343762194945936
-4579790944309843938
3463275843895162851
1604224435579789791
-6115729100108284171
1446781735882005877
-1592766806164006288
2320691294909961389
-3748669132637076584
-8718706271388781213
6292042107905294472
7912367489383737553
-2145336494685712761
-6325383364228378068
-7672303765179597703
5385799159024313762
-7719929684767910992
8152479660908591598
-3005604278291973420
-148739718781381257
211634540864062986
-3319952288199780348
3738625150219512336
-5002498737109882513
-1145260055779168577
-3904667761614014726
-9164673866953165906
8109268548343342932
6122199818408845028
-6710121465259303074
7459761813264317981
-144897141241905413
-8647226379335232616
-376924618746967338
4444547065806950829
-7493313226155388343
-7296051903683595552
2075208500963656344
-6617998551802511397
5879550487250175801
-932348580711246494
6607865644006814421
-9170578552232211819
5414106062961595396
-2623089842708284837
-89454327817671791
-3054339871346305100
-3123731050669338942
503901930784293685
-6533504236929303296
7061090209378195099
3587888053329997337
6130356848806843244
-1733425088744745861
-6403778937159145933
4253358321173436996
1329967447135015258
1130817544749672722
5155050835978463852
7867055905185100334
-3035718331399677125
-2606543729267136608
-1613279059829998004
6327841769561003351
9041856066154486763
-929538891809303582
-3587582697768314445
-3384673133058889964
-3282435672176973706
7878209862174388837
2125935045090927020
7813245685151041867
-6473226613384884010
8320908983140234263
7310862511472532703
-6682579179070575738
7131576660327537365
-627933987553266541
-2127965770409296163
6193088765063076842
-6559056136578023039
5107063783464305451
-1895844166807953551
3137839541884033645
-5831650704709750603
4314858380191520829
608733589390018286
-3585623173322839928
-2035346063352522866
5456943361328018492
-2291402393712610630
3080628372731953974
3363071217217618387
-4008898028360789545
1330040167228638933
5058876880680706254
109918044854410308
6597554211591310183
-8127391835075721002
2230263785013767292
-4633449747849076928
4854121924446164961
-2538641153800074138
3051244780865697888
5716163377218447601
4340705600906682375
1071836768692115867
932913208059770376
7064303967343782639
8447866129725877945
-142684086029132640
7550907342349484183
-1749248959713479617
9148963591690487361
5596944450347379919
-7490057850675574685
-849844484014805248
-5664663776943619349
-2372536484937991661
-6274447593699240233
2133955441296274973
8876317520281941532
4781034042847097227
-2886486196054896139
-1588000346281750574
-7410806879760500272
3227613896144404210
4997253503856798206
5215119707382914453
4406033165877315623
-2235739447405260974
-6435437635913583563
419651654672805850
-8396529874758518307
-5284372860130989267
-5982412628623608049
-6957070840914511020
-3555384145541301325
9199812459072098110
-1034102119675848336
-773713659385508893
-4633687778778465506
-6123469462857916106
-1385245440129113725
4785885471937100473
1328144750278026349
-4030347595857517626
4000529816452871924
720241974747591595
-685375546227967895
-2764429593242412245
-7760337151440624753
-2597764750015755703
-6093774836096151822
5176408007925293723
8883125810248344606
-8739360147648275838
-4770398441596540541
5380660993630017259
2783150275183014425
-8827600406745695775
7274177236395687611
-4699096287784203874
5851233905823456333
-4355264428253352212
7330516611308266896
8254128321715789567
1059313223377586643
8086721334575976870
4653981293703833348
1782167484572700850
-2338700633680119228
4141999973076399506
1738023136113480525
-2485202622878484710
8314228482622017991
1072847251573570786
-2630036735019742536
-7157727297170514792
3950674242518078070
-5804566808136972844
3538928234583831724
4754878261081545610
6161858009816081651
3376396100619027866
8906224627676440828
-3611377716765226865
-893982137756707578
7894966283582163838
5652132914615915337
-4898562733641795825
-4658130924653439274
1992500146903050289
-8915225617088262054
3796028905234830727
-4480485994847652644
8874928084140267450
-1042637018962784510
7116049473438714702
6475017640125493999
8573746391217733662
1621216188235268019
3470706828813169411
4982243257177470622
3748625372120093153
1318387434710020537
-5787766013532862890
1560007360708521979
3012350256765744949
-2942495634628366501
1746406816105591360
4208783069852032785
731683118831795625
-8970919777809942327
412529815556267245
-5009891866663282569
-3661781505601445842
-479365114064410982
-7857792003608778872
-4700831071827976031
3103133291211990465
-3399384009548037306
-364396153625798780
-8195587305500713722
-3262683782215976163
406178903097104131
1042937563679119253
-3011233980039669611
-8813324976885331631
4909006552856594119
-6133534113760720518
808809649061842790
7079608668294076020
-8039436599288762480
293381135107545361
-8150074203853884099
215360024767128873
2174739221994944432
5988070655721498871
-4192523741991535628
7053065720284433246
8467610993627730623
-8319235988998973340
4699961061803790066
-295822167110353184
-4672458033216247723
1431303721905587320
-8840133593587454345
946453114031476937
-3843655338436965038
8051094931189503275
123184152909276159
-3133060249417294977
5625372743271520418
-6642233872642628704
-8759971542343995169
-6261600636182223917
-4334376338370312533
-5360277756407209564
9063218971760091062
6281762801628210153
5345822102963775167
7053163659897830208
4428109858928154172
-2872587999050747176
-6662004798694440744
-8039574896998985595
8792689070806385912
6039172649872436499
-8944606882572030444
385063727700933487
3645194629545234517
1217131176608578661
-3287908757195520749
6993078538382921153
-621909783485526733
8110813446666189830
-2998002188404148721
7105305593841428816
3983148935951601697
-2283203739640143463
-8909563929413935463
-6700053685485936755
6909060903360519830
7400380511068554115
-6091488649802965424
988168497074717832
-8211656773431337206
-3445777882210445836
8702224124938590581
-4685219995169997453
-7874788802623783559
5857406418409301418
2868455721800665895
-3129482731695138626
7109105396475373526
2659191396095483826
6554435900969418108
1670674406190610137
-1247651616339035931
-2490131421428140081
-2144739718570045434
-6805228116294461853
-955923704801482149
-5979029941755272215
-3884098611182243991
-6603648913687660543
2950904036864465351
-2559707128574809456
-2595359443343783559
1506900971852533123
-4806178979004201249
7254801496555401527
3211692842712157606
-5046218775184487411
2397921056432067757
-8098080133840482873
-1420890243311241174
-8443220292780938033
7623705425834456232
-636381460880589291
-4995291742408453193
7105945362560175254
-1728098942420008920
24606987261039426
-6319563816063658037
4085661866049187469
-5944442555521584194
7563038590443914116
-7473610815564315504
-6394693152728737687
2468275986122069086
-2979774104977907136
-5732361287361337439
9026739567269662271
6466932655304602753
-1314399084173365542
-1390145958786183666
-1973869195807730860
-5972605430432461643
242016620337612876
-551778060016930593
-5392659945536448956
-7568079264568901975
-9173423238274567701
2264020965155950563
-9031261403592988898
-7091415877307631334
-7882284656266283361
-606354998117255158
-2304220949549865595
8215902052711205568
7197272959308098208
-789622655511356104
-5950576634668375889
-3488281796169379624
3959176839498964560
1808552389252558626
-8403474069851201634
-1964260895874055987
-6467520574069528810
3991005507416732878
-7338129301938057049
465505506229868234
299195233416689041
-7949815097791871385
4625866041310298175
-2439902471095940877
-5683240823527677350
-7329903254865655223
-8459466064265315366
-8946849519248295007
719948856488799669
-7630555793812979216
8121886298742026446
-3337611415029482240
4308615523740906084
8300365599514732261
-6178757467787753381
-1822018230744243296
-5626064065147079664
2859040533526300355
-8070951145240845231
-8595295880824977703
4888921511778029230
5942356576771465564
6682260094680448356
1087633567875914520
5317435716029372619
-7254203601973785152
1919381478147692870
-1192132822276289879
-3689608457021995402
4116900968972417508
7466236154463017079
8948168075477155520
2506463239116330107
1736067253219520941
2647285242042511512
7624733267971570511
6929981980889284303
-5427968069341796702
7622967263739826894
-3090328064424623311
7176471706308963115
4019366096607403489
8860239849471995697
1400133513115138209
-7116433124372886429
-8217306148192114124
3654863863559154269
-3724802320532840109
-8889261880268089339
-1607171194052793366
-2657239515861325945
-6666565765539009452
1115568450895899397
-3742826440095500292
4093345854019415134
1908845213834736817
2626063583917967877
-8829374114408493502
-5857028532001498933
6652705119116322032
8363023551081014829
4005880291709795873
-3789981944644632864
3709879635926268406
-6219746479495057277
868906194889161726
-3132885689598693869
7651278992613876646
4170690380804120855
2003948634188877922
-3852101507910288592
6575601960571151538
1421429798170601865
1994740394712544712
-2705057220274812590
4960075796796643709
7657550578204775032
-2322300116835452304
2091666596498016805
6566765455721530958
-160653561715583072
7015201185421880557
-9156225457374633717
-3679265857504421225
175219191767957104
-821282877509445065
7687279280171530319
5972198922811498506
-6061291830444223957
3418360601212393196
4616839076932704032
-5285480523006640637
-6882524051636293898
-8006748868523489923
-6109086623183721419
-534482252174798888
1379301022432649313
-4445458202745979502
8142563558670674522
6950315097896710589
7408387692043171327
2475952760643715517
7845620650903495864
-974995293791455249
3769978148864508274
1306402728262871726
-1336780391845534324
3962529678617068303
-3588765153809782467
3613715831130300537
-2129970415959476873
-6304430699083617889
2228173725714556956
3156058975214872251
2891468105415544229
-5396940848363804254
-2126789118278035204
-1034362323039872409
-2545326904827055436
-3963686407828335256
1950349612051749179
4066279213511494777
1734745275847606324
5898272879712197019
-5711114956023077235
8017256355916988023
7030516326849351730
2177050041948023254
1140637038037485973
2878200841543708113
8169294797818750378
-64497689687614489
-1672212347396469511
3874667558672604269
-6082555046318048795
-7151355737804580557
5177565828019369650
-35029554113250077
4975623457489624308
-4822011499688340648
8167504561719984928
-2470433521802850562
1750045139571450066
-5237345993847041411
-6190312464151055691
3906204303750972622
-708273120252308659
8757305001193151942
-5489254630240697659
1582922718987457911
-6762338957820021190
-8142544793197292486
3724635504557374528
4057940475055734313
3581366204101634306
5270085972196098094
2353985550690880529
-9174132659391572816
7631018686500426161
-7482992306485351095
719838473070979446
6159607365337499345
-3075585395876137440
6592490313234841493
4641077565021744202
7246678297244197536
5869780734301948445
-532626179991794983
-4357268181051859508
-971626471083517556
3573537125212133625
5039092199775671039
5570761452894355342
-5116732682138737165
-6714596915916361962
-3008758434763833189
1794435297769472043
-3702531940197972305
4913122660747910802
-5931884292149699789
3235208655966113182
6626386193027646776
2510460672922122948
2284245655726466075
3573861380814773063
4995940708758491275
2764015301031667570
6078068871785830805
-5567939382471550861
8784892826147314477
-6943041172626278752
3334145019447448824
3171189121046103528
2279092669514046399
592492233261487166
430622672127500387
7857235781554039286
-767644647252094711
6148047359399994959
5283496735214351047
-8417025522277705563
-7699971471759319087
4438240807382457764
4379472740448147608
6223770721348983659
366500225687747896
-8847806467921177567
8835384809869372745
-2611029549655901263
4306428833689581186
8856615497700903634
-3273141362459948623
3493642372917490878
8775172405224487050
-1600803378088888256
3651701094354117531
-5347027137413931811
4608626946729061052
3257733454671894288
-7720329705735804281
6094111548816009737
2783807466988758525
-261425041585015716
-6149244084391089558
-8218212662743998322
5043008920917574606
6065164000736229284
8574651298653938653
-3662389464635169103
1224267081707769703
-5442669292719549668
-4259184474944572517
6230292267552408083
747411923595644297
1591359445059473430
7631058857250870711
-3400775624223641115
-3708206676089791925
-2100608250254182979
3376198147420405110
-7187309200080860855
729309923826064320
-7840536656811063756
-3294965236343867314
-203129664512394151
5814638547214844014
6718972481479804464
-5533171655459851341
6614916808592618699
3140359035602483587
-4798335534226507591
5676818254302542496
2543769999964016139
-7852568409283429940
8409939346330268971
2575162206650235510
1123927171908142455
-4998286722506860193
-3135599259883667856
5078635923970034971
493548128984839472
-1524458594881133331
4549837509454856153
7161717896083051799
-5312273917160479062
-4513557726349266603
-5097251433381417960
886797761982626250
1561904397651754949
-9128060649722731886
-7650925470055840894
-7162459186297566139
2255990768167719890
-4629061057477851782
-2728428464422336306
4633814388766939188
-6931552758999894819
157332785796570913
2957511736123497686
5661080009845832942
-2458798856138686806
1124822237081168881
-2643076174718440952
3904524084659956358
7751685266286339706
132326694444442482
-3737862439102562573
8375461157432039993
-2125232951759245525
7700920430748962527
6778149434447302736
3271095081813214321
8785492807966514722
1034367500581799920
5048315884434595744
-6844366651823211780
7022500394274215015
-135512717477429299
6368508396544816871
2375284287707948268
-1337411883554295212
-4570577867274515652
3721118747391811887
7580011898026442298
814825779999024850
-3247032466393866539
2045644667155072693
-4590724248503941043
6118962340287767328
-2745087397857756262
-5957350972774495310
-1929058794132403048
8371555152474511540
-2369659459311245332
5491318697352000232
635338674763194686
8116914177996560476
-2037607952693441662
2713660702194678721
1172478341058945688
-5506947794249590478
-1523230744591868290
4642846665023064717
-7541832307774011709
-6548281349569650348
-5625478998497679673
1830149166257260536
8706569793074930123
6727383104197091803
-2692745531715555086
-5571742230728515428
5315175780180118421
6712638716974771066
-7655972775516495082
-3185083637258550358
-5391893829762550207
7707812579498048065
2254019734084122928
-1970915291241901428
-6620778504749910498
3299258414947670175
-4683144531345117281
-8561759020412780018
2082399466631893393
3601073178476906436
-9100316908179156808
-8781513772979207457
6232571152398214018
-1371624880773261501
-1009788764908842946
3244980328137121326
-4402230422402373847
6548391381025924353
1400816096320108812
8903671383946044092
-2112681285346136358
-771630503455254071
5585409484339713653
673086459190396396
1687699249040565463
1777639923419480111
-7142180065150587972
-2739915508242244300
-3799653692341465874
5353403851478750483
-9049376006764091134
8359944989453964701
-8103270166392612304
-4708552132271931972
-3978939219906896911
7322584508700404253
3940020850316109292
8885523781716227823
-9029157987320368753
3808993298828703519
6324109294011921029
-5084845797263638909
-1783130391710606346
-8695369428152816131
6305137943808656264
2440411756326788320
-4303909086212458605
884755544688551373
-3846415196955710999
-4811609330711066538
1413590876337930562
-2636463090635985899
6740029256428400946
7504281000931177656
-2787706140122327446
-6570593650248798470
-5142945983855024720
8881266651064500779
1801794831819372277
8696257563539355289
8887165461580618162
3546582364377411800
452593970169692648
2399899076663027688
1702169627268890040
-3461242539623228218
4521588998755132226
807438435669073811
-4058942621113070996
-4281015818113438295
-2841266694937581560
6120331041009731386
-1266068516766571099
-4389844260377850557
-4276560671766478814
-1177190016999607673
-1558459013465087859
2355302528576382218
7464519388554902045
-5466854601193269559
5537650657070635326
1746778208313059176
8682360872927854195
-5486917815777363946
7205520087417231448
-4411631991348575541
8579364829734241352
-4596821452520084819
-2461240268779762779
973556156161292092
-3502995828147336191
1321927916910051265
-8779024290728293893
-4508592779572712176
-4815394879630404801
-6325398991107117216
5503545734764234394
-2490985800193540863
5455516225535360038
7157977382043811120
-3643050028245818946
-5245603740789714661
-834184523627034572
-7607270109430671871
4748193280091889088
-4493689364011477385
-3883929321438953506
6864839845182276930
-742097644145650811
-4471660663511243739
-6935393504629082442
8873365970279688673
4455219360053278352
-5140425312608106544
-899866151846925129
4431998758700107009
-1450376055070049348
-1632462719162838765
-7371618692958501137
3399636484241361432
4069551327897320495
4471225271913262361
-766584138377818554
-2251528073300407238
8923668055813043624
4495591332211168803
-2362846575823646868
7214623074359530852
-2871283624009513279
5407213058770111720
2042361944078750355
7699548178619611506
3242617207856091106
2103571978108396544
-5658899958645608385
-1885185861880117154
-6965950489398747592
-5687365376624082078
7648760743569876532
-4032928846150643517
-5651506823454809518
-7060423014259191684
6235851118214750764
-6135130223351750889
-4255366708677361341
-7961745368425176759
-2627800834519613289
1132980404640361794
3128942187809233991
487749212523853368
-6421183483460478240
5887794969358798147
4922214117794959150
-4090939077453355827
7784355854270621262
-9095508655782314922
-2261818987062074844
-5143834278190323932
2040596827727017372
-6957323115912337070
8801977712132559730
-3241770283488372884
-8360099973343856809
5280951254218864482
7631722067620320403
-7049360198478426539
5375799480768907614
-4457432626803669295
-3972306944299820455
-7577335098406249049
5149995311834942759
574307772025379656
-6596710156664738269
-2782256133493044010
7122322952511344835
8126528707520984124
-3227675782184181285
-5230165387510607412
1245465868107271267
2804478868581357839
7111929489681279468
3679173481399769744
-8663727194480629075
2018552043209876156
8150032837559146746
7940037596632328396
6780919900337193445
-8526173201904347880
124859255675971896
-6167397267929728401
5906730591703846298
-5748166942413360211
-3166427149877090192
-2796036259547619922
457631519771777767
-8630422493763646106
8554772986208913843
-6412571543922816765
1447690689882736962
-5864251862403235886
-4575288234097955785
3166629839171552715
3958038188996941321
5791186352035372946
-7294420471212726765
838280149355528107
3749007964493224338
4230009863628499180
-4325129903338022206
2739593199488392466
-6965273428887118013
901180498973919093
-2962194689202698723
-5604827464332708066
-2985991500216663185
-5672306670964729883
4809719028668774157
870948100662487333
6459883517931444482
-3383690071563665419
-4136157601160315158
7835230256012814675
3455537340414419653
3227772049387534407
-1799902255819145589
5070269900173283303
1650754074536599358
7817057442014022088
-9126985786672937794
2037751094376803270
1250314376483397335
-9219252629700142160
4927918574184675254
4125255675277713762
3163704086988479008
397613496652375839
-6853452850547846721
4153737709392726161
8503639485980634152
355390387720578809
-478919102169365445
8184725246320553186
7966281676056702222
4815671487051625154
-4998557810148914643
7818053239875552942
-1808868229732106515
3238156804211741535
9189760544508850764
1720783837132524118
6961738971728294914
3696871123325546185
4056278787303593369
6568797604477118917
-5236121740948436048
5458311160178011764
-2630974347235283085
-5805258967778800882
3362269129155150872
1235544087600412251
-3403898351261579508
-1901264632404998713
5668332279415792257
3196820354001049484
-6385798817664813973
8545345890074105632
-4713376092816539445
-529398997361236749
2436905651624808768
-4079230675755668570
2985356922126045071
6137678940857053526
-452902547690511999
-9183159568229689538
-4183865063789543359
-533374258287261404
6134441039140144026
5146801795677611311
1534239098457590996
-7262325626112557535
1120837816452801890
-4812086502847444886
-4242408796304815218
1791410375739126263
1906882023774422798
-2938177060273249804
-2259677836674458794
3320956974929555579
6211380098111937549
8014024684372860833
8366622467326888467
-4765963628564256800
1884161433791281468
-7478700543336287087
7656548090452954398
4204823987001109142
4827806032030778089
-8134028118978807628
-3857037368113893343
1337876050014480551
8859834821708779099
-4623696948979597321
-4799807833421426392
3382142734590469966
3662887215836196814
5174495344695343818
1486401941455353812
-1368229686742379974
6811176521377122897
-10970942360625268
-2759690530870959206
4494466200260788888
-6843094333342886408
2249444812086817659
-366514039409939548
4825548975493579225
3438931814908870441
4477227595379063961
-3642309035890811741
5398750218612277927
-3250135694980380090
-8747502844827481448
3621166228692447561
3262311484648690226
-1476689448119212866
8184663379727415536
5982608819014622509
5856057326924233869
-1203392482273475492
-3688426818790722843
-3371309651066288775
-6553302547869590776
9116586729305125510
5294742114146928517
-3331757012182840440
8971460346126453421
-7773671568002278340
-8913253353168673107
6582133333722297938
-2085077260292043230
5740835342159278747
-7679261433979010611
1877979853465280701
-2161200958284437236
4710920308105273328
7928467133701799121
7989216098943508888
-7312752895520075637
-3569822037190076358
-6947611003765797803
9141213589627954510
-1969251326560701064
-1128760831814485
499446801844577873
3589782989830922216
-7539693071142834278
-1251485434298862938
-6352418850346005662
4776478795068216866
-2504534122343243015
-196881333074110069
1181980699365841340
-5640368293645563923
7355061636090280511
-6437706870246140540
5669113509860758585
-4980522144168523598
1067020382388160584
663766694961217850
-3701014380410032062
8552467096641011972
6536722248472985774
-7903754159799769478
-508239099463399753
6120625281177291722
-3436883459340516140
-7483577747882578781
-7238468730628540757
7536623510354439153
1895199711153704442
7832085312033507005
7823261412541877461
3696876452274333148
-2840862397942003927
2200831931957710344
1137180844181865775
-2867362080247590537
-25975786485673789
2342154105623506444
-9049611638702610499
6259959602206019334
-8560054312753564756
5749068201771148215
-6102451810092693315
-8764294564679043927
2608478195363014517
1789727308929244545
-7219553707892488240
-1428349612255621297
3973549892583581749
1596951937569749045
5123963462114795155
-6731741427996123139
5049958838823060012
-836816947647156382
7441567053240791114
-900688744799419085
-2904681840338389039
1737997527038511214
-1020112472243153663
5392390452719663453
6338541261928486777
1448816373808068947
4777370911603765467
7006451174419018066
6412202721426193896
3330186470569875813
7532454169132599010
4842054472750037668
-2837379815003922009
-7196535579469608186
288845771013293774
8221920039180095966
-6383281246310999330
-2898888456702916618
-4512650845734402233
-5137230548655489175
-3334991064682326873
5007524644195743831
-7520978776830112022
8151096555000232987
-7409326681743821904
-323109630640569418
-403089050967608596
5254601889451544988
7082785878926418789
4262745380992116069
3786218210240685696
-9081226042691452022
8871551642088898570
-5298414603906992448
-5655701125747574424
1883888648648569353
-7811230962898575079
-2064521928733813820
-1298115510897775058
-2124049280427205121
7256559874089664102
-8672003747299053650
-1513594872396663082
6501513658767913477
-3822302897364658329
3041290473583106748
-6230939030819264100
3682619567395806045
-5580555664499039234
-5235501944951279175
-1687711463776318202
8804646964750690797
-4614398677048934338
-2624679351495524818
-6322649063161764021
7137033921804090797
4164628425760502209
4679977249340530936
8840375670738160635
-8443877725167986064
-3511853454514391559
1672888495922231792
-8593879846213611112
3518383314941690335
-8228060389969607623
-6018499287142737204
-2863248817269387460
-8140725919260734333
-8256666752110063961
8381723060457892471
-310988927415228978
-286788701748082501
-6348543009898492640
5435241107371774091
2965395632817516155
-8746477119909480479
-674810371348002828
-1138412132775436138
6418131651180574202
-1547346995337926737
-1691756884668167915
-7926500900371638725
-1226625931259842620
-4913451530950364441
-481513210338642549
3567436283901522221
1469245434390613984
8107039701347133434
3690575921504375643
-2506382251234226455
6085923149113713075
2937921442239929602
-3281075556785539603
-3708821764688917088
-1679056162884768883
9162783574695660350
4395879366249111928
8717415413833444212
8770931390504265929
6959868183665340022
-8059489303086492413
-3241125172214616327
94537708955067954
-7168748849515686497
3418507397373388378
-4024626420338812822
-9071316235805606628
4209036375621612564
-1113492748287189203
-7699404547691330735
-8597866273150284882
-5475441807531373620
6171468305905091888
4065861479134173606
-2676170536914100984
5609255340285563692
3023254145855898001
-8002617953122402698
1318299947889373001
8179883315991461838
5632767553923835377
2095908298660422671
4818714646825137626
3128885638698596567
3047055586830994116
5376267965647742430
-659117283832729390
-3302485260523907886
-798454031591189479
5910465640606416177
-727853936457011025
5172046139743115325
7112712810358256785
881036283910738213
-106432178255019142
7228595927248354112
4635812874440833514
8201098622228507479
6021436267090444413
-8405897395034380120
-5303921198488795739
-3448558885358456859
6239556014693954312
-3025550030745895599
1127554261632789300
-6056126851108999616
4469388297678320703
8687778172958139908
362912277957784951
-3129232158320507653
3512666336742404214
1329987137685610483
-8848951196744109744
-7750063341010267687
-2151895638280495687
6169133478197660578
7634826851430792804
-2193450160759844727
1151691701973816995
-444634759473392487
-3177150421851335588
-1656302179614751880
2515896544850186008
2138248337825844395
2758571864874928456
-2992037383714758190
-2887420646713049671
4427503433585081019
-3312492087979129610
4194981420684413385
-2583780813439431634
-2543750011375945983
3057103910155427891
1870957709083268690
1162402634088081902
-6183766326796136609
-1230348394099153739
-730892327211741644
390995445974214947
1768350831324137663
-188604301243607512
584702988233087999
3842694987831126568
-183836858189083364
3469337076173901913
3339923411657412294
-5669069644168964840
5447360986382725233
-1322999660738708911
859149372389518328
-1104150057403016109
-1126015836106560065
-2236297434708930619
-4709079432739806953
275494910249225689
124537288372393782
5985532531238579276
1745391355322912933
-3076411320471157996
8506620525306047954
3904401883852809565
-6483031845910455404
7848831370179416085
4017725329311224940
429391254819704772
-6734894750830510750
-9148653669954711259
-8719350059595420004
3978505962691172571
3939421799282898364
-3343336877647550615
-8871756516100982625
-9210634794061623080
-6039252548205932935
-2966703888603502705
-3767900527420131084
5567067123023986924
-6992360099382407411
-1455194689770610961
-7406466043689354273
8847340811063115080
-2740710980959288878
-1512470613426661300
4811965517645214405
-3978898640267404822
-1656475029851306364
6227784821193187269
-3353962594279876860
-4182837639172672611
-5837538199670429976
948571189000691346
4956687899887974131
-1811602123417670263
7694357525509987050
7512432078222512709
-3231619900057112282
5040233501990732290
5909818005070156608
-4698556571647124916
-5077819775159723383
3514033613758286078
-1158869796143682317
2667153417992528956
2360670770554006829
742852202975886975
-5846342467614536246
-5100506724168338595
-6185696888778124932
2255612313807836394
-4404124064620469915
4222646466431642981
-5819026559209722691
-4946452767114374619
6420088651959277703
3252048784203235595
3218383975050096352
5998933937311217742
-3782475507783173665
-879302524528768579
-6031773096653361581
-4123694431980248165
-1766754727168988059
6036735599237747926
9018312628425098553
-5354782596788833324
-5899432230557610098
3327461706200658068
7450600244941444036
-7315769319407901939
2099556596129241421
-1833117650708463600
4904355205987476312
-5341071833876417076
7840275293787621384
-1335533994341442828
-4616752237943150564
7452397505869206444
-7446420719995148347
7969468854476054782
8644896599932913292
130011175121533837
5921517753311145627
8615112132000704103
-7273000352141016634
-6482040482916511421
-7158495168972149712
3198440804848049956
7829580846051065608
1233700600664340012
-1346065516414539732
-7014192625975963217
-3010811899100069939
-8942125828877231279
1617736380765873369
4234137717334801794
-6368977168848648036
-7047423943385681324
-1810820077935503935
3393569634571705768
-2625530714717188780
-8385955573552823552
-5710831391532441847
7788137767914837482
5560111469068778873
-4955574662257062192
8616110911967159805
6546244071049242424
-8227901880510625335
8539855737012741361
-9219956971808794055
6773282823845551239
1793441126187197289
-5362630312453112899
-2289296322827815233
7595724489725557067
-2846087005723976331
3128081908435272904
4656522037980243076
-1010450044864579770
4578718994526030463
4860497540243886476
4953112459594000468
-7637901605480364926
8471784905345440077
-8224683794449397418
-1306184575643014034
-2345794668779585346
7567490241605286177
-8213085094880987126
-1687226501963529208
3632169229059152274
3175652197327935766
-2366745683703200824
6760312565080241608
-6641837100443736899
8166279740022925375
-895248039423964701
4796241318670985358
3941247512891115706
6835815883553188917
-3579837908655859770
-3054623071768581730
-4599404532267006564
-7207003503020415261
-4681378779070279298
233489033480316379
-1053548821779047436
-6878036759518795019
285406994766893957
920806543690174680
-668263931476924047
933938918767126528
-4868179432628138575
-2216784145706907134
-8951774787422934851
-5144632166981924397
-5733317769443147091
-1979524027258212314
614344093425519759
-338109837892875212
4740090124997460691
-3648493941862718580
-6285873752458647915
3827998058862018586
-4992317585038540764
-686441166858645661
-6997321626272089074
-7956426574944459835
7604748819533542156
6971865212296574710
8494030402690984533
8202106244460357566
-964996090525974194
-3629119842072385260
-1284457945436275886
5528689540889391335
5956383129887529026
6290627245435884721
-6323240139249334297
4991030961426781184
-3165367359901888779
7830032845632822229
1406909387696561263
9082809642644464394
-3503423130185654952
-1553233183524960757
7688325936743020042
-5597011312174576216
4428332397721658094
-7597832119396202563
5431804713256776027
-206730120365443433
183901295721418043
-6830260212374202803
-6276326265295938568
1647841877818893492
6323928474184412283
3477028616447153526
-4071939203369679211
-4858084218622442608
-3853126016982505419
-7271380528468345736
-1163700615398232445
2532352498206991518
-4759082564042076508
-6864314019715189695
-3031578985540601782
1760822019136513251
-8255555793452544446
2654121284252442040
-6879818737056154025
-7841286107089740835
6296845055437854988
-3695246981955629567
-2903224342400018072
5961187864838258620
-795873495405940264
1453879300927749089
899556420932334346
6673875912235806668
-7747764140187994444
-6872296151521017195
-3075340885269498728
-2605824873465296334
-8483470428646271065
6562592015141596478
-3116006520517042409
-7607752717145230026
2765065994166022502
5856611116203248281
-7686510323485871980
-484129961030951032
4400630104070874758
-675192353332574622
-1833987310249673264
-8427471096578421184
-8642286180814147227
9150544853431488337
-8858707260669054476
7655806420305691031
1870363406957622703
-3155018860825964444
-2684639922730044366
7789616390644255859
7636356418387283562
2549252657895655979
4897792447216863939
590262339609732379
-8994718170097800997
6688035498777153767
-2808965918677279121
1133851596878145517
-6652950055849539927
179359613242803375
4149948671343408261
-7224707307449785316
8669658764280163652
4719219738409071042
1916027142516684270
4087218057658580675
-8336465249726059417
3393054522162713372
3576525339051820647
-6766816703688227214
3940809717521623965
4281241009148495963
4722956061776988017
2657569928958667096
-2362723840036232335
-3726105875087113453
3937609076572078911
680319897736833179
3408438112366576869
-7240877774785038956
-2681837458314482736
-4371832353438555197
-8880811742459326705
7320371061835609772
4249168470764163238
5982513811927157698
-4448392782209469877
-2430168707848649125
6606855638688884093
3863456888426474164
-2574308640354764637
2026701403103980501
-1258116160022658136
-5041737251290449271
-2490839169003673869
-2380175376446425721
2821883658553189689
-1241917356423730214
6583080165883778309
-3497848850017982997
6822218393250758499
-884034569262647695
-2032906442512019804
1191232961186520753
8967500188081380777
690807893266333745
-611384695328415622
69140700613493334
-3668004046310524061
-1649590562209721826
-7243234304123493505
-3674113164379617885
-1829685479476271358
-5657781512941805819
-4020618474174879881
2439323480891307600
-3229040849392973627
-7442356546995601919
3452400152144695579
-4281222755212804340
6822843753486457081
1538849481624126080
-3092741577482233063
6925714181475377323
-4247540726249643013
6962791878524952257
-6571609030504155522
4379981730134382655
4262966180859544958
-4777055366831532785
2875542175431193349
-5789026673718240753
6650357381042382397
-5613443078356235933
1698470300676958398
4977392256753850957
-3199430263445694618
-4943332403655361157
2329941949527971232
6182754748418984193
-3384846140214819864
-6362084112451007109
3147080563412816319
7827031299439252879
5239609627159503302
9146147394983132614
-7491490972981842105
2169094315448809729
-3775338527833204482
-4649332073623377216
431415296570856265
4327617671029039268
-1796194942048737573
5721202727056179149
5107476082887307243
-8611779626007814722
-2391803912567387847
-4729399104025175428
1475547507030000530
-4739791200759965307
5662639148276513363
-1614335644997872135
-1003562138176884928
8319392590042377204
-1957918700157673989
688702285174714565
768013375664808407
2156626866493873720
-6034116824482434546
832701681708481489
1169655300405147983
-3554220429410057424
2978937276471904609
-5528893593678469110
4835800528805702206
-4507333830162543480
1234352983078659970
4400122635918680144
1202105274733863104
21999386791520664
-731087269106755827
4491714638091407200
1004007213560311588
489945364279420144
-3999943144060542770
5068294879935175940
-2201279947240221361
245114075953750030
-7414536148042173689
989338746821058223
-8117587731590821779
-571863607461249944
-692717936985552169
-5320711080399951948
-58718325400068782
-5337462354431088630
7661791663313924170
-2255524066183227050
-3080223779088204432
6350665590031523560
-112736320126807593
-2974510161850498048
4240664322087337287
4402180756391449485
3793228168948716111
-6978137229586730247
5358301818787730610
-350593538010521884
4572016817583517221
-2697964744026276201
-375499880987293779
-6097225945356493069
2625670338482060792
8054397681564538907
-7731934742150651732
-555110815367289583
3753839629314799861
-7064071458857674575
8121387399254524536
-2322066383811095673
-8842624499065068599
-3571269618359757749
8739393152300605717
-6590098472797791073
5703433502246182152
-6019681189519039720
5901544042962258106
-3682479881972371683
3369527404608597668
-2767336312284829148
6290786156858130713
-8168167667302050968
204971973090740188
-7699337958455280876
8780969786231522763
-3273595514982163620
-1972670278518638790
3953136761804111884
-4623249259200659517
-5879636594020485639
-6562809490875189310
-877839307498325748
-8200597081879464273
592215710147682172
6121417494426263825
-662883682076441515
-6252306189739282023
8269786770603291069
-5112988931747839849
8258917740219404050
-2347215341722902979
8130094230980560483
-8301501104811004660
7865397990190195527
3488738540272267585
-6337606048229790722
-6512665111793560523
-1269821095610723841
6143832992719034627
-189659252735874191
-2988212428132793235
7259323632970379366
765519477434678390
-3489882975259688297
-3530801695046806479
-803483192497242898
-8366124625263498211
-6447927417706145525
-6085917394631630914
-5308955037080411464
-7312890553599259857
6637653995984299468
2084602214630133384
-8593287255221575651
8718148213133341223
7446569543392906211
-2961958279650138645
-5332397212395144613
-4122629872052212028
329929563012790662
4709806273928737751
7556590095324643476
3391880207023939650
-7584298625342699912
5198362190491243203
2766535170597945917
7796497982058766734
2496970518029742694
-3321958792529617716
9062891371521543505
-2727760896227557587
7230978294074356508
1547329774653481695
-4273872763097177617
1659708576416228626
126284632265530806
601280967921825546
4864832347199356274
7877165745418188475
-2547156160291143303
-7114883662204600516
-2369856018054825552
-4364603410035756024
8970520337839154922
6890993068346959229
-8201837027138077721
6055848348326332820
-5584867123707570358
-1472995310608013953
-1171104750444905922
5715554412592404912
2100558160760527878
-8800118018633723897
-6950511005363370668
3105555115972560463
-1924400307488637182
-3699469441746341018
6911664039051352457
8337093444137987992
7700051074396534080
-1905648493435795739
5695389370544864029
8156830713808955297
6798438598649602243
4889743865193337050
-5096735592041364507
-6495598000426170265
-8563903290195036106
2574438565184468631
6683871843549722119
7838528572721816554
8314850852587419641
-8564668396421277836
-7307830856791915536
-2183869809299205874
5603382029509887739
4069266230540801301
-8986241026072703890
-636083493981270236
-6095376885037380291
-7624386477567710472
5484198972600785104
-7191354748107199227
-4662993404371563912
8937843315125443380
-3181426550119745144
7722357984031336708
-3460843393857911231
6514166744529395274
5735519914283173941
1051229039477555588
-5449019926490294919
-4463622765137729167
-3411576332875791166
-5610674746822733293
5245358248471087916
4836955122532197242
-6117105035859854726
-9070196748971246740
349325733962248005
-7412590693119048335
-2718315672831079278
4567495163281572378
8131942049303605485
3296154770821979417
8776231178328795700
3455320468443562074
3548719786202556647
6721745313262561582
-4486004831821744147
7375127885048389529
-5709665118221314379
8076820068572936951
5346621881371341318
7424649162118478648
-8050896255665515866
3039549452466290327
1194281425864850954
-5351436457686487258
2625476024574123283
6485181132794451262
1321251432418648063
-7281651071511437960
-3614626074177718705
-8354021632756868827
-9023565644762725752
-3948256991879660810
-6960035375513459749
104433374426067372
629533060851338840
1317392625605238826
-2400537616803845686
7690080398453467839
-6606576548043598512
5192583095375146626
-7809066303384719565
5548638517137435779
1596789848922996518
8151137148520337515
-133751482349905549
1019671341882693764
-5361737724869975522
3412224572342170802
-6712865473941757159
-2248827629561673619
-7937573771213354231
-3860906127614168516
-6218332835336846925
-104184504923453998
-2068828397965590667
3180801389959558782
972029526245711260
-7483428004636112921
5651042840195604771
-7809572331540540326
1694993288990612817
3074180820588647355
-1372566571668219391
469816410784713461
-2872934355411427914
-7318733778535235664
2569810620395824471
-407384491542895563
-1681062316884168086
1931429819824505294
2814676407796249206
5761522966675457607
1902047696500674644
6364435633946613854
-4131812987395547324
-653170241722898314
5041693418942961814
-4001759373902184965
3762517441266439068
-5753326306321055483
2296159098729185184
1177497369385215050
-6864584117977991360
-6578946711807360362
7332668099750530623
-7004205865065912036
5445254018617896001
5716661300595130799
-8357474346690892949
-4417679207330564377
325655043303921041
-3168594078058741959
-4390983940193060543
6455274830250293887
-6899565891361152145
-5194167661761831873
-4659556046148414021
-4485355646617578921
-8140072358565768071
-3291907113707428269
-1470253078166419527
6472951714269979383
-8893085204990039914
-5913305621553432453
-6033533229474351850
-2508783197314918819
-978269393074330987
-8615705922531394046
2248503104142697119
412251844416686767
-5954531015491353871
-4786840867419684602
1687584961829158617
-8689730445552522766
2290876729076969414
7758977093080231498
8933406531417224212
2905597890118261615
-8080651876167928729
-5684524544512678060
9100159755279398916
-6222597507981400991
-7985933607764173794
1312546606804551875
-9121437672120043116
3026514932272738962
3917821097946286642
4430017054648291040
4927829536017588234
7566991087949302673
-8316901793364103498
-1780833339354720941
-6586614277909658847
-7204245254230237166
-3763537681130298450
-5242405110863129199
-3974254936546794860
1379246837940691138
-381974096526545892
8870236978334494214
-7470932535632196752
-826014755788159396
1449580691371501313
-6166598954777709884
7522990244322369648
5725954045378540434
5157698594883645760
1584938843234797173
-7309975973584772625
7403075381984053692
5160133296289658536
4370597825620938083
6641752692311592672
-4806250858616860197
4257130370903429772
-4040982248526218748
-4367454129848215343
6593494538316104571
4196242514446281296
-4473674587041998120
8804609712077073935
-5483705230215584381
8499797345116958053
-5699132982940955113
-9051026293084333704
1253871321283161188
9173298032199691739
-6558387743551666553
-3070528504337128622
-4637548820669891092
-8985732639453911013
6245793855770387481
-2379855226248291197
8001093568518858506
-2972440315712117963
8791947013421642907
-2810124489127817184
1448579822478397894
448410843535777644
-9005722271548768885
-60204124757673470
1098035242708871384
4061649054498509611
-7465764993825277120
-8444873811228010273
1970416846724467725
-5881656866946787598
-315239300467821947
7905945385167116102
2917756527344717626
-4041269421352787790
4654757791215212439
-5729143719212765424
-4153657841178088806
-4936011151475364558
-6069099836683834174
7679764708960246988
9121548695282538243
-5010483092320922241
3538658439849199717
7857298183878282973
-5037136730587694163
5047712273002154422
-9221085196820571623
1626116576758041415
1611508953198676506
-1996681609953301456
-8917089920549779491
2314138140969422961
-1828894880054266887
-3237425213055974854
-3763557356058290766
-5797278312822014317
-8847842047457662816
-44028383810231606
-8144511095299418960
5471755866871186744
1443842540183427309
-3972054164353545889
2931732979073670207
4625605031422903680
2466923389726522697
-3006493920051938233
6652311989000703286
5431491266015256203
-9197990193236313627
-2474703411261906814
5754559798216859131
-2959923329499412511
5564930327538687026
-3363730820859038442
-3386667169031917648
6696102270670880108
5413116035073350899
-7081506499449118405
-3080280140721089789
-8051764693657186504
5888623020559780131
1132088006875061818
6891632822764904031
6115985361996922306
7543920543712639952
2424515385771612532
8370932336678069681
1594922032082844118
111751087457289927
5551315379533551389
2535550405408712095
3639395148781846492
7718592714284439418
-709359354952192767
-3521502276952533807
3899080776049496760
2928116958897191283
-5941879008495206097
9023130378872403670
-7532213082509148245
-7459890191214824232
3403186121767033816
-5395044374183240350
-7296908190194025733
7706558231836050315
-7902059738647175615
-3740943129845848759
-7010105651979958676
8599507305417572591
-9087090985787195544
-333378232419037932
-1421508808049531779
426882887987877833
5421775733497183424
-3650386612415732616
-1850278341866745649
-6590656914598089556
2605892869637192176
-6159521612001565470
-3199863546533734071
5849658416280163368
8231167746571838776
-3320734634763122181
3252969149533848719
860769286713607724
1007856743761770955
-367898648410856576
-331738162896901629
8536475757604667816
7285840532564580558
-1840318270941832542
2735924239833144537
242659312247385028
-6157605943047446167
-2823129002560350528
-5459059820143274568
-6920418206755675916
-5377338130722849883
-4273930401346370629
4547907122597480219
-2256888474845484557
-4673424347847879025
6301688409318946765
8029946695020658805
2658640884502241995
-6244376876375322092
2675640232342822901
4478717663659005276
2353598669988358357
-5380080618001472668
-3959310482075377724
7398819709660892331
-7510478483773180607
4685339825108192221
3698262990217328367
-1978759128728748842
558933175998079555
-1848351778303294971
-7225247352816570198
-8469463407737940749
-7147661291781544117
-9020195639422111402
7203824994131063126
-2710648027797748719
1777594418133064838
2130446101253746112
-3066197169576858944
2204363500248623429
5118973000786332673
-3395200401086184781
1656768094306575986
-5604001904579306258
8530892074670753856
-4070744066921533321
8744646834281862172
1818366348180456731
8759563056032220684
-1305495295986803098
-310126791913267770
-1974704697688662823
549496230479084526
7727791774360482399
7792616231368615146
5025995379928199422
-3587153273095644411
3983489323334807226
-6868749177766870938
7346788225244206008
4289179576959563401
-7019528541176767300
5270827583476246354
-6984934486749203366
-6810224992015720961
-3828003853511412520
-8244570899994145876
-388674309064674444
-6957665591552904651
-7878439744601572490
-9120776679644147492
-4928727480790956137
161208282986156261
-4859323681342788081
-1120175498953929322
-4531724374617239952
1181014452519067851
-4416296811720073294
636260102943986730
-9011538847315606342
4120411525561717641
-5609190917476423987
7243407943372413397
7305087086487537722
-5371202960435893923
-7695500146516126815
1448304517930509678
6634692870737229057
-7238228323908993441
4709232672156428754
-6885642798997381201
-4432312615267617896
-702217554094189410
7169029650581663998
-4355185933352464832
-7164589420799809976
-1220973307521198337
-7284776541264956418
-6607001214838781875
-652531444749526804
6692891729815154950
-8388003732329475298
2319933146103095853
6083350118067408879
-1791404389787480622
-4704593907267960812
-2440708614900525051
8602169639022268105
-6317556519494200532
-5570872492452494012
506743511593407745
2772156721057896040
-3010432850813118769
6764199927785426522
8370761030814254804
2006851295896129490
-3858942492963529605
7124903447932866229
4933477447829825559
-3264628509638772078
2570039284793359352
874159546528893232
5436867114162098822
2354198722619594868
-3672212336035598581
4005735419405822705
6394971132985188339
3174113040966136141
1564480817779941384
-3646768302133970812
-1743654066658463857
-1395267051708773518
-1463847193310462201
6694646124955201404
5145984187216292725
5433728027198481020
7509004529362581868
1218262641448710874
-7684383548973264872
2322636019508917069
-5938861929641261819
3724231328992702421
24227071275239600
4775755962661492771
-7209722745928121187
-8096313895418297498
6157564407985950322
-7779382357468563346
-2033449906311692909
-4257373952373859957
-8229222254998967719
2411729716234241587
-5109362723122645236
-7428273619618023368
6312456282463070087
-2216088940874776835
-676488289830638933
1739430037591023332
7812393620989560694
-7664618174916316458
-1836109217726997540
-4017460434922143475
-6029337087422753588
-1285873003320334185
3334135967407062655
3596803977179473911
1210034497582148862
1349779288699813804
-8662716952369952159
-4896182324307590620
-2802351010165955771
6844702148639569321
6793383049212719854
4009101937206663230
2296190001087812658
7834564793764613392
-6910583730492664604
-200300401694025895
1199144577215340743
-6158205999382871129
-4076901868902771820
4794583819155393736
-3508318235608722440
-5744928308319539789
3340335286263258641
2885520252366543052
2718530646881352585
-5387084495196124634
-8781679979823503321
-5310465636405584011
7703614890814920390
4813484043669931643
2911927756983007261
1756544845579587321
-5449454843466793612
-6202385060510928515
161292454443351135
9075005725677153587
-1619445184577462980
5344677141381805775
751676919104876738
-2566403467680551931
7368879423314205495
1308999818947097930
-5137843253025316626
8646575447039223284
-8302470102097214344
-3125600448295266632
4532537454350403025
-2426667180760691388
967692888821974351
-214800646239191245
5450134029930149533
5815942137566066519
-915888360962025703
7831352884029031214
-3262575753966089912
3905828975250647855
4785055215459679371
-8722925742122850307
-4721096572308282621
6118830413370699192
9156294445546550746
145348042558885573
7913735307829984440
-6747794913871550115
-1396533568292500099
-6872212593706004277
-8735097539496755426
-5521563136360014660
1812969108693016255
6049985449567283017
4203393129372340340
4739062107033923108
-496904955398477813
-2208317605000524792
319866638482967864
7372135619482944237
3492626841441821724
3619680942128957017
-34923517069792475
1699112313578371300
-6427847832779519425
2516704530504613226
4536743853490207959
-7171350426005948918
-3936338302263260903
-7224831900977242907
842360528505335666
-277337723413192226
-1330119572340071260
-8650894404818632914
-9082628626997743284
4169327713150433263
8423344150579827839
1234390271577851613
5938626037296917928
-951394575980167578
-2023219771106903075
-5541152570213289716
8658419847990139501
-1498425209077033199
-259137730474617268
2679753521668340741
-8440533004476725553
-2193622212291263453
-7922744720494376549
660038900662733871
2932067805893324271
7629208589661387302
-8356960923153868867
8895701058781668570
6130903405315920870
1986504846509492188
8075201392496746278
5542444031611843012
571447475677202125
-8388043697426625193
6043677471575131740
-4786440448166719431
-5652793923317632899
-6827294701483417334
-7206692239973095362
-609934469567010818
-4509773004033848213
7150999122037636936
5899830291811737223
5195410222021900753
81982115417862448
1547411232446291174
6856976664822254138
8673007225126125322
7659414401339160828
-4760007018860725695
4671318511430802723
5564408399408094096
-7001681504161863473
6432365473680241629
5523834488781727081
7190415833657008198
-1593818031850226372
-3838581740647005223
-5638863130525453003
-1967092548988878800
-187416116214392025
6156032720232744583
5741576516667988681
4414455318639965223
-293830499294208193
9155863298407507948
7139559570202622153
-2803770880249386285
1882411646958924775
-685907668258011515
-4880071212052470932
-1621865363457814688
5870644693492799871
-5263649870813461177
-4020493267025118576
7298460167796671838
-2835485892840335404
4874602542726295440
5273641607600763756
-3888231353530318940
528593385599886218
5806084114450175429
-5833252026635360754
1252410148628820331
7205638723946602122
4711629502470275166
1881327115841797074
1017177044965059223
3312904098163231719
2974820182537684483
-1397877298064288615
-8698072193327587944
3095976838949094801
6807544098191162992
-4005474495670016062
-244798476674551676
-3941514372702629144
5529199277049327962
2319606828545172999
-854330024467633806
5424947505601733046
7808756193009451510
653398062004458107
-724782234706209451
5222170557390846674
-2147019545506812816
8262323085826409447
686750228811459192
-1605932262392761008
415085923038037027
834367777032364165
-2782786850052525008
-5701123275065383795
-3287104860504508754
-6539458545960974253
6065354532781288254
5858589148798626264
-4536857930311140353
971526088518320290
7978467684029138138
-2545264037401164814
-324258060730239421
-1679621179398545512
-1117078875516195956
7223699280875725570
-1950247942003989581
-7812450230324766548
-6908676573444008975
-1120285065748292315
-6105142441717705958
-6558536678051698105
-1238408669602834943
-2915340372637914741
4893805969780697426
3264032944985602529
-390057163236621150
-7806573555132078933
2709675801111283782
3063735996785418520
1452059900006987277
7330299405148344073
3460626137616055340
8840791480064775745
-2795533033217167714
-555263497526561351
3789218970126940420
5627488593489087147
-4101205139422613039
-4581341824890231046
-4364231067279252464
1018070454139502566
4989503804790705157
5384901925450089168
1914136545634450518
7361437413148719674
8907923549582009752
450268510852914233
-2488599225224459554
4271088372278257377
-7053696630193829256
2665312081385140946
-2497053419945068788
6740617678389916532
1852280917917545820
-216728354142130089
-2754435153256795022
6058183085875993564
-8831230340294950291
-3876503594346803302
-6893361491470114823
-5588033354710231093
-1179922547789900386
-2226664196244465001
-4829739963641951084
-7999682964428293248
-239814111332725583
5352111766001683274
-2699544479395067772
3215991038850312772
4757954013646150653
-972556152597543302
4776313506960625008
-7247960245296690331
-4697463854137551031
7558837916258149400
6911380414121204475
-6620197629999397651
-4648709491846174820
5134611795050513424
-7166764698664852030
4771960174117904841
-1713038142547375780
-7506173280558087014
2996029554410577465
4211724460201924144
8068553671308092998
-6248798060271344623
7479766306010080238
-8887028362646643481
2217518385473383425
-571971651467629378
-4320372029884169838
6189165486230052629
-590537398615429566
-8132067711497102312
-8857435377885932725
1765483025868681256
4647501818364515742
2188021296558876385
-4367306969274803937
-4176847926561383654
-3446634528763414705
6739514208090337148
-388284115028494530
7150623743615367956
2806005484559384654
4896290274594572767
-4918955190480313768
-4360904114097464562
1213767029115446463
-8762214900078943523
2557110981964105424
-107349350021889831
-3922491488955126084
1868690046239145770
-7458541071620743092
6168722086987458667
2409342790534966402
-5334301001567386431
5159373501125868770
8034260657527657534
8646907098259460967
-8918435716175980559
-6921545640223915920
3231495054206670279
5197410030455060216
8118150248333485799
-4362132014217791101
7205912684132193378
7742368840186755344
-2597500350360078828
2055979717638203295
-3018615012344452352
6854010869149545646
-738891489931447699
3159701892635031025
-6255564854842105913
3635355778515353791
-7174799576429388049
6436644046797384117
-599718921808248796
-4702059868079353974
-6402376271061263867
1850367193031945506
4126682743181477608
8060849541349281693
-3602330801335369912
5232603706552552989
-1678984614659019989
-4675127868617271068
-1342540320556646167
-7251054525830408169
-4691048575518588807
3628441545920790554
-8117345575131282278
1397204078101193892
-8453168335195819514
-5202868606288645071
1502604994418518816
-829961500276231986
2690309351013361096
8651430940056141839
-3117427949514415573
6207663344432850244
-7546802407673085400
-7548669762551652082
-6508766096740950663
9035035563621430461
-3963858046120509439
3896196078425627904
5292510984198938138
-3424570463814195727
-7058412709230879740
-4417139128519125785
3751589211691607685
7109968170907481909
-8785868394110125365
-6028652984934137807
5280306079937050701
4389694946268132791
4163652905178075777
-6750658543102248434
-4665601176019002884
-1878378979037121471
4443826953744991074
-1121045757163688934
-4569733891013435874
275508543683840517
-3090422926017324560
4061883180356832978
6798656635333225710
-1521250433429769636
-6311985502932688211
3688652708284387444
-2971816688130843953
3540463806606696866
-6814501651865056976
-4427032152418798432
8966180377242862278
-520495482125177890
-3994217382904446208
6771802705121907436
4786355855086891381
-3898351406502677177
-2433295115724950316
3862878366544980115
-4266578171984140143
5818629369001988870
8610493682872974322
2967389510721124353
-163548397686227905
-9181386349876644631
4180603196171809313
-990033559059424467
-7258006756675164736
-7176292681514875889
-5336470873252470662
6325819622680944891
-2816881196049365362
-4195825370878914507
-8778020210671674277
-6120317571640526882
9048873660613363933
-738273033996584027
-2200262932852329756
280866015997366600
7788567327696199577
-6023110526844436461
-5955989723159930074
-8656059596216371625
-1647228467291936551
8052826552603919100
-7354379792271689992
-8811882647830756091
-2186518671165319004
-6506681458221916933
-3013061201070485803
3616031013963309596
-4555688701406226664
8141295294625583736
-4300954970683778280
8492373472051072168
-3631897192050606434
-1280004406270360844
-7435107128289945140
-8951851827930356382
-6140547200835226186
-8395875544926159836
6031062956659254318
2981173174898882066
-7716427079239336390
3201784375090543191
8487245942234423072
2250695927424857887
-6242488354332580368
-7154457113045654055
3032607488532659863
4309546391883231647
-2605248031287804315
-4421760151543658853
-8480837183765015289
-7789917346479450314
-7512631789658980550
8400963751876725501
4776129096564561547
9096502089416585538
-5688544695324107064
-9195851867871680889
7167943009246420086
2515985900006747771
-7900798244582564875
872908405186316896
-4985783597435664699
-5560489349993235748
-55353860804720938
-6008133939632396376
4622048148532185360
-7478876665910392304
2658579930393055480
-6829978655366698676
-3345208162101281389
-4361276407243151630
-205727414780206679
-387870836826733972
-7652874597900411322
-2274721136108312852
-5461308107488670606
1224900875473510679
7749865118450590201
-4501586079714195450
8504430167893566181
-5579683821067374031
3502242860803205707
-5484745188668222119
5579778401185041921
1380504133684152658
-2376071267618048153
-446824580863192875
1245777702392602140
-1084760253059577358
-4534231095984790408
-1794406027898069039
-7094627128084692886
-365174203535112847
6135790847096178599
3254574959434136017
-1818743453129175765
-1174170368368951260
-1497783219685379725
-8537736864532344649
2596312662997850672
3358579423165654486
-5543015127181102385
157050442625932811
-4411183183950455239
-4157011501848791521
-9205445357288132368
-8321345887340979156
-5848102905426966578
-7096576422275893504
-7402017266201831799
5625408323901294582
-146059878981918136
-7739018575769411240
-7690277168290884933
-2706645836623045828
3485824860444262275
6045126921009346776
-1333679881031673453
-6604733797746700215
-6997340456614732699
-2519301393969220550
650187404000717621
-3030917084886213425
8731408931278788317
-8432551313833333688
-1187150953782189170
-3748886762700701096
5106186928566708348
-1086984444640289953
-6876779523610352179
-4654894832128130081
-3882468529919002457
-7024969505489119818
3092098610560704892
-502887886662614129
3532082699676534629
2763615450069141394
-4586762048950590500
-9198245977346481839
-5628032164053042706
-5801994309424867755
2412600423563837021
-7244734449616521950
-8349842680031542941
2932707513197412558
8676904072658671943
-8181516082304875319
4105119310671713126
-3127536216556672025
-7016718962369745263
-243607338973293802
680377355528890328
-2678326549749870902
2275928838873679658
5891103853137302166
-635054630166857093
-4226261451098014272
-345830272089923163
1561386414639182696
-5171231347323738953
3707083540422748046
-2191717444484952632
1455757439967293862
5881164627926152351
8170327904413213686
7149989394736148232
-3577166834035072252
-3150023824533063679
-8199668938426685560
-8976211203838059393
3972481938408767439
1066310366124665116
4508560720256306913
-1811744416082040823
5410646222031420238
-4990233632932056948
8948626912211170744
4036997901136151790
1208565983734594549
-3699372125569219083
3190406518614300067
-1449028431168750401
8886159937518133739
5366841133332529279
-4451977997886016438
-2531857282782753201
2268783985376573766
6560751566329181009
1690238923331755433
-8920091221577956940
445834859607243005
-143843855313277491
6920541518492819163
1745351913303261617
4479366436504230167
-8943417451860396152
1289727932927020039
7142682391865565124
-1419891207261732637
8938345541517747537
-8738302577941987332
2620390038047071487
2053678380416741300
1121332798265592037
2247917639784608153
4815689316251986416
1005194786705241490
-682433453331426394
4365496345505300100
4344791061265878415
3766292771090609398
-9034066341573377129
3883318864092117992
-2369934054621279814
-4443831942628924089
-48629138145962776
4186842845355631139
3686807818962719871
5504254855340992517
1325495193954435474
2394910760984293525
6252324079672011877
7838679507442047589
-777717392691229077
-8418126603868438494
-2833148901577676167
-7660251749888248866
8152686210658846857
3446095947250053958
-2743839006724559106
3861353680959584864
-8730859232616221199
151507165509696293
-1103342647379586061
-7521032916839155008
-3121844551565508105
1604643146368312089
-1928777739146855838
8492985827858329025
1712534679313638281
3779894245038714226
-7815374037532657480
5996662411983088367
4968072692268196173
5874035233424497163
-7960371268150837213
-9187771367283517776
5375139871076542173
3655288881683999031
-2448045339933178027
-1715986514061812839
362246499111805766
9023591311248902429
3573536243930115726
9164768551266453926
4360531465524752111
-2905264037047040985
3633024387512716933
6291079688822173146
-914325790280863587
1701324049343067381
209514296978635158
3283061860655606239
6752000966342591409
-1041508181701057725
3555231966983966272
-2654960492342009361
-4920850986523188753
1968164751682351169
-5682496359727707618
-4451318749632765147
-831869254032998792
4839456592180743044
-8489431370998043883
8034392206553889393
1290983423748681484
-8700508863397542322
2813643127582973940
2591121307577725786
-4397612780513301704
1504664024492982192
5649530886211770279
1280769170200669869
-502360923168234662
8992361456205676890
-867779763493701803
6735679976883130040
-496711651349034520
2265769284505556689
5406797201040658930
-5223374899942924785
5307863124875995479
-3385250785541091201
374539259929763826
-46920593656828381
8570280223692930177
-710578923996165606
8630831512118262866
-1904167701523488022
-7680054215742678400
1549430991965074113
-2834264187269970196
-5785685076098587122
2164480295573675306
248936518718186273
2542510253798371611
5383874840693144228
8710000123795219802
8372087447673317521
-7192230091600277863
1246820445959312620
-3834904274035744524
2037795085740460816
-2181058159146173927
8789672653041503736
7822845100501248658
-579522361916607935
1104004193068963794
-5287118697184807901
3360124889970691359
5586697086299163662
1445899329778901420
-8562843408867259798
-8586071789893793007
-5531518866530965925
400204776383903391
4878611809860371946
1675387607767567708
-4187561105063965555
-3643561943230365584
-6159836036846925578
-8379777478347852583
3295540404723819049
-3764520651689447462
2673393564849000367
-7946140263792127464
8839616141122770225
7426847903419411714
5765734839096472950
1981937937092860499
-8649712669436108389
8517545480959883390
-1431614582242068226
6384693687735828406
1995181816370346036
-829776480642343764
924649272750750045
6044915897247326654
-7475879253147637534
7034381864072216628
-2706806338983224641
5448799254668168612
-874395764018175814
1082424277216216271
8107842362701658741
5681283260462415625
-1797819491983420778
5477762687512595162
45215377001032443
875560166370169956
-7789995219947273169
4329378845291871523
-4857853767332790349
6209323144652506652
-7059015352579116787
8681364340220174252
4183411662758456356
3465262820786780624
-5934790567964645158
-2123030825888849260
-7466998376634095736
3525050004532965838
8080288647351543650
-2854326786325795261
1869517511599203173
7112792605167509456
5431400386711671379
-7990447157379352378
-4573536534156704896
3704912279176121867
-4665793969447753706
8934358710294404947
9203585764977923254
-5265607984871367382
-4039308358726544189
-101955643825194526
6557359561539133490
8565343152991894773
-7834549697714346667
3464631515300580797
7973601141465492094
7860855959639424363
1564386294062497048
-104192557543083956
1626207011213158132
-8785441924263367602
-1254065221224012610
-3529580852097345261
-6684819319715956086
7900686006417045996
-4747666799024673933
7920151312658547442
-5624427429195199769
6271760115196358737
1452002238454976910
-5557677347444811362
3288249802815026339
-5542463056916285896
-2682734230061100585
-8009566109036733716
7762199298957369766
-8362471362553176046
-373835142050815644
-6643825166688663144
770546079609088937
583600190804532985
-6229078559124817145
-7472761477237894208
7549907697029581995
8932639502688409137
-642381486264497904
1337479925590969221
1316364017461972381
-8653123458204841389
-2716688022920302524
1562548599108922800
-1974787468965130418
-5333002108002103455
7985864774277704376
6605463455363909824
1680632196174698446
7722991608422476771
13526952824090751
-1786143876439324753
-4586950001088001625
-6391118861017683269
4483195898947314561
5731973828403373555
-2590383810113132574
6209159874964037463
-4960823790716033163
-4608698527350843310
-7687977407665947331
-5786720966591183568
-6239278054158960415
-8103944533283742992
-5050655798236024986
3933636442537269053
-8777990222216104207
4004874194269977425
-2410366042910263044
-6952670768178607114
-4863163974026818113
7053287865443534332
-7577755079686677749
4328864684234707033
-2397112128377476252
-8174398504222707879
-6960815153922299695
2931059529889347143
6045270042826653446
-3135479366759710811
2834388498723180105
7529438435974259585
576412925957021205
8566914286305251855
8491918828009717817
2630842728517468750
-3734768320238959078
4928498112710714455
-2496574881338743478
3873262275331523704
9143184916916756521
-4858197761506839230
8682139302384054477
1759650996205475086
-4604677788301142912
2363866050687712111
7327335308886828846
-8133416595142353700
-6766678342206605524
-4460205734806448262
-3380294920198806617
5931134879157332418
-2594587401671294147
1879129095079424082
-9001479163490989302
-5432115778616284198
-8002980118258287618
-1497922235255498332
4547568866464522605
-3248189643517775709
-8651621778403727563
6891548352625646452
4349320932496944071
-3882617916803238534
3910054298098621597
-2666494112621578397
8003858464195872404
-8143040768799372844
-8376959335862648300
-5497613041749130001
-170930548572967965
6793254432232289120
-6434166518860966634
-5438444753421449436
-2342183416681106831
-715635914400302517
-7566272567430517306
-2642000693111021633
3375061566549209493
5810752052883365960
6569352545246870165
5123983496187881891
-6211466325532417980
5305225183165504830
-5943467897147627601
8201436084496204100
576169526754991525
8402120472205193199
4641416490880290086
-969707765590109165
9155083638368362405
-9134953905785000074
-2815363842757279194
-7670553086537372312
534107745194177771
2468550573636945143
4266170959731856142
-3909102723303529535
-5738449866993826658
6153807902032551460
-4643961381931337495
1474977075049789476
3099700072334916021
-6319821414488174663
7549741303536253370
-7411043080271888251
-4049502238878330732
7606073886948280749
-3689207037916568545
305208692503167256
8249608183731466862
3768763550891045666
7004947004511672025
-2671633595736807466
-6097723954807090701
-7639082448272617924
-4438246177138975132
2469587761477726461
-315485265086062920
6206038059247510297
-2414015292281140525
-5584788809180158269
1402144127247644830
559225357300931568
817304808529777443
-8479931258506148004
2188605718201877872
-2078233118478159576
6327446488435763787
2961865710736992319
-8506949724569319442
8846916420554601067
-539561076585691827
-1107477158258621720
4590709058995705273
-2440485858717184156
4384249662635599902
1325677811814976916
3151901163152062880
841495979549885909
-4616964123230937481
6322435320346194062
-4902135630526780016
-1497982378442267531
7456825193348681610
1524380523389095828
6136128464162977440
1913328939775342357
8181872685477732605
-8094312035054069866
-6417398223046828361
-9173249182804548542
-3406204810069790814
-6969014068760873876
-1408464526070864408
-7155031059434504304
-4895873098918924118
-1735929513902452141
-9017319126689664401
6929761713051187925
5527204313477654664
3672837961983941708
-6757643900832355355
7891738068467073753
-3529402913967809497
-5536369776601972451
8602496098429617270
-5079610893636566675
4157302716618002485
-6863087076343151281
2931174034456249126
-1608131701384008171
9119370453076077484
-1234720826348908358
-2135807837219168801
-7957936414268309006
8283951795386590661
5231335780808823230
-3617555072765157878
-2728012123279080752
6868642241648016424
596727876751535851
1104599066106966580
322032975663998650
-7230248974083354940
6982853275838027173
4278997022089081738
1560472177100066409
-5572823540591147415
4460001738266391374
-891979338120294000
2912877994215387924
-8669999322820463804
-4480022240442030533
-194165792465063680
-3989284482392705416
-3634597044188062708
4366081582363012364
7126997298059415672
3100661584892640218
6593150616301802497
3022134829038216703
5498715462158926473
8619446299944203817
5458102132236671641
6982407393076709855
2581967098327958974
5812906076301434443
5495393626818116382
7979163684992001263
-5810852476339640694
1908636423619638279
2175902098918979364
7579554715107109428
7408608236438518599
-6354158175039855767
5594630696520505641
-5627335021661506152
-7482733165984097947
6327088162480749013
-8549222431224004523
-2558527371501025674
-146787666148305320
-189261212778231235
1387946259314598032
650808350799959877
2323523203768410562
5030238608801222850
4910731691298281807
-7072599837392484270
-5755304328161952001
25805342974737033
2304381037518534469
-3949673395132762874
4296721822645698341
-206672685487421757
-6978662988825054434
936809709758279518
-7669500973835857698
5459566836476237782
-5298733851382712975
734294298154018015
6262473059343638425
3853990126241663033
-1926604612764098325
7398745257825583194
6716030243628660274
5540659490847541843
-3552553814474753721
3471879718451212344
5309415526004031319
79851969033040379
-7364805447078228379
-1372647994043295848
-2148858173762255264
13303826761020463
8370006270771624802
755472235032051415
9128550518822530639
3477587101152804953
-2266943390876979836
6194283755331010752
-8258765769267256897
-1373455798830526953
9049327760608825157
-8498339159717372154
-70328743019426294
7149238755728747881
7942675428133429247
-1851301366416655558
3590371977719358710
-4441600610147300862
5115075685535622816
-1063561406055816103
-3839531507027800310
-5647542907144742053
-1099441783025010428
-3493259671948478011
-1232133971578829122
5012306178916284005
2278220348768975679
-7072817187589838251
6750397277039416760
1926884972713593364
-3870568524377197216
-1038882024202038547
3209353719532063884
-5877673707823661287
-111724744257711826
-3875074253562212716
-2905072543811738102
-570944117985383842
7833649492638410103
-4548528411104553860
-1927900439894334778
-8476995998866632930
-3213875434488207753
9110731624889785792
-5795398297335102753
842255537883889779
-8019974320009307264
3784900604813524413
-773960373428144960
-3395976612358672710
1581831426793184708
2100738988553259211
-2611304073523491558
-1313163135605147449
-6191204007193696702
-3317912498392232473
-1497423785910600089
-6723358264326820881
-7630193037766986746
910239741422348132
5952910290057599910
7564165724963335168
-5745340293539581743
-294104922790002094
9081414198754942934
-7350706426728431377
-7565327899955479601
282337887862213742
-6558461085799716937
1129491230586692201
-7091385607974953077
-4743858363346458890
-3133931444835694962
4988580022183123018
-6474719024325761443
-8261908232631771061
5976165465350111666
9016965877946897216
-3047914547197085081
8372721911190510704
-8018284673908924565
-1934431541381423208
4468245592654257283
1220082297303801406
-7301166148270528188
2107110312283140891
-1295650552397582109
2447552985386943320
4955220686800615313
1309296782630655324
-7253730726132402777
8994849998736588628
-4680075338437178208
3929531467770464223
2440495852709411125
4370520471534050719
1634102000872963356
2362327962485901422
4196524573833006140
-8491063226707915034
-4128318155453552213
-5953188756418535695
7658195181089952508
-8496073641907472761
8475247641163491707
-4534413271768306099
7925816292239824067
4912284488304476883
-367337173741408392
2529109378642559949
4681085963936575258
-614210452820928142
-53995580622856618
8439367273661947721
-2781619912459752601
2987504213660160558
6013640683280757952
863105519886837838
1191795217617194983
6116549441244937586
7867200928252576991
2777206496246365584
879880077763765407
-7744511269762246994
-2604821321666355928
-1062654635336001921
-9114412633269189125
2048655053686117273
5533073391691387326
7592928338946035708
537871429185201786
-7439081016702437459
41149076098574860
-474896106755762889
-6728724729215644394
-5603733492689613864
-7849671444319971202
1599640858527520374
22813561963352590
4426717367902143642
-575806600631021682
380975203945546864
-5313849928926146437
786382955071651148
3011062339871544054
1977783011590220605
-157455268691720405
1146235935620830083
-8261637590368755129
2553740070191898511
-3497736919320994368
285606007838580066
-6755909812267384505
-5565487080747203804
-7137125644894934573
-5621036867263180162
1880578247157029697
-2779536491086700254
-1654517879316262432
-8330608799946185442
-3745586252138207207
-3869497898272924029
8262583875413560909
3074835747186387666
-7887137655131349226
3655406522589179016
-7601155467364585862
-2815694363663710036
4102179722239962167
1117302318534887835
-6625008522388625385
5325254350458960134
-530849522787294006
6784726553443505343
8671403660463791066
-3242608247894026531
4382299012219088710
5168668554889582212
4364173731393736553
-5823174380706199016
7583633205807711436
6993455636740154936
8789798834680866263
-6839258153650930276
2658129706087537980
8806124416167220784
1237983479114378419
-8387857170156371894
-8574907792071453649
-6325887621515419961
8479063326085310253
-1370598954770180847
-8900102127720606932
-1146103155720276777
-6802791280794060909
6184592502466905101
845709808199579653
2487374241869980478
5345285666900416258
-3619790950092438548
-6033270472099536348
-4278468101193191756
-2065955880159091863
101489575833694892
887195324465384915
-276145546149564041
939006297693160831
6598848723574812054
7676358083753941011
6895233928572697369
-2266244069786150230
-7227590584298046415
6074805403735800776
-6564798883993484913
8882981510898352670
-2875630887457428151
5439486706099069317
-9133244094766546936
6557755532301998401
2446812833273819271
-7083711592909891175
2915570511053621574
1819861409871875603
-1653076401974485787
6278144965015296178
818838135480459415
-7769973933566284699
-2940443833782589168
-2513164574236869821
4982209453351698596
7010347598487823270
-8957126478367981550
2521755751581148537
883160084280820247
-7084607026096977965
9994712851116755
-4772721502788941480
-3790217319327905722
8383013942176579868
5947303818436963983
7877923321466169818
9062402824029470245
5594653043993991035
2267901994055532391
-1608387714369723867
5379121096857278464
2056517920189350128
569134300065821367
7193938742317404415
975079096951700363
7918735076287309805
-1622224731979449510
5037831525821719700
3847351986143739970
7476614783521631769
4681941820428891388
1376034285865909119
-502914498466384088
4772650083004491443
1397372454541121106
-8775434410540534920
-5917793075236412877
5873733452808084808
4218747271869338736
-5355772961733935525
-1957855943268278685
5232452064418186720
8849789820650403223
5654314942834726085
-1207377765725621805
7460400341595257598
741759689426349405
-7107615614155811194
-3726682675096574858
-5656913932765526232
-9168155669590636591
8599457474101705173
-7236770523275757537
-3772381977102781126
-2421439271599268911
-6590476147505816104
-1082303258916080815
1823392343250398461
4627244903561167287
-8561486008182534093
-8614443994021705416
5895568798589710189
-1104072673740788738
2275364087905845227
-1303395263426230977
2760830081186633462
7512100950407696780
-8147505267031976054
1200680335965142768
2443446686411707262
2835817375961480513
3454814561088019442
4364133005964649486
-5174435784463494254
4770401677860206854
-4920891810987138692
-8883375908346683387
1456936360804657029
436873656489057201
3856685985117613241
1385428310281023349
-7418358360645408336
5394500012075218960
-811457554958450468
-1317899868809414900
7745939531327380590
3264887584167638709
7452871886522240090
-3156845964471445516
6301509077563684183
-2811277878933420339
217437561068916926
6679053450268771644
-5442231234601847807
-1838953786486833501
2763983880830621082
-6383150360759531696
7173544038367732913
8701063928296057636
-9195429582834956385
-2729991992955987686
420095795694373264
5374250622891538426
2950093293638180109
4085609472807266399
2151992763539803889
-4625640513256436998
-2701201361810419219
277550661631586164
3592311856287629095
7809060848593083630
-791224077014794748
1916951901771976727
3615143957403842815
6228061092528985733
-2283775927472117498
2127738341563969482
7906236562052088168
6668043402310264756
-8963349879159617053
600803592918455484
-6652556435161842465
4134460518597688381
-1142738253834730098
8465280291742386281
-1703106426836481135
8269509727515324530
-5630376053861377042
1740284462124448659
-4166138772836817997
-3716108601243375301
-3655032784979609563
324883078272403560
-7243930593371808754
1897332035166147296
-6665957302512015739
4070611019808802361
4833397064846286066
8356990062717575390
-2301334573149808265
-1874514901563334592
5682685051480846751
2198908213764356580
1278920358642103512
3868879354084594232
5279497473751391509
8350560418476251951
3247264516446874251
6789266707064987395
2772945767293937013
-2715256822758280114
-6974021205796862218
-2238877093639031708
5178122223469532664
6376494594229771345
3809972744136534877
7927122253844374051
-3349913140845093057
-2950674929793771174
3908057446746745847
-8651310367476117400
2393429877967733349
984158228961785598
7327917222333837280
8611177794861636018
5602275383339384276
1321722974751080187
-8289751781154777157
9068759692587337880
-4726822375051507103
1748430255873499094
-8000167271475497638
7369216211603254011
-7392412027120957435
-3624149636848465847
6055279477105970974
7919110226176904616
7893766121808982508
1776306965104998798
-2732317774422252921
-6521823687160794674
-1562575212274676114
-4536066775769858085
7686680952532117770
-1630562705497207775
-883184268869537074
8126154690123676967
6023593296085724542
4827819986663501125
254987851221796215
8654924777745131792
-297444309705029047
8108323418681910761
1359818208661942184
-5896681038426216325
-4307728680670738701
8534159423773908866
-4871663887935573173
-205630925324689759
6079879283544646334
-3988983571885316105
4918448884179809736
-1682592227723422953
-7685792973994010765
4659832805617877882
3294496269681865610
5603247492488155982
-7924358052510332208
-5981904697232699877
-8728571226369969218
6326372875894699524
-8540105416633864252
1557677936785511904
-2027342952073139549
5087156770249964844
-658642710638138297
5242477383698946527
4946038575968303308
607714945208947112
-8780015494786204505
1264085289147118998
-5219397884620677858
-243181601247284970
-7174628339852059387
-4247763065389932086
1036536471353674627
2397054666786880267
3228893039733596540
1009134980433486833
6049502330305532940
-2426527705494789511
2250976871729413252
-8364566979121679773
-1107356942243163970
7589592838511641877
-4178910981786814820
197864287207838822
-3316551092766324745
-6634740836447754598
-1856441049582966086
2218836518927014143
1960923166242047037
-6126329793743773207
-3100296814698534582
556248801055372985
-4430333437641472610
3992766998750610262
-5355118909911418053
2566420482941928098
6358762038301742037
1452537968770279665
8119376856468093259
-1896970527031710199
1103903504893748432
7048498716203561854
2732141819070950937
-8273794828390942533
-4333304314743716148
-8545823030075915267
2816055252881786389
8822639209091519153
3487772420182562617
2247321808526008338
551639168793769868
1708014894903432540
7022791589153417996
4485371986405071748
7800146401255449038
-7162683141502956587
-9139793954155564331
7005287510039988508
1416337084091283987
6680022291991864775
-2365544814285148084
-1215300053011058670
-8220172204054946175
-671796063677264699
6475259052658326512
2192812279083710102
7574260456181242190
-9140999546407424461
-504895112209506344
-6831534802456281081
-630598519463984005
-4670277508587043163
3085744465197349765
-5502095662167821905
530831148550727222
4081228090328573914
2397116609260205946
8144119860772311049
-2386416982329303522
-6817475898274673028
-6517835801475612406
-475106924183583183
-7385004549819045958
8832348068705085039
6444877192081811509
-6395561402033317037
1493117354287613560
970195585565611818
-5680246022520126051
1712656593555003585
-1102792585903106723
-7112720347077762671
-4974147251642321067
1206339325581355236
-1989635909269981929
8243143630271901934
-2833937538374185810
-2917559901161938441
7477219118001270637
-7411055410663222719
-3557919009687519286
-5377730261132730050
4256071076305656098
4127030608973415775
8877645429995842634
3006810364268890089
1351368404379085574
-638337521576279637
-6882678745297597080
-4621438045672497272
7641406010118002100
-9153469215939631380
7720680687410813839
-4512437604623742958
-6819568408400870944
-4155439234913641460
6815110758594235363
3019263082559817674
5462625418175912495
-6788615490949565545
4838580815122898822
940611275004093386
-4787318521746764820
-4012219998558422169
-8232274030847037289
-1043525748405427365
5018167443824610822
-5981550861815233568
531200109356619300
-1842870267203774264
-4768455366783035623
4040186026355273855
-3119015345203580686
3930720660919764638
4972189800890036039
3361723449703121739
-5600856479652521270
2451831593969883655
7175849945098751110
8047862593985920515
-597740769088716521
-5811281793537492254
2006293142294896939
-1418450593172858089
1124098384732624382
3352438837787579483
6296590056694937484
-3209388340741391357
-3390324667917125331
-1595161206773090963
-2704597208247136002
349130327443625025
5455813735821071636
1576385609527759805
-5483975549828004563
-4338219258003569030
7337071034846201839
-4729370091497596364
-7615850979789967292
4676173611391204484
-6776013060984247710
1991172599138938571
-8019486279900399777
-3981209035792467810
-3881368392380745581
1483698877499997661
1159339114129972181
2585199609215252647
-1647779869785868113
-4465704264447069595
1871801438693497437
-4679600340426610001
3021960253071747948
688529956002361667
183616974787503082
209850912853484062
1585581497235604281
5546562771604179250
-6637075344900738582
5558833711924853485
462167103582096527
5338718231977233604
3502463479608953009
7093320007061707227
5393386520777899431
-5977241520655073562
-3251423058317734455
6122646703316237739
-4333769659469511130
2489822011911522818
3794093441698405730
4397647003425104101
1231461474417047623
-593663836324096058
-443394833359823313
-7789349436279288679
393474730166311886
-5619794911332967758
3150027051567466926
-2696282747690178759
7242313139951513683
-8614875036808653184
800779126060956661
4743614488766181572
-6135429449774716197
-734196819564559879
6680158144698753232
6227666951407075315
4303255237693187158
-7929288448948678882
5629152752144873746
-2290916222548732376
7583597952988864870
-1250631593078621687
6541634341509708055
6729891557708537945
3612734766228362392
-82238199897552279
-1031838981172126641
-6546030818685984336
6146530318571541895
344146795248731552
-4490971661377616972
2230589964006006405
-5809555139658933480
5797532530942903
2504649513423176571
7703404823754774241
-2879951016717715033
3405340290854368839
-1384001317075543983
-9162065644243682784
2100905500907179923
7841989087213963376
-3078524616533658231
8193583510542282430
-5412512495949529297
-5040185198561153772
-5575427106791708117
6926110806459623054
-2936255339407916048
-2550479701527757299
2295100465733643887
-4645672954188343954
152660800717883197
-9058753193285167741
3915772171876755426
-9094290297884876762
-6313161576027645840
-6625555773089614763
4983269638723227425
1093178872230753244
1830644947137568707
3344754487326718038
2789012680727891541
5120089396166885395
-5368986292433205321
1637301890007133118
8248168251863262585
703277217847734855
-6460869064060231755
-6481533593320687239
8822662236119092967
728339233764994662
-5136983919856094014
7364438449968490870
4892535079318245258
-6777701314664999267
5946835831613096511
-4158224808963556770
5856024915719346262
7988468386340199264
-2426780033960437869
-3729619286984198947
-5904429302986262717
-4673711535929326100
-7900857105732094662
7695373643601976236
2731801466891608269
4515249675470423166
-1126332600585894717
-5073705445887941096
1761392511427791647
8235413397581901321
-1633241117531565049
8685192233429782788
6722060721800798492
8959609145153901144
8199897451698528177
-3922539411475000324
-2356347829485666479
-4516344730730359441
-955261168017817890
3171261814990646292
-4411779031635105248
9181357943975723174
-2892111319476735235
8784285061564597879
-2289266256358094924
874529317015883429
-1520868729911666066
1119721993214907853
5267754530090637348
-4166090186466484948
1757262579006527481
7020407783311128055
-1716058064275944164
-2086955859764828771
-3912855284508109995
-2832747814348589950
2560778136491451987
5550510079196548959
-6022076000752012515
-4332495383053129421
-404328254080164701
-3278306403953143549
3582900926951808562
-4929441356339495816
350843637312217372
494194681921136252
-599311204664061229
4662588235334881371
3623655833060261240
2981642955798127939
362286852244265450
-6693452380280875812
3733862788971121928
-7003806105874469497
-8197625502342321126
2314233744375577065
240145305707507485
5458447622074040544
5757659894986614862
7719199927043068432
-1956462121473842165
2196479250360353634
6028854674968574889
-7443282699295222037
-283824983864372093
3145697481548160347
8317190370785634443
8975233977459583485
7604473358153781838
1797636507346139257
716892623831664931
-2083920381513706883
7349532576176272119
-8020813545292268281
4932046925323226225
-1061440855210278452
-5461011552520844543
2054238059241454603
3682256980918608841
-5632956993515890625
-852798373720655346
3702811108494226568
-3258083353885895316
-6264618132811064741
7540878065742535048
-7962262377043173617
-6822437140182497627
9159060916914279911
-1008204751879303470
7555410352640142884
5536069891490753809
1494245246649324864
-6456940756438988395
-1610425160154739563
428095221295369150
393086348072923815
1980452856866837931
-8052920284096428088
-4649833173661980868
-3087499277036982041
9197195791518901822
-6370106939754970248
5941428712283908791
3582438536103526083
-5379038768299212676
-8349531487199206371
7913871421300674797
1666575371501172598
189088918677805985
7773545147112675664
-5175151848901395619
-1932301650283988357
457856058878743889
4729558410882594267
3821135666665656930
8746782769181172751
-919495148510893836
2581701740732168992
-4731231899596422628
2565896920266323820
4648866855387214079
-4813945142878947104
-3475185302943109469
3492892113346344186
5297691804320570137
-5647030131980234553
-7055286580068683990
2705060852936917339
-742848436995512666
3101785769490650621
-3532244714648576916
-8014014918041283460
8711556854877249703
2662615657038567526
-4548512205813884602
5835094100536815263
-8947302514972455958
-9213202916966209773
-6182400914384124185
6588136684295938270
5851402140873370240
7784927993157683606
7379971011803018602
-8591671355043962609
3054099008452112979
-5183657807136804900
3611152827552505193
-5287046145109465673
7530489260140677413
-7518917592635535156
-1076892813936892291
-5072855541650426610
-6905615445663369180
-2678906853651720890
293233509407835130
869713641311116217
4405457135382405364
-2235907211034978841
-4900397611536687405
1031092639248091888
5997851691753354833
5216092111976059726
419815014022932531
4668681159254059889
5138607992723418751
8030476019119347219
-7178965884733972814
-111951178335831758
-5393826921417486059
3007006660303864593
-710554807382911976
-1132509615326930896
-8909817810414657166
4125747074437632423
-1188737638405744478
6096147844144076608
4574582398537297549
2889732302208843925
-3131343400813865937
8468595258312947853
-5411733866323238366
3209119276469385293
-5549550446978209537
5333180042327909769
3331448929321225664
-660290779854503607
3023348612504338846
-1864998436109019711
-6502365710033243218
-4287381707020174569
-6980850557717404999
-4111870480186180246
7654830040523826899
-6155924330219265433
-2635806488143724539
-4098955744557717632
15690274880647405
-5729408608225272935
-4113036911904199186
6035576678396511020
8731953898781309502
-1810914802154471026
7260825900530480265
-8161030020921011365
3781705090954790401
1010469845984530370
9091567131037736724
-2090887871078406982
-947125766181705341
-3620385061144507748
239249121469093362
-3849329696781849812
3600194744990211449
2809369416455423921
-243927425785666220
7375063382402737608
7382134528520313572
2345354156603196265
7222709773639500139
3719326983227675781
-4890963504586522279
-6058508472095761366
-4707884719551679881
-2608201646260979063
-3981626673476836474
752498601327581419
8249037169687804229
6935068903962854578
2312851435769675878
-4532157495699680603
2983381426578933838
-1584671768024517950
4100615977760262649
8701545638106630061
-6548480667722210622
1385818438743774622
3234519779384387387
-4091044051432553614
3730417743807631125
-8638052088923119863
2259582967726924550
3436207615926991406
-4355550069420683969
8726218870876936453
7900208593900837866
-8063231724813984451
-8471606247370821483
2161940615340974258
-8331042374316847656
3836214435448304715
5233338320589941362
7355579543962527651
6176640948319215296
-6165890735100968300
7335569539725535015
-7870754463128467899
-1284690592161263599
-5206758564627601541
7965598386196584929
-6548173506317239625
-7074069909345672229
3398935486665903392
-1569757232162320891
-5607392058283979462
12446072903868309
-6005137710706105046
-6981270606943577924
-3551609780414046125
-6061247056230975218
181359348747912365
-6403867958149776854
7935082106811900766
3808534668265573378
3443325891759549443
-5378834992508527204
-4499110194588535354
7908528851752715913
8622199296048062448
937198977404413557
-563953486523195923
-8656482850903344828
4850630794019384628
8251529202349487629
5316655439235192831
7201233733499331262
1735070722444757717
4321317234368182421
-3303496902320190974
9058922708621281811
-1185306406097286181
-2632912416019993749
592583306164228548
5786830423183978618
671459923540095221
-4309389426391792495
-3284544301161363319
8717647050504302752
7748715863489112683
3429527276924833960
6241967435145691958
-7068579202079923542
7622425891499354216
-9189774198315896231
-2942475686973377882
-5352322047072645908
5385037931784055256
3571574825227914464
-7803823435629962800
-5713993272386779756
4728582213264437314
8180286846388060070
7724279082681128226
-5610870348750999826
1648366799235135410
5912847144284194803
8413183780024397700
-4948204741136266632
Matrix_1 shares[0]:
-6908530731358403460
-6865552805882798913
1177427423411998310
2630930161329634575
8034439558637202140
5948645572010801982
5383630466556083034
-8984728305169849733
1835869007816428913
-7519503890582327082
6002213500069084788
-5758629298528867470
-3467173797728339429
8087195893201875556
-8248152186953489208
-5005024435876128212
3579481777243953547
-6673889892374700968
2672823940138360344
-7228849448801136108
-1425497214141804292
-8076876828445369521
-4883135982001303073
-6236871032853054000
-8784546491317678388
-3024757355278347709
6391067246474640335
-8847053567550219874
4776694212490214974
972928325104700746
-4278675606300563383
6963187779579294221
115980327042878485
6752570072238757349
-4492540168774243561
-1163147210743575293
3103793499369532469
3181559812959371975
2340285677422446248
-8840246828479221602
5257134376965562193
-540782486109147513
-2024680438345695248
-5772265525336422376
5444206948377290770
2838245324952696587
-41081759042028865
5759459868493197769
6312046896974053412
2014819633782572464
-3701294408039137719
-8493561842769617470
56839769137975265
7048808981378016234
-1631855817406604837
-175676109834797286
-6652444745396553572
2996936989166346392
-5562114943399505325
-6691603993024060904
-461732113870522360
-59052198128719046
-1909477914487618861
-2487215189598206400
-2437531894217608352
5982323865056729463
-1000635335447248390
-7738138711138936262
5821059634018154636
1053156300776692621
-3502904003434073647
1965447114289368447
5237820728958727179
-4689894260194037507
4171749602792559480
6131836182717488951
-2508328576428852418
7725565913456710032
7195565812219034479
-5068037167352500548
6387608925577915454
-7275948415265106581
1249435620270920160
1463192728931137142
-2860580958744635893
2074667490062072579
5375663638657311032
3228498455389225531
-11406387111818893
-6595501596387333084
4501325395193666237
5758228753660570897
-4485948227757791819
1229594263832721604
2922365352251591822
7328492097480851151
7608520530210656588
4158541028524420363
7498659487712707497
-4075939705371306282
-8168767549636895030
-2358387077491167178
4650495508665326783
-2032807004674768386
-2862967348844818860
5333139107509338171
3309796935114566321
7853197478292137146
-6498607628105788406
-5373255494713095007
2222552802188967608
-5706444260374144714
-3482300927786214541
4628896613974295292
-8747209168915384464
5339131296066714480
5675915140996639375
-3747845845519843071
-4089322532001805055
3652485837020298617
3940772490922883272
-2633596147520177469
-8552943302609257592
-1792072499814537043
5856354380488995112
-6602433919299219676
-239230107975236022
5236136374778192009
5181390454019369566
2405815386628593353
-8019944489337838518
-3946383669930808273
7020041541358489000
5031716785639836354
5810414001268867849
-2980847172744044584
8082552095703623400
8084993498411565251
-1116065617150150283
3155674997563140929
-8608122591533478779
5375797521097720910
-4544276662018331454
7349327644476108371
10920890824110251
7319178563993005744
5962159695030191910
-7437069923236467535
-3447973846288817778
7942553195783024085
2027446607811610042
3609219169496315780
4987704040371031202
6144722464522938975
-8912306076517868526
4515460893581133076
7386431067006343125
7926441799261414718
-6607705216227077494
-7579169114192367628
5729628044939338262
8795718808498303616
5234961689761798535
-6888871179857579215
4630993105735307025
-5787210882497941973
9029595750601304074
4648561794265655968
8528178250939304213
2174975818692286892
-3584405245458601414
-8256863967672413439
-4542062654170815742
-3906641928665507215
-8726704521634116599
-7045964839942106375
3099296941203011213
-3977843722930954096
7717902100249833980
-5646511096961868839
1693122566169090853
5600718732323550328
1309278991812065642
9219635620034375367
-6499322655221019558
-663033631138559301
-7946460890239932108
-2971986554613929500
495467522776541552
4093921991871575206
1569321380772684455
9106210342996447356
764565883483190195
-3407392141370523309
-7689677640752052757
-5683974890896456569
-8496140437538949590
-6041119062804726058
6481374606246025970
-4206218648708997124
-1846866211944937682
3117065028133023646
-5169093955625923151
5432011525494143089
-5648036042454218655
4587631630630423375
-6374456759814241204
-7225674351865172389
-5737241727682880422
-5000309989784902007
2091745791407316675
7856410013628499788
-3196703738603815882
-6658772248816753282
995074138209407606
-8693049824971038860
-7999668830220981417
-4875866534894114470
-4675336134133052564
461208097520161280
7365307308097811459
-5286800136571228124
-1811084370943402702
-8989689196298892437
2392063900125150509
6223426323637639845
4625644285230286599
-3766633745702721641
4302582990682631745
-8906351221005590191
-4021439800574526999
1155046256361440403
1175478376880720352
9150147234549180758
-7140367684813548644
8885433188483328325
-770649524736623778
-8229849626717609509
-3939664721662866793
-2334681006908451810
5202742056139932596
5781466326416852760
-7603436816331464030
-406112915935126498
8128278560414089084
6758023893528359719
9119578533945775978
-6156563529710383802
3825466933664659846
4991511329474072236
-5607202949746805324
-1612973274001342374
-2760036795241689980
6520460200613869866
822347077935185365
2900684124599997800
-8146083694331363684
4481725781295246065
-7825876529928215486
-1808831176966221915
1144765167140239891
-6038131577881882431
4315015013820569166
-7546525318033882061
8335063794245977476
-59147007405659824
8945544869509693303
5449110844044832270
5874717003796461784
8313582140334660234
-2008408469681233359
-1839150998050949794
-2299216760119680901
8204005654212320386
-7330502558853496320
-6646140324583295740
-8543640213844600351
9133712527151415181
-7253541024067855368
-4469144749008236139
3577475458278025981
-4438022943988958959
6111180169738457102
-4890168002567798295
8183840910338365704
2203845643272783044
-118868963961973462
5128574958053557792
-3502373775248315597
2426220098804246053
-6895539613836673973
-1448360157004305009
-1994200909149393455
6234665415044668439
-6929128028857944968
-7631655053883963038
6404898939883819498
1420628775755897196
1326744081708133289
-3546648369721660372
-5901377460508349292
-7803457822563437064
4629614771567543236
3649573768422780781
-5371968133096459483
-2315171943996786477
252748329327357885
-766526698353028518
-8378164932794918814
-6041467290514665472
5606821566403055812
5624606747764175992
-4979905670841034000
-5357908827614940405
-5926302929609539324
7053366291391908901
-2861327907957563996
-8881685559640542047
-3724606889138037017
-1675599875158971246
7594606784387473242
7496689167143194715
1540857621296789333
-4725335730345188069
-4092974587893589833
-3844557738572214936
7620980343660825363
1321619656830097027
-9171232710943378908
-2288850097539699127
2359867413949009353
2463553239228221516
7625706287060299489
-5167091967472133498
-2670536711687659089
3427039704855044178
-5485173603029269041
711663209475672350
-4757155140380400106
2700233024894904952
-7321193703445665776
3529707307964565609
-5825829066713382806
-1534249686842635343
-7493488452852393776
-1278618046091748356
8275901136245066981
6376760518349122933
1660009976449323152
-7721788346033815490
-551003627064985644
-4235644014944416779
-6162414252244667300
-6490567887049221669
2097415721984954215
449375004517252894
-7831861921312986093
8562005373688849702
9102503063579989375
-5683548891852484926
1481308623291371801
-952655967881284623
6779356435400190457
-7707368237315979630
-5820686569405279548
3073961856485512549
-1582216054977344167
1959786159293849680
-7684803348315683183
7749515866125290213
-8794539260797052382
-329999096259594312
8282814755945098091
7234013335297143069
9212939971545697158
3834184388578109739
1808051558139217829
1772037716356388783
-3885028861906639728
184946842733296168
-3035479354855708154
-5081933626006381978
918134195287999120
-5063791712387991335
-587072229253004153
-5527184800004261757
-8205716108271485539
4794207185794714055
-5302239901601815808
-1025184641072490409
4075985814830675925
-8334851972974961892
843154622698645666
-4257268279992215437
-8102734325259266883
-2258926961849645860
-5221544972807897239
4662575162634181304
334328578013231049
4544699106744767820
3924496518013770887
510587778665562080
-5711353227296033570
6198173514710849559
-4792265624385206666
2952501198396516213
4383618029640199684
-3624296782420423675
-6084112146811766782
-775405133071275053
-7430531312238517095
6636165196102946364
-6901427607286205253
5885967078300093333
-251285988010207743
528237911502465857
-3334824174464006759
-3272111726082697150
-4961811312640515899
2843425524076499658
7488641944611576770
-3683082483430157696
8408422902405719762
-1633380236410896972
4189286425126089992
-7190426024210281108
4005312186792072393
-1341727223406904001
-8621076020324145995
4872682051203598278
-827523135169602020
3489208772995004849
8283383697947214195
8184959382711072765
-5856086778463652740
-7971476910657012275
-8598293873198354771
-2304857370273380527
1384766969008989493
-1790759944512747934
-6831585670228793554
-6640106264567898495
-7200492056366132697
-34128305977112116
8552547608291356707
4732501015914418259
-8335030815619993055
-5394488752079691109
5901556678667983406
-3387911153257092160
-1792709739424674142
-2005795392018608217
3638999107975142345
4511614087644276401
465210489712771119
-6748966276190654141
1951148305150062658
-7773310836749736381
-2805993591392005541
-792733223381674691
3842038133885034737
4601476714375918500
-8365992620456144323
-1421715832075118515
-206111796216844155
-1617681022467410284
165554068845084735
-6192035924794392370
2631251194969358023
2832262169634266626
-4777402564542739562
-6797275752901992217
3613876423751806471
243255610589954051
7031817333663479105
4551145091827654980
5802057185769641104
179447965554753486
-2200587262811297605
7141342292370327353
4894377961636592552
-2899233166497910816
302935519596278963
7250143293406936197
-7847708557398527836
8515240496724396731
381135297554019183
-4451888762360744556
5332207818422504699
-2450263648435490377
-3080075971559151187
-5746049128253266668
-3160774117697547642
5916114581092372603
1080988895316483737
-4401533846603035800
-7640740238629301478
4254937502980143164
615516014771242092
7833552226926379495
-6253617820401528914
-8701180874605985614
813591389300060822
-3723307303020787910
-8901814068803743228
-6964725488840649118
-1246296192167666630
-8174352040375917557
-2173989064642747702
8889817089551611060
6347808604323821858
7645296714987531925
1742558639239286501
5009882735025730331
-2001606618534665800
-4475511297011777448
6562870469078925375
4198342206232447323
1746591038061817435
-1125014109605838877
-1593244485020129768
585089949293848744
-2884916370052870773
-1835031410957933743
-3235117259326866121
6773520265929070205
1345618736480926218
668296796421972710
-5058882181810766388
-9041179474246882259
-3751025938827490334
2096125273118155071
-5944206365068869519
-7205566610695319394
6160990878446339824
-2604818965231731500
-1380003177403206367
-8291392491341171029
4635307631963350025
-2338624242299190603
-6356926203516731779
-1242733781726514096
6724459597957197212
2917904650529040358
941128681309367978
-1446376237527311539
2630727031200813107
4569027122881164689
-698480442518752441
4661633674955406363
-9193245216050962708
3245411203753137922
7944923310538158385
-4970290781289727958
7413681938795508782
4276177676393339445
-1646986192216726141
5499525031114531869
7791248170444037912
6955448354769489083
-289876949593531433
3891948384742269252
9102845703230912362
-6294338767517510247
7982999996880189032
-5192976568834191238
5921532173280860228
-339572976097627550
-2464717583221175483
3589994099506209477
5187706242545646370
-411692056728462764
3038159730331852405
8966351839432163368
7228132363072461655
2821644938973051227
-4446723095645677689
1669443882388788538
-6200970635546857836
-4213108928559194068
-5292515387305382702
2277448887908189087
5080532525111040351
-1251650345959955989
5737822109819800619
-2707366970575336684
-3657221006480438074
-1865586485206030694
6172604511884097774
4927323471019282222
-3176515398087580033
-6679719861608923688
1436024913974968757
9207213787149968603
-88426172610399588
-5684762093776617688
-805813177268491360
-1068851303444057083
7268637968940383782
3970643473315619482
-7165749364266996481
-1523561764960386811
7953198536017447859
2242103430774780441
-8842927096936895917
-7444948360527615260
8019133534281883295
5477630685069260056
-3640516785797811784
5698760984875363654
8099809865717672397
-9154944325375840416
6978474327828255091
-5532530572666050080
-1293175665690538847
8112741050643669813
-6206604869835331198
-6296792149537260958
-1638047197471582640
-4027062354159210517
6664892727899683510
7662704950428460538
-519071181116408972
6563886189104015311
6904957084546985250
-222873507865497641
-8692909334010861418
7832407071890743358
-697924395427767356
-3807992719910220419
7048463627943434319
2607476311871013920
477336917730090654
-8442682620528487422
866174347759620100
-955927515655133424
-4943449791335716583
4934650987754831785
-2876047171359837873
7520169699103437290
4625670480683464648
1594917259695253950
3045932588049675277
5869677739376612749
-7794538264812275299
7898445505366671979
6825608989370711197
5986604202068332055
2753664647643686450
-5447995292347315929
-1729603177033893324
-7962811686411869412
3266980434405827607
-1833779658958398366
4162560549981197125
-3143628647815628138
7183411839629054868
-1603729934929384590
5334100520672741838
-6451999118371850983
7883090277368583246
-6182249384051387013
7443394788237312401
564343322560263215
-1066912587940150271
-4920765760123773468
-184181625220711947
-5332011650603859819
-3339183438626696151
8341332968027259092
6751539661050529227
1943682318985113067
-1112209529453857330
4186617065019690881
-4529291369161055665
-4573684048744511044
-7263094958369582937
3683729046418712497
-8600940172061583158
2946320312767393953
3188552073702306865
-4033679701078703652
8044412748316539668
-942694971708402244
-5867433727068747606
304685217277187339
514283936563797858
7741963726433076736
3703221956543100508
-1153021662515335623
1361194388258452849
-2038811840381877246
-499752616561000643
-2591327389077466546
-7978374892494253588
-4390573606879899715
6141045159330086435
8675492164757071588
612271327725165326
-7961034582611204733
6947763335044723005
2828250713409585528
7393252254313946093
-2396734880929828861
-3669466012713639229
-5124728592394145894
-20948118637334182
2603563990012512766
-1390552987827238019
-310709527113657312
-7364445132518911361
8235788238697730705
3130815485208431338
-5483421713310237595
4629256781212338652
4879156827903581079
8964754005161051541
-5141276988783868342
-7959012695136298342
-8280731335503131391
7137893711974529269
-1185672952211005945
-552772300019780808
2777437263771629008
5287848361398694694
-4865227154877080488
3105576123046358910
-255011382150543251
2398617780086842820
-3555650251168134482
-882137162534468916
1354904225834486471
-4512855123791950004
5261692773644950318
-2002170353135213207
-827877830747753747
6999156973364558978
8781142868448389181
-2373099342502768884
3754602136817928272
8702916440063560022
-8643534697152828319
-7176509463181666334
1933175730940990025
5271619674045492208
-753317472573555662
-3100078104582191744
-1117828955310976355
-1815845197832974869
1312815719837461796
-5983258886008235895
-5481732383645987295
-2098351865716373990
-6976604439379597680
-2478792058332435418
4653464664711224644
295863074512071504
5971916365131956939
-9205504323027848016
7950917947002160794
4773087700596274118
-4595514584739437386
2447493623686990629
6941724548446395245
-8418396195619927145
1936932604165226276
-2818340626050320749
1609084181161503133
3965418022143963252
-6216367294651479611
-4564978431538774242
-3306033026594190496
-4266967965366865767
-4347351123344616971
-8496047938286188648
-6855006172863095668
-722973198386215441
-163620562798776196
3927542874760424865
-7297495770455705779
-3801404222605919627
-3237128699519954273
-6320771769317840234
1300098036641118889
-9210183868997693824
-1396369613574818637
-5367355437184884950
355653589612088710
2549647506936081948
-2532705611955425921
4670430752683366532
-3285716943378288730
6922029759173128683
973829525868597375
2837495717696522813
479106566104896617
518000128842926669
-4797139234137021574
3102266813235547713
-6494943662113210897
2523575772486859701
-7896335200941909045
-3170172583705006201
699472634105442117
932593148515873011
3436407529348288564
1401816764312923680
6971353133648367919
2731649161944635631
2446193046666712178
-6470143474040389587
-8625876939945123178
5561019951792457158
4043521481719515333
-3799897658658063387
-7189184873999134287
7150861471388615374
-4243559936283141414
-323843006667531815
-7479841606891413094
7605958054407218232
6333115214770106132
6030905334450434509
7627712053990074977
-1408490041530156181
-5227851862664689808
7815488744124488363
-3592749639554285590
8761338449138329870
5999033649391932937
-586508766693357819
-2579678142386564202
-5529456009454751739
-1300858188920903668
6710559585343870310
-1340890786164778745
-4824814376961695230
-1224827181094618665
6386717716247723131
-8809336979301773119
5283860388217326963
-4790143819964702643
6492866461710031938
-2397381090813401150
3546049269020644585
6486131570104664358
2763315372006400499
-5785604832887175664
-7280830298242782527
7309321850527440514
-6523994880634445188
7447073926018109004
3671367679896737636
-6409448977547352016
-1142732546212118296
2168034954674127023
-3266645203760182268
6439500734458519949
-1261077685632717472
8575685307828382190
-2822825142765096369
3630923260554799498
-790588163114547389
-6739164498904712091
6527527689890790441
-1591713409762469788
-4022013623853441005
-7509147249609850161
-795839156385513887
-6388327347712186627
-5530839813510348600
-6647608953958764156
-2212861399872034364
7165663090506229250
6345410173871879275
2553557079925288879
2360605991258914217
9215477306218024791
6616206334060170591
7826996204254445622
-2194149146596283255
-4402708676269076674
-6060973480108777186
-1850052119518580819
5671515893937403561
-5789224048784629397
3657700062596787624
5437574579951437037
4116982196121549702
-7264829898844704845
-8856283615594696168
-7753167050943059274
-8293997815955189278
-2789512090736021604
-2042554243886571347
-7161385874671873340
2323150233532217339
-2729342885746251638
-7886726226736653245
1383483850065552970
2608109695393642430
4883719602319439557
-7264752556926821348
9106471005108451038
-3805902700137422980
6726161725815309087
-6946038207207547039
-1461798786673106149
-8717631267631008977
8604179423544449140
1303631590399213962
-6313651363237791350
796021257814548735
5217296570922824392
7585768162179540076
-7943220661998273857
2973111661734158130
4132321581537323805
8748009590643153238
5936950874130049807
8042006694797253537
180197023129874459
3484156151973300976
-7251776340090534544
-553358645330249846
-3516537744974702563
-4852223415251708987
-7762166832703009869
-9001285814358556622
8951514561011293106
3617570339962985569
5921834945690184855
-8427038502787923027
-6261009828419533223
2789515782923737221
2439702586631399088
6564711548255634752
-3955135145522147834
991222580477161252
8846371828712934958
1197098182405860479
-4465612286912055704
-2819550427878416688
-982575318509535058
3492578223502227712
9103602941005507703
7194490044649609631
-1886724223492536629
7583687783979927872
-4105412683742415526
-4731916090140353814
1689868963861086356
-397454124302298703
4542581916593041295
-3903145494982975107
6904109961604945610
8940367912470153157
-5122450594504097039
825919244097047355
-7287087325843207032
8158564416208362335
-6890207943823167971
6397782438479109787
1089709697500113991
954002673420210990
-7895414447728814511
5004297446455479469
-3240229647289876730
-3426769560912638947
-4206203015691560341
140261318315069529
-6512243436920469601
-5863988183031808825
320858767396252266
1084936291989493183
1996706370580591388
3865150682971674433
-7077961519599311836
-5894221016765082453
-7456522414112119543
-7007724772211812626
-7260430761936907725
3949235450787624047
5758863102658108686
6264155641969946734
4160499170876680048
5547071784750832548
4018023531837308976
1862820539372778775
-2323988050806984188
-6112135569015273691
718606304712470091
-6934365439932358961
998145060076392625
7260696146244867555
-8742141722929058045
-4777960838406897100
8154077893056671273
4340898424986217320
8617427982385756562
5644512239706865327
4520259451449734687
-6976750832350027280
5874084129278725200
-3473215754293351706
1747730788761708189
6905915814645965044
-2730752254015493062
8482663474369572432
805135249961724489
5973030467246556850
-3627621399184521828
-5743578129824744955
-8102080596407050945
-8105197799791427992
-8023614290587721191
-8971389626606547054
-7013019431586797552
-1747924117857027846
-2556326883914197783
5809879927635242640
2886737755099035061
1710200957885744190
4696753699032131534
8772030222474695553
5236212442162854224
5903534396589375042
-1823425393407576677
2636908164224171867
258255548880837442
1505888636288124559
7878278671496284628
6268012795902944928
-4777799767934023603
-2043702587879692432
-1166612877892964541
6089786614893522578
8614124500572734074
-8590338017419707064
5697476613636782909
-3342392605528226219
5689826476747881140
-5643891040886029906
6853329978845197765
-403394144211706443
4548343994651189574
-2120747430009426712
-8974929162036194515
201287128476206560
-6128744393083110587
8059522353762240147
-3666470936691423713
-8659576228203448356
-3396941939932827023
-4606022586141972833
3202645369804438687
-2974144080220132528
-2923427170697686742
342330124440095555
8340873108245414329
-1649963094004796107
5690222492861348038
-5092115374658458271
2608423277805008735
5209150911863640223
-1698299270197802525
6031060679400081033
2765040732898291677
5282264991821207276
4195668735773521540
1060719771884547970
5561628605025670349
-448949762469814236
4110556278813727202
-8787681897890100050
611294907847514305
-3068188993620428838
3626542610786820988
-4906346484915399813
-4286822058236988017
7880345131310224100
8897884817074757809
-188292592591590652
-8210396571727038166
6537795629807479354
790984620334338696
-559634941372591814
4430174668522309369
8375320550665456598
-3216496833266792373
5699828599820837809
2854636077755653452
3601275263910430029
-7723467091569104621
9139580750975172743
-7961758278987890206
4827781655408421821
2826225129887267219
-4974653870269879043
8829325702739266193
8525903757724199605
-2834406684229558339
-4795566280197270108
-5559512163804203270
-1169633263499089770
-1142828890551236161
9190820773446581198
4151639861253735014
-669906278239760347
7388155772410624113
4944069161034327900
-2496346628490518918
1129222717512109006
7038853894002999519
-551150081456942195
3463082093312447213
3505220191357317566
-3573716621491828129
6452901631949436685
-3300717871790122415
-9221435008950545329
-4889969638035600898
3046631657264746850
-4068946503452689317
476959274839876293
-8826969625998357492
1978176150394514830
-8458684349948381862
-7413470547375254942
4827124275338048606
7420129157827747560
-7992345443250473250
-6591400952019402997
-5928915165922689324
6114108980982491449
-952192690969150139
5795538763543852665
-6225099691353834030
-634301695629530004
-7011312151671568927
-2119017510839953976
6646168094770017476
8634117508812486484
-5384421790358352383
1628842376328137590
5611820707357922719
7523047688674725895
7528041134282247023
3782248190776268352
5070199937487815849
-2893137875488462719
-6835751261060599669
631348626817827816
8157470835702500983
-2118482418177704092
8904365053322868548
370222263720260143
4984947942886667879
-676968885454314632
8059308139803498462
4205124773505925327
-2150894877036063626
-6449772318778427284
-524010929232641015
4864800381349993521
5938892382096979625
-7244953455548286366
-3812483585048515919
7055725181827561288
1995791696314638613
-1269599761464739402
-3751896317681092962
-3710432177958161752
-4077662700746530416
-3352354385827305717
-317921057507623254
-2019707580660450041
7306866779949594867
-5326236677407812295
5621826628956099339
-4461301917495143
-4284397938045778774
5169918134600309383
1372299751036664943
-5215450654109505040
6046125022222037459
-2416476774093395319
-7321289768795504765
8899265363836806651
185701594522809649
-3321822182827794957
2802190310274668497
-4339861543815476023
-5036629713589068079
8438257014686246787
1811599554219376173
5986130743165580989
4161767457717958758
-298860635271283496
-6282110419078926818
-2483428089579082794
-7951437651807169064
-3093596961294461625
-4601068229410714451
-9035725288974859945
-6552695051493771411
4126833678921377414
1375881346887357145
-3561587757376353047
-6509909961839238748
-720716934497436866
-3361090258140280121
4330833090771606380
7145147760649831813
4190476552931608518
-7969259172095723802
7381105744032816807
3135827072622839458
3819280546607185901
-4105601613938201539
-6459454768367208526
-4300764029559613062
-6255410274282447679
2593649181239644362
-2580566515308694243
-6768872283525361229
-346589512925469078
7708533049116939695
-1348348779945996238
8189262260022714091
6955340895066690750
215402994535165901
8608810291871901928
-8112132936632641294
7672669620136864622
3934312764440525849
-2399772509050638334
-2092242253415913558
5561398121874665672
869171747454807043
-2415891747793112648
5393713225364545822
-1100939288549737800
-8619150628982096317
-8231254604628152731
-7930628796111498962
8381931767111402797
-5244669481580001761
-8008550071324299409
-7427879609005398138
-2426435248185981285
-6433081952820457997
4053583020652315860
5538636200127536273
-3249192241218402497
6584606398523090685
3448242358076014840
-6867210519726339638
4544336026841620934
-1066173164378505556
1145942206147745278
-8276138146657868242
7852670769680632938
2166439614429893091
-8610755590867600945
-7169598050390146140
-6223039671289132120
4743516549373837175
3249791655267352463
8922373117585553189
3156761119328914169
9064344868609123609
8336551913911183226
2851780718212336351
-6289827544842593986
3720493612849546957
-5063470589538074278
4926218891963075934
4254921273510069750
-6945257045053211218
-7994812206949399309
-7908575855810420773
-4145470305294796355
7155645132884771981
3925002871499799514
937134126864315760
5140543555792776727
1244249715156362178
-6648860414958604148
6004647767462890105
3560770882013661069
551166334097430785
-3182210283787126036
5872130013362587471
-7253599857521740237
3123695520084936475
-3914321977286490493
-5682803121250591088
-9076842531105292941
8778346587531535378
4504076166319480535
222413310076318488
5688964599546134847
8993939826709385000
-7744313634271773264
8494354608799039174
5865765066034208209
5952763659440169103
4500219741776434981
-2125251759107121133
2659572186900325272
1784956800831976836
-3838575125862391466
-6523587716195271402
-1619115684158890631
4916679777461201477
-3953466736306823525
-5096854312228838732
-2330421800157136270
-428653014430749581
497350010150046593
3163977441901709888
8506137085237611970
-624846665449046616
-4049610483030720270
7024999922989496142
4843716021054473695
4683358760037509225
6490666025662104466
5153284674018130117
2890758504343702604
-3571379996838612749
2471032809398689159
2360239705019523824
-7143215533285232923
62718633392331162
-5942410597972105143
-5469812307683892958
1407221093641431345
2982435234406027674
3591246979802559693
-6059533356883266522
5686989150753361018
6162339828767592658
-273280147502772232
3373131787160634742
-5408857960259054419
-4371946387157729438
9021864470624894856
7793988745903312692
-7891184601002268677
-1820360981085840637
-7106175898942928961
-771498667381223086
8494441144967681449
2530746200533852291
-7638312972841030758
-3110663425936551994
-8504841954614272918
3710415030511801822
-3465492479204651367
3630555221080551326
2168309460904788564
-4342376195955598846
-5561217516870786056
3415473954785480424
203005678625986131
-3909941558344342810
-1116541761439890840
-3179635182754255327
4953545102620306910
7822377359066905142
692257980203764320
-6058847183479341487
-3993978504078499927
-2602531477425113730
-2458867731711059348
4926012107054163403
4414054018765143438
5891460648230980809
2670767193199804995
-7304706524715591437
-3982833171549980916
-3241924974141786252
-993444711154860437
-7191676808396314068
-8709650484876178290
-8606391515616968694
-5527185785123668723
2591886763251199650
-3468386035868436663
8748388222779257287
5772648934897474358
507275626043168518
-5306061015305123565
-422444381995548184
6512909030060804296
8060017525304904919
4320332592270961358
3426380950092557260
8942287773543498754
8831636168927254041
9145139678273025159
-7133433998400067297
5284948205463643297
7760774556410799800
-1967732143818919198
-3669590459900543059
-2811424039854024175
-7686047671880813491
-7273246712882085541
-3515452314190742861
3501510746662994027
-1967926055076800994
6722044075978143036
-4804352768896180189
-8751805877798587764
-6920929501668566741
-8492884939972279204
-7179949300681222211
6351810298758631532
6142364872740718510
-6273804835131481404
8482955232046492622
-1032113687177660672
-2474018741430465130
-2478979268745406913
1281562843406836289
5221086721881481939
-8491465813484132978
8318937285364770480
4296099791362244854
5582153163033541835
6288821154836132583
7403973074969884367
-3973148054441562439
-9006118186326645931
-7097851835006363333
-7584638024998001165
5164340094874952538
-2261606581584415256
7884289372096595430
-4882102404509467193
-4063305222806178769
-6724698578855757652
5462125957978318597
-6589040845091814561
767497275343280396
7485971915866162504
-211197608638474452
7177957428958324434
6283433056266644480
-7774169526061138937
-145872241899217005
3044153817800482940
9003112292122098823
-795034982754811665
-730882916611685121
4983637312449195563
-7131920930544432585
7204716010657772582
1559254587908729694
4951346275849636873
-1468913778921106662
4009962198259146500
-3776467026227590515
1831216363586536601
5437405635698974042
6787029292597241159
1953291436342442648
-9038432411791692199
-1269141356834827228
-6612799616500903765
7048931585978235454
-7994892419948502546
9179552731988109684
1617109499598158702
-4107911406223625335
-4020982119114719565
3047940118802508856
1411033359732815599
2598541105111077071
1921240664271830099
-3051940859956005991
2196601405704636731
-5756999039016908530
-1127059887486332772
808014781761444999
-2769293142162626674
-8732757994578005442
3250542053103566228
-5047297170320930131
-1637748262768424634
1480321539553841617
2887924539560213606
380688311839733828
-8069804390672375822
-8566779293595382330
-558536961319658569
1058394345470086261
-844732046324750923
4698060413796739496
-7305892116058906890
3068820525355172369
-7557794402697252215
-6872082394960662102
-1652254143467670834
-6370368825720881421
-4447016775562833253
-3529306993410089250
-3704438990500016306
-1845709168573263353
5118382691230603016
-4527342517180504459
7406835837494808160
-2787972964308085324
1098675531061305433
1639648349205898380
-3941345178271698038
2552485632790130246
-7124394304009265660
-8877826499797172567
-1170893094085089999
6064448364965856520
9101853826992162283
-2646564393216266340
926796190597740375
5821543272177809369
2794542661826915291
6519196959047372390
7798321254335943466
-4036112153757109901
1518649678856989684
-9003736854501085678
4515981374375037657
1219588373446447476
-4394502101594727241
7461918916250615633
-1861716867905638771
6222989891446744314
-3256998489778505166
-8875641349681156460
5151692542651986179
-5945791411696748372
-8650216536196214984
-6600324810223697970
130873396445672019
4486527164945556445
-6905301753534675795
-2385711796956323850
-1183882788581915631
6756686223740471196
3114052563757348577
-1138635672098059314
-786950270674731343
-8303114382697435217
4060914475259203084
4433869034387650866
-8847208184825740888
-2656614348683497307
-4956809756296365506
-586158908244114728
-3726991658881482920
1154373602951979093
8792063952747452487
-6170856237927265703
1236303623201725257
1979742211850508378
8979865888993281426
-5072652845386923756
-3362547365006320226
-8478142676266789253
5439851838861551250
7396475324482784802
2275802322058745705
-8404521119959694186
-245788389706556968
1229928786281640939
-2461366822625800377
-7238985522305769892
-6963713844561290848
-3449892081742876908
-4384053693000741413
1590981040782596038
-4872980690398316479
-2726606345050341455
146324969104549488
-2715167905392895059
8297610143809773116
1780374353630515173
584062165892161919
-3539399034697906021
-7103987074064243219
-7633109308982115871
2444620337884514346
-6870071753015536367
-1200855528259933889
3907882708248985037
-5750194218923569872
-7816203712828730150
-5416454249528660492
-7296163162977776580
7822003815419390930
-8129042310846703355
1364826362768452151
6656213832072800061
-2580188599173886350
-7156899480596892459
2906397542405988756
-4426863661436279196
4254204487457961105
1747198381124115466
7449533567445030011
3878168436676073788
8588520436522947123
-3800755503324173100
4168915674603795008
-4213045138906143270
6555586737758842151
6835884978668378634
-8440014202151773348
7548364847057390081
4345670447324943383
-2560640692304077048
-1688873439044590367
8365913057113170128
-4659206633049382562
7082578042623198410
4448293147537838913
-2483747330810559249
4021019379833188110
6315896592537098500
7334371966091713750
4746947286419088333
-5993405120964029282
-7363884715099814981
-6361500936693944475
8773214410768588942
1199812714970226569
-18413684114709770
6267023241554774615
-5788893871400928751
3681314095757851707
7989806704071217845
-1354587759191562424
8976982135205126594
-9208093197669212510
581351786787673778
-1463559837549567344
6781335860670825135
2251267207884060483
-5802379087247176552
7896351367532780114
8823328212827899264
-3256421701633282385
845201265292120235
-7873664636356126349
-9100151253787619210
-2577624585376497789
6719992180366784275
1735432682790520799
-6312871241501584419
-2955983476426772944
7224648252869383854
-7710908064779534952
-2837424863911868795
-2106267633093156352
4149579401561784894
7563359362767893220
3983298294191503085
5578775557666346437
-1415324579849800421
3860033276640193904
6021801098963599380
-6379268212156302561
8950129915278505805
-7255573316359532952
4673372643815157960
3345362498020223816
8577056025843821181
-4939813502615521349
-3671276452386970213
-8187919990913620349
7890469436790671731
5981613134446623611
-7437133186240486330
6614299376414210757
3018851208307895860
-6699184154242158399
-6272720429845121985
3042850431803827131
7662749525180911709
-7524102327726782597
-4025086392753435563
3917864445322319317
2763372861613141468
6233691212317719961
-5015763258892048690
-4534127329738286797
55255487665389971
5356720434295307210
-2845091641168979781
5985497490642655834
549577592269753084
5393958725013756467
-7029278357348039369
-4258836092863168029
4860686475286038686
-5875461082561142884
2262613776043480263
-2052827068489954147
-5897144720976235540
-3680923939920409793
1988499221886097599
2399071219658916341
4244827005637614104
-501949292750044087
-4175701357933274252
-356198636694687732
-3728910742678925852
569426740180844639
5621052028300241387
851701718152903727
2259994700811003422
-7473108009199649005
-1128358041669944356
4937221809741385122
-3728572697475999381
-1766202611054598741
3399968438122076871
7800801877211558133
8672587984750424382
6113844373465556989
-4319708812842182035
8723361404725367091
4637118453113178462
-2964347726405981488
4429956770629238765
9014210918107036277
-1990317537826005470
735209169462915677
-939320369228538876
-8305577999611275136
4823870946187044393
7650207239190383073
7479454289967239907
2419617457372306985
-1458229662738017493
-1339658696267188172
8809608116238295274
-7203401361515532361
-5019486078175079894
-1461462204473330816
-9125971480774612495
1710083708735222541
224308735221517116
-7058678560198737994
6162516494050803653
6385797559761076530
5627029706192732901
3732549373333100352
7918265874701660802
-1472707285562137010
8094088378272135881
-687056738835855735
8072227376888874506
7993156595003281484
-1104602551662431853
-6766005105063880316
-7220868754223145882
718659194062912935
870367084124583016
6049456397725715300
-9142366636422472240
5483176665213572112
-1032834062727368045
-1589751810132345490
7564346787395347278
3665622452425836998
7389751330081935104
-1849224207932253626
7431240237255284196
-661266275323125533
6983542850531870345
-6628948208187966737
-4443258357993192117
5710378090661976353
-1357581104525109448
-5728709672186249111
-6619521279869254175
-1473496293904655257
-564084738045547543
-6920431307929281915
-3317533990556411563
4496371827212402919
-2985163952449803113
-4914052467710859114
-7675775188808011841
-99759544098465460
75813867880369246
-1564722379262488234
3302768401899478639
5583515840695241740
558742074729488733
4704748564192505654
-1590740916177983062
-2448577630589853205
5540979109131136139
6198142153135305025
4214967057297013958
6336839138050488431
-3138967716002942181
145884859643827259
9024997351120698252
2698202397679098041
5983339457280695406
-1846021949186606673
-6022333478693140589
4285281231891900322
-2128494102890437538
3289251236947412194
8380782311154580124
7205512454594849432
-7097341738661601551
7126026359737033105
1794835153512522594
-8646806658290735371
3121566865228640981
6485600960482050517
1514700682432344905
4111770827644465595
-3515767693096437745
6144645967084201344
3753406359008180563
1011323439149545750
5130769471556145440
-5170433532302117016
-161848684025751145
5989696368025793390
6546112012719406561
-3946386002020081278
-8922627326589155132
-2773848846762347316
-3905136392908241206
-6771798551682183957
-985413299645082614
-140863254184354856
-1989637376709893149
-5060526661552188100
7945818581949203419
7425857617397115982
-100237466649765599
5140371183619176390
-3502843529598412436
6070601078253238251
2888505024850793033
-7491554944141605035
-4468324713759801829
-7407408522788567773
-3198305712230220853
-6860181712760123805
1518479617881819932
-6848735754501720159
4979374695649551317
4223930974334365020
3317375274503342756
-3788222719130624168
-1106427235291206440
6704915317817660660
5909426341551756359
897127516403782688
8327293386586945153
9093652760142678367
-7791077964141635295
-4871322721144553988
1756297836791590002
-4922195728534582608
-1609243658709185104
-5090641875422082150
2675090270617285347
5136734214344386306
7800419805526790913
-6102519812093822067
2609273480925130646
1843598054062018096
-2987597197919360970
-7406682377670474324
-6378118430000951006
4540769141526527409
-5113931606136537083
-2952258767292204236
2469754005049649524
-9095240362903136566
-1740037698408015157
4607886819430262189
-4665873170387694383
-1719467993971633400
-692392975617133007
4991963861085213346
-3233924968914110235
4218232878801862218
-3917663745823310331
-8944296455082309174
8414685017855803775
-8025861819654480136
7252914986345160695
3525436330940454686
-7678528233388137725
-322088656153099428
-4695690859147216775
-5684150090720879002
4112527760049248418
-6926541990975804613
8209798840013773477
-7389498543821335971
9010014665115391935
-7951993763426769407
-7191899827484601785
5943879866015141355
5401953644529344964
-2700129871173576958
7724021785109078421
1411248201180606502
5747326675467603023
-4303441677123186493
920798769420333770
560661348333056180
4194069584935112226
-2367063568684656130
4164240536748691244
3543206543630815265
6492113032813652156
3291625584585838506
7230869603925865697
4164203209750953691
1698757618358241565
-2217813433121939354
-8228296291072604360
-7958528233647694568
-3577937807109838190
2876074465725387837
-2854422010644066592
-4743774024009676702
-6539308110652717646
6019977629996244232
1875763481173027562
2909673312307614558
4301338763804543195
-138423716361180502
9056428720623351115
-6179846444174587773
-7985690742199192291
-5196269012195208266
-461496424672398116
1028524559417848661
-9200347183690899147
-2915579665366382955
2148586975409427526
2381081587184560868
9198705474703340426
4240829424744984295
8442959154315105443
428456986088408714
-8561463918953421091
5523439099310743605
-35499848356040345
7261592755628068514
-3458175388250389300
2292373872293458667
-8581920509788488853
-3683240806373934729
8755846329305713076
7150472577554467211
-1320035974073423815
-1388664264187117547
6104838441460793497
-5180525559719724037
-4368242684135272600
2009109082835429670
4637386499205047849
8913165348218426069
-5033690354762947361
4940305781638677780
423412963633125120
-6829583340745300064
-7187278132626101596
-7025480574345826462
-4163109660174280570
-3628373657361977653
-299340940210925845
-3376118733248802004
4615539794568370863
-4725454252464375290
-8486674871863337507
2596654910495585803
-5131525879465210063
4912022150229503629
481812619829288636
2752242304807786468
-7933977869737492082
-8770183190631752965
-646697135171932336
-3157476245120796648
-4325140438599264189
-5710438911033166880
8999151884475142720
2632428282332553696
5414198067426223699
387166728189895806
2751942510598892457
2656466688727895810
4022572798124963773
7343514952003828734
85149728708714853
-2423059499094193207
9147295714742296272
2363920108961653735
-2527938488631306420
-5237312175586546357
7856561142327987231
-3466026757049580252
-3449299560347268284
1964903097088236145
-6633553430036445881
6682646064369429203
7026354696925003130
-6697952645808232119
-8896531687594532485
-3030533301999346341
6402096876717061483
-4441874049826566389
-4691137443348705411
-7313444820284990495
-1487717210680691888
-1985930083122338207
4674573940050399432
7951391609434903210
3835108453447193035
-3336230107192514580
7371363553374715807
-1977929423586878449
1941994810696013240
-2420207549675321088
4416019341479627806
-3908644031935535115
6287022801443536783
-3224279783501014981
-3318692431664564046
7555689609066087115
-3246887139163410530
3433837094557071014
-5630183265783739438
1592616744104549328
-7570416075553976905
8279422762802204304
-2927789129719010415
8497394911743527439
470970536406456607
-1044468748478302008
-6981538268225588344
7939834825189184812
6714370513426912843
9120772998572122321
516242262805339865
3303105647533690010
7565669504592292218
-5197996408543511471
9114517359923633923
8044439505730624712
4907135967043829331
4519899729829170221
-630239509163948733
1751645722725767562
-9148587253094022462
-589031071891756507
8065580778591427087
-7187246760852739216
-2883683148295039196
8336251648747092848
-3377072662352893731
3457516050536546704
4992842469946003318
-2273987243382931294
-144952840541281390
933932454515244547
7171176517028511446
-5828968889249227783
889892320547415160
-4615385296913344621
-306798129548524667
7709048967393603943
5041387418800140493
-4528917475403997141
-8743829471994670926
-2538737140731931289
366162397881082510
8753210454054826872
289017485963823795
-9198020558183681480
6240775577820673610
6644473640576288406
6979849382352077111
5777603944637672999
7676589893188150877
3017124144471344149
2493219000086305076
-5730834647363369072
-2819987544890048554
-4639198794436694469
-7281207859208077697
6302336072032810678
8617647052616190397
-401405546892973669
5757496271748939249
-2612838185604624599
6124081880093299476
-6088691287520799329
7169819055125075730
-7487744975388645506
-4027639885044129846
7725993738257928880
-7281519810577478421
-8118753766071266769
8065685365922868036
3794417155905091187
-2329280617154189972
9126802384575742324
8129326693804513402
-3386350724112588326
5060173267726413981
-520907559338581587
-3857826179969795658
535160479019626026
-4918273016256020269
-7439303640491759085
-4750725512855045909
3576871005223887568
3899547268749072456
-5110820411575406194
1101781884239923076
-6544625290136604465
-5032557621256606451
6359388596739873931
-2223925709956449330
3357483414418723543
3960617007666546655
-2450754623502467726
875402772790332338
4341158905993831344
-8651845966530770437
7993046370354541846
4402182250836251537
-433327790958549901
-1821235831122938137
-9160557290532173968
3269072481504425874
-2587009485260538239
6023384002593891407
5376122080829903074
7753636033451374533
7077055650548625896
-8006454530645732225
-1732675381309669931
4142178277144098919
-2847811845173666365
-2485776350432298133
-7140691985405597955
4698540218435343940
4097294570210060112
6037490805297356052
5023947158826545510
-1772121598152461735
-3423103827746136858
-6687792900850109847
-2921296135926006718
-4157056743150298754
80231024143455814
5079684113300225849
6693624442307216460
-6935657371907239712
-7272345444279465255
7315219213172663937
8585555948301908948
6131336863431494418
2803381300421919392
3184927133173427725
-3376270334179965106
-224566441523018923
6994977191184710792
3455322553311617217
3815466208170632642
-4259814153867393275
-7501912529096344195
-5437876933011653836
4857776915227818418
-5787105957797258058
9041245942316671007
-7164691789576704385
2027189777865675347
1839106562578655831
2714640127956685116
-7253479949851294331
-1454911127245709211
5117317460986165773
6332892552683916090
-8201732709558765674
-3539564059917647264
2436036315591036202
3065832809027648149
-6897772200905835323
-4656247980687765720
4225713513046607581
1896700973561391396
17804395674910152
9206229635359230373
5447515373624118210
-3235191257208296330
5518808732131913930
-1903697410136998421
-3791448968401722167
274086719491233871
4784565762603070421
2408430011102077646
-1214347083771530292
7429864218965913156
4903606881764634366
-2322243047748069124
-2989894723817785874
-863083047730314966
-926616576699575481
-3211457196439052700
-2031404351241638507
4904098952142364006
-3845471745401524433
-955898822383591361
6655898810480248238
2119518258825614614
3996088102948827443
-8309079548021000314
1314764509141989272
2509002345319246231
1629587463915725361
-6773074492555733101
7311285599291499099
7122021369182874229
-7888099740600707218
2236848272764965203
-4815769429484114114
4870057145279000928
9030998328095290083
3416589763427051469
-6324882361366372130
7588200679918301371
3131844167632877538
-3726070375659888171
-6231013912611675671
-3367545836045462640
-6539104243249263351
-3301089264815527871
-2675359351119498729
-4444407620607204877
5041399198749952852
3855266291177664560
6478708386926584948
7891967422480198079
8498498432436387127
-1946639191127737912
2478674937099147138
-2259738772539363920
-5532299452440408322
-7818278244186012862
1370074471704678734
-4803193073755958061
7989146682592848915
3553925009136106843
7248112382662088946
7426898024729324569
7823904303148360834
-746337826117856577
-6765647791810418876
-8817784539772968052
2167828284852749059
-7407392991702232361
8635080056746761281
-5246440958349853846
8255852216707209682
2051676792941479422
5924543775664641311
-73445890365136809
-6779544432667651788
-7328068086379262416
-1518615482181205777
-2839652358878402267
4037161751385971644
7988141291583138823
-7196280680024779554
2708454210827313283
8365681866119871516
7160369795155795374
1538976844124348690
7585431953986423318
-2615525967712536659
-5544466269493413938
3748158031652679189
5411890566415558529
5405793089405659332
5281361943263237361
-3804072535964272511
219935126360823523
-1603157801403085230
-9117503362070598024
-5462977998770331695
-2904617471447517014
7773603363246019907
3482319056630572198
-2978458472273886157
-5964020556700707915
7912926834717387911
7317908145344693779
8178280120397029212
-2263936758719059247
7311357339999607719
-1959967821566531943
-3051486215156135048
5249188489980220126
-1395122573222620391
8179473626445671771
-7036610501255651839
-8245320001402593152
3719657681583599864
5092345659793734775
-5254362207369433129
2613752651882463219
-3151495602914559360
-556816824616481276
2141870445381336091
7943417783850410235
5998075352562329006
575726881667142988
-2823646757019742732
-1288120233389018958
-8382441774727851527
5234303414451268722
1663735942235316851
7747699792067924080
1380688102968892535
4783532176617476293
-6669842534010189307
-5869169075945616809
-7060950996697551578
-460526151809870447
7683162214903751584
4253370784317701548
-2307110660627466005
-4590935001385897770
-5907443963212913542
-2640632928551796988
4341059609748428238
50681186471442441
5338107989216496232
3529048617270455839
-5040211069585907010
3998278934319984559
-3527630405562845834
-6391843570431610555
-8831526271423069334
6144385994134948242
3741411345284480438
-458246591890840342
8518992830881512951
-75804478415319110
-2946931366479000888
3459169189777458238
-2384071904308097019
-3141984094898935559
-4947800627188692091
-145969135999948729
7494795666099137062
5477378761714618876
1699784890877734386
-3939357721895283494
85872822658955534
8053550480180955187
-4354398882217177860
2832470633635952016
-4658602596084244989
-156388689742230921
8420392543826106287
7404739671072869965
-6874658092301665907
-5083545104343285526
4341871753635336407
-6434582505762522370
-5894420087842998259
4541676619074213796
4161608979999911030
-8903663270780931191
3248859865651913493
1880539717526117925
3930450460199476224
-2775538400978419681
-7377279388873712485
7207996324389428371
-5509799220627275273
-1301362875097128497
8982381404814232738
-9181460265991064911
5581834165006464719
-6148466939335814334
8205836909108133784
-2732093378966223771
8750959535029722720
-4569147329241844487
5127908174964839412
4974091637925200166
-1009789389411678147
3035142503400921952
-8144417071904512268
-7217520707365329496
-1247396059377268013
-6506290367117794809
-1581527601225752078
3961505442192394044
-1748000831218923634
-2406253834216374562
-9017817029228480657
6609776855756258996
6207666330693915447
-5117400935930914397
348086682022684077
2460224404099679389
8430971596938215855
3645965941826333362
-8994780198453921371
-7458938661783398
7638680651389320823
1082943837758236818
4514239189744952964
2116751205996356835
2420306405059044279
-6553708891166558157
-4143024725554732945
5612212784532082471
8337540078384194540
8464324135636466914
-1631825663226014145
-7066426735316186773
-7094011342967167489
-115554130179108703
-3478930635747815592
5393264782094103738
-6360756926952791534
-7548559287564326278
2137764628379940524
-1923047409884070022
-3783277978289305200
-7112816282082374982
3367111823178883041
-777093437581700118
-4906607190350483726
6926613690441572607
-4722668250450344516
7116673386503142462
4240114788500705601
-7393717609623656590
2724471780040047397
3275127951203182513
-295863989476171797
5739952238736940741
-1426101980544153624
-63540352946041305
-966506110372159152
2852736837160477284
-6280640227886697324
1974000653281611821
7520570121546522378
5296467559173496556
-1756528546336079
-7240350070091897414
-4520403115136096191
-1637957256708911186
-5072969756854553843
6487482194471951667
5899673170903861542
-3354967473682825292
1898344075231652694
895591803654494288
5915519148760975118
3531452955184332862
-4937345438594634853
-904875997345908816
-4279438782441187351
80485029969361017
3815090551087632010
-7683822721892398931
-7324703067071467651
-904335036717509178
7425579672826435312
-6444567908539781503
4185052859747229785
-1730758900753264138
4809842396363949234
6029877686060097502
-2405950016644945014
-9179744719030763858
1274945541909907844
-364338012677136087
3062848340051129956
-3195380271029036370
523094326724814522
-2614029268888797934
7529911909520980649
-1159998570478591761
-4601511971862235336
-1416949871464137675
5684610017340851410
2887991915389336794
7371793307925763410
397525165800960632
8248524096907596027
-6697469961871249236
7391865673188702958
7501266028989370999
-3745244654960144999
-2229449059862789457
4382718098021213563
-8269141313724288138
7982801985336202971
-8035978797190078772
5162511485389926988
-1471950129110953579
6881585863722089870
-8560195654868314376
-6778504045719221378
-288163917621620762
5076597833038731927
-8636727107556762422
-9128845044766403866
2328769825809930076
7140749262561986391
2107054155160034343
-451182708101533496
-3167076678827995825
-2861131582660615414
8316592838714406708
1625726787008273644
3870892115761447840
8994937193536410746
-2019107299156625724
478759365718738275
2827979464007609382
-3748703385992565922
-7071982048125893299
-9217521581772198365
4049500119804122726
-2386065128735410652
6599861870474076605
-6309656646279909665
-2587907793434220858
1793956928949232795
-8078284511386214953
6137989817852785956
2656905689152643611
-6498694698544807531
-8173752729616011246
-459951317157440475
-1091625926304161527
6713409390816443644
-6119494527399651093
4590346502203953251
937842058065168849
-8631233025218091050
-8101722166179891593
6984028612219013412
-6554177653149201117
-3426069810834581140
-1551079117912254000
-2221488727118573428
423614129671451798
1061261414365775903
-8387071405751713299
-5936289916864504091
-272189830885327235
454601370340536803
5634357647274894068
443169392646188547
2220295800939670766
1221890405402262995
5022023005740416760
-1275006522544482039
4435982859377891296
-1680280561799993589
7517081041145953594
9021467314950927053
-8091681930448215079
4728282950439266488
-8962424735719697240
7418209369184838581
595297395180677469
-3414935744198081215
1534006283974086627
-532335236009788720
7264546251745519577
6397828046555691572
-7960011432100204444
-7948283529598230359
-463686861017452323
-3856372690705322399
-4666921767861471361
1600251264958714532
-1457398135474652138
-6554683100870531521
-8217523417648720693
6372343952785039324
-8901022401378522529
-221535313072981326
-5686812807786941753
4726355995247962572
676985378135579477
9029268115097002348
-6133114523520699921
6853909818069288112
3104034628646171987
3211906841450892649
-3785630312961829623
2714496948423824263
2777579888256975321
-1013463552986018856
-4468164462140057256
-8855304623530346866
5546928575295931669
3683314811819601938
-1366178778990433929
4622458737639637303
4097646732077421058
-7578584632594634473
2133018219270149890
-1125029803053966430
-3103283967853364979
-2665204687351390133
4829320887517445591
-3498184359765665738
2196730020881491406
4691859938847762825
-4869132174027800636
1870805927404053508
246034407360968217
-7975269712931825568
-848671682253520559
-900170680763832728
4051820318450943739
-8034770907954611091
4050050195809256059
811593288381530426
-2146969753215255522
7961553172564646302
-5288764574772611691
-3721724199062756987
-5413730525191384650
4025031633228091323
-224902438037155618
5555871379154075571
-2764748404772148887
705856170968658073
-3152089899781354609
-2780112535766526749
-4019391360616380841
-160499098734995983
5002349290341846442
-3012111426301185860
6001390369297781262
-5285278679300083720
7867966883529514771
3453679800029466312
-3621528080880365966
-4340056797518101031
-7306953633746954088
6513810847871542644
-4484044244737084225
-6546164011048355192
-4277459359685713829
7143844043255432028
-1169725889107150717
3853529117930628196
-3067972245364576108
-791534954274731109
-4125206452331126418
4182152945615076177
2785387958735893755
-5675862203597061031
-6377063064913240803
8318369263067817766
1184831662786261547
-686848101755786768
-3384419533610033008
2707208089162892210
2789533571773918462
5563382715502282160
-587020800969211841
-8049325472339848819
3394203518918202255
-3113044202715302785
397534241825251469
-3086306151183470358
1539956984915329477
-2468018381131227674
-3938087843650044809
3508828347665677621
7517995900031196503
6495634009134330740
2167166568272374133
-7123463917580105839
-6387106076417861622
-7179018442245392587
-4275561745341318230
6498557854215887383
518069504551494459
-7830719854263998275
-1949634050512536309
-1438149016294764963
4499812000827695730
6392631408804094291
-86195114118560828
-358100988958484022
-859858423462478185
-7983017231025403336
-7007959214982848951
-7258090444534768140
4244363450636512365
3742565891888585008
-610529126191861025
-5271175375271204256
4302362649334187300
-798458051340480830
-4367541895444346230
4140146155209842246
-8229274180202377097
-7820413635060369347
-5549403003099054860
-6984177937038232983
-1171303154100416660
6980606278234825863
-6022948401567983371
5827392862498629417
-3093591363904852997
-8451065910165715169
-4181757867014267289
6667341648677856912
2339947233092146219
-4002071368351082317
-3308173424076001844
-8288745214295634343
-2176616961953134317
1880999587333500102
3246121940266477109
6611174685008818889
-9086380114249983245
1717072606943132048
-7826961450799160552
8312202332983396012
-8485878037450443405
925145756009300707
-8281168059537914478
1258775553638137689
-1885585182365917257
-1430530652542425181
-9163826385538736094
3398998019001486629
-5021564471609241527
-6412769006718222782
2479195153852228272
-4611064353339211881
-1010540644028243048
-4017854448950810418
5159846896116901500
-6044487638288618760
-671299286177002866
7671232111853843491
7196720422275458095
1373545939081213038
-1503968414446283708
1763480140245975284
-2191360954984581490
-1118964067089328268
1596853255142113744
8472683148622182568
6052942041727924148
3271940144066377372
4985437506858835160
8256156635101018048
-3282527653114680806
-3261096272664288046
5695115582089168283
-7732006898779353442
-7049797794840216657
2353593033749565785
-5741973199240779672
3441438332594621521
6394604389416735663
-7148247691432160973
6022585314208229382
6243304108717561742
-4147815192962617635
-8957452176601033944
4506346264196966160
-5683024228714153707
6918345326958386858
-833485534054363747
5911295169359255918
3274217795787179290
-4479691115160806936
-6404651315842741032
7230218470569641632
8467339428812629289
-8339218099496782397
-4579783718797140826
-6993177710404773757
4023085686879517770
6004323402187929657
8072576045179444883
-7073498633080918179
-6211517545024267145
-8616075741508452082
1714760171282792299
7344521865735188641
2310605528116986017
-5543625658757698732
-669006016823403643
6159970621301640901
6400665067617870527
-2075313379835182248
2800206534127506819
744053192872224952
-4186573440570566706
4265058470570298653
-9179628309302398559
-3352311380778466621
-5384059513551806310
8786521510189035030
27995849372619949
-3269638187369873690
7905381651175108961
-3224465046619513637
1424553694008617045
1251527353800573252
-9124954697528471448
8932011953581902130
-5128869980585265723
-8285522363360933796
7279734167293213828
2224423827966629175
-4144516363618552957
5059560670955239286
-6188406612284020121
7044967940907939628
-158562766096518542
8467723574418857265
4065266623201362676
1399105929863540984
-43767971718550783
-6558118276757627764
2851723505302347619
9125821038335729338
-1811527520646191826
8358877913857623570
6347797151008942301
2176708642752531704
-6540382782108856244
-8345887300386141928
-2239409431051122137
5646639561243305666
8838084657778726460
7329079543527845209
7703670413352171841
4944857922393179734
-8894549711909593766
962373017218510362
518509668460019013
-7703660301485816910
5891271162452167988
-655552619679374189
1206752279131387946
-6972261707512567994
-6917174501773669468
7278754625608258662
7026382587225469712
6103614754361869251
7751963337543595466
-7508377907965203891
-744741562706609335
-1181128362813863430
-6050108235373284176
8758633161476436551
7470725924790093128
-2940731072345033595
-4868095126029052101
7552137872347903705
-843145756846949014
-4915715532313438072
2594031949918187931
-4617660276333489391
-4557793078224833822
-6635233983373525060
-3046376843715468564
1884334724111800714
-2306537232538924758
-3293811661472217990
-8091738829911862773
-42501228647482587
-1274673246326129063
6440635543674515467
3922394311558211156
-4801960712042077003
-1362668368390899733
-6485974133482185164
4992640898849228603
-1044702468988822270
-6190573291890903493
-8963261881580916924
-6982127889894176827
6834598030771269089
-4475474470319996308
2913423272719700951
1262288785748510792
2745460082870652611
1079114733299967622
-8954780243511329162
6203787661887955309
1320621126650621376
-5885766292536376393
-2340053935386672733
-6190437418276678206
7510035911013579337
6796124820944934326
-8774551817337296477
-4994168517465391841
402811882295073026
-4603595254909383541
8576831904418864005
5137388690310493683
-1841070955151421411
-1116175684618397859
8228376877633028267
1203417810886303622
8016152819854449382
-4076043519336203908
8277478911581898585
3472215122968825048
399212352252982811
-7915848536516208325
-306865983672126116
2019867140136593177
7397109262884662216
-2995251372181469760
6047829790241023190
-6962045157280618567
67217678045437553
2805798452445981460
5593553010181865787
-6309321468392778829
-5885416545795739864
-606393443708908324
3051958842618608724
-6914107212586409363
3100632648880338798
3110206731651920965
-7938284599057915699
-896286213371381979
-7685601477589715311
-8671417702045310784
-5448125509019390195
-8868861611336037929
881799657241672666
978062009293219417
-3712278053410322656
-4183001729626013895
-4635043277077447618
8760570684136714737
7149616014394052700
-3192860584421440384
-9181739227836803972
-1190453677616344980
2477175213501127910
-7637326818123197356
-5489881577645535131
-6401785662517291423
9162506980432372454
980669112356597868
-6942487477130435582
8617832912489939043
3912839454782137418
5761816521914137726
7280408304032344062
-7412710347840375736
1852484167396028108
9205993614945005542
-690987757944690843
1817669453065655115
711046395149198175
7674495934674648567
5107251059491378396
-4398253221713382094
1380497573877829834
912710771455983913
8261053940117886408
-5635226166351112071
-8193018890040281565
8775903949879212152
-5678888033535902924
3344468243095154160
1776918665529293441
8109279971120221105
360510863784623378
-7396158417860064013
-6098937704777890476
7719964998750378443
-3447207811043339790
770044649241152115
4487060740936097626
7902465012307771345
-9126472717695359845
8654522392453974105
-8346306187772036007
-4893199891620716767
5176251546969461800
8147959276709488678
-1011995607793082119
3237762418402579269
1535106639523261495
3404542811197225537
7398700461658416851
5756588608433623350
-5504147100973845796
-7628157177611493334
-4874603605822623424
-1903770247860224387
5660160058663219930
3203807938397530829
-3919957713350742668
-328197692788103528
-4852105694565566042
4152208171138174899
2838211470756036223
-5735999510927941419
5348093457258312941
3502042345867301744
6761496490246427672
-2019530300526339898
-2027809742026970127
-4592112091872544546
-7978451394852411051
2154659292242124991
-4850478819719193288
-5723456054508316984
7364495896849880228
5756766780280911236
403801623045541005
5081080106179699438
-791607388253796689
2862382947552782724
-2998929076492202930
6610269788180888527
-5925764288752953799
3292105466347279306
2976769614643774832
6988915701799929396
6905715255264622491
-2645036831430707695
-5029164959727720316
-4701545523589418709
1672594279471161228
8431663136454333573
1864344564664404970
3683542320641718821
-9047505091933077965
3886943419919452715
588448291089948696
5183038566925052130
1442512376211210927
493630174835844321
8387584628694633791
7948926585552478166
1358488674177562072
-2962895439033968558
8078593025497331871
9187709586713486880
3921985520358318716
-4126463592540700268
-1456432009079622946
-7819719932478336327
6435049109575472835
7108637398030650494
8802584343096930300
-1010361560519053496
29068071397570451
6642903624660194111
639759473482452812
5374910912432185275
-1415349090960751308
-482183450306823625
-7246880069566798030
-5158388130749046440
-2197971129741797660
1116513867670486545
4326991148987776676
-8471042089786932949
7506775120758506026
-4350057131544698134
-6728978613498297913
-6312866861245708769
-7584501730114029673
6297051465173489228
1740707168908635480
5757844978912715983
3583823247992565876
2013150825600023440
3053520660939733582
5699953816821444169
-5157529162531845142
-6824644863234514061
-4770000645192796555
-270499070365001109
6847248854731207100
-4754492860216409341
-5993781071665148561
7727841695282680467
-7645207531802913000
8169811059118374386
-2556566008648555712
6095823668333034372
-3100601245997342895
1492272182978945221
-2650154302408886749
4699104610009319506
6832677327643528211
-3097373027782761086
8921501073789051007
-3491526632115322342
-4527544256950860705
-2687779612879225093
7412839109478349445
7557602528092875914
7874820557680582793
-1651606210251547001
-6551780602385090064
3122809175011836357
1172735583990612740
-2360774522903812490
-8669708847657024778
-6199724030207489397
-6652248323885362447
-6933030386729861519
1686220740951990220
-2296257030743680558
-992077410745201608
44511856198149088
3107880316429497077
3576328710015017968
-8876657730233132633
-3454776698877633210
-1886777811656357196
3256145564598760527
3145458991379970181
-3940978276464431713
-2353929087141479539
-6088795701287290087
-7534650571948268851
-4644829432116920263
6285255592469662166
6756482338560142705
-4531350942765893906
-4755358280751628361
-7103044494863152402
6968397913700480503
7396837532754051234
-242047296380439334
9080136092985126292
7430955362689444730
-1843985021623501707
3449508764119943254
2605908863662512668
-6257382688332823602
-646746535463900414
8971805697411093430
-7233692396817040636
-4675964407368934273
-4151209586929928972
3797813904018376966
35728584503529892
4488086393062781350
-6354961134057536086
8969657692201056383
4906559433121386926
767083359934562333
-3817609399706175999
-8261298800556861881
3896458673938843151
4265256147335281306
9037193638986602770
-7100317270279445882
-1425461109193820675
2743100013426092389
-4530334478923935857
7659032336182853975
-2281519194197339045
737540113273186397
-7349314204037946889
-4905994114071583437
-7335533648402923346
-300074051726829039
-6714540796602150712
5470174923792490424
6118986913062866926
-6947015231885317246
-224294160002065236
-5066371460650321513
4809465372795933060
8022928200194123659
-5918593771209624871
6046676565948945938
-598514773840742411
8065375091043004708
4234317287336690496
-1796310622972329319
8929346541052688376
-5317717903654061335
1827941238028789084
869258666925778696
-1902301039938264900
-7140582346258504800
-5028656862366766932
-1795210688015298962
-3436854686499895765
-493467014373917811
5989014163762000942
3116962373238077372
-7693433033715092811
-1731915180671953936
-3658384865194310062
-2702454345473108508
-8688023467982910584
-6535439110151031566
-7824205815663319305
4793996130840954885
-4432436972904198067
-3688967915442710513
675059416466790173
3273293711434937503
-7422030537613421400
-1028519187102684599
3978815599426162161
2628236594148663576
-3284616187650170544
-7645591352358348040
-3472071259364020966
1753371661548181577
5136140343406901942
4652372233739793203
7680360872548544588
3061614419217095110
8457708772536298734
-9065679516545006372
-3841155096593346680
4642738869267328599
1674417956469384887
6463062147392812681
-5661653780794371730
-3248160833165719130
-2098942079266014076
4497159693361094535
2007258916353597288
-5511741924898386962
138032593148201484
-2200859786414343218
5740804389314610847
-7349195978154540129
-1274804654289748200
8607838583988490577
6997659250034797373
-3836621158597420531
3907029976571267106
427475813630148424
-4566750485159540265
-2202707318312043652
-5911675212186360737
-6794146658913699705
-2787372739134429877
2439000817669728970
-8907556100488042696
6507260943426218370
-4645989097152216518
7243436729364783945
-4205278500750048543
5305376304026691997
2133760081237599107
-522201298418018616
-8220295213220160461
8189466837569031879
-814083212084907228
-950430151616358815
-8622953861801621996
-4390463893582278180
-2474198156766442169
-6690050782780292942
-5747222482117159351
2286466205260973239
4689334941993034147
-2450695820192130214
-4679786213247969653
-1531151352130631452
-1362543390008566513
-2351294722187011712
9065768522652533128
1152637138046565355
-7478976307251373725
185147639376385515
3080985919835471324
-2754745380204053878
-2162814920720952845
-5342660987869196996
-4027356406068186529
-2960231658694572852
6214366604420437551
2994517953566403812
7458755685780244000
-2535644229814918360
8288320463114717237
-8661489275550880836
5112068014071938042
-1261503872059069205
-185167723898930825
-8540835637097894227
-2833984869184981733
-8805976733222603957
1447384311491699064
-957243934511502973
3272608830754483236
8998848614621790419
7230793955910053341
1011588153303983389
5447873440090026613
327284957624716524
410432928441085567
9007694542435880529
1579833622692756383
-7620742630390918209
-6037911935498063358
3319138142669490731
1761367039530409474
-4529849627415792992
6659963924494740819
-1897744131048345096
-8187611572649530920
-8940377239605153631
-7116728505541867695
-8011742101399093682
1599160666959962495
3444610744563767550
6222838761272025126
-6970686179766511866
7904913552441021937
5360577359350615584
-7265404377201983388
1116507890340093348
-6399057239504163903
7778251740016581259
-2206251508476313504
3962265818708305315
-1471197752261688236
-6559042586035060867
5902158424588170259
-9009875329856932827
-3969648553252740585
599288206359656901
-5062316648496643364
-1724780009647808115
-7113782240386496443
-7764492914818059439
-2192414567134887436
645214819837369550
6549776091769747703
-716059499028619209
-7537616807157231490
-6254070518025563217
5492357890335065555
-4437802654844332795
55127593488908559
-7203203894031514170
-1800577373472825427
758656998568006717
3660880964729586404
6652728428954890456
-800352202920558831
-4168789170679039644
3444598869067039993
-7197854388786823984
1353593662023976266
-798336522981813275
7197809891387284273
4339505072243247585
2566704025017364518
6357796696255301745
1252417117785398994
-3390081139281933647
-5173093004644842018
-156107314140218644
2158609520957614915
-8038971340535115311
7813375089097332247
-7951940290020820465
-8409380138960340077
-2712550369343694091
6790906505353139779
-908324520961661486
-1692296673477279677
-8929184840992705873
-7201191563106257295
-337804927901865676
-1151769951574374915
7778840605753055786
-3130040624358926737
-8930197362373711530
-2721694042240522366
3524874767807154844
8489171815441681096
68188866921051780
7967988566168230668
-1623677195002195245
-7808462717468973217
4424296015332263695
6893964796051346395
2395284431451652558
-7119032370817887806
-3788308821576721702
8340969406134213982
6571675268695248281
-6988782287224373308
-434510776827430613
5889681299302404621
1548067784234633746
2326258421822323327
-1441110374164973119
-3457546812427580699
1969919196813722518
5179056723926529994
-6048487662535340326
-4403645329414350883
7725840368780049524
6028297315786180488
6387277505459597101
-1295194073246487535
-1173860764364014289
-8550384409512320844
-6111956492849283707
741852849966680389
2620185146427385892
-1028892261008185605
-1515805127517283181
3596507331838317077
1895120664857487383
-6661772099762345142
3934099504021032808
-5792020011617823344
1443540738059269838
837918028642125347
-7371678011758256905
1452903173958045394
-1143348552888939099
-7553547799239083390
2390397030664383915
-5619123031126794530
8901840383429614339
-8314950123023610684
369916784961060978
4815093395503675132
-6437568770870132746
-7389379744840944153
7953211941450267533
-5063408393486038882
5885711646212158640
-7168173803198494284
-8580618737134340140
4429461780768240809
7672178561883367494
5484506756644216422
943910408451662010
-8564234152576085876
-4875275761295492878
-9213705577725449197
2004392012452311998
-2693414437078880087
-3352590549793974581
-1929909328567164000
6976582911561531310
-3440891359208477623
2569590538819504811
-3946432539518958687
-8067503014281835336
-8153818022479608815
-3694675323338087111
-5622048805585807294
1732166307713215167
-2173155598567946981
-6955217249945863932
4753671675708397571
5307509130228060763
414721323458743612
-7665100401056803255
2483028152708894079
8471442925826366757
-8538435635787034656
2681732568569952029
1981706953629617765
6560482031196546284
-2176859583796137276
-1140963906514435339
-2872308152135663536
-8148677142682019509
-1342775048634210257
-3662330498123175790
-1974021326519927393
2398638169704745033
6884040081139827647
3017706315578295512
9134459581594707288
-4250375682723905162
-6206630191002491057
-845815874026146439
8240277434023424297
-6602022188527283078
1935544554952778379
3792669733184170538
4136342250537813517
-5578057794436781284
-4911460818367828469
-1835013506610721910
2241389690105434164
1054822270983258146
977408334026890065
-9057618288201658817
5026129138863889606
4198999240285291487
2153800883847121511
-1054264780130351333
-8808289104313866424
-7407400434537042640
4284924091030196623
2537020997386146628
-3280515837209628819
8883740770879504011
-7634437919238170097
3065963574281670588
304422743054561861
-5437816919807425567
-5740384456551843792
-920597567414308074
-5275390090069321983
-3022945501066469200
2351909917615612075
-1238787080948486222
5306962425245736521
-5679951417568269492
-8414437147574963119
-5029287750676807051
7728307460645955257
3652535035978297159
-6607975995566385379
4460321567266413917
-8077459049502563044
-3197449845366340219
2345200591174088143
2075228632941947707
-6011552133058474576
-8856327998734736402
-4108549022476062071
4305497632008548948
-6040460222991380923
422534860223276566
7171558216581476126
-7997953445096660365
1847935684601770694
361279869722841163
-8918404616231593627
8058223163997386852
3169345467612512721
-3089818498154864192
2480872031261483564
-3505886294946664948
-3184829594828110279
8839319819859362620
-4341414859035644561
4814214217015943923
5576736384358908128
-6355946605646474078
6746172752270477065
-7216655017258910885
3712012303550931898
-4299895464442038545
-6667251916596940663
5854802221678704627
6506868196218955394
1301313396925533829
2049201600521932804
7292409100434510444
-5597668658393887033
6378645487753446072
6905517382231164071
1753324357341949813
-2535882105654583478
2055241192970171231
-8560588899877649192
4178722007326842477
-4341877264711722248
-4251866712765917624
-3043452508771570597
-1394584999697410001
-4188563705443842078
6713111386349248803
-7362751761618232912
8466347629350138115
-5380483515128789068
-4499769250186026410
4561215740640790681
8512740946093583688
3463422468360068578
-6426839891305819345
-6508826820935322414
-8388584638538858139
-4306071572017682734
7918550773004874530
-8344499045792767698
5838685176871357197
-8509889182358394318
-3621987729366021549
-4775747936991554910
1605856194965042774
-2769442826442014071
8084266253678569072
-6880925496179295448
4344462917462508864
424786768246778246
8339650193841181878
-5351590223265014758
4271377867737749437
-7205886591820587130
4913878287932056027
-924210865959028952
-3938189105977410646
-4761897374414066746
-7256769002917645322
2798769524414082250
6184693176060709622
-373813896107982881
-3823137629788025585
-5682390792375706368
-1335919850562671754
2138576487552759091
-7216779576307405882
5008988422260105091
-6827304439442563913
5321114047378043768
-7434124910899677902
-6277171187794218842
-4286552669325430298
4926495085365956874
1894337390337142071
-8270136479001608634
-1387810248707528365
1507977888700629467
-3582362562932613449
-7321127392004644901
-1412570182292640862
-2121091133939208021
632133398362256302
-5702748364712005114
6302455960679830670
-3247664337550988943
5565206566065581830
3265571917356865828
3659477966510375581
-1378554684844816110
8299496717789342029
6522187210625953120
4292600550988820314
1573708109487007824
337970879225624948
-2062110172361173173
-8826619874608855885
7306636753835570258
1729707362824087994
-6077497452234493746
5284408855380360670
-1806176774854932217
338983896142459390
7439887516716981792
1113857243059895496
-1641726611579656658
766205943341769874
-2974662837825748518
-2888429941587687478
-5352765486070427759
-146141438456837471
-8955964219830790573
-6066027216844313385
4119192753554494740
1270750152930450566
-618162172156985413
4721914015445896667
4882294042212760223
3358475294869193390
-6976123213274276168
2978732225416607522
6595212848483418092
949489406715079911
58782126390243121
8595155007788943056
785772464913504906
8602498393606926890
-269369166182371216
8621639184649810638
7365005943421274205
1728389207534056343
-6634755376149307462
-3290255217868030966
-3730558420578448035
-8285201665540696128
-3531354264195612344
4181252758620987719
4425153028269081680
-1773576175929400580
708293464596005263
-7365454550637834918
4228194026948158412
5103481498000930085
2548308502050462273
789959067186598744
-2086494098736624003
3296625110346262518
-8827755137546787189
-4895811458440551201
-183414035820311086
2187226957686170845
-264762497875685071
5546789122480161006
-3736510073326814479
5524512280722371821
1707809301792792689
-4641483281699066349
3283574331757571332
4560038742649573095
5390100174557763443
-1061421704921994508
1045090535791602288
-1095834457711012411
5832186528761633056
1259157346577923802
-6231644675365942825
3193372948172007534
-735503753141439354
7548318979967644111
-9069198001428457946
-3303869670474858629
-600066394500750882
-3354168986403849111
-6329638961672976705
-3832258304586687466
-3970717056067955162
217984171391812934
-313012616273255561
-7099420013861219193
1860617469184059975
4856797899681988254
-2977405656980573492
-6765389017596757895
7662871940314255330
6559558892245590206
-3799966217125523592
-972239533558072656
3106824331486867510
8805445194019363234
-6719297392945501883
6564142081916247443
4965163182629937720
-2094135067131969195
2595575067513221700
4200303861570077289
7981038822508574338
4469939457711233041
3601237786747499095
455180566357813793
-5475902330382478146
-6294677548392868695
-6578241105415152669
2802154271059202182
4867533095937707480
-345484481316128508
4513905647853435680
2260162496741454315
5629227188704501927
8943683072061172306
1471007880270037304
1154149276242583083
-7444925766974328580
4707617084963376432
7360887157531626253
-971503541479832391
8079529761818510584
-2573282945350689572
4706943571820958286
-5622324140304499740
-2633548978971544714
-6626024123895835206
5787406822566725907
5401558727317835953
9079208319812267397
6991749896195843735
8899998507048160479
-816925133664410701
-3758619356788375432
-3331020881378280157
-8829386293861009078
-9160408886280889085
-4040968201854763813
-8270297593296480964
-1572935309270602100
6354922323763625932
-2855641374073304004
5337111721346458381
8121635474916540912
3433161964708046951
8959243407032501189
-5178205967557626990
3196446707500631527
-1653982421484648659
-8358362912328996632
-5918613939240981022
657664938147778646
-2785423524910538293
2780151093733356580
-1725321563761516662
-108852877693408479
-908796933072469193
-795967218380154335
3060690775629102707
-6975217826328836602
6344888161516185760
6946959217242311868
-7121029018003773285
3805936232704895695
4062370057310388339
-8116002672706412026
9099815310097735674
3595839065045290846
5361765905419758139
2280702231414344064
-8821936913106189429
8829238803249946443
-3421903797265873973
-894436210712894089
1742812859770260642
9037240728465687648
623222227834157522
-2453164182715191162
-6667570085241476074
4804681780885190341
3983497704638713740
-3984762578825294139
7328663452199811450
6638229920968128286
-8330697800015864042
1139608179941640737
3638791837766722261
5461410805813531834
-2775163222726237052
-6024783095886105099
2303265154499575580
2072130556079043473
-3523239765500898389
4702958100156867111
7324015952661730918
-4124240165446599593
-7696532007994571042
-8315457889519591940
1038164768661307377
-2649740193062662116
59413113500865380
-5745403572598743812
2374079763245816447
6273242287757852649
5537396837072469653
-1577508731668640010
8029079721808582028
6445301517452437280
-1097078572335768080
2561471086044745852
9046458875150011891
3177343020388454759
5561622517793609814
2709101094625225274
-2387546716167392478
5068556676435169481
6731368261253733383
-5671502464565325307
-2413210890811027826
4431008277456868201
4170286463860500459
-6131685108151838383
1087033716514907797
-9000793214099355562
-2168151603109266273
8532127598302273660
8972526959246371772
4873257120308568623
-1287582306974005237
2194652341958695905
8521918145063118182
-1134376798599051355
9058505706494291552
6114930260745057087
-1373769109591204897
3139695575723627873
-8598348001621857948
-5148978493801865136
4018742573186068041
-9024374413511988752
-980090990472044919
-2916349566540653208
-1933168175523018617
6245034377588698527
-4185091427720728465
-2869673355251034073
6274517886822370730
-699461167699176404
693218565487085738
-5745608005467742575
29993390857893518
-4478158080259298095
-3692934377150405896
7565296250998147791
1711665904413406131
-5739104002428625358
-2016120709548317506
-8136917826790840686
4033665789343422768
-874006306691668681
2759272803775616767
1900612608491344083
8610703814290667825
2371581848640215426
-4966739782360890617
7777644416032010595
-3811416181567979289
3763171022838657637
5053999824013011003
635917875439299936
-8696610154645481806
-5953393823780671243
4995036834554603797
-3459428653485234130
-5898016966642294634
4076671568676562403
-648775505992999817
6764494138045902115
-7268093652923490470
8769135551074135833
1405309502219821769
-4152203699265945262
-2839269842557944082
1973170430619377457
-1334027783425348132
-2471502097702365881
-7082298384677656127
-6436191932544670764
1733226833232627539
7427949696106312345
-1403593893310895926
7807342575071480311
2468139641816767075
5835595007462930634
7882544461322443979
-7970336222378818172
6916176978579636118
-4767195884909350521
1620338514058912481
1452760712643889577
5170071910658853576
2299080022404744458
5775242746323102954
997982879914034497
4628611339850879425
-5628858816113239862
411918936644527043
2001204017926414394
-3551550773343000856
-3655628323608309726
3893613734216903217
-1252209475820763886
-7144970424739606783
1385983958752569374
8082805219309370785
1861124410647300456
2851995420121847246
5921601018758330857
446035611872820433
-7334833273385191487
-7263311757729801999
2312843765466926264
-6856207813036807400
-1560009127185689438
998142055540946315
1296942164310012369
-9148114159334582760
4827319750803408163
5684027012910789676
3919451222389161384
9216050198638002343
-8727755403635083337
3366752423692983418
2670783857997620300
-1950536039001688876
-5801748769510080740
-928904575932625478
3243398620875702746
-552321626487165103
-3849335211624377563
610586463564574040
6714319031811654297
3922905989914988006
1324529473537666516
718995623999518762
1976706343965356422
-5336572506138028127
8132609943662945597
240972715952645729
-5594484717748135404
-3633469981582257763
5389595821739574393
6739757501763202317
1362304651651712240
-6586333174148460707
-750577791553217273
3499469427253895032
-6940078772196463297
-6136354507733577479
-3954965591382111136
-1803254581330320810
-4235014671207621809
-1047696003418914406
-7308473297492469442
-2531402811356553109
3621414741450579543
-3437717107264317213
-1486549709240027668
7352676731200386331
8725437233391469246
3162498698758581082
6450935409111872348
-8590475137753056454
6660774028265175110
-5455748911136699081
-8481104550390958725
-6555041571104838054
-5449092986696930306
7829267200580909985
-1834995998966552388
-8819838747179437241
-4530181801611786212
-1966036275033501603
1402924236124023468
2083523945134298770
-7442981459205399021
5297241567149535482
-7261852150341252276
-5301689138594964418
-8788854370070221352
-4681047567633846903
699736813031287113
-3694446315283993483
-3757263388905272771
-2730936859000459573
-7148725404930105405
5769960773448271692
8275984175043248446
-8787371794519923608
-3851361741361381905
3567956985156165500
8801386390573997845
7895955295764312517
7532825304034418463
-8806732632143183717
6486780315058086573
5128500552278662546
4937888408348495047
8051686332506491835
-1290875215900992985
4302089670753801707
4069410953172959035
4941088131736139870
-8006889043590456500
3715469732875517499
281592951038279717
5930125099053657142
-4705609562883480649
-5678755407330390887
1244267477353224043
-208325035540382028
7188139112568617478
7866792585875605435
-5893356434644139264
-7015100086572817731
-1533673841295506475
4613175857612563375
4250873442636821882
-8125219796337349108
-5175040260653278589
-7269424473070703387
2935352106940205589
655832815629970978
-4198810952181568935
-7930702573796779724
3067538948880134252
-3742615567659904726
-4866014812761037096
-8559264375631696356
-6109298055725779875
4118801086422989640
8950245964263888806
-1941096947886569606
5930447788615322104
3969317607887317103
-4716172951283284572
3670989747525905863
4865429899716025409
7814737850685557240
-9055619481221280883
-4352268886907623821
6416405786886252035
5036731724140526686
7640689494374619361
3760858753724901824
-3712687633970636235
-4452527645962180312
-6903471320078296706
-351580140421656916
-5869123480386260893
7626568078328041451
5311484159939943728
-8062356882724750833
7278481931761759234
881491257216174334
-1085708468153582666
5211970628217020679
7701171882037335418
-270393439398003726
-5214310605963434765
5846537548457392971
8721234633978346782
-2485104144682305164
1986380801837292303
-6034524120292449664
-1980982718299470465
-8069393087937107043
3691235436489498057
-4013315994334864712
2345199646705898347
3543451004930949141
8469311672692147669
-5573617906763741365
5779269647520614076
-3227905151581367745
-8763754018487021852
-5096664004000561538
2214321796201084165
4454257389938514346
-5475793649157419371
5119183246206100560
7971877752609228587
-8138949796752716981
5760705580895986196
-2783325349508975082
422669007107139509
-1532664277511228086
4369627153842961738
-2317299309599429600
-5398032116341022691
-4178400745100137264
4198963664750983551
8050155539508793849
34425301491393598
-8720632373172429645
-1772436656454740566
199016322403404991
7625759634907504617
-7699048659751722826
-2179117247052511147
2955874014811386556
1580642735986120777
3634557523908584252
-9030847908115922290
7499948670777855923
-5012076104703971709
8364450809019827277
-950465534781346857
-9032360954525811878
8239314132332240102
5610723120230044122
5869468705569795504
4756993042827310035
-7161340152325275309
-5469557556079820466
-4897093781722792869
8458657255894866878
-2184915151767201850
8048178317519371276
113515839000104128
-7368462795788587308
-119305548928588720
8957077431559215959
-1435568745286677983
924821761565949643
-4947836339548502558
-7383952733487721310
7360848460481677979
-7931498275811191123
6168477181635982463
8210680276235845891
8160971078492623452
6974711909976549885
-681763119159118140
-7418141923606589953
-3619326983512174234
-827259414401642866
6805915051183610574
144985058726593073
-2535748707681262283
5553758731425325154
-7518447130327835212
601764748064103478
-7586986938269342702
-8445650838495844890
-8142852163669783328
6440247216008479020
7086921269415841921
-6410423720587718898
-2709912003448278439
-6086438355995746424
518103291197665767
610310380751911489
-8579457770612533564
-7829470813602859518
-8838414365410361107
7663654828698922389
-7263657405557546512
5242983303599492246
3799344594328233075
-7839069200098765410
-7637672927039617574
-5115659235534489676
5799912425744508859
951329178418438829
965150082093636960
-5071096967280910344
6918120375587195426
7497739960240914771
5509508542149476129
-4051018357562582901
7684452214916881896
-701599721487080467
7414897570330845718
-588093177898180459
3705379627462432931
7104106318765116845
-1094416827464391197
-8452040715246017360
-2354740979122342047
-8330714963153378461
-6901319602951376272
5254367739613800076
8976844644756545077
-2289956650268464099
7879703640171315207
3961444535763352477
9027733241732535479
499905255090388557
-2269093995022842046
-2369014758379574570
-1324369472276677008
-5175067977636042237
7536905311037119499
-7620432353326876810
-8836196685514889809
3839497848804441672
-1799969848161075348
-162267640898354152
8200432418506904854
7539074506871284319
-7207543424858935506
5428632677609272180
-803637956040351419
5380440743080527677
5854361835743933854
-880337991632895397
4574398853246086389
-7666888961233416290
2727593509862527484
3957016104805039704
-929184901650773724
4578691582352593798
9126852346070046786
6247755008862223348
-315001054796324615
8152787869105688267
1228881018468662662
2647533022494545323
5876800018413659272
-8794064582188297935
-1772452246684821871
4656692672988690143
-5002683954860549395
8590757575312082716
5820070635090585204
-3949937371839607948
-8194259989076368299
-3846656206391849861
-651148675266922332
-5913556472080931650
4818744574438684687
3188883075964234724
-5813042993513728581
-5008740043733325044
487156867722539472
-6218296533508885637
-9014638286462969537
5274833514557590997
-4322136331621590330
6765998231961937851
-2459992553016287656
396548216044030846
4345312384043794906
8050879042907241405
-4172132359507887203
4683623797140398098
5689775856540604290
-3907197517738245876
2800745632709138182
-7921925128718295357
7020387124351776439
2497952825321275945
7252392900465422366
-3830735928349498147
-3567385158712501460
-2228446046227977694
5853347980280238798
920218618509126649
-4949378583931279519
-6419897775238147285
6147263501722715231
7583838863266227189
6117902420049124797
-8774220098988356342
3190500453501133740
6838142584700633693
-6762362717153745297
-719532632107700388
-2274559444485372747
1384438082183732766
-5687359153257276302
2340782690865650460
5470818112844010222
-3988108707276218676
6421735739943952798
-4946260874563733950
5408972184210177757
2374246353180345284
5036109208840652380
-2704688062721841283
4431330070743926875
7944345300301429347
-3107814812674202079
2748911203393562911
5178861128704658669
-949645785945020374
-5372964388920584963
-3157136994676866498
6663432069231770149
-4858193518059718098
9101868843876940000
1995114009193453885
6462001808045120574
225925631489190103
3929339990750690949
-3141339879095545851
-6484847434163421539
-896055977205114900
-6605417471073055338
-7865729641342061385
-6915024145825116432
-3453672474427778753
-4132726597294191661
-1159529277324624919
7633735114890527779
-3865587311291180614
-5329931314149935618
-8253240728687618106
7030663775764952209
-2365579728095746418
-1150540232947401751
-412606532303770967
7563670384061758019
5557890127790096640
6211313352574200776
-3767341178660913014
-5572621852703341607
5886166757509450225
2343094582712001202
-6068232350847721522
5173151115849314898
7261731102324906933
-9017102024075786627
-7371778566226438175
-679892412322317194
-2815152157534485087
2748322155127865716
-7611688293516217283
-295251497624140073
-7142606234353276756
-1567536847658783386
1876955826251051955
4269901161043943134
4044627439336930757
124599069894787638
-5970038635349577609
5420786884864263324
8775985041845865699
5530405297558856102
-4462658396230337585
-6413429034874854330
-7107781766569646755
7631627029571010885
-4722302036927930618
-5660722132408175787
2902200983286809022
8829161578676297564
-5507778365611303145
434309718149157931
1451425566485966466
-5434889080351327669
8761177509722367041
3953178983294624094
-6996278929407924805
3680768386897836153
-2279419274888613522
6171742114980594006
-887538193988519117
1493465977604067596
8482287007224868472
8223555691823636532
9103133827910144988
-6717237706817696571
1815831712411323242
7329895653031877392
-1083609003396415334
4297734672958281926
5915010815795657439
-4775168499437308234
2160838582438009775
8335963254376941129
3327348239565130896
-1686778866030722156
1254849110528346978
3724726588409511034
8001791088968120761
8921023958418592766
-1771498349777624478
7335202959771906170
-6749533301800876393
5871324753412452937
4270601855073785308
-4763857122300760739
5835262721133215683
6720840617618281698
5716689066019910288
237406153653783919
-4180084905967821177
-2905198199736874561
-1720312303920647804
1458502536960536654
-2937406135198103565
-589443649329620633
-9164626071414593621
8060772199030216632
-1458394810781344478
-5951980105151186529
-3754319989478017877
-6039255041687211989
-4303069578953952892
3698616246014142267
8097667913384870287
7593598700743484459
-5158566208441365204
5460772285913699214
-629992285337531814
4567069837846591310
-3222036210163127577
8670532737629295340
-2395928345919474666
7778968858734045235
4075358672859238963
8263449375490982180
2552349816128030984
8117183964422980839
-6446347476872417340
600395908233150803
5922889866572306161
-6406244064489574745
8145967322373650747
8712575075152451350
-448137472670507408
7038277676745421443
3410273282593046879
8919385440465210613
120640896181002771
-9096901634823585173
3442036791469230524
5725141419930677374
7540557037445788512
7567122863022045189
17667465426658565
-8187717197784204989
-8848370922907787250
-7057258764518150334
6655893414966065019
-7389198061530666872
3201561099463391902
5153129187194226810
-136946372326889872
3752824450472725752
-8794143769715649960
-5336265424401551129
981778932792342250
-5829892548692839811
3149055771958515923
-1229381149265525059
-6255402839678468443
6933808021335943047
-3070790697099175908
-8740819611241042868
-6612875804038947186
-3871330957130625261
5696815200123762177
-4662762607217402676
796498734967503026
-8610109555505358595
-669850673427878931
8046084756144924245
-6235673232115802629
701551837014886531
5288374357789233486
-526607575743706435
7970346462520142593
1153978688183529058
256204770293490034
-3030703712944782538
-4705796239552644878
8332484282278215412
3538671812699702142
4983757901048636940
-6864980720759545327
1690882184143284102
7683333950073910666
-219873634112656758
3536386062256985129
9138084550096506404
263573309894957213
7004094624246695625
9055515320041654151
3122433987779001231
8452248014209553411
-5405711578377833375
3886900071575608105
8255332986504266066
4612383274505347233
3075276921546755698
-311099543760571187
8232104736158039107
-5487816338741081401
8629372495773357589
-1771935417167448451
-3177997074357268267
-2864047473634611572
7678519930664621570
3500561978472265761
-2581969845547495437
1713630203406680527
5180054640255095341
8702190339113107870
777883927980500225
6624118954655911707
-7135426281672039353
-1344852941611556827
449597391881028887
-4935202414792122006
1231510984356349324
3966051470941965193
-6372459244835756842
-7986768401539649693
-7844991804067961804
-71164899797622261
-3695947399135381886
2997164000032224623
1675984547035497690
-8885240089684156365
3001302305418355993
-3858063927079539215
-1422142585496429427
2558064262150049871
7715754505522602659
204024198843448295
1047352007541701148
1557947735544379654
-425516347988501453
3233695541881085555
-3624180610673953704
2472118212763187770
1378225221273025921
-7271330071761667280
-4566976813077286423
-906488515061004093
1305494852003401224
3710080024533041749
4815146436826789991
648960182154479978
-962131994952746329
-1456736828827115979
4656609075061021653
8911120223594298011
1143290721696507715
-3317705078093953462
8657340271724327725
-4741383317520087666
-8282214747916903549
2081981512910868874
3265793878148515315
-1976319862639653218
-1119911738239703410
972344449514316399
5649559263584033580
6733269047205637307
-9020722369378349867
1656170267619476997
-248940852005683525
2543171185932176718
-4798768147357203379
-3878475440864827900
4853857984944660388
-1674359638101040253
-2267036384367490859
431434262105623104
-6875700052857133452
-7608548037374847310
-8828345153101226069
-5703342080086001628
2613729770043645785
1876321569702235789
5100218730206961013
-2908815686821365104
-6715729715023815041
-3714711576053860603
7882148030929801353
2028443446145157734
3817073404077484039
-8635463639236239172
-2678811448646029977
-4903033510823158867
7879365776958797244
1781934980921667285
-6535029404921936475
4571990486873758334
6633100399308807386
916843017796836156
7448088237797482259
4835659952727435805
-3861134554500197496
5629498299744099855
-388387570424514264
6469535130659298829
7494878383450326807
-1716281168707592368
8938773294154633340
3872092444433518077
-6587702260026597190
-607379417632669437
-2316237524891924563
-5612701364756316460
2851325314601437070
-8408223327152328201
6584798837079785468
-8538544968514813967
2564695377642244405
442160909126173101
8754660111006948969
39739421369656965
8556672668994671028
2479447771441490081
1663521821651881923
-8583755366268044756
8949237973393376780
592907932669883431
-2818977993854514245
-9047678465300221675
-7359970994086138387
-2247837281642471422
-4706194825472855688
-2900136818946737511
-7960842140615164611
7392928968422104832
-6178057366583612928
6857416142030190536
-263159851260736925
5737467086267923507
69668594945174725
3966902170061647607
3801703462388729897
7310427519874453517
830866686578744755
-4266667561129994954
-1718751724786343411
8339722082468712393
-5065717420802937395
-7360395232931596749
-6302262503162816735
-7101428707307916990
-8120152614930655353
1600382673344278146
3345899007028262418
-4372642733397831360
5589049766704887137
3642071715540324958
-6009411056648830010
-3961366589124252039
-6624266631994060968
1262060906471682472
-2544871185616467798
8851696590638522828
-5920821515585903022
7690079521554200964
-9138129857264423386
6042212247245074402
378702698578430006
-3383034167351108207
4533174386261247969
1145952560762306662
-5883379846096582612
-9215874183349569358
-4457820365397260154
-7037740029965761273
3828616093264612282
-6519894033204745494
6162540316293845483
3906932994071525971
-5490287869321674753
1047987990003566710
3022014307331151476
-1645836358374428740
-4655124301128846999
-6698375224088686918
-155950718898836595
-315254191430615935
8814550435619720825
638625046131429758
6965247511077487087
8233927212066334965
1878408920392675369
-5777654280212098988
6481295938241758348
2535292374394013528
-1375161180013999337
-7722233365513679278
1674742812498520073
2212817591213924430
4824404010826350805
-809258864500055896
5084664073987180685
-1575512308185348322
245142754936706911
5006235593990535946
8757372172945382418
-2699447394138812279
1228164776261146178
-3089950296914020497
8419987662808696989
5958516955355416078
8663184309731780306
-7517437043890673629
6528090083035795538
-1941161251481817442
-9019668508561871277
193108802191322779
7486756555689712860
3543111708266773093
5319854031533218862
4341696734018048846
805185349613137134
-1972151212135587085
1235667333415466756
7685589268851377384
-2253589982823971847
-3051675350352053412
8559064312834662957
-2857192777656520183
-1388381280970107380
956251393938767561
-2966874567569845607
2995744038192917442
5076025563828491884
8412728507846224519
1660459684164290650
191312731874003026
3165577061079344662
5549777824530643379
2777922307751937902
7784029005840701155
993840877799169832
-4277850272296349856
2300331611993040964
1493510875957886753
-826371011298048647
-8965541151974728590
3842767048239394560
-3764825161137856742
6002048830528726265
2540278938190913595
688670369723423744
-6788647358533377745
1669853259799072183
-6691226673066778729
-5665466749280249078
479160467800497449
9015854343392455231
-8990225730720845986
1781126410035451091
5958709460729762994
-8267158336599916798
5349696472765217951
-1719104767548782522
-8266886721997935048
2661037785828411968
7585918034455580904
2103008066273125439
636152612667590978
2895531119755808211
3847090198364344399
7485656941762533996
4778146823890031105
1175777508317786565
-1598161562737164483
4108344191595600919
-6463031254706478629
-7535468390692021483
5955992646226198919
3664203427660331308
-2983245210492761703
-3952663312223303040
-8372581443158915366
-2373159817953083980
389989058807086422
-280483576727073718
-1952187937818864435
-7418499515026467354
582684119346156980
-7964569766022579481
-9214157250476172086
3047347614196867146
-5372401986634191863
7682905139992816622
1223371206318248370
7916096162407590360
6405391078104826090
8573229672990499972
-238995081101511926
-4018899431909648375
-2018557923487263912
-1732469525149253282
1759348872969331447
-6836542144889382150
-7774450215215539844
-710771977050572136
3924190496600513436
8158616265257034945
-3157727544728295875
-9178491648151612815
-6522773188613774052
5252704776988607211
-4350271696299248075
-4818818039935136122
-4594659121894148639
-1136353406092839671
7474069068235684130
8830475309242482424
1437022084744417664
1831534728560481511
676415562462217675
-3586186917373095407
-4374036473157812303
3068701867531970017
5173724825729095482
2315146131183072483
-5003516971500725430
8992458532899270280
4898262873937497158
-5168200380669294403
-9053040074047795
8119858373205427133
4026581563299729854
-137525929820715518
-4102119763920109632
3746926372616435131
-9115244164235927613
-4399957885972818242
-3954846658693123434
7689302120536964052
7528627526299624118
-6627657156505108756
4985603601911115038
-3060109370131040164
-2808153211945312492
-2039836331751415050
-8740082948002899578
1579340925989789764
3479072457568183252
-2170649180887199399
5323140733029548880
3718707849551931131
8722597312546265304
-3831910407063557702
-6780450810385178772
4403252895396694798
2242783961666133041
-7269967150798340078
6826856728578776167
-4206845107938633212
-3006579709219101734
111254673969611047
1368518127126555877
-9002678563861808033
1847226849117377965
6945910283563827962
7108597891260304488
3474174969274109267
3871357954572081298
-7944424142818479902
4312633875590868435
2426156678502415442
1118905036144341635
-6918186591610843662
5211325435462196691
4036968225129523720
-8953359607732868026
7331013218491865994
559909541114844397
3685703736699515502
9196698694772579129
4347333811367644780
-5647207642531337802
-5560683343443617372
-2547857712525938018
5013762295541072626
-8577192943289229319
8008523346337596608
-5886974577212568038
3170175257625387901
-4067849645193296918
799666275037929121
7860029784124593692
3990103106065429412
8705529673462697476
-5400193734995104993
-2120675233539287189
-8616688611892122952
7045958557375456210
3245346026888331917
-6571220972203453781
8566652418620681990
-2520674006410221052
-7585021671639825841
-3810312090292484593
447355704246791619
2455576688399794198
95067715206137376
6058746526090525626
5435902080596734951
4363807434430448296
5380413950058502919
-4044355344178306171
-3779152785138906987
-4084928119852926415
-2550351206920563985
-4545219363364756532
-2840026736719949509
-3967772559240722504
-4156254891184852351
7596949900345112031
7478055657491201465
-8428134433709774904
-7197199829990732838
-8514819398232404516
-2044588000785981859
-4853917972073665673
-1187149873933391346
-1381338550535351586
8363292887107628186
4444197433811671039
-2492424269185175993
6178846813150132425
-718554595119540384
-6733415702770030301
-1255816899251361517
1615376232251267304
8100912118633754337
-6035777770668072507
-7521914102165636451
-6188474447439206667
2191569818246336628
4692145304021898219
6338157048380735968
2190358923643998293
1551237750507047843
6923718060489601626
-5558734488659659572
3866919642546033672
-6850723966813163819
-3503818976903824455
-6405562499997636017
-3725641557250788303
-4217349299619669903
9215064710215726198
-3071648119517643913
-1349444455527668620
-657546643875988207
4103645829332527065
62514414986339714
-3575659139363630041
-7403491066301821540
6775640578215912002
3297038257039904646
2498948071808810620
-3213829186236849884
560125878312325954
-2289346019897156597
5372591051311858842
5890636379054981822
4622790219896250482
4426295980621890329
-5927466411620748569
-8628737807392149233
-5754136960382713213
5201040435261018734
7084956438895916771
4245787743616426945
-3468104592284813680
-4130927015719964047
1616069736536655303
-68525968506168892
72430895003172971
750211603339242381
2156710446650048434
-8100067132657846428
1784094908361050018
-6538944638292648369
-6402557464600048636
1306190615577604286
-7809460489156782000
-718793323994514315
7861002392623784303
-5034682511142205878
8643338595626662397
-3026428678601350391
6974615341599120835
-492054003737134145
1622838506087712770
4807059081061458170
-4691113367884099664
-8645254206022305719
7477336187782214530
2287810458309017581
7170520724563567338
-6316067394651936126
-4426281362220745648
-5516327363133230295
-4241779810706812735
2194248296439268993
-2134119672511854946
1034405834103287542
-6323242314587607957
4765330231965253590
1141903279696374802
3124311897204035176
8586822982398309543
5613514170007735106
4522458710919349417
360504758638514062
-8139035016510689903
-816399734143391654
1967284302782063993
3652067924508906421
7942247594957522435
-6033737194144201444
-4196798992787445644
7240993718502446773
-8449177403134735200
-8930922071114665266
-5803212411092107047
-1477814780914743110
-6633700035096764546
6084269173134781573
-4636566104408734376
-172993415987690990
-7820038853887897222
7032710459078982606
8970531069449388496
-335301276289586948
5555385508827858148
-1951503905557191794
-490470494158027762
-4772431819616378128
-7242042216936572076
5253751432443189335
7302172736609461556
-6749014345003808793
5639770449872955264
-1520458984678348518
3988386405666725485
-5378189316546652713
-7213651097402985277
-7850930784698217466
-7460428576100707683
7844760101680033959
-5904167521918448202
-5434837141214196984
-5622697048350957203
3041430891527765801
8810860392861546861
-5567042365217282174
-6427024422427125146
-7766841402068376466
-2663595536558125585
-3874786052042572413
6960653681198366022
-5202510882658470713
-1187189287134952234
6093133356444319409
-2934000838021014321
-3148399259019723627
1924425165101157245
-708056498883480815
-3687558520361614713
8303457430512113335
8224601438170717925
1519656836180368817
-1716330012161577379
3850346286736845566
6387740716748400765
4646475083981437523
-7464691992617634138
-869802065892784279
7586080480286711657
-1464826222362224428
3242230642516148393
-2595209438151651295
3799188542944839042
-6657183294191245570
-5299902865882998574
-5723925937060624322
7325123904045498864
-6766291525547519099
-717400146384766164
454128236801750847
84029065910483265
-7511772849593884221
-4426625651751190045
1905301479678575688
-5047809983416367007
-1492216822132402881
-3972053332423757097
895944929156599830
7164259147805238661
4233400494145931981
339661479542941739
-7510753681358082227
2002883404936058706
-1167858385303856706
4696608821147206976
6853006130071367441
-7676277156276506384
4966747179696106533
-4355524107058522429
-5926079298503020555
9057715872558693916
-4810426386814232325
636488291681060841
-6199570497350325405
-7931750969671094790
8473504129319844941
17217061794177800
6775233210081295657
-8076667421390830580
-1212474327471850711
2364068874657462433
1691090490764783632
-1084486386225464015
-7322382751452828333
1187340642392643980
1043796344759862916
2493512607836316473
3427309608901045468
3403590005496781296
7414423657660764497
6416355166037469167
-8108905362091587454
-7701846991995784024
-6140415271011946876
-594130480059625711
696435205404463475
7624187220063612486
8704088878332422264
-575072712083989278
9131809947474163614
6970499699455869781
-2679128124913882836
-6661391347055241646
3611894778668260699
5307295268838589827
1329559174113424756
4852094952083483569
-1337105291492364174
-4794088085752462371
8232468064725586765
-3401000841993747899
4724200006265730549
1394999738454724865
-6884411256502387350
7517073504517803247
-8704933824154492754
9152707905182129011
8949205052782761455
4099274449904226889
2166661075399932030
8637762138406062200
-7442259449709987125
6685704515055990000
-124075500878046422
-6448423837326981390
-6240445569245673324
-5896534548196344045
-5176127045485635930
-8775236624963904475
6897815551677384010
5140168833897473722
6596205773591495049
-7464736398933817948
6507896833637695691
5723715132404887005
-280313991692468207
580458409677180047
4169475653051288650
-7153390584471586693
-2762202624061361113
4738895099077894811
2238909977705024801
-2543496618710414885
-3231014140328278214
-5840254359972153465
7558334347680998630
-54314083450133387
-6879526388913988004
-8926808790840936788
-7093000174980023186
-7826716441920304205
-497988028351355517
-5896991490864732799
-8032740139319396339
7016991273610230784
-4308680672945280874
-2583639438925502222
-6737414815918351096
4681989948642130848
-8895077710714861912
1369944585838944365
3224702575831087709
2288832390490971935
4142388062986183055
2689057501038205341
3179352391102217742
1207677592788073794
-1072258109146896268
-4201847459806818365
2866998683257603754
-5784996176693805205
-3920073521847157319
2413045589084442925
3549564473739447077
-7621496613135925484
6717742975339127231
1366246558422508376
6581981944213095319
-28151915369070898
-5714686858257202477
6563579005237920555
-1931576907939157144
-6418084511815487428
7211555677341056622
4329636603435370190
-5442268773565220773
7343266466270584763
6468592779215659216
2197471856780440654
-1793754850940650499
-6794651841578598062
-3645237596908339011
2132146300185979924
-8091037050525704923
-4121167968595994639
1136844570212991187
-7671343625260505619
-8125032885548251251
-4615871429185395632
1424188343804444065
-6709549113529032798
6010512366147626810
4205729646192105385
-8399199547348400311
545756360222612243
1969555338723014625
-3082101024797035454
-8866061480759618274
-6891181083787554391
-188918949232100656
-5276377503395500572
4463344017066504070
-8820723945566549215
-4994102683847807301
-3302038279307489306
2652846317430755243
-4185188817344172288
-8600163342438325379
-5140321069913629645
-8027448195291672115
4034117146032927507
1976787304301052795
6424171376561600408
788737608519924813
5604986575725462896
7395482591121350835
-5887183175941077376
3383473230818552178
1403746111043422458
-2837027031684907471
5475607307895583248
-810037528499301035
4327035372182084763
3553312143112792865
121904666256104237
2787844722539175556
-8490706268209645776
-4973038816003006536
1443611937707901007
5569865970316974233
-6387084026249550308
-6656636544267164847
8684280133341882025
-8559035708673988271
454595715359125546
-7011534913134046837
3307599102822305911
-6671914790072030987
5048711198431804075
8430277546811226546
-8760195129903148540
1925079598474441513
-6129208625855044879
1868034441100889143
5301733612325513680
6190754069603482790
2610904996583018216
-2864283508473445300
-2581721847534558491
-1887597512984965578
-5556247958738510181
4979830946428305379
7365102148186938698
5644205022857549566
4540758192021460443
4917208296123907947
-3330427571105044041
-7284042951475875193
-7308759531840163315
752249308813132516
-3220592909115368369
-553038190513707283
4659919833218098517
-2479897813406443723
3937298402597400029
-2965556386926296366
-1090935419513783322
-7751063420534276028
-735240225092874452
8325489818622462277
4023057082726970360
6615988669052642745
-4958555195470125683
-3460835663582961994
7171238632095171116
6955818630816159671
4768347150613471632
-2276281066621225950
3125673080599817969
-5476005215766648390
-1281687499394312476
3445407005070774911
1061872921392334288
4768420039308139073
7663782158652424550
1612259183253723589
-7759783809357781825
6171604418613217833
227243763841409511
6952000860845169367
2426340199198926171
-7008596292783141983
-4798793692464155
5211397294299053825
2745710990686256042
-3867092790683053248
1152972796150022718
-1765699630814019703
-7182609844272505389
-4078331801156684173
5626041086489239931
2672305054579481285
-4535907127019406408
3295763378585974369
3000581871182179333
3200736381538712884
-1963165280947762356
-6138859073822494085
-4154940339184558428
1928831400735378215
-2882148777415363863
2996660447361088149
7697016769969207292
7097297920744216982
6705732978928960908
5004829164591470314
-2230319672271502778
-8534848060165993370
8232762051718905387
3047255889168660254
-3590762842093813616
4764068933831768260
-9057732946850174439
2664581760838511336
-3609494212065170863
-3132617700895096954
-7009817392068482119
1759113349375672491
-5862682215891515342
994508080257013985
294224390978500883
-5925454959865593545
4929996771145589748
-1607560093205624281
-5909212403925633765
-7200334620013364686
-8457900743133014544
-8898887566281839139
1305917919090811998
-4058407674706953507
-4132782958925685679
137097977398904572
3833092615608280294
7275646899388687678
-2976178260841498238
1689484185529061170
-6678298604103634040
-2738372553304406313
8641230853699558896
4196769075134543194
8148428739083081117
-937584551868849921
-4847158443709621246
6004450816656827552
4383629091916606378
7422439423537740467
7757889777604909355
-5622953987886250205
705903174869979607
462528771870963875
-3835239092328205472
-1058584487277602139
-3763931048709986501
5807070126642610949
7500805254299761893
5686798445883195810
866181763148440788
-503886900423054916
2384512627015570660
6382446448972815176
5096226849340129703
-3207840990244005535
-6730547809389328619
4024661219015961061
-7668178563030755686
-1139665172143891357
4518965937068994669
1562465552069830998
6893028274816504157
7126413473547281383
531948352526885109
4751097472179362221
-600798725120136129
5259431435162140463
6226961752834863964
6202042926353078959
-3500276518345562076
-4578046688595076246
7925239819197216275
3475598774100983445
192774711035605109
3769610827900695662
2469474426738194577
8628351312844463494
3831283986186075311
-5511846482290738737
3860392032642413688
-4595153035459669247
1299986305263917530
5939818610989210877
-7570261394253694348
-8856492955080001544
-449128991578555644
-9174978974525440650
3926020473386910860
7620742342137607640
808483318259743231
415470099427560750
-5861971282963551544
-7292621092973711409
-6075090028008411140
1780758951923578207
-7230310228662460709
-3266937802876282149
-5109420063134984413
277185742257751399
1155341736043069938
6715659606672898364
7240630907478527109
2377284413120706705
-6965878424617316430
6336697181204843116
5789649497456690177
-4923754629163774274
7911197277387662269
-8627328119489113548
9060104468527855442
7660324760347117231
2473104134750570224
7938361941958982794
7281503991375439842
-3897633310994905817
-7794643683453206120
2654144054418052854
1176212793314830306
4442196740296723172
-8761739710334252126
-1258718553852991023
3276059396487195878
-2592611471928270014
6164769460875722785
-6675217456569204353
4733665624002303386
-4290879284788457520
-393397937752932329
8128967340088704091
8539644797351905533
4177126417168219059
-8047145023617206171
-5887486792659854288
5128280024412177340
-701490839824604475
8788559173584977298
-1206150879744632476
-3477957961502481195
5968140611442487274
-6548660844388747555
1102658749806216548
3615547271671327486
-2204215449539814863
2284668822943181408
1472111857799218807
-853232498357073886
2685607690217091212
2501807886430623427
-2070031294985526160
7843215166450268610
3713840196209984637
-1172488516082074657
7093822920968144792
2676906748858199237
5226000278771292274
7816763030816111904
7537055994805406381
1244830527646153119
7748233664588233012
-761376010621238658
-832758281359501999
-4355857138127611509
-454342499715375390
3061361115827437480
-1043076298584465585
-184032074520778788
-1331042674575821137
5014449610563249512
-8914492385594263693
2959579734474611095
-1407217140876442335
245075778431885909
-2095467834784912572
-1801269848151119581
6777193254646504598
2093928115116155720
-987782187103980263
-8619238640042369403
-8044375832029729291
-6874878561902461724
95406399464076080
-7815477776141763843
3838413652506625272
-1811592708521829203
-1402527935757291574
-8115305091527991765
-8579378756605557390
6330641722121608879
3859941281675861316
-8671218132478746435
3779706379776085817
3265919082491865535
-8747620989810998664
-1686373227491020112
752187956010350650
6890434983162142827
6782648709745690395
3234430948969920835
-4853340540780399515
2278956182425649279
-6350791792933095498
5945682293152718943
1833839263399868362
5883514820407374445
-1520100997570769468
-8870941376806354234
-5475676970707845801
-5904082941456307341
8654109017877610880
3519227541767116006
5235931696506143473
-3779723496286760537
1761347848734531912
-2223073981920012491
7936745170186074169
-4125650668836716794
921707713833291521
5679257479906120177
-4467502253829335554
-6410762226140296245
790552016227793877
5972960940005831933
-2813465086304404103
714334469749318591
3377865978890081365
-3301049732366276837
-2461670553110673555
1163486349282055670
-3136407168436522785
4646873821159470790
-4245433198385714574
4333971298737944670
-5961047393370814049
3827850766559995758
3039971334036729568
-5197500774676922010
661177595930995906
-6189081334624490233
-2212373824169179357
8980740850042739402
6963410482231035782
3918694854511097799
6470416430105151706
1120598579191486856
-26598915487510895
1812214073590790400
-1220673448018631626
5830435743754191892
7783392277488990287
-5383229879483869085
2565431844221879104
-3094244129163285870
-5866946067141292068
-7481287084842729124
-2486952914181427583
-4542022479364795833
-1029351726793847615
-3777054563733201457
9057455664897963912
-178992053231525187
7372700775151920116
3179788876395533800
-4893436991583016032
3746100847210166601
3088019846863593166
8691447459370693003
-6204598529605672431
-1918501532612913556
-8418055444848925012
-4088405915198264414
-3748989038069634819
-8198829604160531468
-2714482518825911067
-4591094787372211371
2823058039285847807
3891925630408208584
-7318988655518386188
3734705604035140122
9219349966120870746
7477269109819204644
-2642699514171938063
-6118126605464162386
-9154637902129706927
7501654140615957679
-2473820815424601236
7554799343280913255
-1869779318946181600
5138269205904348751
-4190012186362832611
3709110641308959178
124704338959389638
1995135483219635647
-4998605324001710505
-2451612768746612197
4174289798636765440
-4185925777758871748
3490259542258991020
1870312450703829721
3006116028738485605
-2015076270857995186
4805676375212930689
3098595217921987611
-5493896751162008090
1082112063127840359
-2576469913100409886
-7353221049872388011
6434469324987958947
6627997106580341560
7681327161976902886
-7048603115347333888
-6952414535909392948
-7667345570778159393
-3012354063662231952
-7442352921369177833
-7230729515732707010
-6806014811870694623
-7690269392338403503
1476057940834377073
3263916250370124788
-733716711061544736
-2890334164495766749
651842782649456835
7623975043327595785
2081535579261440524
4962821613655029093
2657601804924262152
6146319068975694261
-1873915111048328223
-154478484481314146
-6579155975626435566
7359591543565507151
2946714981907335429
-1814916373283303828
6052869396876896688
2189212526562314753
5414967975658345215
4223225696456637648
-2228855758146055501
-1381166454677891456
264280319999323904
-8384415538895182231
4147128213841338446
7132917556896735970
-7972271764176151289
455768095352661058
6558203584220006510
-5892508267658894572
-765372418155907986
3897564407855997812
3225065557522745590
6181978811543229123
8978131079593954592
-5241861491781369167
7879700860050412151
-6068915198664949395
-461262443178914418
-1150004885970422042
-4349135725008592220
7072453038729625069
4858637687280510925
7234530221671589656
-5936101611022067700
8771077559204175366
9061675843329399012
-1894380055565062952
-1942077750384176476
7971177888932239545
-8051354419413651049
8719526104264317045
-1810371835151532100
-2290328733812804861
-1047303534033904688
2140648928235919202
-492695213785275520
7272037611645563795
-6140344123609925714
2308899475290437680
-2418829684942084424
-3462143145611310919
6153769732828829143
-3440714238313823695
5441193008808602161
3102440307186385480
5183526689557575733
-3632996093587355278
-1522175619202514340
-7288152050037048835
-7038061496857675709
3310880552251405963
-2357058730470525252
3437819094388665010
3479706310448168037
-1148706421796789231
2836772050544095805
8260302408320851604
9090764285916096477
-5299537851345453530
-3290860477679470252
-3105114462847849528
5131239270226150962
72785379057990697
-1909797756418928334
-971041083028696773
4051374787947784983
-4220279517544606282
-2138305313203618349
-6305281574778778869
-6142365576634623224
6050094526483211237
-8280286339983209806
6548755311525206054
-202754649230387913
-2420829024713329216
5440700160024237063
-9017645386407862437
1553533200768063535
5080930928106648312
-6868976047349690609
-1260918728659942030
-1009042360691410675
4582632623846165498
-1275168384165596696
8386624744352289310
3621377849653594643
5081564264204733238
2261779117021692054
8907591705987347573
-7045123662016562755
4260085535575118132
-7533165726297397598
-8141528764399231516
2745887166364158472
2718159142386543788
-6817852979874675141
6544599471969984171
7263385578927296976
-3963712823794667890
6875621581370433086
2076983141906444489
-4070502585514136855
7380216241152643221
-4594541580416625474
-7305493589344221202
-5268481187658750469
-1746470536888607729
-8493170105530116752
5989899831559894930
1486146213020646028
3306386099666897751
4516391005308638075
-6597141664705902677
-4959827654766296074
1734380704281906790
6977018677109694749
-5680239234901052129
-6026711064369103521
-4889680433890761909
-3046180994349173242
-4120705326537303506
-900350937525979759
4315674913718631943
-9207489797778241123
-4937111756046074947
-2710003180805952776
-2904296103311456604
6970951212916292808
4180641588405300347
-2373105792706351408
6635665361263901720
5110077622249015046
-1588132923987821201
-2176006498380907165
1100062338322570731
4957025890303445873
7386778826356113964
4281234552865330872
-1823739867677196935
6115828777500550144
-9115553986833620844
3296196562957274102
7160600107681195955
-4283812302239306619
-2373653637753540238
-4057019769440228230
-7015976660684833944
-8615727691359139852
5103930589421827746
-6604219518971546528
-4907820369319992203
-2752297331956547920
-532817691789611860
2515235795291738060
-8047713087499062150
6606554402152150798
8514751267901711996
6520910173888145711
-5831410759415701814
-392969708240642386
-7536204766355798198
-3402398117638131118
1487663181040788939
5972336430842014384
-5113533093412491693
5766826960974370706
406563575419065806
-59426415947890189
916987245352293964
-5485582743359969887
3271540335704356616
2091763583890679878
6957013774160251872
5865366702794685105
-5495349455171851309
5866666390414205745
1985067165964689237
-8880936655496438410
-5221741414736713651
-8201742959876370912
6310169364893862805
1000413328748818218
3129068236060604004
6029880809666585485
-4043228909569891874
4714414341335830567
370797077505114728
-1074989684436297602
3900474346160234405
-1898700287465413366
1721605928488492511
5251947543336064143
7687660224678596878
9040560432251137576
2669038556722481796
1631449511733369626
3624928873115745891
-2553685363221364790
3487154970601122784
9036273699834658477
-3352244533918839001
4753728676549499774
4459259823818221573
-9197880439465293770
-4841186894570296874
-6541620802144062126
4316127265176965173
1965302090482807559
-5029001401909810971
-4670116963737305335
-4497321590079370821
-3907593640351001106
5918238267101416770
-8291724614036065363
-8099990386549385457
-6662771347093013707
-2986371863102556389
-2274271767800889403
-7457359958713446432
-8839566434428338146
-7794933806091552414
5530469174427508925
-2596980547105202401
957186656232465853
-1589040553047887052
-5437547398618700197
-54555145687454621
9040019057651970281
1090115153779377618
-8606839581407407714
8272005006694625176
-5270237246983568648
4542723532182679593
3025252958415677758
-3223270784495720383
1825349117332790276
361626506534318459
2823851315335324272
85175827367065790
-5040240957069378827
-7235623394495241550
-4143305835250479735
4785609134962699183
3227520103762773066
7460340024715769188
80128832952430041
-6154148649559343272
2991608921068079451
2827370641687939528
5000049528212998479
8642352502629971123
8845705990267638486
3672498917684326271
6530339354549094538
-890431898653710933
-4144762734689086846
-3745192797723804395
-2803613928119207568
6550577813784251533
-7570269081515600223
-6921551440625713412
3639325988421051777
-2565099555283099710
194954143711300112
4099633514962891940
-6581946360752773277
-6100623315198498522
4951183388583176225
-510705858606564026
3760342045670912719
-3547220694423489242
-6887202319597703601
-1413109264143661804
4684984280314528466
1077149757212241239
4549722136389268757
1669159039849264473
4221561134035791254
8769380925356070013
-5781727336041532305
5580205064661926957
2542186221887720963
-776111141448700770
1686117350080195360
-3120589745549275231
-6346207460614905736
-4508300029050998914
-7438007316464839318
-4024059900869290278
6910187817307165248
1691468031236322755
-4302818433375894217
9119164511837250986
4164674400195650013
3724040581692918645
-8312735562218923392
-6335188785051871393
-216715458458560708
5804959249692928679
-8703604822671745158
4175307580010051389
4991360227031570099
-4072206382708569441
1470469120653136582
5027640917826272371
4584864926732823296
1269751258308413042
-8051862598749662418
-474538973668446837
-2481144580804378076
-8706553141942281240
-136416870126880775
-6339884092991227879
6594406189378046473
2189260456024564414
-8561889766079929589
6234422268730768497
5110063885959833892
-7738162821780680259
-8664302972164953155
-3283589490813665616
3644094829155911434
-4169597498210282579
-5751553088921887788
6227547011374675978
2772773652537502806
6302264727002796609
-9185857301467578991
-6567497216513476513
6770688935941127300
-5294692835189339097
2586251629995029729
-2816023792065521482
4583160636002357922
7764366039876433587
8138782898135305904
-2287860731403389238
6477089367291456029
3102622539803339833
5565767292691792581
-4553017651597628165
-1328283719446269614
-7133484551057451071
6652847721917407874
-3399062404834691753
2426230575468319909
-8681782592821768527
-7557309640656599240
-3000650336259526041
6813737319470801985
-805638502417319244
-7084155379972850065
-4710438133104234319
-4965000716449427864
-2775102633975914863
5215671457775284219
4105453022668940610
-714528985518898383
4126612303536636945
-4958449848996249340
-1118745154236317097
8669542149989635492
7099464822122011807
501158770898001855
8128348752990447989
2912025145097684978
-7169184139314544490
31884501339697657
-9040927320738595442
8873464527564991177
6021061109160347700
-1638185296644809168
3413059481352714938
5350537925862491081
3232763983863655045
-1662818417010120831
-7442207547281690420
-2695881253238981163
2913641366200732806
2724260393846845199
3941040683581707287
-4959832016978135900
3279966247811121201
-6759038519616283169
-4272036496754784681
2779043558365196731
-4120310649345028712
-206018954087050688
2833578386928256364
-2288883462893467910
5151384498147564375
316899772318283010
1243786772336273964
-573441124419440299
7432641306979149752
4409715735669658588
-5478493886288671434
1901745082354259192
-5808682871951056141
-7475279952898966413
-8237600475148389364
3918572198544208297
-1182587511366979703
-1970244971336121343
7636079273948230095
-5484241735739781979
2136089098760931199
-5361430870360904137
-2433324468626288578
8625167906813851315
-8313544467487601582
5149596750904370363
2508574482920828916
7522469676688862854
4853236131936132169
-8807517630025464989
-2208741135613655156
4495404364834784318
943395799065071299
-4451923365323411554
-3869995801625305579
-1967753891009488528
-9113302991668507732
4982145808797789302
-8766691046115668296
-1978202634697882083
1695165835308594858
-3186698050358193715
3150660984682694661
-2329569675411600550
-1862767317003718201
7419607311396628233
-8232299457580924760
-193273472585903320
-7248213410818225591
-3691518260512833097
-6202818156515813576
-8544983677852206404
-620266766924769439
-8608240521327101884
-3865146451158096359
-7622268854209858315
-2541026823655077850
733041057388524537
8013811505180310485
8013057843899774898
-828181292805848925
8279449837856520554
4852475950252761644
-3732650346853373185
1223010092901439383
-1940906191956709529
-1625012675480550518
3018310253757413057
7159754237714195395
-7769268823234152222
-2863410619252731920
-5768121095640746976
-314692701110055652
1220764524846160316
-5540793013761807675
-8963077869444989617
-8403640544317491024
-2008944492197664316
-3633221404359575504
-2108600875530955741
7705925099811044276
2216658269322228922
8839592306903952229
7705718200044312082
8394068382057445876
-6792743741551476761
-7464754666193464850
-6409530565341156902
-7135243019789805582
9194425762965486551
4952253862828926523
3999785909950495849
-1699587548350715446
1407298133869527590
-78099280905224684
-8815045108783960901
971168700626533456
8214114553822865165
2732847947595567007
-4297664262633253430
2414329642768928188
-8938440322610183812
-5480577970593430656
8879457580907999696
4687174123397674935
4627809472103021273
1396109276735149667
1221623331485085150
7528939280261994464
7781477225546876558
-488425845725961076
-4610574470731013843
-3367546749373317126
-5641124268499373438
-7840151154308633988
4031366105806171933
-4701030194349454982
2547140504760577759
-2804619748016276821
5812177374758592089
-8363691602857661291
-2003943112345154826
5637280523399757214
-7792332182317588610
-6070187250291699950
2506518085503307051
4262646732047257920
-1509978309461546384
7562713338679880489
4589981954227271817
7463351774537802634
6884858640616423944
-3284631245083286080
9047528896613165713
8221104159080414242
-4440643022021608661
-7976729819705833168
-9067575215252204905
-2017448809792026771
-321435728470019224
-5613956042300434422
4866042819470099140
9196790261888233037
-8387255796845087314
6829284353265790510
-5998578593823804475
-7322969673284766006
2574237650827187454
-6698163402328876943
2207871460384389207
-5274260422358729813
-2320587515829380615
-720517605456938236
-7654023308177937716
-1043793252472636636
-3937096107091625976
-8817894470506241489
5878778213754205208
-3253072364003443498
-4185661228590934130
2776578919356025758
-7695263265948662571
848470144551490319
-3569771907533095820
-7524333186755700908
-8050131986630261792
8878315675150581056
5634360828374218521
-1849634296628303815
8505848736941996243
8704382924759455168
-3616009707838800656
-915346313744890644
1505757118487677831
-7091325568775116248
3183929932725619902
-537065268245994880
-3443982144994545258
8192417269718466333
1300732481763832584
-7593996702697622409
-5194950978913734200
8388342383309295964
-7419988825393501138
-1147443292153144192
5435117084451844038
4425605515785201522
-6262156715649017732
4782746666620412616
2211441620552688382
-8956683672330761959
-1240972655908713201
-2585402908617220272
-7622327550865071670
-8704478264827867625
2917319421174113906
-4534587054750609226
830055890583214079
-3789914290298517628
1634519405042476299
-5792166126772545874
4592019530978473118
6364809330567120252
4984463041274997999
-8462824421669220942
2461010522440368341
-4843860891651982444
5103717417975888070
4496376391410251380
957943798591805992
1563520155543472523
3183131266631793997
-2506909597350988947
6574164867223313252
-1518972403212234728
-8104858236333478626
6622670435103802191
-3803332225924499853
2234655219233697999
-77566543350803308
2502516154324409749
181626731294648259
-4096867841065586116
-1578277054905944235
5150656649409400930
-8474512552673951821
-2084919687683232857
-7960635726687915315
-9006220577977245051
5111237389651145894
-5142156917707469003
7848169143108078764
287128716736135649
-8806582726305539121
6555056616063862765
4622109344812108947
-7399721992745904746
3966915358447678872
-2565139134299153637
225042905719012327
250493112167127129
-4377141517908971842
-4098753055271407544
-1342090925476039246
1728084539446105274
-6786820347035867232
-5647675733175140960
-5319049664137168598
-7382071672081830851
899282029669120286
-3369135227025048617
-559062285531397279
-7142442408519516331
2868376287833847649
3119153496672578104
5674038961110494853
6222343347677189049
-4919006735439818914
8735261850617588468
8475341791592649570
2816535957351375798
-3939262731513726363
-5512706467465885261
-8695623786623449353
4053188229600823144
1499781389070939299
1243637636699481636
-5591229872824511273
-3027035849425085193
2124518610466136597
-8662310465044745021
-6144042517189484891
6529997466190588220
-5161003153962218280
-9132422675054942162
-1456000895242902236
1980746045821954739
1613763497628844242
186393253790882012
-1526113648530212275
-8655000976011126905
3639054465527270204
-7520151106195028396
-4756617196770146227
-1289936711935051532
2641580700467712927
2695694958869680664
7364432562727611154
8476406226672142615
-6773358999233605168
-7425963936524819495
3045808288628820558
-2373824928143334700
7775218096289659006
8884283252018855451
-4718964299007647085
7333094375749641664
6387386097899140831
3378217182552000208
-9092467212675332583
-8398068605722518882
-3711608872177117862
-4434375600017855299
7318321705848282164
4885044554728732080
-6695156909975805630
-2458987437761791590
-4112745526844303570
1352115734716223072
783374244350487425
662731935058311065
-8300097997372508476
4588202553423202936
-141907171974600508
9181218653502726845
7983234933378225756
8718954780967139713
2516744507108568474
1357402906131023058
6042142042261057380
-8607776717464456397
-2774966350243956523
-1513941295438754137
-7639990137503152092
7489604785801901185
-4032437459838170723
8777774404894218945
-1783589646111362412
5828283793320622717
-7539952631388596246
6198155347471699782
1244791307923124026
-5234321530213865908
6972748334627596206
953967975035539862
2760551156420441546
-9172464898889379188
1644468567631293074
-7467273537608098593
2227354734538550247
629975404139237698
1729727131874484179
871321325133305683
-2119856232600955700
1523403524292918825
8080984821076573424
7708098208789512047
-8030536249443779202
-6587079626501818021
-4246407351517045364
4666775753798914138
644099112840136367
-2666426876104885880
7681763538956197303
-4107152193643947185
-2077953051882453742
5355074076635189455
6202508216392022187
-4347482674231916173
-6660439400512138539
1599494557987771389
-4706721726377982665
-58093159916895667
-7093081900896240065
4794001903433785984
-6296660085450035321
-3617509705976574315
5794642546567587189
4302814222185930420
9074292137373763824
-2570310262744792771
8694254428415112632
-6839181137714546763
-5763794709974326920
8451636646040344328
-6445611495527093993
-8822945987985911710
-7365535717006216646
-4865579466725084094
2339935711063011219
-7464037166202412569
8293827200991012407
6418148477760337260
-419236625943141655
-8252868745916308115
-1633965103714417141
8245707367896595074
1486551427485172836
9045993620433071026
-8122580913427929310
6431836644606636841
-2820638658893365626
6118397723372949992
5497018721275053157
3627408851626813700
6900083586250833336
-2211261550176624764
-1989191491758059920
-6249747912316014238
-1318914038948863565
6753962917586336287
-1153682386288678478
5102961821214252714
-4515880442365118573
-4320558625148020999
-4329786340596635367
5429211840621594459
6171718267501811542
-6340587383212686887
-9029009483554626437
-6124009962086281614
6582695356771964965
1648171238837167828
7641616529871943639
5179865259968410905
3212514952260272447
-7887919019866781065
9047382293132293963
-3110446803758436965
5196403520194513580
-9214035416666355115
7521741795113733294
-742092315123341003
-2181310711883126807
-162706124823899273
-2757006866280431257
-5233670356603260822
-6500085875188483249
545833063708545572
2415642908590118082
-8262672941795862803
-3514985977066131449
-1197646794820538695
-5459401221901253015
8680802841370375355
8796665588434836754
1678222979674923860
8397234252214619366
2823963549260953741
1648603132051356993
6130292886307454872
3923329460162505311
4782624885777072033
-3385136769759096857
-195435774821631219
-4565514807401222948
-595240911052320475
7691948869491805881
5477639698850913212
1457352205244857381
-2614470998838294613
-1702154933921558396
7878494677462445586
7328810677987136797
-4431521196071090626
8938405421956190962
2018413387877943799
4410092302546956907
-2742475083195410223
-7462434377784710579
578442187723092643
4622701053953303304
7657619837954550430
3666087044649026763
-8935357164162759442
1626398177136039381
8986646355119251761
-767253670436129245
-6193049169237755872
2523245730673330127
-3827627138721844682
8730723446889481662
1495323097453543469
-7552624411872763443
3238723692356663047
-5853223218885508816
-2624303368953241826
-5691399556183047138
-189316421548102919
6387169478587615959
759666150769197709
-7429289128770573126
8324921391997864175
-3074242786831595605
-7754359218211044999
-3773047665557668042
3916391619668800625
1341210970934552060
86565675245350050
-4198285030641638204
3099067321721828969
954606274940074430
1320989823300405698
8482973046413313366
6617730983205040242
-556890102090057516
300050853837061124
-2304777165472175949
-7161531609769914892
6282493877263755805
-6655956537908658087
3620641791326014632
2938990273932942498
-4056088747370355672
-4097877853856419012
-1931184943868999395
8271639793862809446
-1121340878441129148
6642827382800478431
7579510939428022571
4259011918999495604
-8254753911005983085
-8634665964181528209
-4649607778813825585
891478817851693653
-3910110232487753472
5035375641558804772
-472046080305086473
2441777811678607700
4164596705493728756
-7150914882709634162
8185899464494643574
7271109735572674243
-3222437438767183033
-8266462820850661593
-3516839247303520618
-2566151691030354549
8285942162080186251
-4837131734446704070
-4315293528932336269
4869870475442753633
7747169419776285989
-4921052227742282541
-9125354674469041689
-6895516287702876056
-2218159378495427772
-7980453654760156811
598181025025738562
-8292498366855394346
-1709384049556332392
-789249451339101522
-1988032388885296257
7541879368896452048
-7576779341787272944
2269438741893611888
-317632913769973036
-7620201253557657461
-1893241628345659842
-7727221533754720851
-1122216679284447973
-2451164671548643606
-231545585571163497
-366100910969009382
-2757757645469935618
2318663203973108190
-5790817729136964131
972619670455385375
-3052596804492344960
1953796347907564840
7097971814590683308
7926559357731674964
-5472350126554006376
3053540712367206099
-2118637692750623961
1020128365778712531
-8270659153849301041
1261576662491691740
-5418189460194771492
-4150612090249433123
-6114254995025004755
-6932329192028011111
1074841278442530108
8687901458947749236
2412157537974683712
6089453328327629518
-4306165861002079827
24086624385003812
-84593962253293602
6224604835064245078
-4125027510780610627
2064043001401520254
6193064175791449426
-4288429365114628018
4812180655767669735
6154359747018945871
-1974620819774170326
4432461615150278176
-6651534182927854197
2255233957180922293
-8894364795652440645
6100893347100488718
8876798240194110732
-9016431919660127420
7446077119524163008
8307922313769417108
708539150906794104
3271261589654602991
-1691287188976938805
-8777202280444449105
-1176884311409788168
8747497037815821485
4052101208042670244
-2269010382619239460
5806274946530133555
-3231349698077664091
-7906351208037418020
3485415812954050051
-3120769010492719152
-5975664834902365869
3588446092790607427
3172391603728073384
-5846823082821048700
-3745158739254803274
1756034418457381878
-2002904951372842329
6613982993157287266
4712280000137156958
-7796640978186319052
-6847672240560072265
-2864911671405773223
6251883126086888768
-7416062602684159907
5581355093939433875
5370919416953256914
-5223612848322267243
-7034259252725805629
2538956225302407225
-2255700535063501680
-5781967134811159605
6574006561853346395
-8693378463213518824
-7721685392039269896
2669607611308661456
4741735710096709232
7555127877713130384
-6352848908987248440
-2648192780489448127
269181102593895609
-3006643071222891954
8525881155772325453
3358928722746489267
3989957600972255293
-8036853683557782947
729168003558464425
-8391119422864840836
-4213518395386661334
1987529967254994927
-6867824699066786974
-1524337751784050959
-7452953277561457232
8065751104133960455
6561629343566576632
2224852278601909187
-8496199689399695020
824961470819535136
2705149087361231737
-6516489651767826825
5438826544522684263
1033253343793319219
2589887674301165522
2933706279255603128
-7716338683329769445
-6220908505422445465
-5100446523028890084
-124299889897596937
2593523898466849820
-8951353776897766167
708594108184898601
1801322870862705402
-2769511654312966760
-6107346528413158364
1044820766699627942
5750029857660905570
-2799460248137019882
-7876484634423350130
-1413630474958644776
-7014667268600763821
9051695977236917279
-1440003397196866500
8062044431313563743
6645246958718196452
-4615602816309671987
3096107775535948538
-8224590539389874852
-830695811067593264
6028498189043413752
-6717091995141736037
-7445457431632662575
-1422705015331057881
7346440278112924826
804469355964662272
8575166624803634673
-1267911511943194199
-4991824273001804020
946120217599099033
5467584529855506038
7049998791119964171
-5719603441112949948
7650044355976074611
1459472881194294713
7282505174737391183
-5916412061831500497
-1244384226690695260
4499486538217598213
-34759713309886607
6342524095000936804
-5743285668306072024
-3577643285952822395
661956798177037812
3216270449919108631
-851860616286611699
6737164181924306525
-1007305388258383558
-4668181293797123687
-4115880594576718816
383563730564137356
-1305365931040819094
-7849223496985223695
8128717262736143405
-1520407316244811308
-3007867202394811375
-6057312411818031746
159785836513514980
-3113719259420876136
6874910877365155153
5544435475753500700
1786289326881466349
5190984477908339102
3324673694845664262
8889095908732284814
-6431675066763690548
-6434351403404396286
2403627065427477215
6505291797853010381
4225639692949585560
-8141985615654583327
5136091157330882568
2646998062402009030
-35364653994694844
3186849645282409624
4918599396154077036
1996800256780378173
7705032157125381535
423558824399632164
-4870558681412978424
1103260414864304703
633006214008087481
-6696178528652333152
-7727742332345505894
-7732930268036627440
8290135511811756955
-6269606197129916684
-1920984233565586321
-7665334613362724669
-147202198229659934
5075071966374786270
915759388124373591
-6558837218519303744
-4848419815886000262
1613513132101246073
-4336503640208198786
2989287573327760471
1122280075004451663
7876570353659054344
1301326683141545953
-6756344524751289391
-902113931893419668
-3008954204480415329
-6003193784855346394
-7548927037675261402
-1143169377693813895
-441411514727889188
-8428525803368731800
-1917380151960670130
6233607225720480616
-7933092945928649517
-7130634659817232138
4484655500662221998
7436180545293876001
-9219966199792773541
-5246236509061075066
-915425607004204231
1681829760400905710
6741131704708126116
-6264592146619594261
4422261448725562801
-6220879684177919496
4965485615476680498
8937093381101484027
-449800161894433001
-4131716497949721186
800554520895481666
-1760496802023748286
-8265015285332791782
-4451748316905114564
1204488397060464245
3496731357144064713
5336591959155913830
-4252724165174870144
7047809133463093841
1859075333299715591
8996639373533395913
-6230675429264658336
6574348558861753509
6714560834967408384
-6530204560573496881
9207713044457050480
-4251473475568486409
1481728617039288026
8784600088700336168
7922493976929042508
5190559729843760125
-2554403166522595971
8791232251347624759
-6757857270053370613
1313530596731851978
-5320783292521293609
6054383443442628286
-770571484483597540
7849926411199089508
-4649690401631212566
4466704515651062187
-1183507179855642672
-5380156123490913484
-8225121024221203787
-2281482167047573441
3197549173079544796
-6630712446895551627
-7564487585468323125
-127897649810616190
2655287202436162442
366425097431070813
8109338632466619489
-2399126989580478527
-805122115927768078
-5050975400345749368
286290236755936956
7564531030701872467
-8690285608411511970
-5019898407505743287
-6629803884794705220
-8557727658107344162
7439546691670063290
6561418742797811704
4771261921167923558
-8935359277275138826
-5591544450847575359
-1376643432640223503
3059138187130982952
2552035570303426105
1963749771493084543
-8599500762330703975
-1914764916061151267
6027450449440395275
6646391492451825499
-8817961594751128753
-876583315718547406
-7234067191148995417
104991297538724630
-5950611624471588906
-253065096351492313
8267941563160850199
-658487343422370723
-6832191208220285235
-172761047150454234
1873756408250455328
-1590493201800744317
7316634283034030737
-9219524925244750911
-2416749917849498822
-8217791438061478675
3126140808948489010
2899874731169615088
984767409435103807
4786321391044695925
-2939734446897746594
-1787594006365440270
-1136448306379559437
-4662637233861762386
-350797987707931013
3383348238277250118
-8816917217235822301
-8800454174328215711
7851976594393217430
-8501866717544082354
2484335080049602411
-9093177489364076339
-402893618236439469
-1539917338893246974
-2855090159249343308
1076023369489008054
5295199928757330207
7042961039436204226
4847396912686072062
3929091651251889139
7606294991854427057
4756297534819980422
-3833587726305010242
5738062835977486698
204925280475598955
4764866980196225620
-1415172438964672281
633189958756571275
-7411583902266574905
1084610048568236095
-7740334481643867171
5346451363096267986
-976117465389141309
-1893720261951236090
6938915752993133089
8840568330014030014
7280211115437521367
4137083269234132720
-8370756322012161372
-6546573812732990049
-3472740543525567417
-9191570671974877491
8560154619621538751
5529706059313169116
2369418829402054475
2984600514770008382
8940905159756474564
3243372339488735232
15781305285502060
5762187144522652860
-6646644139057833893
-7792257833307495274
-652053471487683689
-695811645156688151
376651914978585187
6169445140465208893
5032325468527717584
-1953160424889309118
816784156330350857
8869321906423138525
-2970382764504447288
-6216845761423120335
-1572935512662322145
5792981685763025512
5593321008727214147
8443597200438923197
1845161454275983583
-5996127496597093950
-170144274515995916
2171100475121632878
9134218813553312442
-7098773436482817740
7801384590385246772
-4432124466969826204
-5323058941424714814
3361731379480657920
8786362112310825510
-5818436324483354973
7927542999312441226
-8693220273737147932
1157734216034150967
-1523389879024996597
-6544746404570602687
8267147003220149647
7246487879188158893
-5304662578195493021
-1723502116239830588
6351584759858298734
1785823291736536008
6112099441757115487
-6138864384067919869
1071048606567431300
3703498693332275781
-3841697915326005684
8606790923047444117
-3750050921770124
3724328054202097734
-676134900925001443
5886638282622848272
-4955957691631576750
-8219125146620820377
7936982550799928086
6566516328788268256
6882812449811041860
-4814218035388006788
5141826628735379599
-4873205350220770571
-2971702981529003650
5766551636517999527
1206400873430920507
667842857056017977
1719593258254998737
-4680029953882459802
5984414448234790853
7246066567254282194
2806964567845335582
-8283115095717820344
-6626395875141400493
-7606559559658005685
-936191433260327879
-569274160630208892
-2979402698986834546
2848076600797169433
4469079021855591315
1713075038376166817
7728510670305243450
-8236790850501742098
9137583247149955261
8000254596796926860
8013137424334749196
-4855448125709361900
8947599406036855576
-7846619041565646582
3887491878418748222
5701818016698169593
-5793327586490015543
-5499844752771620483
-8477346019492599214
-4591819583334505058
6736226400568703519
6519764154600696981
5071561059535358257
4836619064724664222
5573836814067346532
-3900886590427843072
7433541584329688649
-5900375982020597427
1365254294603052058
1425128499461968505
8594551074293712783
7664002670998895206
-612345549719962962
2491865709630148631
-3148186440679771894
-156347641947517911
-5055210196592868588
-4749808593763030605
2626010122633385668
-3328361723489408215
3124901644437442157
5418871706318499655
6345338729904600641
-9097070840377280906
-2158738379652214943
4340857045588081119
-3056951276037223762
-1247316536092111742
7997028945638747529
-790259146507782962
7300437847070827679
-6860180248080541954
3397068014297776168
-9066682600040771324
-8101906124468960827
-7356300374341446381
-8851319966090787218
-7501677458264398093
7213661425332745430
-2316337595234331896
-4850506624430049877
6500353256593350231
-5240079809658969220
6172407409261240761
5317881982518093647
2249463308520068708
-6960767042830932647
-5529221980112546119
-866465695416744245
-7331821549573944465
1160664761088664999
-8324781134601641830
-266425655196957988
-2126625421708754044
8267124369609726393
-4732429483242660986
2737544409075608316
2311219757438675151
-2156250484239352544
8329100664286753604
2473896422977580154
3157141046336310368
-5742465244173843736
7272033458313187941
-2316125302484646055
2101851254769397838
-3293071687186799224
866615490167305212
-3184922507577225492
-3865460583045522313
3922693918087387470
3833097069235838662
-5134615044843989844
1986643995090012353
-2708478023073190690
-1125903037748675828
-5565607324074043901
3054749224716439103
-2979310987279391547
-546351538260495966
612951526792663002
-4052284500739951383
2516506673503984896
-2976562601682720619
9051583798018396460
-5914118774238704655
-8715393152722254414
-4776724516597163440
2997933702251664978
-1919727969575620566
-8640159761170142457
-7369889207844525793
5603724792620400096
4120463776852788152
3582804032681558036
4942331450325880685
7984566647993960531
-6647517069769756172
2899180033917444024
-4425556058328312973
-4329121298519977665
7689155699643675993
-3540270491254104654
-1475759824342421036
-2555554553892493137
-7822119432068433078
-9137798990120288071
3402251761000451824
-6265022208983106647
-7295797479029929580
-413552562329443714
-227578195865250105
8600174719791749147
6896509879909476641
7729195370421563240
8442673293330682408
3574302085692047894
-8570331457732551227
-4395623056030340201
5894386760528432959
-3334740306804838631
4214438004778789235
4239369398403014195
-6155296519756616702
-7499154186034238212
-5901721826331744388
-5013608255187489675
2134168906634934004
-5031133969132671550
7375637498173003987
-2750781603346000265
-5208391353707563082
-7366863611589793319
-6289663139384400597
-4816407476837211125
-1333740556518708086
5167509695303985138
7872848987212543844
-3147054061267423269
-9124904998813192029
-2572714587766917067
1578003225710243314
306880312870710589
7714773550915064271
6208704943181807082
-4506255038112630032
6920302980153463461
3032163809920181846
-3046090702041294163
3406798496683070907
-3726001011562895479
-5168042833970324434
952589835898666116
2371466324858830274
-6331399832963946938
-362797043945511805
1340092814350803478
-2131923680801464133
7655649096260555628
-7021717028204005417
5353053603247552301
6474266304402623393
-4894207840580947472
-4866195097996749202
5924687436682575704
5231681299310535339
-3318973624600476755
-9022792562128602015
-5047850361325472554
-8351015843672756095
-5537457375064051274
239249897081882536
-2529185366852410689
7185071623356285227
7891636841755983435
1896955284362074601
4060129273624418462
-4792565732622208788
7170105345723154871
-2605198097027558629
-6295773004810686045
2267740281168650010
-6194947386791166558
8162898370570883624
5355599545159305243
-1886159772079505467
7600341573989228115
-5594933414406379035
-44306920577017776
-6648438178973175263
3001497447978393501
-5642147265168523168
-7122487171152459961
43588456018822511
-5669752019328601158
-6851385779631563557
-5329977986894774466
-1847987149252176805
-2431482866439894250
-8506477640703554680
-1156748292981796581
-7174897603166865404
-6551288995825389
-5865528037436595136
-2803478575823183706
-3008743360199495964
-1320507289647357739
3639188635268553301
8424909846584729160
-6123276456968498733
1151962164089026042
-5934804154767807525
4001021744818476522
-163429487271161517
5427802484154670949
3594109083139811150
-2793025339378236876
7662618957103663749
-884711683826330739
-5807446213574019045
-3115935475621823153
-331874554427423941
-1482754348570768903
6532713488621092508
-4753446135826139603
-906623950757763055
-1228978338616850205
-1501233173340404802
-3778237601084366601
1219299206129151299
-6740247071006042686
6749848510428507295
5399578371600257080
-2813139509306421669
-8621148897405739682
-7982436649263706105
-3094776306867615154
2724227695657954213
-3962990102831891791
4120792339602522980
41259486146535831
-917033668901010839
-4602567417835464324
-4984969296931563822
6096984128527247487
-6663340871846420529
-8369532617424106726
-7839156701441154484
7465900961619488611
-5247948221161903911
-8763872502901857516
8238621806456698635
-406721100327844451
6876098669310659361
5032852534773634538
-6108750655347354945
-3723153804978253919
878828160184587982
-8616308611313027379
7395048224960163793
8770696130712045184
8799311776391685115
-6905550424971702395
-3907792478866746182
-4296704311102971908
-2081620738686398556
-6255331294286114835
6434127315904304762
7220437409749149661
7102529884882909863
-457099900371706028
5930469007798131564
614205883024211521
-6929934113466304709
6414265838549344422
-3851522295029454857
7065540742183260156
-839884317027206046
7320189827507801602
-7652797133684338097
-5332559066930898946
-6169055230784471635
-7436657166367719070
1545107084464586702
2782027071249693645
4834596460277725258
-8648411523055106026
-9013399606493960162
6972260200512456759
3530974904947903504
-124780398591982787
2131010428252757684
-3678816292205949050
9184988220702564125
-6632830146163867900
1215334134157732770
3614793678661227507
-6551766112243316665
-6241064986096294456
8066459168274993488
8349715979498669135
7355950008662445856
-6233418088247980718
8667541751884088356
-5971235457697921260
8514435919453477909
-8001599246434130858
-1565544783303772404
-968263196287481734
-6379846883236776522
-5405091695754533275
-8434813391353631782
-7268398308943265058
8535360311606018864
-2911894671948354610
1223072240308294450
-7573311173527954023
7855906007549670692
-3522048250090929990
123664145990819406
4575272040547077878
6282843834910915021
-1745300029112230816
6793630797081146120
1138513392303345851
-2047695367780110823
-4461805552976498221
8388520779921927702
-1420177474589411967
3736019188659458024
1607445201121441632
-1498297261256675578
-6585828621825180225
-2555467687310795681
8627696847480126146
-5535998117942277488
6843898968283726405
-8382954977105973198
2907139112294375176
8955404427316356510
2180848924373090626
2991925092784230858
-1410169798561641909
-4452727426881200298
6933670114865778596
5662587897364306274
5704829344507942940
-6261404725882819618
8634352855419033858
2976921176263528189
4948232840698027216
7308240598401294915
-546782731483548241
3762917051062292487
-587498433681993711
7822377989451507818
-7538004793015128315
-7399485128952305181
5091518635781453540
-6458257189922661685
7435993486952345293
4109201910788431123
2111783416646801187
590425027039900559
4701979384994417207
1757347954377700282
-1703321672163112705
8313042401664887107
-3817892895956506965
8625602536482280995
-6251389930371407416
996196544337536611
-7536471414691915712
-836404211625404676
6224462029717470259
722895288056972617
-4844580346242685791
1592514044629683199
6902484674097411022
1201625431468272991
2542927984323854319
3237917582591386558
8686193111268637321
7097731711626432290
3563825025600117680
2825459691050698282
6281425423247977567
7989587796691393191
-6524536332412641770
329911945311127085
2379375688977594653
-7847857680322153970
4969844197364062135
-5421093699081602755
-2491254119890158720
4990772922248408947
3511540199023331502
-7714131798933939505
-4117366263439966221
-6196801750934581031
-1295595967819222818
-917517662466080027
-6036418878629364199
6536050756789794134
-4367079414673307652
5324784093324723148
-408757341584246945
2980300136453709074
2133114173464497008
-4943359167597743533
6679500801827632214
8939645290491626725
-4381197682732829813
7333290590962215419
2437744493948000508
-6893561740660660121
7986059074390268312
-4834824223498984490
-1923319959959673691
-4125043727332526903
529237577511542874
-247501113119668129
4280072172849084060
7630938602153225174
-3906262989371431210
-2026260036233510478
291420432863866056
1808331501406497823
-8838513694333960666
-4904373271575675782
-6679687491983588128
4597940546674161337
-867445870948708461
-8664591106992502482
1115209926029811670
7954358466804277319
-275538843683570616
6192888158578116062
8490859385486062753
3735163450676719541
3396154130781173067
2063566859984883237
3707627210524154163
3419150076568955026
-3630519318011013376
2133447913332504976
6299163549803169475
4996595055746886582
-7038133393773660944
-3482275661045696852
-1231175375309587399
-9028083663634712837
712022177053556604
-8043314274898699608
3057153776670264696
2238617277322165073
-6570778940591917965
6289422420045881512
4421974569379781369
4284554300070444017
-9057358923259569029
6794394031990140088
6412883082210631888
4602349646139157197
-6295834648512774211
-3772973958700533734
3099436330616822208
-4461785489981044399
5012272709326424213
-4592138086169642470
8780628047468455377
-5774406228562355974
-360978398000011118
-1321656813645110127
-6573919753179502652
-1506032731292204569
8384650221395830360
-3010314095592383637
4920462995208736000
679548201761594562
-3541264564715945446
681847596046751087
1613893027803225727
4099551282328252907
802925215386820724
1177050419044596501
224236803486182475
1892996016538385896
-1324587968650015496
-1544025818517425120
7502444280193751946
-5664729221509077646
1697276780257751019
1883853024942183404
173486689805621437
1329834451607441802
-3331208153352314405
4195328594536892023
-2038356491525398318
8819913302062459885
-2573411016993363851
-3005313155515921147
8829484370052857792
-4492516689022231516
3927662924275922466
-2947561322286314557
4153851127387291307
-8325688461045185339
-6598167396809031714
8883147867488031802
-8293777705350119741
7575786982791968889
-199563943694034021
-8978284124566732759
-5630378580773693731
2967386323754757611
2158673046658222606
6090022538853500789
-2830579827480320330
-1776575193000392876
-2091610231300144888
-4739236898109676192
754351858501300758
2264224192445214027
3048975881574620365
4896226333829873046
-4564560838604441212
3127669029873512918
7849864529968519538
-8153647014360939299
-3142819241049053091
-4396568186648242002
-2332726229815590965
-8267629015627906932
-7677841510784253835
-613655667478628274
-4846998402690484564
7842921952822423073
348755235479531256
2969182936939165261
2866254912121129947
8038822639545769574
4283391208324755799
-1508552944155978258
5805142546322685824
8041218045796803714
3369896331671303593
3231571489924473031
3707294781378364901
8375988756370133015
1227138135365030868
4247582197794152083
659290371719830443
3284687204767119741
5591607448926762219
-618389073105846066
4002605797403157273
-1239567557618582042
-3630797506343057741
-1246841935709946353
2256049776501978798
-3595183770348093809
-6671069139165008850
6447714439923783194
-9134343389890288908
8845018412773166018
6150916453807281063
8110105824379056248
-4348243052069518225
-1481796758679767029
-8894295093595783408
-6584883395273363051
-8345501436856812458
-3256303255161068957
5233995511921268487
4175373398885017244
-5977879880498262404
-4143916741355374344
6287581373436848586
-5931694765132699776
8944512374935982920
-3300997867865032549
-5439034730903469329
-6009939284355359774
-5171486105585155225
-1678952021901496724
5073298079767089338
-1751531732438551039
7246159283305360394
5730431500327032365
-8453816162839873409
-9061743659652963164
3643372482796367383
5299269260222607066
-8634171732324833988
-8099260436357628435
-4878742662285259839
8806822316006316468
-8123844958808035919
91123179369778746
6842808983832516914
-8686835763615499436
2491516461826465351
4453698444390279086
4605350972218191795
2443513954530006063
-6240577879510151996
-4911788484030838142
-20351993938485061
8660129962935684842
1181866004236998099
8176328045826760244
-6604803688284895905
4615715091289742139
-7786590312919617543
1306064751310840148
5798060699831489218
-7346187435194386302
6233947332974060877
47443951762886532
-1201420485771789283
5876996604111874817
-4891003774181154536
2672439343350841162
23414471630021815
8243871819963030314
1866515606685931841
8758314948419620150
429368710868410096
-8420186901523154507
-3533233896877678233
-1385343718333480901
1170310791538530439
-228271523183450724
-2319822305722342115
-345136604281066257
5950846837517665838
-7952447194760634347
-2335381087476036032
2568988589582383311
3931309726346874821
-8352681227426833929
-5335339689401706857
-6979967450105687476
-8941322253124438015
8747342463641642852
6215414538499472862
6374858311685985238
2899710934253122677
-8620117687090391214
595813441669909191
-2625634818579709079
8864056882539479506
5659220144556362426
2304046284684798855
19414698441914504
3564319789545708751
-2714013454291367008
-663464364316892909
2606322854708035143
-5992927299055108637
-1224357272509447319
-169418068146232653
2630447063023389982
-8019902769641940195
332856200034918248
-8106462261175681605
-113903484454448742
2469544948998686351
-3776724524951100933
1081737216136101105
-8371063749836742368
5110983173523919615
-3046319896495157877
-2353107144287630802
8876092268563798061
-2493145188721446143
-9081004399436498131
-3097013668082402157
-3926347452815403646
4580016513397751410
7227995452131861778
-30479619346137247
-939068871606160449
-2081185019356716551
5623607870069155245
-8128262612732863425
3805692969858550856
2799247340118063317
-4628220598976286813
-8882419560945188163
2353364892002189498
6342834036529076737
-2708558976561995557
-508874443397621374
-9123449418600216123
3028509350641174207
-1839505391409981429
-133186105486296731
-3846961935506393521
4917102488918760573
-5558883324702235384
-5348296221473925664
-6876180842935135018
-1949978622050445384
-4230645157187144384
8047214553321742743
-1374826334251030018
-6153359753091834264
-3044166116913760946
206251738673024389
-5269170160330877355
-8616541110932058736
8387861227442059787
-6237242897722317003
2508542861685620731
3140958871438700573
7073758229069596526
6583342567742922031
6610007925080312448
-860921894482397222
-1935066605420739660
-1777734907718896727
8404963441928005575
-4505864385865910036
4613634128870108611
8270184227341305438
4608041064951527878
3166180736680961771
-8343283657610312418
25366195697717908
4453373368121970881
164983904435680691
-4628630349145261342
-6013336224841173696
-8995679968573159342
-6048134358628483179
4597709136092168458
-5547589192873243004
3508146467492559649
-6169505364981071874
-6387874502475428634
-6960626962448102019
4735279740631790634
7917132263251914828
4689231739277392728
-3162295852504618694
7310514889264728846
-4862475183607987162
-8791945425510396470
7668649124147839313
-8960169225011506577
-4732948833263054590
-1224652964153315475
-5764800551204569143
-3181734633804841803
-8870582922362050535
-4086749537563418282
1943293341523887334
-3415553521394692607
-4116191011376846639
1719979201045002980
2342621343760717082
435173038995813983
-6342165187107113057
2169835118410933358
2870829194245940123
8459236843670726734
4143216010819110395
-2044314451484335342
-5988905783011650577
5964492687637054547
-6878783427249874823
7937701829162908967
7962005228143857852
-5762854187348492286
-764648486643644635
166003713460131013
-3227971056547521619
-5378771892171544494
-2531081182114505633
3278650746596329751
9075529947775122321
4552179890644412520
-7166221701412569902
6778429931148832653
6889008812054344044
-1057691870152050030
-2583186236406407400
-242697030159787591
8209450849482181722
-1650261898901900813
-5806067323898320951
-2493501131549989557
6273408635195449446
2892272986139882701
-2848073917363230300
4277225543614287632
5197187306866361632
5939116466920862872
-5433088678529469807
-7808532989053647388
-7112430976977129974
5801917313293175855
2187157434896027764
-1415684970581497348
578617319161698466
3968088782017397894
4468384289051785969
-1045514092477075049
491359275988646384
-7503165913244313130
-1957197453661937029
4285000380887687034
5971627246611486312
-9161480907736316034
-3305413775488259113
-5667975463470462270
2579269408156692080
4707307061585641048
-5865163997591708860
6786073551690813107
-1244280624765156194
-4023642006834410696
1710546519440066150
-8788090233885472944
6074143346541104921
4331203158716828851
-1486791581057120086
-881431650345666049
-7037477991920745713
5890499388196489944
3198253357824832597
-2692391874716950369
-7968179597300240788
-5788786222326171146
-5237622262966940576
8765157704160314672
6226507023484047096
3696674358215438067
-9132894827817255380
7167131631463810842
-1136672869871193707
4214912656601999671
6229394962757347064
-8799021166192367912
5414316830441501053
-1065455349917770517
5850936639888686557
-3493209204638990866
-8638260358758006012
7616376966975376879
-5592329143428857341
2268171298381797518
2107334574786104126
-412167909802825626
-6305357896865845966
-7820927111027321725
5735485645763350814
-2288899503650163317
-7046018154341672287
-7297652246480137727
-7398784443728044088
-3939355684512390151
5997288275317758020
-447180202555242714
9043586523802108060
-2681040940001127630
-4914980331010132627
-8080360783472479775
-8010931201807898930
1103247265824674584
202296280537913813
5494242846312153610
114184160887976594
-6039165265271390045
342205920844527564
594955073319124574
217543863253360627
5952514522392923126
6815375473976233540
6798793634212075829
-9217308089139899570
-7058233222569216290
4594005291559593417
-3734793809200131432
3557121093393834886
3920640172146155428
-8534317506863240553
-2078947787837056784
4670042715158995002
182143263567719173
1315944827785823961
151187260808461473
-183812631469762615
6479550786430424312
8906670100048850058
-7217163321869073283
-5463920410367646499
-6554558160688747078
7026967558347103659
-8052027208146498265
-1375393525355568620
3177426151338662036
-3921666171371036451
-4449397999017008875
-5287993637289009692
1495274097903160133
6808232958671477563
-1610364647796640736
-4643934329257468410
5978132969523825126
1836891311864686372
-5922764183971363004
-7561962681771869336
6675573123242998472
392075644142722376
-2171849796004615343
-782498106531193030
2636655438033853880
-591503845627616678
-333383037877834217
7981667768478671758
4584065504887826741
-4914006090160782405
4860667352835202517
3111397186521174795
8983825747079362297
4720605811962836650
-1835935888628556601
-2125000830027589670
7234239916799199746
4162798780196856015
1403833419961415618
8721179230182572890
49015708585537896
-3594492344123819579
1988649619278818826
4732644582893822092
4377264385626450102
-1829406219449607448
2284007423581857093
772460794110869156
475737879834392854
6296198544170471820
-6652589583958115472
-5779663765403401391
-5504941988910454185
152135738225505461
6218239892550398716
5325067766855293032
7272589394258843496
5234821952502876684
5259673475067371638
1654516736775494912
-1354710017328969515
-6845642860023286069
5107880515488839481
2928965629997059275
-783889133581297494
-4381538760495675109
-2275394614183777742
-8805317637696954599
-5771310795509691097
2136553162350352555
4890709355641389361
-6741057275624708839
658536516996080518
-6967003070359004495
-176231070171986594
-8720200651160069496
-7058231458381220913
2775733988313394180
2923941604272016557
-3995192340045645501
6385886806041741893
-8179263019590969885
3855917845846134765
553761098388515484
-9139932062656929036
8585774146775329616
-2138503082388376634
1137889323575958047
7696613464754681157
-122253750675759097
-4655731541725802214
320194874093690705
-1495282908629303833
-7033132043303862959
-687273970207614612
-6020213803433959438
7553662447505599929
-985388721137660189
-4659694121537624661
-6130150994222217415
1892818224305854465
3585935288022190891
1697319077115711455
-2594348703310447454
5430524488714536318
Matrix_1 shares[1]:
7487184774819193331
3144284498273983093
-1451240108997738207
-4089909848839947525
-2145773359993397519
-3960254969469647519
6777605385372094821
2302611226314409010
5551733673232742127
-1894058313264463158
2449075824418452720
1899747667216337530
-8120032004573349545
-3337120352496943231
-7574441006190847930
-7350923739791989073
-3649378714105445369
-8963901875554487600
-1831011489190417085
-1692113271592611094
-206287675385016389
5006803474715974219
2548417711981293256
-1902602651075518491
-3113634193375752390
4637162288101170076
-1950422150653108768
-1237115986069053952
2605836042761373324
4594077910790209934
8507279701718309093
-7964764124891918850
-2054139247865050453
2416384744541524245
-8760826838095550598
-1752548079498770203
-4642967081243867988
3146433921985227165
8647783650757530861
8414016205816403221
8304922734790110756
-3048136494137899048
-1013152449334893775
-7630127091318710359
-640640274852277886
-680065939559793783
-8755056515692158304
-714948078585522517
6140989999337447891
2832058677083274635
8444534189187525743
-40098185687014255
-2231069673563241651
-2027158356487864309
-106719086596677041
-6844714871351074778
6204665765586696343
2520925719599654446
-429941624274278256
-4742514869524950311
2472988793778387337
6035200434856870550
6401520456472000154
-448149598312492977
1516815359656982021
-7731021791940109516
-5202386422344468832
-5126287113455647986
6000174140666263078
-6046799242892232972
-1464701622696435107
-6532154087488025323
1155878650923419115
4644633126349115067
5181094266997528449
6405700112238759791
2079430754987506125
-1747930008666692331
517855789005634179
-2101474231140396930
-6006739463921603603
7492042111713492262
8476987582486905333
-1706963391048653963
-4871830216237960726
-7491198670774987020
5358897704177291166
-2910162315669673499
-2723642463765349998
8091133058741711202
4476962336050740717
-266785750401544172
2860447132402738949
3224084139430409441
-7673581201807333447
5114353034841562384
-3424646230414240840
-7776638183565292734
-6479495223526157667
-1485621140375585445
3541064029381892489
-7853089468608970737
-2574141871345349333
7052915172622853535
5905256982678244836
7126483573781145087
-412775272527485418
3917402703300223920
5736861341994677404
-6964122863421348592
6747447290445732051
6918503109268553052
-2815804393913761197
3602752992663907007
1999239372810122
-3321440860851808328
-4508172406895500142
1139800355883433681
7866824558150410122
-8643041090102089911
7079370950799812603
-4264782709865841486
110365975196635258
4352901733308660901
-2669170415835070994
7666009388334802905
6619014172055612172
7655755742508608205
-2596966497079858735
7724076371089436322
5618097835657770516
-2657245368636591468
-6752294444485910706
2475293382790024660
-4765951381507623330
2472114083165586916
1464870338173542316
4544728976812872290
-489455166710221684
-7088496158172979739
-8232821565222637702
-2998632977619691199
-8899108394814860452
1221398514637890044
4017273249894593145
33106184494573133
5786549364060322384
-4818233752968220101
-8420281293914800857
7287999254877249981
7940214069250974168
-6093005661338669675
7135293682977309179
-5549576385298037190
-1666266595212868575
7527474677849357370
-2262215552005675183
8468349257518214235
7370266334291380123
-879921459474454950
-5485322120675233268
-2541778626567966809
-4749658894957551961
-7267010964660889704
-1877547471987302835
6078247191815348404
-3301807547976186640
-481260794302017373
2846463193873253830
8090322165847558764
9007302901737865069
2172382530664047103
-414773692796406561
-2790646245502014525
2951378573602601358
6115055943347874478
893491968351786969
3868914984275745451
4076600123577956531
-1288960892168431460
-1217957746608022048
-6574396901489483041
-1966221075575277011
7382936464502547372
-1375405074383114190
3466962077114784083
3497826732621007662
7635891724490775013
2423416178926755253
6072382293162643511
7408007016807870349
-127852022997834921
-3532018097910674982
-1972218041531623386
-4500285840340163455
-3449546843778620232
8966898605322010488
-5829858938214055699
-321052259251215381
3767836674485191741
-4648145133983429195
-6774684888577827406
6810955525298886975
7305968604570658524
-910729139788140096
-5919245784994824237
8159440147763551701
-6040343024244271449
-5424096371046348822
-160622646403640457
-1439709698816490685
4741136181809674919
3867889113802661718
-2018095148169774784
-3896957873684986987
-4544669830162861128
2666757202770487272
3013913448073791285
-1079815582358233661
2626293675590272114
2824450643290934186
4119744532104495289
-7522169997136938548
1128532678959849800
-7721287835814091955
-7809755917831353386
-4180283036566712499
4286688097971365580
3128983986855163340
-3258013954581668483
-6149691495454185791
763263789789248175
4419034288993967205
-6527128058428406767
-3066150205159468512
4700062964498627545
1343603348462190886
3779812376252432663
4506693041770259909
-7614189628594949564
7893151467442227268
-943936799396753684
-1290766335481057935
-5433665976777152110
4732735164282826079
6297357806327456787
-5177344881865732266
7051163045592750520
-2059561554894791390
-9006034196289999539
784274764558736378
456800709051967256
1522813995840117296
5764828808308897514
6875368909769311815
-2873648187578933190
-4634478808977179056
7894929450258186196
2198323907841965099
-4252403863224144316
-928763867106619689
-7516599318750025269
-290741037779592863
438182521731831430
2105030225037785242
6458220790654346011
-6865702245068019605
-7121179426229176889
8942675669558894700
2310822011268803532
5313845958074844904
-4946699773108973250
3688342532996371451
-9145001452564453649
8662988834387178588
3025533817641391027
268037174100423359
-677793038182916171
4693425246010972295
-3234500911760917085
-8220064637398223155
2802174669902851450
-19014362549919710
-5737908798520258091
-7758140824061311257
-2524311199558217240
-8011633575960955793
7244300130814971367
-3321673903982367187
-8773076426955466964
6897394883760005685
857058633360038640
-8167206800043966946
6811067616406658860
-6460804643141230396
4295907633431898383
146754940119456589
-8430719015541514798
-4516020144216909130
2066847997325430461
3631237410994686320
-8490132624716724954
9003098536287367021
-7077901787105170780
1835436641926317845
3895093710647807678
-902680872157419158
-4774949624440158666
-1257167138763087337
-3872122024351502713
-2042390220186656428
61971286565176600
-1637961203959356402
3121357250370840787
-5508756191093716750
-4357062682173142838
6169847041717451689
7551011712342337996
-7992005814642027
-4986653854846816958
-282482326508851259
-4100022888577176623
-8057653939005718913
-6247950730480391181
7321459067694772646
1321937590103903124
6579388453721589347
6126701385060567656
1113418058179871186
4399723247204081626
-8140485917537610557
6833437790491810247
2026452343534258850
909200638167845786
-6126029472155489163
-4109571364397983958
-1413619853147053692
-6853679962041164873
2338751616362783306
-8156398398210884012
9043141807566807321
-1053506691792170638
-5018405475694481647
8162260936771040857
-1408071589053922118
-3318327191375047562
-7720807169743090877
3479117145691707046
-97537701811849080
-1788559162179767101
-6202076525253583872
7053214549955068615
-656763647570550775
-8082354933294224733
-2870193680061051035
-5340967473998372381
-3019212488572655421
-7184220473329690767
2272291610661024827
-8859512734192534751
-803982828435622671
-7519636285695942237
-4088410488374783017
-1011002948164304628
-3472399129998731741
4370523953593833318
1142750713989032103
2186362453237776160
-6328398130899616172
304909318100867432
-8388304135681757088
5478649050328102737
6603702295827717117
-300911771133185034
6959264291303355940
-7676122500621375832
-6631921501130894537
4228785700357405441
-6381521620061459778
-5092305102096030333
-639501783932698633
3153964258743506026
6332005200828966822
9123426372121154928
5991556475599283637
-5371851317053245979
-6348511116139002506
837937829614359189
-3012061165304156525
-4734303402028260682
5951440071776485851
-6555813507651346244
7600506680506520986
-426632072784154082
2710551274402775731
-8155724270649040644
2928691491909298835
-6591309018913019861
6708851574101151978
6502186280801946765
3780749528402485433
3367454495654324655
826656506530874445
6767767087975435151
-4962558550345410972
-2893454464220969371
3167717492463324757
-9083278537470454056
4650502726844099744
-7786074665225974510
472602688814541007
-4222546739104741887
-216666935329944574
7005790530455999179
8422883042996135396
8308103468746811238
8272967016763026061
3932739735013252410
7802617511818725372
6177619779850512204
6197534041228500602
-2228548433631051379
-6854424246925229217
858985540880603574
5321306241337019385
6242834849232104414
-1115078868389632550
28338911749899888
6034002910634096159
-3300196395664660313
-7450110945378779673
-1131975402256024282
-2811405063548511328
-3120837651921950889
-8442725366299377130
-336825246482718487
166510713224286905
6922317667344278122
1611957107351416749
-8356158938482849691
-6026879314236949118
-4495190302663081690
4498069693599773052
-4173690825740362215
-849742184377489583
-2319901607184792881
178071270829776565
-5162591363704298350
-846685482074261763
-8840500921699307479
7929101205654101523
-2383398212989881600
1286631630776253802
3555506075827936067
4346311364500416448
-4796873795146484245
7902062114930954341
6979136076240159363
-4152269258192131107
-2501137520906655282
-3623757492977856763
-2869703492583618564
7304142559605232177
-2502679174484840476
3312204133378272106
3110790399074153348
1686542862481540816
4580939478479347212
509510051750058044
3213564766652143774
1020761099310327125
-5503447188140597175
-5037438777279339554
-2792043199933539943
8929066813274055862
953590078646061092
3240239261371853532
2924384027001735445
1779155993627816338
6604474770538726638
-2153337254514013021
263878854365424769
-5356608459063716409
2425316403089359811
8408571510735388124
-2084257748294762308
-8954777181620634559
-1190607307139877740
6778440400161326020
-2574320483164488792
-1518490943152464133
-2884019628361514964
1135881493314115395
-8524383171806687887
-3109930509324357516
1112382976593871895
2617760311283975630
-217891876371752734
3552104285323398967
-3970703436573664826
-8965191281621542791
-2710247406375796443
-1336676334592135998
7162341295708041720
7788449671606315508
-6831414616141005264
1249549305369831250
8981844335524875967
-4038535547711915390
6349584612870966824
8674192215101997272
3317608422793584202
1112034677619632793
-8833674193770824207
-4283598545484856243
3768152732210062777
-6267588371090220518
7589606121303893021
-3453977498361383925
-6874586368647021545
-5170677129296768284
2963414702924492208
9109561231389231845
2840532592507592744
-5292683221972073055
1422246777661071345
1283331872632737897
-6662357035219454600
-960744292629331663
-5384322906856746233
-904362010494328382
-149565394695093691
676659188397136397
5083186688545857843
2533450638512784840
-4783222077492867110
9133585240427104933
-2697870526420033617
3246106358144044308
9120093280251335290
-5005153895462202974
-4249407553524147511
1488977828808480801
-683922662252408908
-5375224738087517405
-3318256908904710676
-5146119247373576273
-8046749394071630075
2525950506038134920
544331411503964855
4996689697728499035
-6689654858826372522
8128561821459223267
-865739358127314367
584592184159879611
2514945393592524558
5765832145110082154
-138826843661934058
2206302269515235998
1215303892844525944
-7354963981301124825
6046917772830206049
1341085128461071626
7224176716380584966
83420586767103424
5353807255220811333
-2485414292535922711
-3089059851073563489
3814599010903703497
-6908073848293262751
-7755434034443500786
3282915627260164878
-8642350913212679747
-9000733046748421893
-5868737032674965360
5909809191953397051
214917959924135967
2510875799775251794
-4374611885435021372
-8057552658943484843
1200529381158833755
2729515656192361764
-3111273839657567913
-2764309035378338470
-8601273252212994554
-7974660071772408791
-6214560630467753524
-5839494473696791750
-7778412964323877478
8192103776001346631
-3073114381324236244
1399386174021093367
5832572393670612227
-5840807796709703394
-5744037627901194658
-4943996493381965295
-2049160585521551023
3106589045723186252
-5919179710321976401
8225779231218738000
-6114697430849482122
-8384646857489049373
2659376525696596075
-9133455363723192217
5983654586439890340
8473249707767955938
-1031635824679381882
-5760572573644367493
531760709588302206
-2565187988322088413
-6197808717570055669
-3515228140413761974
-712403330022318253
-6158905286748896066
-6707796767846640250
3095569406798960874
-9017069486685331430
-249597154144088953
3518119464396734663
-1989533211247923801
-4551814140894012268
-4771008176682853770
-3551510295151649797
-3045793894613998303
1167971455187590932
-2612401784760880630
4986328633833882256
7964715180122212280
6790161295777743480
-7379306445615347107
4176365716689773782
-6019956547707125219
-336265850258318826
2016939976068105548
3052149632541570150
-5387915082760900079
-1977766990234265733
-4889829457314963820
1277334173288816337
-6993125871714439508
-2451096595384139160
-6278261707134550640
2653901561643982370
7885637718349818666
-1359831661708424124
-5082201455756501463
1196052748378237587
6960532929330945647
-5018318215106317952
-5245342332785230345
7263369574699988084
1763351362309270904
3105445676140298639
-5236809169569391748
2572634546026175155
-1039085148933947618
5033749746134952415
-1732962831761984054
4811763807416036090
4566031177099392688
-1214288843407247999
-7982583283061583344
7628286558039272361
-2259766565466348917
-7449630667230885638
-4032138544792150650
-4124280600641845054
-6786503251523215987
-719013487046319489
-6428409761613274209
-7614050674965295150
9003608916739490998
44027139765044040
-7176273007237364758
-6108233655704666353
-4475497355995609871
3694116506712430156
-4829248499111707629
-6516405513652131970
-801709738579208946
-198109496892745247
4330855979056418368
-1773265963013490493
1819592748969187054
8792325984184001417
-5500106695433418507
6417809370021581935
9046601350451964375
-2115142352980287047
-7878556471030422410
-1982452274549300752
-4679903648708874086
8101479161139360013
3237204356497595060
-5056258731861553638
-8528639237265513530
4085268785132394908
-834958444477605353
5742528828396297949
8999664495781926789
9217345648174478708
6837146548251401448
6130525311310182151
-9166493662952206654
-6755721613853196255
941812748417444294
-2290353963823409954
2504297502391445905
5547768164251043521
-3728551603045008366
-619088504238355527
8136436460190211428
7835432802039437765
5378110733589495526
837276090780892290
6289006594076045791
8013334947123502509
-3421825953234570262
-2626140320941211720
-1512410771060003311
5727163287196312972
-3653316194634708525
842009062221340484
-5331226166163242529
-4388552688151045853
2205183885170789012
8231229493327367684
-6349930492139732194
7840898681159850992
-8319833037575949592
582229998528253353
-379407701613846502
-6562030408865835601
4494449494977397514
-6606667489384296762
-1778670989334395213
3832165638870160459
725499674989515649
-3133753268803865291
1651077630569466021
-6609725454736107694
4912964292022267511
-7325511841284000938
158979698396597184
5897048862866444934
3275119455249641269
-7585913297345293382
4492421285832592504
-633525211401513401
-5896547079584756846
2194619955039878247
6399516855535926543
1564175123209345014
-4060565927299479573
-6306386903291033018
-4467608030218775019
4712027575184454162
-1108892570148760853
-7400254528847116759
6978816294850029391
-6963738175051737317
4625569515162181035
-5589099298353058754
-5019840416999232622
-1618640309511368778
931103088128710806
-1270941310575198597
853520219331235468
4026254541613655063
-2167929737672946399
4059186442073556463
1043278460096525437
-6218051609051790933
-5916521018335914565
1178049932049747230
-6955842315016337487
1157639373986224542
-3879815798929447886
5049712004490836108
-514280018098733234
-2428783527999330101
-7480919854270575321
5360338350509727473
4245503623235918839
3287744717727419178
7054227461267666775
-6387688430288564380
6713772169957718810
5148122372863960789
-4828057889246785683
-5631723676047442153
3708603676868292081
7415517440781847220
-577603633823761595
3207857183340975084
4460963827225663992
-4613394963053346682
8416936361472691604
7226174760137224141
2782976630554393953
5974692931119464978
-3648695087879423593
6419068273916485687
-933712610840888587
-6620599807881222563
8918635359235755855
7801965466116289131
-2654848652282350880
1681858242520953489
4543167935165062935
-3799590051229977655
-1521452437846235781
-605633170637516857
-4801208201792332406
2630797560006585682
-2298996136852004904
-1652478167042545679
-7414370020851977136
-8065116344048213462
2357500416276353428
814850910900638659
136632947429948365
5596406216623424055
4330676936734253471
3735743412975924798
2315778421964121149
7103420323047770619
-3615616521945306727
-4564213934115109379
-7918990293277880689
3321721303459001561
-6618331389487453143
-2036719887144433726
-3482361562610106723
-7460726842110539023
4618550682999091935
-7220605054207918945
-6470917527821023316
6102690516977368755
-5607817868500222201
-4726060422429251504
8113038113346539977
7796919364650632674
-453847442352222302
-3939156961430372800
929674291796364841
-3259366409736120790
-4801508842880275888
7640665886322137505
-5410746511673815349
-6557465905725671448
3913239396546295001
-1783868402041337307
6544466609183780328
2359909966950975982
-8720983918473370825
7895306148861472363
-3536451911675763336
-4359117929076479042
-1912425170359793702
173116938786827764
-8818960544080186170
-8283177872230054422
-5025748674867243249
-2524564338325880087
-3966005011790759722
-6447298236001299586
2181724977455398691
1855984216285132290
917484448427128655
7078433462047373302
1948478344613527063
4280302228057942299
-4940853470665376116
2885985680633210045
1471336733996437601
-8239760946676134530
5088229856664397553
8353947260886323640
-3020197281279740659
2590315310693610910
883465547490420246
229542792055434668
5763659298081857879
3369652689130817499
-6513133305097063418
-8504375955099953131
7570153886050685445
3122193721536362960
7267505685814128793
603620852978499097
-3668344298481798393
1086083722902487550
3384572285224084383
-1593946787784312179
-8777705663546938918
9156652713210078477
-8075541938414306682
-7704567043222505326
7579200181601401120
696656567240864967
-2635867482451417241
-2361537695602334107
-1556363526236192963
3903929550679065466
3178720196510333374
-1498217803498082057
7948420366837803378
-6554135007753465686
8589826967881482135
-7193273412301608734
-7591075770596703030
-3815850858873919778
3009777486795088213
-6323018656634285380
-3429801498832990880
-1871331052662242478
-5010048854176931646
-878181026550232050
1002112611386565068
-5615058796731978439
-6264283908496045158
-5899093692226423807
-8251491528396350335
7819270541063212449
-9048258151939703623
-8052063863870705290
3777199383036153927
7375136696842823827
-4671541201065524558
-9207477927824521949
6657023212977261519
-578836057576031660
-952602656899544355
-6877158297132671764
-3901564288421280052
4899727052027179890
-2241187100784058917
2421078003944747979
3896951660069999864
-5829299685220323215
940043315842186291
6079983372235000690
-2922655398140108110
-8440873854132114598
5519637225329709537
-5040684903932420659
-5651414718709944958
1913888716383368551
-8675235173689698976
3050554423168029660
5323099749202173741
163572460791021017
-8614978398252410411
-8702913064158713359
-2492378681688781557
7209149971085935279
6118689215896010125
8159784471399988887
-1093999574668382343
5180441337125360546
5240042645631273387
4321344916610564892
7915287727216459888
-1660144965898765325
2259875588248870387
-4682899006632486480
4656006968382773844
8324431181663904639
-7897597834698271719
-6530051913477308145
3585018878780743436
2715689623177347659
5481643238837111950
7781195877678803167
2287302619837432962
5185299370627226453
7497284733636126736
-3130627902049762106
-6102737156710361627
2158008498621778250
3708375566719883260
3375560035643803581
-1082937705683350793
-6416455240123613716
1275843228264891087
6990219440467017917
-5392510563209018000
322158517251467840
3030312117241345877
2030098286949572690
-8725098535981321864
-5676596594849843496
-5833237512846352044
-1061100065028369272
-2234013917959989485
2714853737985779897
-5639719973682139721
7676792862385985116
-9023068434799071509
15369649564399718
4449021759776989025
7344114594454224313
7901651925769414897
-3641158376641207691
9115962837915939870
1394127473035786723
8722493444250871498
-7631305044445826489
-6391402428655761367
-7293190884987442289
3885025603365396129
3477342838542500458
2419114191069959844
-3747303056801289741
-8079945568097911153
6410564616686936065
-7543070556992066408
-3219698326383225915
5591499532493288480
-3115267193660151025
-6446955480256604612
4388561486259107449
-3972609539760985734
1048022715474829384
449195705065001427
-4754342469301667631
-6331297676374236303
-5002819774907779698
-6036912593466114354
-7851945118475238340
-5815299529227598012
3550562509756670756
-6330439718836186887
3379700822583730662
6059275716315875833
659154613038077398
-9128089449059247235
-569336932481423897
2323525505168816838
3356410203003729419
5810321394051425607
-4469418207623553887
4557226345509710774
-1599867779552831462
6246032990698983977
-2055288168928440936
-2424508519058523829
1273615575757949324
-6889050990452972800
-2428545266368421683
3591590810792626791
-7213578638723464123
-4487151997955044329
-8591541426999960736
-1572195544487853457
2446453602465059002
1919272633593208650
-1157580004151623631
7221623205992094206
-4763266360359502243
8284693031074335366
8854834503882307891
315817743394363975
-2103070803486941826
4468613163383255717
5773835514566426745
6608091576333612193
8958604520202560824
5735098862638841481
4234065185877406952
-8945668627163392375
-2371072422538026735
-1791650913333704541
-5704525784625580025
4576512219621737264
3858250018833001690
5183453137120591364
6692502854000116444
6174417301721675548
6516272004952832865
2245658331952946818
2018960483647198279
-1174416191744052361
3999401370249737540
-6700038776352227760
-1701553980437961562
7188931359487211445
-4734860937990503796
-2812975195072127246
-1720886261624654059
-2753082946334730759
8092125733238837916
695195499896375051
1295021267320993218
2097424580370065783
545041149676874335
-2303187898291038423
-3303266965285729386
1149659662924469935
941274301854327050
4879127537204674956
8046261382197876461
-7671568180692763966
-3609915086712370281
7834899684516106733
7515466529565008454
-5598736046925825613
-381218416522082466
-6057511113864253669
-3300058901277308526
2349267125125231345
8616522213815636923
-3614719500727634393
5986957077574778248
-2711161831783981098
-8863225496693178535
-4524614776757845117
6675163329162207321
-4090191872039899058
152334580530253344
8623271518880043273
-1486616666558107717
-6510289923509033240
2181184754956511109
-5224344490349990571
8136491567379875875
-7509139379789521422
4549716938533677920
-8554771227892681266
5529650068834108551
1603649351051867319
1579271019795681081
4152633885523385808
-7935315813621845422
-1922079178317472911
-4222694776280395398
5647136923736019570
-5951001234080662029
-5995734892639223532
-8599048574483424556
6177567633321663564
8633742202793640018
8774415002115154240
-7680354639778092486
-4499224171782379312
-380506773662224354
-3695760936575360090
6977020503940022604
-2188096183930951442
-8998345162436200443
5691078004517513229
6306787656667748379
-6338909801568056527
-3805003001223688783
-8015303699422775281
-2817854866449823997
3870584411200076789
5309555844581011287
1662115992137232155
6507526644700284736
-7538663704199588447
-5132208055617694009
8303360269303099357
-3715889984498077146
-2035411040936369282
-8067775689424463266
-2259886775743356081
4446000938099562574
-6933189650146572472
-4807055641820800181
-4416891031402162089
-7418414701845939402
8764205510493609455
-4942561719036400922
5063672864965139972
549846822168038835
-5179301995693000218
-2521626633777342275
8010591533668761846
6728618587198148826
170852208491846105
-2773133541425739483
2937535394729271261
-8465384262741542704
6492235958466432933
-8123345550072443049
2307853689771609467
-9160587213257475334
-7010890390379330581
-3086471403713451102
7243317502349959674
126957787616955291
-2959068445557865026
-136813034404387118
-6594342952953718511
6098885275428135061
-3586442288060212899
3799185923983930494
-4704370560155419755
-7159022066847130543
7419487673367623450
-2222452733707084130
-1749015450095317407
2039998610456957181
-8783509540066277328
16440710080822920
-3144543714281336355
2966362050002622674
-7865995915139674195
1472490395261780778
-8348579878900623850
-2261178349045046329
1482049175798658772
3979148278173862884
-68089870928102586
7178856743261148725
2945761576272690544
8456700975004177708
-8576590170835425327
-4276117478931195751
9151782645588136039
-3465817260599962113
-2906034739913418259
-4748928215484722784
5650267702568580796
8044281794420670910
-5992533131393382009
-269603161647109194
-3978121773199163194
-4946044314663253039
-2591616046156802422
-4926074513385143282
-234979808389153665
6764691522750439595
-3546702101319716371
-8999764462193174208
2955938415929875002
-453141314642854556
-6152005553736330982
5772010425218657856
957769574622945278
-2961521927663897982
-8084225098846092900
-3273108116052959094
-8754197192100573082
5563540087552100285
-2876394322351333181
-6809537753836837263
-5308658949350606981
-1814510014642343348
-7086628452504341049
7860541694209409357
4185445414911983435
-2114182633102865025
8305761012642795086
-9006115897493920264
9107864982030938075
-9142284717795181688
6610856641934959370
3386884968983244509
6604018023372022496
6618268155503216642
6645444328341105763
1768484866865677180
-860898765891882833
740366750512976422
-7431534386601173651
5116434824483575692
-1359490611165851737
5819070595152743111
-6589078537194696044
8284143502964106859
-1821310955969774972
-1323341720020276803
-4714402723102461920
-6465678898265742139
-8550531649804393205
-6215733836003687919
-161882579489187394
8763524766359040807
-4964227488889996313
-3324660813413637179
871015359961790305
-3093212716713261203
8551714362785995209
2844496710172755903
-231267112013505382
-597593738188950303
-3883291633745982421
6604222143080043192
-8408942958576966306
-7562051050819348704
-7914897242915910854
-4932138031839858531
-5120428877807500115
-6783406247519088954
8995038511399079041
-6654137326672672712
1571900978117884983
362640401142460697
5630731990179566363
1747650433495062795
7355878558255708170
1852489067719114465
-4835946758121967259
4940153995079286021
-4935435022785019905
-5944237746131873862
-9052784519953656948
-932482007800692649
-6677561631138093950
4050049589475181811
5299574950230494051
-555826167697539671
-964898285733141352
-9037814487787780233
-6933086760944072943
-6041722106657471771
-4164712313200297590
-2878415856864495490
-5655294543871271102
-5069418442543005909
-6595499311201983107
234440526401006688
5023925400667104022
-4482019378462731859
-7473021797203766617
-4474443908236105697
99050644729245767
-2629158477226347102
2367775508579891743
-714905077447356176
4361086630763399399
2793970822006702363
-981699281389281435
-9054509692143938189
-7423208944170707276
6603354674283155018
-1298603195346580730
-2553121414481262050
-7203194472239783747
1385867277981550708
-664628565210676550
-304022787893092182
7869815000862244068
744512941478309634
8969637563697946129
8564069311648632896
8729778862451551547
-1352092563453733719
-8440354937399239917
-3818980616207108649
-4478938146520176361
-1984282771558057308
7551258263899891973
-152172176292161927
-7173307688269230727
2564481188107803412
-2602409681492086839
2778798909841111504
-1466404731025549678
-4019352014426401782
426986269236019445
-643390436049443847
4150997973074061783
-3069063110361016101
-8813620209172558884
-6693526291547931365
-1448714482330140346
2505445867314063404
-7639213750460421523
-4373131667566999852
8050269369366054989
8354719124180258814
-3204940059221562344
-2770708167712484963
1303574522324018420
-6713374104436666250
-4199360785927946052
2511834336608238422
5811852481699933604
7213989705335358555
-2290057614482083347
-3404422440815022974
-5679337659327380717
5557147006174836203
1835474109164189830
1842747420638137677
5611424986929328054
4411754623772657153
8491503932048834770
3658053267300256801
-7928572773069946678
-3701070302845337588
-4561228739005214541
-4150011693193428573
1423667205624769790
-3176385111281113585
-63549158124137430
-3323333605565813806
6627020399439394732
-5309388310227881833
7447540511134645336
-6692096714606471589
4306317972077233506
-6489251398611622324
-694467487683902814
-8063019032210974754
1196738680668832266
-647636905897707529
6319938206680025368
-4824379215432949555
3521037747797264699
-2472493850637521521
-2459309465617469432
-3109784724545661132
-4119236858149043726
-8834466511595945716
3377452784989252211
-825855356660597530
4862691573829179066
1024490246518233028
-1815344879927657643
-1563599715442702044
453850458549622850
1734977659115634045
8273235907340991838
-9113268428706997676
1466428374408260974
3612808003136075762
-4791866147780947575
6957065617247509694
4811214129882067415
-6598750663324125706
4332968031057007270
-5850213223023868486
2055558916206774245
-1339276287703395928
415086002219729373
-459791848508525625
-6107266042210710835
-6550935293659985267
1351848276599311789
-4498378099420033134
-8513002478769680226
1408694165924304736
-7438474884475556791
-8124170591448939531
-9194670336423659043
-2901142258506607843
4603844544495529136
7505679526489612939
-4662840917396457675
-7754341563145915397
-1585563689762993679
7204596059752550983
-6517975238113173402
1335036966325074391
-8529541193142813353
306918621868013757
8449284505178616532
-2858054240872541920
-6953291782945077587
-8954686960963483321
-2782167885655429216
6854648193167482981
-5155391310165719892
-6996816529789553843
-2493950026476498181
2255712849564644321
4750720682401176207
853105322809085818
1672855306530092428
5546480244796795411
-1169825118829943110
-9001372680382325482
-5153993217969688230
7702672315189964735
5037315182254898776
1783145095916457256
6431078255998090687
-1821893774907088228
-9063849285802689588
-671003826293729467
-9169740372753171273
-6611470628272303614
2618479273712202870
6266282445822481465
6595905363298121164
-5433539343120387591
-2042154539137064248
4380933712716061277
878062912910526435
-8493163511041004164
-4333991335723157746
-1163253642826537950
-5289917672169502008
1044483714339635927
2216539016013699750
6602273572429495937
8984560896602684800
-3014853176556505205
9141753651306472165
4191275398171544021
9092262027026944114
5571143268439210636
7740245652006556107
3110398588756648128
-7571348071917921814
8595499228386306227
-4743117678022361762
293744301032596618
-6342129240677080384
2054084255086533709
1443643230058409938
3159558712528095379
9212901221610325907
1245001371262498357
7365273049671173688
-2654090253856131148
619232819638559707
-8207836712146551114
195202802874545129
-2751034499412954427
191697700793518870
3509249326588749938
586248080227701508
3537057589689937012
-4212550103529996892
-7606952882506507395
-1434776796538491762
-135080087928997768
-1864437609909104552
5762652021768645203
-3041046721135680667
466164139822066344
2498653941876474344
5569803352829708837
-7209589548296587844
-3588369928905355945
4986707580775936556
814784686147488881
863041523186326810
340190035945768741
1580220724490824750
3100197495852341608
-5636623056794910749
8082791461417673307
-3462522955742736432
-5822551364488594905
5744164915041116629
-7166995037622823166
-3880238710574055942
-8347402843520875629
-5942075040456653556
505856935618433744
3171430907405825996
-4567698299150080257
-2774828589406941810
1469398501398295023
5426951564919746864
-6016375251093005103
8891173878656760811
1561724002030902878
-7351567629246936971
-2297380103800874048
-7017672881614533780
4736858631542625081
-3573028238037929480
3559135912320024955
-7177982296991031608
7402047856137322611
-7891734550089018613
-3720436954553404488
-6276806243750438654
-2486170937077792480
-2004945332950936551
-1289058759089088429
8558739250822911556
-3652175843280581015
-19906115379299433
6993634047595109108
-325747914051156577
3563419379060265760
-3219128206844857859
581833960295499609
-7774483955835291818
-4412900951771096890
-3961723628789562301
5911606136582800944
8347024502022127233
5116357947156577596
-7557646316813050453
5377212103274965670
7407511450015188341
1986422576777826817
5530137986426629192
-784876767470447625
-3124120175865108178
-6106827909068816425
3056383072906538887
-1609931513963501954
-3781066969709343543
3762542298221494265
6732856461157207347
-6331695613048728559
-2356570860163806291
-3471218885730622142
566745690647589923
-1131633801133052490
1771669248180872525
-8504362730184838810
4017316699648386326
-465036310058132525
5738281460720878938
-3522353390526600836
228181148118278653
-4023078459702102860
2979406842265757308
1685025474836234597
-4520089082686444408
8311723719505485366
5801603029923438675
-644206984600916349
-7773674563640164398
-1048496999507716591
-350957810604829574
7918016913451829379
-6984336785842810674
-7611012792020482269
8569321554715686171
-445338694384579533
-8242396369628276297
-1590265528332613409
6800639760826555897
1292322061021947365
2833853403087359185
7162069580251860372
7794728673383606446
-2413510998460843824
2011256473315539692
-3777575580319490563
-7425029968993686158
-3459600780911503127
-1918310795021131989
-4243458893419218190
7968838619471633744
-4482304042583761391
-614155759526083217
-3813251216811672960
767764374126869257
-6452318398146219476
-446167503178399825
-8687367577722760503
-6626185251547006984
8694636672655892093
2656009306395706611
3302988469210047771
-8363184835494113706
-4184335930498950143
5004830924710705436
4134094771519531647
4246046498691046805
8643512649883606622
-5429611963403194867
-7522239351800787659
-7771826591746421075
-7912722275355143664
1795588752205759742
-2199674622167849232
-6545122687079096079
6399810702615332785
6222835816186315705
5185647295710878686
3778466450066683281
1680796182968738377
6535570556536782953
2607520147513368883
5823537189225611329
-5330854808361866414
-4694620798171335230
3596026837655388369
-4461106251107862512
-8550726682811998063
5731790714045086898
-7758391567381453676
-6737900988677275315
-2415372366632861336
-6887658862966082525
1173671564905109295
5523828148356033645
1688758237335080394
2382885997894407922
-206181865935275270
782639651322307244
-3566202654908461164
2612265553164803321
7237709018378367368
-6204141980401625036
-1112256724057132928
-4428587591159804858
-3057902028609006918
8704540722618534517
-6530882737146362357
-3714017742403810406
-2375796688018982209
-8051002805355384037
-1755000950469189344
6959935402185529008
7620120596461859072
4197769877414491708
6202236256711160569
4205395583796135620
-6325662311974608346
-1769800678402554763
-4964358134761222098
6106083656464350653
-5294588380120864406
8124812898173260774
-2162354280567503758
2130060333909703287
-6839815140110736839
3985410220415515185
4955479937086027578
5419059365645756070
-1060348469240714474
-3918713157643835128
-7062128979691070391
-3377989843181825363
8540965467733086002
1752797988741795382
-7758857567077930374
-4848197006615100005
5636930618683908977
2155527958855666714
-6609239099077120736
-7581268989511232060
5514702210359680465
-8743780309269743544
4925428930420078426
1653707082254546629
8223637726772400996
-3782525215846921825
1640343855239998544
-6189023789563776417
-5049004042816569798
227048170507076534
1032711401577921578
2050490126568972987
-3775045305394557420
-481326200731665535
9222717690670757182
-4396743406318846479
1785319036340562408
6398855967525670121
7744583951321231296
2719093976070980272
6803007336825588390
3617774446968553130
-1668347925392654619
2535439140360456670
1954474338513146354
2183356708357556460
5726646676186919635
-3684272260892027393
-1215784739389264208
-1221050773644992982
6949660662456690105
-4635655107229598789
3161953593449385849
2973797968573210036
-7111866736586553748
-5772374714423202453
-8212945476807938237
-2073818430785368692
-5053662131224624104
7320324799103921599
3137470578335316660
-3929642112911330537
-8350656973210697538
-1360643180146918963
4283159707635392003
7186988420320844877
4931392398660242412
4291320127209005097
8199821744105884287
-1212271082899677903
4024553973248383412
7466705444092840949
7580923136795303663
-101540000924691271
3895078808599995605
-3792166923754301562
-2087668063971202676
7260626036475204476
-2604325325877545661
5022510261830140127
-8938765004559230589
-4938974155934733644
3968313268802927341
-5518703591606001524
-4867848502240388890
4786900388775233852
-268452834972443132
2665510898365668393
-4037130564324239064
8894673928143275322
-2890817758053090259
1009030814568139305
-3125646543946749246
1367412666078591549
-1972692695084870241
2645059089530205434
-5425812572749888987
-4137276436903415052
9007360054680563360
-3926385079063971459
-4286638184083347632
-9137256026660654129
4894116069924793953
-8543411620933562326
-1776511466899549739
7701654392045055708
7568110205141229381
-8735518985520360921
1030108140195983227
2359761862418267678
6060204240547182216
-6587534100190311136
4482481324901107339
-305069338877953672
-8592953686688485086
-8766807040897272154
6792587849462624441
-7799740612928464273
-7526801366384713477
6947991750728261943
5011838578791959498
-7923112914791039034
-8257454917003614041
7128932930311048311
3029573486427703575
5551219246724069174
-7580221500940926690
-6830529637677616165
-5485006925302598186
1596308412831783998
5271375630284351271
-4224326055616501923
5545148742203420315
7853835103905742500
-3959494623758052323
-2531590114670287737
1133120992097435119
-5542074856855437677
1656810571077143930
4256453057850353869
-965542091375063251
-2623684963160701231
-620006706188779007
4322425140495469943
154641572882079917
-5720937961086521810
6811381829571925485
8449508376169831975
5345974562584418483
949098155511397817
-2612719556359583659
8122979925434979235
2754472078735206883
170147355848827392
-6338148842600626310
2089903183123205724
3219017517863278805
-6700103078836792687
1260348045555723900
3574509844546074013
2219133588834093365
-5291823969311519171
8026980884620523212
-6059951710582314401
904628514601730762
7100547901050244308
1105753876803438271
2609163921298106204
4063923190333770323
-4127670446304992376
5161797834277892657
-8393364126638194418
-4368333993898144734
5586057830774687880
-7363475792584409751
6311616483036211369
2443378276969663243
6509175331890261423
4232360263653290903
-1922594978869834283
-7895657492939364859
-8808911087738724069
-9091136265081388522
-4608643129561516745
3759278208155508773
-601564137681674766
-8968286831215901186
3300043661398735518
5270308184695754960
-1734688086983541821
-8502599973845135236
-2967275861432590211
3854103022375793617
-8209608881947826541
32611842647306596
3252529255162143823
1474255975115054142
-6618608165028113463
5546991807283756176
-6149262471039590427
7949838808261726455
5421000464176462025
-1707975984234372002
7137400301764090761
-5068530157429215105
-2815753818486856079
2775180918627609925
2720697429393596085
1727526031994308337
5639578576359767745
-9092732358196215807
-2534536396901638810
-9087986605616375913
-223996181435060949
-3979444672339038541
4600722456438591394
-6782614594651980714
-6392638689205209983
-313784758492193299
286206717683577413
-6791205684296486612
-6012365707577307622
-1746849255606887495
-6550174654115084743
-3837869216862920418
-2849222066846578832
5715246436804108972
-1283726588625353489
1380552094048962072
4920679415984255738
3823842727042502186
-3946488720748026169
-2143413586364713784
-8530808982143100447
-4396750985496772151
-4550546519029416682
-4291284366193764732
-4726528817031703942
-2190537495062014859
-6717799706726166057
1001570219388625418
8302682988089218204
5901429121626234957
-5463824101910555440
4459550082601569740
846336663865638512
-276038659626878887
-5497462283569915932
3393547722571926971
-6306009416921271781
3838378497801702263
-6151506457224053187
-2998763498595017765
3022724139403764729
7121285400852451218
-4464343931327143228
621982626797673616
1092515853319964075
-3070086962171581284
-6218126449671505465
-2130676322502553378
-5739877641623720864
-1568611938196950438
-4094783158381725438
-2816012411413606914
-8052876411149705347
-3012731159466949410
8564092004500398910
-2579107339348626010
907889517327421488
7353733451859093053
-8121391399964882886
6376811152194461705
-8933951215622387540
9208002341365305122
136544972441752997
-8345105405469764829
1289214907226543704
-276484859322155150
-1619551310981190703
-6999658831044377028
-2609993151260932612
752878291309343630
-1376909755820354742
-4668718788163952563
-2332091930077743230
-7391606825667133176
-6332378682697383098
8871948631784402088
1810577762772826596
-5587356149748257204
3848917804507959881
-1583973808579629735
-6905026057100732387
-5855298210962325741
-7005524811174823355
-4095768963472203657
3432510668416205429
-709562652730340631
-5008908221226001957
-6341011030707190429
3230280813990897563
-4205228693522243741
-8735705989147555436
-8544627420352370857
-4951731512990973156
6428727830907405751
-4071899662773135292
8855605660284745852
6116626862826238096
6963617869700253670
5573842154025244911
-4663839840627080057
6040041163456143250
-602899600313119248
8459531815420477579
442737333886365208
-6598183356397501257
5255502433122750956
5425451459163448604
3535286087509266093
-3967442729889412046
-6858019860837536287
-3812403670041372828
8505355950778979670
1074119512198960518
4581028212696974403
1596926573984286011
-664163488400203480
5759059956897282616
5828061149176550355
-6637732394183642363
126856393724936926
-1492791236555879827
-2459675437486197008
7876917547442230404
-7509690008822519168
-1487123791029748582
-7440875332330201578
5568268668742476698
7520447171362268303
1976293129337757019
-1286011406961358458
-7726131348787671142
6071127720656222758
-2316888133314059832
-2872875037022787189
3829786030940810832
-370429387069240127
1427538579910993427
4633776197840569386
-6239272927229314447
-7108397323815160276
-3348006863700991323
-5002376741366284603
-524200495619186516
5202865513267702077
-5667283190397996745
-1739499304448052909
-583295050547056327
8850327123876449393
3445815393263311685
3489297659615775812
-679288514373114996
-8287589235403172694
2044075049194058034
5623508227165925287
3696142394716589039
-9151868172881992943
458190335781719423
667307473875252764
-2517075361897981339
3731285021003570327
9136155130346657121
-3303908543234122861
6799807355867970791
-4539719714154734977
1470165810837875161
-8341595098629277859
-6947546132975260349
4715839929343627239
-2575273138161247191
3334179020437949166
513798945886762783
-1245505058726815809
5179823335284667551
3432843042261561502
-2312957091761762835
-6101421857218440477
9194696584912712412
589756848360296489
-1439830435262931746
-611037146075374980
-2372868681480365593
-3728343507016629889
-4849489290154629827
-344858684332724550
-6569458677086353685
6170696549520943617
3325751777593022429
2791887526134668004
-4764532572693763497
4110544556411299786
-8716414221791120612
4848585870921033013
9090572967089716477
6054267510150282004
-412518637876009411
-1262074630070191565
-7466485241506438699
-4515489455200377580
8132009680585669721
-394326165657339722
-1468623982705224217
5121901037109678037
-145968813629740052
4066310206886961495
-3361521156416878086
7666407408577268783
-3959085152123394782
-8536437384153779325
-1843741563619854968
-8660557468183849697
-7987801320883419030
5385432860074403254
3575536598577125828
-7076111121504029611
6044865984755443194
-2944893707070307563
7590112961337247576
-7316437083773569212
3949328908951949773
8313653502681636589
2705064805603535902
-4664672189655236456
-3152248336431141581
8848650762309191996
-6862137048703038664
139317869059458952
8545728590733644901
6930449418641020425
94246029896046257
-492419356905858836
719926687537128134
8036109505551334675
-4033030513575285836
6697347419419326606
6682469121006973890
-1851120061304947109
2368080626074081664
1627171538647065230
-6075648684056074277
4187637187892563155
-285318618448053327
1731372937399211823
-3849187011758803044
-5360384705063814720
6970853903723958888
-5596997194697885871
8326743789751354620
-4486883043113382738
-426401836241915365
3973649675579792522
6623190886939787113
6533376794454104085
2171193745644220237
2071297123419955735
-639389812689456989
1449760968772918605
-2472833307683964233
-4303596518702755521
5379925282416929994
6115947817905240335
-8246624567802378238
-1238052824247277707
-8948149831717710642
5690283988419646161
-6637412619695515617
2366312174044289120
-7997782233890542541
-4093759214811941389
3327228951748194855
-7912739078221771519
7782453971708344752
-3407493543097683721
-2990484062645754703
-5228013090044256253
5784032467830477851
-6225068767249978212
-4520851233138060578
8705717986698689362
-7884307868633434021
7816215938244607334
9019922758589620736
488139889219431507
-3036039927064024623
3235112782594646500
644035852567462401
1285982528847034206
-1086388845418967593
2405058883629705301
-3918399822336596977
-3912692091917635689
160029122206436886
9046870952821337061
886639336610947715
-3398065346015729345
-7564270223404614202
7030435038092230773
-1508179495583520007
7800056955559096159
-2422349831409774218
6316424713018132382
770874348525593606
5759225608158509466
-5415962838396492360
530732769360053570
-1192074251684206982
-4591957559254807964
924544880938248080
-1141378225001524433
-4378849390034124257
2103510043965631496
-850276912072089161
-6531030576573710857
1844337920100060038
-6282464120018439975
-4150284492031478805
-7242899235936269759
-6124370684298205353
815762820163872320
-7465682568870170942
7373250778272294179
-7067307926032075726
2879234874953286084
-973130818618638398
-4990726245170297091
2799779955321360193
-2508510833822037398
5268716812960787452
-598408192522281912
5535850662271358340
7189830439285358847
8833057811107286031
6834984642185216733
4682390942617776680
-947624784559391411
-7957156882743441778
5358103391345592720
2433528568603818818
-7110748942483442645
-1600531554385143806
-4999933347835700758
-5791527573696932382
4630988768537322432
6399871462297021800
-6449777103612454237
-6975974728643806127
6735202443936196824
5037631798628702649
5012105426917024848
-2428641924889265607
-5202109189674259042
1165794552814648880
-7539173538916142961
-8088508287437067891
5548362310060472233
-4336744739025806068
6805244085308232558
5820660514122660520
-5343505350364142507
2403066512289975398
-2183867482820660536
3033982195614404254
-2066639915941144554
1188804906862894112
-923168742741864176
-7024195147487785558
2461414579611477214
-2772573543401146898
-6560254422895104326
5871507149207210577
2580509906450955888
-7700014866265173627
-3198133748131179330
-268646756225693911
6603640889155278945
-5955672543416356159
-7268980470890297661
-4360956852148381390
-5824597280969479542
1618198994616271116
-8942670400532335772
8685745807803677305
-7612240104938251039
2114128659233362582
1332334952295026550
8311783392997955217
672974661264411234
-4548960721767899356
2551573312944267318
-619749662666384011
-517488532638886938
8013994940192296332
-2399241294415324855
-2348050700983725295
-6815124652409719563
7730825526595762126
1454038584510539368
1815127472903152523
-6910705366250698575
-5548818642935416131
-39068089136221546
4965172733185624650
-4667466103561158935
4298051924211093368
-4031220683132010161
6343821828542981010
7853089996852877163
-4261340309579640556
-5517648694957300771
4275801322621593706
-3352972574357445992
2803568089224287609
-7155413709403402639
8611515889978013840
7992535592240690342
-8329238992926114684
4513032106363471741
9197645208196345335
-990341804235521782
-7716651404836314711
2259368567468677361
-2505033629916584390
-433244610968005984
6694469535354955880
7580719916924521906
-3698175255211664738
2871445959398562391
-1960952723164570015
-4318238501253863692
-2227204153922853974
4772187730657899014
-9146832369210975719
6720842990716595303
-4564540696388331531
-3888929836844296945
-2798761364575786076
650681643182462026
-1566654651376113165
1978762511373700755
-4145125611644831128
1354314669610767956
-1770345549329055991
1167569266323223108
3482802857670456542
-825287855227093375
5358040664564032917
4107792121694258196
-4472073186860335170
-4900103423691267468
-7888873713505507361
2558566464957654210
-3964041437012818842
5438536941453806459
8570773797429700545
-497540670350054800
6091769208259772969
580733873272247962
-4898001397620209587
-4383620238548689203
-7229184849451863975
-239852096721085661
2305411436584949314
531623553566803843
6766881641746873133
4796859572131740429
-1333307663563626091
8515300316698184422
-6410303031576453605
-4223440461433081259
-4384067890785593577
-7323619449228497340
-5192428183181212549
-7358202522547588378
-851409941951743804
-8723281620441884188
5688717192386334393
4889451781578110128
-659960219153131356
2653445393765711799
2272575654527647025
-1153831637207677537
7288344756318952067
8931756621947252075
-8783829185674060941
2833496851293909814
-4112287400478036239
-8264138882696926210
1442167912754087400
9109294181056867347
-4424093118690635842
3525687549937340358
7784690908633827077
8554644072342747710
-776664674527643931
-648765389713002670
2805939386367807966
-4849028727906338968
-4997066666019983995
-5380920959921992834
-7219283398193433333
-8689047880756242191
-7691604596298594189
-5182475751537144612
5153202856597983589
8603823631368439820
5775014687331543697
-7749038313429164769
3875518984827561522
7568644228116983550
-6465603529464430063
-2842920350505216621
3999398716177591668
4151078398530161845
-1958933255555108222
7830381419525528234
-8989811554688641080
3527727202178034326
-4816686759484367719
-8460044856155220832
4377648153374858988
4521836648958309649
9172973943602789854
7043286006310602734
9123808265628200042
-7020379314533587222
2978538801983942046
6949476386166444190
-1965540153932510312
-4496264196504057141
-7763796028773607790
3635374325839472863
-4635244447274433015
-5108005248026136089
4221742022336093894
-8189698473389267337
-2310084355255929164
-4678030911631351266
521262980966791635
-2654278899843412503
3003332235459578080
-2916961276951828518
4506730784762930617
5878735176851084905
5186763541941317200
-5779753611732977526
-8672476092452201486
-5625015430767986844
-332920065167873841
5106508130592913279
-565337324973571223
-1526961195578391222
8315314357441149161
6060269744029296226
325526165687819159
-5839967259416012590
-1753189486039785887
-5073822351338529121
-5817957183640239808
-5218212873704400994
6664880045361920534
417061156608778816
-4814235403881047076
-4655648472091461016
7692883449169634329
2564682234031840195
4959416190799020241
-3108609115274036901
4252345511102614819
1675375666640932904
5837553523402025893
-337733093411984996
2186867472529518978
4768750459249879773
-5015224971844983536
-2456301135546787076
-6071621251635874265
-4984616214020843343
-5301980214083936713
-6896184517129173201
6381383063775485339
-4902985890341629969
-4972144189572074270
2335556892429166546
8602901077263408181
8009696074189689637
4942534200815944745
8812915674796168641
-1218873446252393732
8122451598372512629
-3529433954388267801
5139524397650760988
-7413823590442451636
-8558500687158370552
-7987316467643289697
8528935297715188694
7156739627633711490
-7969499481854077425
8693788674106928166
2173543614064383541
-1743796346507664932
1370716693312117421
7977833020760143727
9212227918492434361
333352143027137897
-3404807863433014494
-1098894970519015197
7688585471436817053
6004935308641786639
-6340000886700773211
-759304447958934029
3376504937045120189
-1455540140311113612
4417534198488502762
-3438740292886699977
5093272502499309183
6215993443418177810
-888447381742823651
44430231088477024
-9116696074780931948
-9197210246768546638
-915751983477032596
-1817881086708480675
-7848048175037243992
6762416547888549558
7798603681420949107
9186118670328036130
7213018133587139927
-6324107934052180090
1387192551739608811
-8968800924856311018
-4012518963787678072
6050011432689608929
-2801708993670109241
6985769745697464209
-7660692487293713813
8073870532823127628
-6047683564539717336
-2837965888333306815
374544499307988349
-8424713013014044144
1798974464455595937
4616188495772421896
7062296975910390692
2665494975465231563
-8807773084353629256
4807932244380242716
-3826646961023835267
-3034517601029449529
708398798173838284
338660847183832596
-4289482986409963158
2525414432366509689
6469249742009950155
8348258691263809458
2582067183731211823
5418513733292090296
207131167657410430
-1402877238815058769
-7685981600442577159
5313061469338760431
6010549233414670346
5718777642334651444
-1638905780832544777
2455207936112103554
3469818958881000318
-1554785897198058460
-5380045617359989004
4537391642158017472
-2297200957332115822
1471269027955953806
6561438700539373541
7019378548279480095
-6023256068964050750
1304894811313486521
-3415540203704625878
-8935363527919397196
7629324430909398166
4720594759858780528
-5865822989490592312
8539413972891042982
-870757631003593665
-6720568750920885070
-6174363424874305832
-2048155438029971095
3697846123614429836
2496689066032230465
-4916575417992254609
4292134906656088515
-7101146941337319405
-2955387130602719839
7700283216269081508
4326604749224972571
1320305705273990980
-7676581314407454721
7958795250451315204
-2626486546480161309
-6954743926243542498
1030844372232039505
7415956204423122066
154691817580714746
-6037778862813402416
-5538257069398738410
7373219675258131228
2551296216903494483
-8893272300616889233
5692883210429073238
6166157573658855883
6086935523218404892
-2082245892783789581
3135684953314670695
-2863051749056889188
3710545863808940076
-1254139902529346963
-1032451688540769038
778612440889992362
-9004859582465637387
7916295816097821606
-8719186814570868107
6307901931345089159
352475354121421891
8515084467054964790
7111650221766729115
6842365383113291279
6712124053200241865
1653334443654935577
4275592698699953079
1356668871321203878
4321953235048473867
5539807915817335801
3450588653361999639
4257661699306600773
-8806818147396610436
-8466886049099784208
1066263286237807414
-6538292896495138868
-5400753406890285851
-200078117234899103
-3732809286051108941
6351355649410353070
4901871909047785529
-3860960877272962902
-6320788688400595367
-5625017665638522404
7721831651543222181
8080866378749157960
-8461055736722231003
1202500617339433224
-602933373168784233
6728807218496321987
-65214419486810944
-8949946983685925525
-5201282833490473032
7832820165432394342
-4123752195589716856
609370590209945898
5809213052541834152
-2066761050437829345
-7348287906087815802
499555545265099818
-4221989671360961926
4015390085352270317
1253931973857492079
-8728699505844870693
1702539471248494316
4655643195923260538
-776602543247875777
2633831824777707417
3740086892965478932
7730838459762009976
5137351111814956669
1525676436917491504
-1700891793786611650
-2965522229382667991
-2990638193759476008
-6181918318712910421
5339933266753694550
8273239414277665071
1422925036710503248
4083827427783038330
-6800917323470113812
1054472301685610888
720081223271897048
5781214402060759840
-6113643766256891083
2910738480759033278
7864452580888408878
7506650821415701441
-4388372012317098835
6788626423192061290
-7904653000699487409
5189541772201996549
7179084155943259854
7468822807664253686
-7875716342646706401
-2924310078457577477
999278435482189446
7903183648198025082
1401967505298632455
-5063726901031982281
4159884635581003717
8477894911294526453
8293608557203797332
-8351200339761107845
5099561805528323018
-1141444824014073794
7136378229042078977
-4545458225368179091
-5943520859773968733
1220656025780807190
3599070996130369552
1415000175803488571
-5362261205113882202
8432356537194646785
-8276626017965566251
-5451440980287850975
-4875082177157631492
3011925518448970187
411358068823866877
2944460619109985751
6184953194324471372
7578274119673805123
527327407487346032
-7988141263396096892
-9054967151030247311
6746156658365251310
3990868871565951725
-5714344199275211719
-426367547893196831
1115426608259355625
-6127119013169620897
-207713132869093256
4370885469635557728
6785493198116085680
8577226870766083197
2756582714348984168
-7684657206284067250
-8090316959385024803
-4012725853798922960
1766311093105714618
-4267121552542814746
-7970515947981997872
6221990818815321817
5942279514421279758
6359294459520663546
-6918467358421894459
-4681401987283750907
350359733023207431
-7209035478792666775
-6817036004757210776
7621364749654964672
3018262681874762383
8705180395047957063
6347286211874977916
-8325726425815840567
271982533097154787
-1506316613717633920
7774581723134007984
-6726471700490286482
250541048195587287
-7811001922065794316
-8759238188520007953
-3465339945906956183
1371996851438886581
-1825079577990044168
-6803445499597904620
-1621635026638855477
-808613358911646509
-4745534074799125199
8587111561641197166
-8968416103181239130
-8709435417074426289
-247861354299697340
-1757213380866824494
-9040521275990138442
8431227844289706846
8508752990936332633
8174945231569361244
238604306408199939
-1987709624245364235
4477241846776920299
-2569814847327051883
3611242997291879116
7149683809827212167
7564019676825681129
7733171640009203558
-473493925799484992
635381187292397310
-2182466476418284289
6958539608163766199
-4592411661779896480
-2451692206353636922
9174140335821651339
-2250646140880008323
-5321412487068644119
-1637309014018421103
5775815428369002181
3280900079859600946
4402864238247123630
3207991284592213669
-2051036213941573712
6119346675685527868
8992967931780707049
-516828018307520551
-7664968971288618114
-6661731318786104054
4045766868356834653
4351884519455508302
8293684770815618779
-7162547053739655355
5723576067957589057
4974430563282577602
6162934472386509368
-6671584356215031237
-5736266101595496006
8361462801278373661
-1280632224649962514
9105622172673513196
9031881771738842471
984027135821542031
2165704306688852350
-5894841978724971523
6298574348739451358
3316599830841498771
-6139474976966658858
1611813715295302058
-2311476948855716236
1566488567010558799
-7421957157716549925
-4738253819113181993
5668732554844380754
6837030975226055133
2763574113055722444
-2032438106250565163
4621916179255241008
5726348051501573632
-5579483273416423876
4327574524431465667
-562603354797784163
-2830827395086193295
1604054310016167045
-6806613993845529837
434163512228800722
6645703789055537140
1559662865555156296
7821204328242219097
-3532199764523648314
4793141431721082918
8930571507858409997
-5113006555108451539
-8848462557907228785
-3867575504973696817
808439762154891247
-7530546292943556711
3481033950526078285
-5921023372479097440
-927692722355746725
-3492522087000398435
-2955953184891830135
5760239610182036997
4810227016089303657
1055604282286886299
4991056069162395069
-7283146357392243992
6259744102071587347
6921922351830353777
7940289631733553541
-4237196281551975963
5849456258597988621
274624357571758263
7948917011887113961
-5864186444146105113
484106120397931437
-50554729150618293
5951239584834270417
-1015689374997970296
-4523647097218939664
-5417119895120955272
5099651341037446358
3256526589750930946
449541295771946231
-9014397338593673281
180108075040478851
1496925067537847084
2766100971590921438
8689218531136544956
7076763174136991398
9174342745145531087
4311392712433662430
-6519339596161244672
-1454054107686589062
6740716715316180305
-3499655219705266535
254790552414796958
1405088647667794866
-7931200633678229073
-9067791600875498781
-5706566041252154240
5475346491632520486
1516335014226325504
1984599611645735693
3123546372299115190
-2268592273073397662
-2475180352674059177
3829180648876765076
2108223880247337133
5297628755637961192
-4422374534022600364
8550080621880801586
-9019405993277628213
-3429243813851177864
769097970855573505
-2192419394880948701
7817928306120250500
-7436782069441117462
-7536212329907970232
-3024907704376434113
7822783613918123825
2973600324096807468
5253495143831679630
-3558750540689710657
-4170799660533174121
-7117881157078784082
2319001888521866770
3607362869541100988
-2336985883540575757
-7941102668968391693
5413842422697779121
3283844464781748896
-1173094046904661181
7696646904349890128
-4599045474667026918
7553292918656096328
6244455434165961570
-5056531334721685627
4247175579028516289
8688071352798275985
2884942711898015540
-5613599866475371385
2017456211967725108
5790366473530990862
6504515776216313342
7871092265359450773
5869223592547926986
-8623554337032395267
2379817175482894600
6369099883342546239
7426198091276617424
3971352880128464704
-1795585323445053785
-9096515086774696012
4119866080818523764
-7126380541834251253
1822586708154927836
6677650519071076912
1860483522560495
-249580980587238756
-480690400931117042
8303613146114328325
-2880887227318678868
7641254827974951055
7537789644967359416
4013404766183646906
2889189325777332924
-1326297721247548969
7742719004067968624
-6181669456550372916
-1217078099579784997
-7056575482457591519
5106382225972309931
7702073606174190617
-3605614148221671879
956766238342331825
2528783120455369306
-5435412058799982568
8730834444801376290
9010094490517604855
8565359699155883599
-4515913080268757571
-8645340519401566661
5315534601737130498
-8386373485818809873
-234016285708127784
-8824131450482021800
-7292245482607569679
-153418177749323932
2831238181543036596
356913478263865983
-3040038572763441150
-6576821954126085070
-9184073265696505288
-213773255109955849
-3769482168219815121
9218850270018734387
6591903515240416442
-5489723846032884257
2921904779549146928
928434794571666475
2445267022616653241
-1653171063934343390
-1222561680062395414
4937058012481088316
7513563195069405434
7159444236372000273
3629109515188217954
-1121473305611669820
7475375700294487256
747338638295773962
-6653128441931861321
3657232435430809480
-9061459297684495783
7728767783894661413
1995920167357186843
-1888962546857936774
-3062646153894255649
1831427329306920418
-8992847576475219489
1522017419938029689
3009287132019165083
3470171218458970778
-3813790729942191387
-7386866549911061136
-822495988026617448
3680192019244835302
-2433901904053021667
1059990358607345166
-5046700340522109283
5636228302995361726
-3067650958890862522
7439860632317539509
-1942715740224799729
1262652291825378131
1557678899732322768
-7333784788333569702
-6543471216055859505
-3693389039979650600
4872469572248654515
-7073272550836611898
-5936418366440782710
-7931627107205453239
1279073710935864659
-7345051434666470385
-1973583192142370622
-1629680466677843948
-3212567021706782419
6573176934547999310
1916626489304682790
1989503910543638664
-7671292203251207736
2994094183513088798
6091447273619459338
-3681406578328829004
8644435350793475609
2317407778941782468
1981644301113522946
2580431223032225020
6307484828673358041
-3025067253913592698
-1192815689908024962
-1444770207792061712
-4035372402378431505
7119215588117677191
3084912772313986422
-2563351454975508127
-8152412771684537666
-8925170374267047211
4316612550831431030
-5101993965545835490
-9168083893548658577
-4904580095819910543
-3995126246616602418
-4193095973858741059
-5016526242226440013
2711238812719747828
3950572023388030951
1299757422631464832
-7886617059558995525
-1912340802806853744
1421826904639270584
6474235825783963933
5297312157522270712
-3434578490831078988
6619434581903921912
6709677003823337824
7873386163078947339
-3473977145575686186
1363961678017591099
384117263425280018
915701775547322985
-437214352778471057
7422947861376561599
-4876772445663220728
-8288642988500594182
4600950508725209523
6457833334393644603
8308586561393898067
-1459503591983626700
-2070006340472032422
2603562492893553730
4745917636525020434
-4318969886143530243
3549584019147883162
-5867620666645603629
-3321644488445337930
-7322797234644441561
-6351763522389988623
-6834906380479292503
-4739578125042626455
5546999259475951456
-810400508493579951
6223677806932060121
-1647879373721981047
1319540702341726975
-4309119843529182194
6520796722641728195
-1783613689658253589
7203732507039651193
2767914215152181
-7303064185388573321
-4846016939126426849
6734960537259490557
2942862543085174669
-6425133150695387478
5254048646596207997
-834773507342801238
-8480193281039813717
-8101619901198546806
8059964716268711142
3699384483863157275
18941397664063734
7924692798476574762
3297745804595742423
4976249924110471596
-7464582670364673146
4977571719483601579
-7217751326374338851
5882111728593262576
-8090718906415656672
1370264428095638167
6110256154008670575
2041639199155755278
-476820436341177720
-1507868478062021500
-8218500164577418562
3956940249854233127
8984326594138279227
5094049693661939909
-8901133324659913641
-4216764542123620463
-235503847872434723
7267481892750050388
-3045241242149438527
8383164880416496308
3953878258306194933
-7272908361202284543
7963183493462454853
-3037612760855672716
7624455750148984345
553702104466447657
4257465762895467533
-4468814448776483446
1758217382318696265
4814424976494072475
-1474219719813885132
3710008849633132521
-7916728097688259322
976881421746078476
7645011217966112000
-1092653446029287305
8829775512524586025
8312004102021259122
7056897140473449
8227377225937672489
-1433149264812205902
5776961208170685334
2130815844344777747
7287457819704609934
-5872610592066416163
2017122648494912122
2127512695730362902
-486015850849507879
2366110154965003989
4281324133361097626
-6718443521541701999
7518888985758254703
-8636192092492332817
-8713355200640529519
8244107850522616538
-4354309762712449437
3382179064841489285
3908099287944962493
-8829461953432610117
1801019312883878200
-103655707141885417
7200960573806473672
9003693030995173399
-57844185062467299
-1395387764882607431
8964928708504001415
4834088797686789055
-4993547723803661258
8182497287566359598
8626926006192580882
-4561037997408800083
3052653982100316450
8546788511912391940
-925518329064825022
-764740379460443458
3004484440395349615
-5528422003803242182
-8861487278384830095
-772789749039525554
5386285847137691073
-2358134457927854963
1033380276561249950
-605487549407926696
29699935575551576
-6097613923806705449
5118570035549705906
-1386117437135637273
5616550612915689169
-3664145504742447318
-5310965956650538977
7894685638715693840
8521605457294771529
8833206132094025598
-1771497176747665141
7395088323122994581
1617500713372387596
2353634861231649912
-4534683109194705504
5710215969161856607
-6465797361370206504
8188511354414884676
-3188877750286378747
-5913482835870349971
3358865169808079139
-8756082901344361892
9008859940979898331
8649835884683266903
1933964052633236914
488145427193009356
-9125552712071789554
7592207069937081992
-88319242327234148
-1557990741703648854
-220190694884368346
6714985649350612388
-2896672961197598505
4227802860942329124
-1319875683841221844
-6314462488171862593
-2638860439896731102
-7493058176560498239
-2851286242945297706
-4085755763577324609
1506238037056754390
-4213622680195188177
3608174031504725310
3290902223346481880
-328880818979444775
-466757288434652887
1418295663482553954
7478480272700236630
350867688868292388
-5129809974378873230
5761614817368529803
3958213336727150436
-7671397159027153615
5438578567675343318
-2954067279353642369
-7905334367057745052
4765035584839370506
8495692040465517404
1145591739548672835
3869947327453314960
224030176108772975
-603958968639738116
2855816076969058978
-2416371223302697650
9058026932277387899
7318493001259341385
1218062331880704656
-2208647180316942387
-5908107724858969109
855213471191984262
5663846676694928771
8639912693925777775
-1227761651324222930
8592415554545784361
88751871376486606
2113811987825210230
-4329037258285057169
1627644990641798478
644993661007801164
-3179541473205670785
-4082684103714957343
8193156926916515617
-5285238322056775414
4899497469768250987
693953423757141431
-4713058301727605306
-1197676330717133025
4653896436835472351
-3359138080059454008
8629024339210148399
5838733502148439886
-3102951925118333568
-6672228645711270093
3430982459166720586
-1962418983191649183
-7933605835636759277
3838078489597697345
3659965008439726826
-5741243379477360290
-4018182535267199023
-5870778317369659714
-5980567085400687697
6366162667941886653
-7269360703225865478
2175600670346498861
5481492989495466011
5614766249314489733
7858980142344121341
-4004020019053670995
308339230781598691
6256459390008590948
16458789710641449
-4839862678041518447
-1418629260436464805
-2827863038980658700
-579679330306301660
7264081365172293187
-2504175887590308551
1137044538912004396
4576812049088450293
-3591130960498232153
-6031740692106829270
8904795563546169948
-7247622821656494250
4716392355375722304
9031224059917575025
-630830081886694620
5281919029756985274
-7413349142723200038
-3711374823635390314
6098333138123659802
-4034646268652324572
-382374374998918819
-4564240288220787090
5754039263438987049
4216602202848357480
-8146550276315900787
-4873718890648744809
-6351486170728879883
-2719872124356334060
-3897744661657162235
-3401372739173006907
8421280182685192563
-5901871569511628628
-5435588655444922288
6906381120812958894
-7140129464904698952
-8415153307285437501
3586508239192816603
4932325267995288569
206964008163738975
-3460285314601097301
-7768319985636180757
3336635198570486336
-6116129044693396684
-3473914165762468709
8832503249863803096
-7336451401254626894
1099198983447854459
5965362821776239131
8632709349508344180
3938219058298452685
8660293993127355269
-9059882109759374445
3704809854834513820
-8558892215043817928
8448241669222538530
301367603762864824
7626707493278542113
4701359953915658062
9045114544948839141
-1759375976493793748
6097051594021453556
412689277282586264
8617551741336976602
2406745319055225680
-995122944576367872
5674043617639842651
-882980947485913272
7510719629972594552
4198401602520418740
-7215635999945458830
-8365967365215793859
2876384819959584607
3710164372119443694
177847079767694164
3194061981794562445
-3293985973679129338
-5403760096447472652
-472584340801600410
8551723931951499345
-5614958545583978919
7927412001237928139
-794119155442709493
5945141761774623230
6433969585161980886
7619953409063929733
-2867345318832644894
2310735268792564381
2694380820270374402
-5112784378205817183
4479144514875096776
4180983222373594239
-4954013055217090890
-4541338166902247735
7546618214176661111
1905156893094620726
4190953317764852797
3865021545624787365
-6930747397354041855
-2014937151245946087
8205815970784549473
3707481731942062153
-1107186888642603256
2346243073056672968
375273437455038086
-1912875126809159481
2979052761044647179
-6455421046321274823
-2191776032759053546
-8961688727086025021
-4776417761831404696
8320831640065787707
7247038555126058572
779926648383463901
-8679637023635220403
3786216673084691264
-9206702374459860760
6440834445669928347
-2592868746832298287
316280965725535266
7850739313873968470
-8249435272082726152
-7897329040221560821
-5541951142785362506
6023529676995954618
4498419220752374829
-3107785564059637150
-4514184787039549834
1823913841751007677
-1006047667135264939
5650612484235495828
3611426543548585236
4596768454378138712
7643549651703720257
8938666550899551930
-8871647341218607816
2821632716370746152
6351097439961264440
-2742875644477014376
7201671358538260183
-1143711651915577017
-8390717291462620668
-9013296898888240145
3401540519418475769
-4184635111032050307
4649820250721459657
8682341988027673762
-8231498484743992262
-6857562224747967485
-5109877104159979567
989133927348895399
-181233639145889830
6149093933913008077
7008043250898744194
8969534859042182862
-6872680991434983072
4178262744976568602
-7755350978816298620
7755008272342713869
5244799644576993326
-3924994702882579312
1786175453554834830
8695449428805488331
8098923716013227228
-7834046324131746638
-5578327695683955728
1378183648004240238
8834017752326281099
8101246256042976707
3872023557266547227
2432445506533901370
9046655417575402629
7875715171965962669
2469314935384339452
-3378511576855287352
1036316786498589303
807924067375704656
-6958769004635000981
7580669313180271177
-2959394143691084948
6678139388795972623
-1244766297299612707
474015482297378464
2908530905467582164
7732357106049100382
5717024078208231139
7279014734585009760
-7363270312388658011
7652151861702422389
-6212163944387171553
-8832986782648808796
2801627248700452740
-7144483122622589641
3762464475458037278
4119751055492831377
1697657758309510471
610921723154723571
-3110567944200095500
6860696600326896317
-4801935366738783774
2687786121877728368
2062379258186116686
-4696403429915233952
3373113980417110506
-5901230338029431036
-2422759323185092420
-7935488333921406365
6733080794764797902
-4904111299681748260
3722319154499230382
4307019621416732281
6432570262132639017
7912661934104424595
-8812037594842897674
3959574913597934910
-1809879620275230231
-2951950726597124615
-6902110110286077098
-1036159861281071690
1189097692413098831
6926233165907618473
2128011590917479779
8764957776477668162
-3923341387596478200
-1720953121738126787
-3898980868767609618
-1170150059789410886
-2148107448074271776
8626388723139676307
5592158014183091675
-6806104800754445892
-753933018451077710
278924308634595339
2199745776655078184
7878125809221753036
-4954380090156749980
-8226218455669272183
-4780897994667672489
-7193614563170275833
-4700168693897902682
3798980138278107269
-6178475629431380387
4970815978967557277
5669566944635456160
6643077185985355843
-6145476771013911889
837869001280198756
-4649417603243829251
3539110463196450634
-6068718045615211060
3930238273479992205
7296559775263015290
-6228553471454419390
-3247182635015733371
-635615624594726282
-7140555525139324566
7722027358453178121
6201024232893990190
-6278740180537298575
2221874295443897770
-5160307097082669935
2787736151584522699
3034988546420411910
-7893883527725193149
-5011113390376222940
-8857590290710878587
3028961352754072097
-1191098832184587488
5775000425055979484
-3696515908795690306
5659941223714098583
-3927821534786947411
-291658445910976769
8524362356240455804
3409366018033369339
1387345546492453327
8965935933104575496
2449766598079674720
-2646087222229967130
-6328875190685626736
66707380911680698
-4435989228381717128
8176345740717807443
-4544028830716108811
6504280541662991162
-7387738507183715283
-3006905641943166473
1814517521645688636
-2872714402876881892
-4890321226894098241
6527844850899959568
3640021802115572295
-7693386924690497385
-1222168721279748273
-828565135339243279
-8213446861850646247
3262558049854079256
4389848703332540652
-2811435756027070366
4508693182184891583
8056619611796142141
-2573599829918528670
2837248179939016028
454147407042918180
6043250650265257421
-3557479801754355209
-2514031644449042722
2855482121460128477
1383275057879563329
-6812821688155895010
7124133487475619434
-4533405963549664710
6871724128422602843
4333336447761812851
-9207435142345809683
2884213310609533897
8157293098034065390
-49894057876378428
3177666606704183749
2176129333439126522
-1753760584326936871
-3124599115614683741
6017512841110932372
-3698839909990048910
-2717776961837579431
-3319697066461010504
-955245811705246015
5088330390291723256
6784794340466068935
3890743552552430493
-3759357478292959426
-1703388814058840926
3904303471736126992
6474846139244398651
-2578735067939193397
941311791864969098
-3577205288924458598
-8921680321482241023
-7545569741805635516
8117329837062005558
-2993179933768024549
-9203266669180970363
-4457676845063844755
-1746904066823608694
8716264263829231144
-6758805616539059309
-6105234411687381814
5135227788103432048
8357784161117247818
964031686234339972
8700537850744384146
-5007024164355832957
925615756982553883
-9106720523553247063
-8712167940874167320
4614325520625685500
-9202719795157440357
3349936924630766520
8825644984789008542
-2946029694120275986
-4160760263256623895
-682344268037566448
-1034008875232770020
4417691594412461949
2725887050028374816
3631436656785197450
-2648666152922622378
3734025591679155766
4819147824263986736
-164453809235506436
-7514040700637658221
-3451280783488709119
-2067629993587734818
3748151145801139063
-6996656281876050421
-2045983965849953881
-342039310981424451
-614713410116473359
5431196065764697630
1153281139031221022
5606165522907005329
2655393104004795680
591149515174086534
-4616214187361509477
-8536114563537390819
-2685189930784516508
-7055175039419336433
-2540443032321485500
5745719210368063654
-3221854494697313757
-1517257527976784311
2084852911510602728
-7225762799242134315
-5845674200103275845
-7266648708102343404
-6426758952116402693
6976808258105263709
2448891651530638134
-1262214978892386258
-2344863265397991520
-6888059715104359630
-6254202179064505575
8680761875693458100
-3674952887942370868
-5383684886215300715
-906547853057746353
-972499036751655545
5969617478968874877
-7690197510689089267
3961374258973377705
-1771811671692244572
-6408044015857486773
1505285271516087414
497790522024322522
-1949110954259500323
-2498699300604292250
-9092146522588501889
5682532671216320550
-1729637948845095834
-8704503699617819618
3774454998703279049
5628296372954504910
-6938471449411859178
-3404718595087359889
5944763220744017296
-6934498829822590157
-807021849145073120
598398273966854358
3127172600287015535
8955323739829548143
-4512814660870244093
-1716528326723293495
8733995466180946832
-6065329721598986049
-2276869019879160109
6713901125040108016
4316782415413229403
4839266141479729973
6633649659684739611
5162802393122108987
-8165521953082521345
-8883826257220173460
-7278793346314187775
8301552694822332167
6982746109788746231
4281291654246522444
-6397086249471229476
5572969511542405797
4015566832090377100
4934909330413181786
-187159680777456356
-294134616609185587
-5305129836747479273
6206055620608860814
4469556548393408929
8382037698268964762
-6155150399706958663
-7190298843006319440
-7980557648538450473
-686594584211499620
9138198971059359381
-4303240739241739221
-6182586728276660536
-2543071200180581986
-4802517947867449193
-255023932459948559
5747478824541311252
-8856606776059848202
-2906318190730334999
-4688404999939987108
6607809212151483580
-8085734884479307177
-129889869678959181
6983998532510213015
709093920822229184
-5113367331242162760
3411936569980487107
7083173369560019688
-6167953660770056278
-3800335419836403974
9002392528708605852
-1932266156613280722
4805603175942200488
-4174250636637274291
201506815920489517
8683585339515108107
-8570672319377076835
8600391872195828804
4858484344618997100
7273559211365768005
-7844925089573045860
-6873341027752788347
-5588306196083107390
-554421286932978309
-2140828603186956366
3752094301207116282
3486517745831053910
-337186159122204983
6029227717609408952
-2894383869290333937
-5197729290525467573
-7936150477471712759
4468374559885835675
2189899406629128405
4585144118108334171
-5359629862515790466
327968096761445438
-5546177969255330492
-3636725528337479680
7670173319833896489
-166961045606598470
-8873510837311085339
1280392627593189974
4532621086925672165
2164353753802949874
-8716178320780741659
8114905018822508202
999852427230756564
3370125983960083968
3036867908370735905
8854809414297685059
2869132700139672576
3703128002939775968
-846977837765716068
4391901918916160101
3500280170894592432
-8211028988085186814
-274509978649501646
-7855202432310553807
2274312939650855894
579470606093942785
3629917539825467539
-3810441814502050529
4891371223867341168
9088276862519134609
2446223956516772811
1485970508216585297
-3036380841636845050
-2720758196880426311
4290531587387816134
287262674216840235
-4681170283879595245
8323415850716292969
7874477033508636538
-9005073772549544466
-6411874041067630122
3898241169108313670
2679892971426538869
-3405620476556907654
8767800946108467684
4461487558412455411
1436531178990211721
-686169858266693215
-2967905726614508013
515667755996438504
8140838442524857192
-4280254941145769009
5582711365927765218
-6504473607974306591
-999837445080205979
8380033134011652483
-6242550095610582744
-8410913673679602174
-8988214553086382281
-2852648839408683783
-6537572770849865163
9098478298914196471
5840329822431981300
2007429318605218198
6980095342991536617
-6390441407626369424
1060000889480672621
3588395868986575448
224425248959175151
678581690776246417
6591988410003276632
7848237720977132733
-4770998159319158622
-8125150156325723943
-246533987973989201
1535791025233053527
-3473904253216796497
8026980619179156960
-6580755158445243728
-3472021701265111024
-8132851522347551927
1420906025740306127
-3379124922640215842
852342996257196112
7897412416805269327
6177872166107212419
-4663339496320261472
-6824545121523915661
-8515851697732984033
-6246600082870649930
5691448358781938689
7287233932409778926
-6018009673097073133
-7919473703639439189
3543730905983200180
3165451818486431428
-7065201036715087217
-8513554820820152552
2687403233509232819
-6527087980207817111
-3463559881233967824
-585153870125453342
-4947945810605894604
-2763994167151882978
-97872668187791597
-4989863937948787040
-5801286619861118621
-2054900129803849353
6087359844249646029
6709099697398541800
-6333456220523044775
5220100259254214295
-4956213425720210533
-5808095706661807289
877709479005550657
4864071412937953946
6618984380733855350
-6618653498237357228
500801705134456267
57845763874526365
-1300953105234632636
-5604318957678666056
-3070639370209608272
-3932873118556893134
1213723761237106175
7603633548870697218
-3774857842664161420
4439312739731183423
4067387770018353797
-2087425522266390979
-5090728271386952050
7916941373600585682
-979222629388506887
-4618325994344573796
-8929527173035723934
1557395007024033835
7899265255091212734
-5541995399464339288
-922608712356660025
644068364210971667
7332809676502313587
-6513834470765551958
8249052354327908378
46288390731112865
-460181513278609751
6723920874699576823
-1646474438146025936
940809355564242451
-4258758306927305561
82800952361652736
-6654833605260327907
-8847963841631082951
-2976356671357516138
-616117731564927213
2445970923610795112
529717537463400726
-4612804583632096522
-2338313615904010561
-4874695986015167289
6218369136637383041
2641885577854811679
-2927586123024571959
-2768797280342248588
-3315351366812216823
-5465177400300544337
862118205498253688
-2801829375033050719
-796032981224765555
-79450697238702990
6984659919558587528
-7625017711733978027
2101819147259299806
4409379484771442911
-8405966738835806179
2246526981580940437
832747976814399298
-5076619857155423436
-4112439296756760831
6704649268552054440
-259168135202469052
7345783661034601596
-2637526848827492369
-4348464576310093531
-7625102286939833913
-3901229574019993029
-8529406268633924919
-5177199475753003474
4721406001013958894
7932434273931820352
-8629476998999611127
-4639483511343994880
-7432015021909682578
3560905589322984964
-5705681594801115613
-7985761349989640209
442250882370519297
746399929426245958
8786047841808008520
2592589329242337505
-6719814654853753744
1544682987094562791
-8014467930019292212
-2344403675977276287
2846239938128011048
-2063896313141322478
7066084936174350221
7896081397952563100
-7975729300067009084
454087520825756336
-2951146841052724465
-2375014574298876343
-1675205916589699574
-2104323217644829576
7568867402194471057
5156635249361324729
6737997322764324290
6705470122680187278
2933418209104911811
-3792880901826632064
-8273636318757165480
-1028043497910850564
4805490103748723319
4351301711869864886
5036479058537788599
6490401080331813152
-1999598578920724132
-3575754471178916931
8584053967517129801
-2550125243697630863
-8723345346866813908
4357097360902317815
-2747120514031730741
305671341564975325
-4007597514892382321
1128983684523220286
-7029973170421073433
-6782239896809121012
-687523149249571806
-7059662303799668174
-6984690130744364715
-2709115961350369757
3423924862256935053
5519200092298153026
-4853012658242228767
-8064514459867760675
-4713123961076669677
5899369095644391917
-7909657753010044049
5330614921628254154
-8153655874637877019
-1173223821090230415
-7239841153857934302
5201606769708113610
372688134120844860
6548946332002147741
-4419649959452587978
-8041030751201679157
6919986052021777412
2231083853571120293
6134959227350533207
-5553794672429998545
3709219340691086836
2590842379658946582
-6918341173646826576
-4905286593161864266
-4989633183147277574
4024707469971237888
7233269876652658087
-3779311356756458918
605955026534578421
-5655403099915683607
-4834512814481219425
9034853861480636618
-534909794775552132
1954874336375608685
-7236421715935535810
-8437023361057881394
4606477515239205668
-2011672250863906757
5237462392712625583
1060127574891011846
7561570182150981868
-769646843355823319
-7222662056780018972
3650132116348468808
7227587366456158704
-1901219151505815935
4933504743565461083
-3390018295685785395
7847039999023336427
1964780777787126994
-3300381578212654538
-2437263917102992059
6305687590508938294
6130218911874577673
-1892305103631336623
6212841521992685630
-8089465949128677181
-526044343839752195
8189746623330351530
-2732687924230022868
-7393217555342699545
4648656498952606205
2437499781342490423
8941638087691643188
5517110616118597802
-8737866649838144731
8316529144576435045
4401745788364070835
6599259864214680558
-5050706495901109957
6793945907923373263
-4588847624269401234
6910722939630296581
6049597384198864580
-6240529514530386646
8742359494273584605
477231242150596044
-4097360210785442265
5177186816004923588
403849290152658147
6373739215628929545
742476691069767024
-867537607838124950
4534610802756095444
-5255737990690051881
2293455829602810344
8330391854102008667
5497473522886831597
9024109483585176154
-1705546934261960633
-286176709027686919
40730825029916928
-6441209759473719502
1764731627895364236
-2070700889217144897
3381886715164243043
7991639820985817979
-5163271136036651712
3139168328683577039
-2336251051856890521
-4845026649386280511
-5131086595901640035
9043163637399644915
-3198439873759352917
6044025542666978866
7725034444584866966
1416799083719889074
-2068017862555483489
7943388338960874772
-7207733515521364532
-7207065149575105103
8379218686635959655
-4337822543176835810
-4173203227667531880
-7387864893590986714
-8709171820776244521
-5099683813599019354
-3049729623866113549
-3825523452467190717
-6599212966789195311
1049335610993962670
-4336300409735985090
-5214947975289359745
-4642197948089591039
-2858915771365073881
5817008828801316669
-5829082627456726556
-6410775767020233559
1709382309404605636
-5551868630797636564
7727526047960782753
-9140752812440270683
2236948934946696785
-2355438688948145691
-6486329724280391197
-4723508019909539441
6760945641659738434
5945156338925836966
5871515495302137907
-3327268009704545552
6659850706673782801
-6834461536681072846
-1352486405990505242
8360597627051881586
1894984312088702669
4074702005290568871
214235083037167796
4301229789612576314
-6284966455073709073
-501145163601553708
-2030644369738719521
1796874628766979836
-3844385479061459488
6185259661721490750
-805228745743198091
-4393269342041027584
292787101747801161
8300315973587355088
8331016770522296440
-7989236931360652106
1539494332210976364
3881312237655719302
629333601821405040
-2844640950206358564
8566449157291776376
-7288116624669411731
-207790652402948719
5243574186993973780
-3239057494457061870
7924141565679344786
6354568984624068262
-8103327126717537428
-2669096103357610498
7533180318418612336
-1484891354434115475
8208910108367087102
-2921334162877915664
7679061253101899545
1463256315104807590
-4536431533265106347
6898663568181922056
1153512214363066013
828736629302987872
6743634425359158131
4898753895450752837
-5711262128355986712
-1304739939011537104
8450389387353859615
2922450370376004693
8593708752430518133
1174045529275576243
7647332488646389132
-1384685739216143713
3424680889629956781
-4925105848468049763
-4619727800704127377
-8900823856397750435
-1306885050060594543
-4590951867422092
6955674459158888026
7937132609872487072
1250945149823144134
-5300753228981254251
-1222710160331874543
1734463010173898800
-3696191269909098912
4016346099691441678
6551303282009066157
4586801048684197766
5270971297039341320
8265547960492308342
3124589437406174130
5758842387023418496
6424819578949179720
5458919302361414043
5849002872775882676
-5178959102428949326
-900131624986780404
-8092603225558289930
-186681356539272519
2879757442929915031
4396834604316222232
8774078922568334808
2333740753873118425
-5277598698665653475
-4737905939846677179
3420539232815939161
-976706170712648932
9191243115908969926
-4421172781416428085
-5037779582442091151
-4441355331949353363
9050111296808969801
-5870560163810716663
5702624042001825885
316725821307341763
8452994795694916660
-4556348318113477888
-6027445129573479029
2655185670913440254
-6075574278425687234
667516673861846068
4440766015531292094
8941530536737525586
-2310479320746006778
-2478987110748264231
1885928368421226319
-6899168834195999621
-4230057707295408783
9013369785531097394
4475568822649710562
-6784982128013207087
-2395182239198607782
-756802853866293335
4921383656937454132
-6547507156595321660
163767185057643683
-6213290194658946705
-6044211506766598539
5365047861999083648
4519682779635546760
-1768413253003568437
-5197078241755002927
-4657252573967650083
-1988294170232382165
5107278527100793923
4841640190831173430
-829930324834707884
-4001392814135316791
-7898472974865077613
3486820765492501936
-597979181906191582
-2825750197251180240
6551016724499333166
-6676613284068243323
-842502415386950847
-1646210938750924562
2233379562473864716
-7461268016975221529
1202763266456760187
-1957647991564506963
-2956201572140201448
5141388399469483347
6331643578406882749
8755957343821529675
7696199999460416821
247705394827650185
1041108240099017707
2625925729704789324
768297527366977093
8425922269557553971
5407344691486724864
-1342000622885205914
974496892179261257
5287359486623710328
-3755083825534092694
8056125393584103591
5547296452701181823
4636654234639871092
-1353686184610223492
4866384036043084500
485000106000320085
1517440771043446567
-1845086620130970587
-7873691331462391130
-3335137071465199886
-5536992168757030121
6840873056890969679
-88427106300669642
5813748134656214877
559610947476712437
4200506163186558483
3420613417518737145
-902141409304538356
-7861664243362420576
-7520063081926541370
-6325619138986110740
-4302672488337219734
-2130686543727176773
-3918135187687740335
4551127420445989620
4825857437756319146
4483666310598862487
-1300551103912674674
-6995755308953489639
8835119094879214493
-3959144668817658251
-9139952163449676982
5092653304602927650
-3391847767224691350
4382852505523697968
817380838328332843
6875558008645687844
-2809980511168647954
-5639237620792982483
-2158389482780956306
-9176396438224526290
-7384076165046589337
4020284182606916813
5149573278888300003
180445163540821514
-2230805791366198569
-5623998377338627658
-3763516701040661933
-6712035922731524693
7746363084371648416
-1993798022472922151
-7556097067199601689
7218803979687320612
-7728631966703142369
-2041261650527788249
-167501010572485828
-802425224875648461
-7590267136433271624
7600327493370290066
3404795343064390277
-2532772210851786695
-6098039191889140559
-7283323754916659996
7881808779176811866
-5430812344478555651
5225902388507311900
2266071291392976030
-442192826411161044
817698369814128562
4548894625235761905
-5076274929418280385
8610334706748136586
7578792843143584645
-8604056561230302592
526906575347496360
7602127766172083531
-6147329154147422788
1060821342433664723
-6121122595768440198
2758183403628174435
3965755079322626768
-5594695084663512274
-1596545792940477646
-4237923838438702638
7130437776471157455
-7254903899959511314
2468405318536489312
-3926367878403793176
-1757442811720661712
4075219055123599906
8931648146493003736
-4593085457651125196
6965505357720884579
-3374229384193118560
-5891803697707487682
4722543054186957971
-4867552742312015149
8482453376273825378
-2186916864138971540
2232987426125456856
-6826023661203064641
-1858620981158214992
6194350197500862553
2898243006308869900
-708033358715425285
3187181324152851224
-442932509109144292
5661696892065265325
-1792244166500891250
-6661865701770813920
5669172067450080724
3852413938668330783
-6402853945760304157
3409883241059343629
-7702947224783296654
7321642276016017607
4498091553344773381
1805217321031208036
-3894683188058394424
-763165555133719317
5676783287953764857
-5004276834765665021
-3824968260720434473
-1004166673194229438
-911555391868315719
-7656633743142732076
5755006077649531979
-6771380635786167119
-7186557706464402825
6191789741735237830
5233205700450715021
2807860859783675752
-3292628516715663714
-6004833131418325412
-2848006344890177433
-5038962766306846107
-6656889886064124316
-5549853614088012430
-5175624939740499382
3615796959697467911
9196654173638510716
-3063063645654377240
2983301693638912734
5666765131622700169
7842481938974110889
-5287140722517769816
4666264806321085156
8151065064121467882
-5564128992644708184
-2508719157789550341
-1033060403393468654
4464861833912445270
5144498778975293215
697854824019836594
-8993907844766372339
57554675021375952
6338752989925842946
-180948606703748041
6913909340796764659
-2933932304178473701
7573313595877909953
-7916625292173195588
-6855667585050674244
-7168845150407944613
-7838726990669866913
-7076644114352042398
-8179151579349269902
-2232994792410378776
1786991542562319310
-4823083365796183940
6730271272786803746
-4619941059081814158
-8676895840283864447
2334917772990157675
7459144231479239546
5013800213338739151
-5553871213269059526
-4079850247620768729
7647584705386349485
-1674486857319655020
-1266831598446342355
-3986712990271506223
2152593442787953292
-3600998487821778258
-8195601446328051965
6184147392168850093
2699934521926132253
-4293044210851774637
-7897514549348555835
493770520979651770
-2642679473645044724
-7844866601064554022
-125792301949965608
-6033210074752223704
-3129569668314135128
7508359920386921739
-4426169367648435081
5418523720231548652
1932056222490774711
-5548575753577790710
634544100596438827
7074342198401532186
436835548275623227
-3839780329412241916
-8545429983318879470
6315563400967341881
-5433930062167016784
-6630361663985879005
-4959302836442777579
2364371529991796046
-2001135979075130103
3171090735264698382
-4559985325382120796
712160017187440473
6583392341587888317
-7841476049262321877
6997889289800641116
-6385019539061453562
-5762467926999563451
5654380736124654857
-6292015590731604437
-2623186876037017193
-2016923763581938081
4528007632287009177
-7982399512332614204
7455766178945120644
-2041432975614723143
-6618392824595857987
-6662119703004537512
6404929643686374768
-8971652138074513969
4335318731772377004
-8617225672340487569
-5225267974041383951
-3764633284123778988
-2051493800037198818
9014589523666362271
5571275292467327551
-4357335812868186187
-2105636763965778616
-6810508380352224784
2356059541651724543
4076473816124671406
2461946462023017859
-1373830827327880053
-8315670915886385606
-8842028302650187258
5508079851452929886
3909021902347434814
-3310765739881558672
3104323995542128946
3544665641153828748
-654450453182634669
-5749171807758749978
-6397106616147568325
1697652034015172051
5495264715183709982
3718475351197935705
5151498989319595234
-8433321377476655058
-7665824823843696604
5188997922321034244
-2095437360532925747
1687827048687743866
4024725127690644562
-3059318058778074507
-8871772075534178709
8547815612948954082
4530636825887448745
9063937652044118766
3049133703282065605
-2164732614450803420
-5259343864630900241
4621004425916009692
-2489075598384408374
4367133499778028571
-7507117097804035377
8185339036062608792
1808098967809008924
-4395039257733674011
-2423875669728146707
8610565598006319776
4261415610319585606
-6688354794989715781
5250193652442265261
866231210567938977
-1118501994334611927
4290819911639001495
-1245733527799807222
8554857381080423392
2301831739544395038
-9107767705002314153
7254365970079052650
6425490786324361255
-5346464896152517795
-2559620276405337490
-8853845519511404673
-8546168501759790509
-6180843498720199894
4801402760848431984
-1532587380630661995
-4345319434775690433
1062548986076022756
-3425506871901631184
-4399149491877650146
3208797478574427791
3005588659361843942
-9199893683556494856
-6818901828208783427
-7895857807846400045
-8212763970252036394
-7307722073096811225
-7797398742870201005
-42545703144410033
-783197009566861130
7946726627535432483
-6606975438169193880
5060784287466501209
8775214890161899126
6426227227401103133
-6216544986608675497
4225478512352472805
-3503572268209365447
-750717596094292404
-7595520340862230107
-2159950512334832011
877580236699546048
-5282641587774729
7915407032612218674
7775044773316073468
7450381490937590773
-4619846275554518794
-4333671661775724195
5919626543320912785
7540931426335961958
2536506249370197907
-4866803894194262402
-1419809794223285639
7723231067459380011
1687501784381004909
-8768936916590965285
7725149698807431575
4517478983055071832
378471322862999788
-8709527889318038089
1531845772026501328
2066461214920164133
-3631478603104050259
-7463309335869973158
-6857096739144113599
-9039327097025279620
707052310405900178
8094061121692614421
3948206940353736845
-3084583363035037784
8788067605961124660
-284230179080732811
476732732802730268
8073900818979856734
-9183018537995825447
131520273984240588
2052741474981732547
-7296233543131338719
-3353002809330576096
-8728945394783038178
-5188975183939662090
4807407712569675381
-6607236930327589001
-6825560045949567498
1108629054548103495
-1929059815018285561
5793075333672050432
-7300697737825176002
8655476479834501394
1959305373865351412
-4869634531583160194
4093395287298879542
2602340779870170924
-5883344910261668489
-4016563188624499860
-4636918023638688108
-6289239386924135125
-5800825711914411141
1165852576747541929
3064990681059223964
4872456517508331545
-1291943863968832240
-3071216433354062092
5989230918528150689
1200619344554796546
-903045689776816576
-8566197238430456591
-722713765555665879
-8513590276853800110
-3222140786516891119
-3980029711380603457
1105201115215849582
1571221980956241449
-3146508356184321802
-8080130440974406708
1656651117092588589
-5379455544214839537
9045719321703988496
377581486885085636
-2702824941805037546
375710191309797760
-4560760315421960740
1594053000991213413
-653312956819628115
-5428007701348070251
8666134746865482775
-6717523214903734185
-553017955665516189
-4714143255776268368
-3394296586810621756
6282304125932219135
34192782856959512
-460666418393434400
2227814436650174972
-3941475544635420702
6883129218732965675
-7755511844015189771
2972676222624274758
-8900737057737967600
-1322699486052540029
2055937033601529973
878501019906215314
-3978531082405262528
-5910597435318947376
4104317560610900483
-8220610818439271823
-6749379577916184027
4355697047954315290
-6895457609080423357
-3024157947161377351
-4107731284012450693
-2962720957399324569
-6407189425163201111
-7246633998736314407
7769775517917298483
-7439862128864801254
305526181705825764
7353701664583451824
8953236889534386174
-4566321392879720866
2020034839524039675
-5484893958090147239
4371731483139348432
8501785692572664804
-8149965445297980376
3812202378544348208
3700705359980839401
6475352406867140701
8698905094776453914
-749864969629981238
2628827939511599922
6082281239864994035
3671453690961130870
1735319636210170536
-5689668115446237875
464310224432986320
735843661165717185
6873318745021960733
-2299530381740117443
-6057101467182090737
-4382135844458248935
-6431999954036136060
-4564371098599143691
-6502455659325627296
5036616895351754351
-6005349464474702648
-1231959597198108417
4443618787629184695
8445757424443409860
4648172499523255079
1323874168009759443
8205286085583944204
6228771824306905784
6949420421896141031
-7562531623357884946
-4868384650715388372
1936020913765276986
6342828936327816389
1128235813064650584
-1823408906770612131
1012419850328690207
6702343908873036407
886921219246342199
-5001963018784299491
1384931877285363374
4675066439610252492
6797552564769364245
2047007098457248961
-1573474550732648910
320252996450792094
-7523044260907194025
1162933525807686328
-5607928717122400197
3096734647591219488
-1198761980590345473
6331083671892846921
-3367227296024017836
-401859198416755641
4491052486083303067
8401141328651093565
68418135370896159
-7849215183497942393
3897165583764240179
-1242389542120469927
3710588738581893408
7985168972174886153
1516629912237643513
-5027990658071380471
-6358770459481143526
-2495702198081300465
-5555160141753335070
-6968104566546646142
-6015085000899029414
-4205638979790407300
2680093997441693640
-5517065632348208918
2733705692605159240
5704694878880181578
6530460195491468947
2115662191334634314
-4313911760242285379
-5343132315755430605
-4675447553751210178
-3125518719718524098
-8737186466379516727
2373496903861409123
7742657761484308957
1959766586496917074
6307022948204509985
-6921223347190781519
6202809236183128411
-2571663110535625456
6135137417598988953
-1560505768715111976
1802536154496431964
-2905803958326699652
8563568408643882312
3469372717717065875
-6250677035595025734
-8244111335040664412
6111289918660904032
690164893538655632
2310890028296180921
2408842205524703469
6525935836023835489
8165773066515693652
-8576037297118757503
-8894666238500314377
4073710735233697798
-6205716303443689327
-7856008833209173608
-6446198773752668875
6893132900857336557
-2855982304017152990
-4301765416167225787
6242924079686129843
-5596717318098602543
5887058151898903071
-8078622393730017227
5584662733712208155
2155262775471693753
5246467751444705383
-7135698610674885
4143331578185448651
7710452085313899424
-5191983702394357967
-3463222039471977782
1197761960956005239
7761121907827989937
-4315936635978334273
1297853917979013799
-9135699981812605177
-7335157393887656316
-1872093126024985935
6220348893058858012
-7468436897235762737
-900423562585784195
-4691185307046948561
-3366756673161047754
1025802673570383778
1110031616944908255
-6430732260294493203
7419211045777103705
5264881871014482034
3379656550455405125
8044954531424655661
4905114668278117018
-289363435545991751
7154125190806602905
-3658783987749027533
5620504821567850004
7783459097948986150
-7432707726771111099
898525655133470658
-1743091700052552354
8729713224191271855
5795816495277427255
522614689051852833
2981899676460088714
-4580643546742763446
6586121510721088807
5588491675897101333
-6962111391599668480
-6872788068170434936
4777255904413618279
-4245588548241890035
-6396827577595992768
-1629584104415862536
-843860590856715026
6267321486405438775
8804682139625966587
-4794474943234091842
4592433914323239558
-2320722169729610450
729025294459846574
-9141858166293063539
-3543948459069787381
-3727340087791387442
-4173764636914677798
-7981169749439468029
9055117639158488875
-7203568734524726861
2324624722081503644
1605539915172569457
-1579104910682754626
-3759066641051636823
6473299076828123968
1526911076288691070
-7457591439912968280
6355286153342013582
7938273020090796431
-2071807602697011720
-4070272672592509708
876226843107769770
3237387806709177762
7966925339817151494
1739981932751532613
-7744088568322057885
4542954227721499995
-7964675920135108423
-794349932165229320
-3541176535386776749
-7665663469118730462
-428073387457710881
-7858982193019186750
1633571827202531386
-8118855592957518305
3124166486084526768
3291133283785590577
5536467515961840249
2082593859244037767
-4500294170146659862
-7562316212280040063
-3145141623544210706
8649057330392090222
624717691032499572
6365330947503830554
8633669021982532873
7204758901253683713
8731561578204084737
7129934342196369854
7123926185743644310
-7064940694590083927
7006738839621118422
8645560542364692802
5781745935428365775
-2896972572194998471
-2574806449938924862
642092220329979064
8730212516641642832
-5616459766674096497
-4885573131681740451
2191473974213932695
2406152239052961618
6747528186695062079
8809781907821732334
596108849381204443
3912858807008234502
-524613407985911584
-1062925820242472944
-8968401834688894640
7473694554756255111
3924268560270905470
-118445920095462945
-8734083837481469246
-3258000771622679459
7432045737968306875
-6313279913511381445
-3008918824187733053
-8598110721757286182
7037679238195271399
3682886286238986815
-1076241140550390064
-8702028413806455899
-950248189735514971
-4048826811535822375
-2970082865365976940
-2443711783894658835
-8938143681827041689
-3623234837783566968
-4918377101605521764
-4029275455586873904
1202202163071448131
1592539959784841225
-8421889535149112184
6313380437359274895
-7691247628322810753
-1089962876215161444
5814976845354011667
-7809997271380413839
-3825114854010824226
-8716614712500825629
-8254014072468504115
5237862440078734285
3722531061230588022
-4299612776688055227
-8058746865698320980
-1347291174389276908
-102272230187965132
4017871548174206687
2893006541765237364
-688238813792537936
2644648697080019228
8907771168353667557
1115951226282639446
3116299218206215976
-8906786578615553059
4624909063783726192
-3409015873186484554
-4690894772346698722
-7487765358914983587
3487884125846056672
-6546724943189841664
1186692385601947059
-5648991687626519687
-4274533503339201043
2229952766283445673
-204798822782983252
3300583597671826308
-2816661583777263789
5429027054204119059
7900472527676594023
-3729397129555238519
-3162044567565655439
7657299983700892342
6948336338869490748
-4519721043871448748
-8333689979911963982
-9189669936261963653
1044335579106994883
-357021421099964305
5884586645502894884
-6727099967403597793
964037738868253302
5481967426961366599
8316925131708801838
2613923773105285757
1242548553317475503
2493264549167704086
1309601394880613202
1752297619216959194
1798453207827513250
-5592351570339816441
2701228708093610618
-480649892852181014
3578274931525870855
-660055276805562517
-1517893715945595569
-2869534896100403482
5358799035660102102
-5495215493229438888
3297934489792955545
3847945964982050312
4315187971972528225
-3841613934842889570
-7913521542703279056
-1777563127130945987
6412444512531676605
-8704112728210074180
-9128455538647463948
9128677988055485494
120553721478809191
-6551278179872753060
9182831339952717894
-5248384139863076261
-2774527313990299847
8290414293873990342
4227891866905159547
-3841006998759327639
-2705504200169541548
2773241511561485617
-7945398971985749615
-1342357762692666644
3217328008024095984
-7097301516519881061
-4672914342415575966
2631008611272944530
-7410601208225069016
-3866455570561753577
-2813351450387929508
-8019553262052013302
871702308733978845
-1169508407653511129
6984118822344749304
6115227583813850769
8707002379881766635
4217300323183881200
1048257295205919680
-6936753541077430737
6258230955230487661
3742343786004397393
5096144594663260368
-9115881770365106965
-774998147368848527
6818690843834562624
-8035302482590327955
4334704968941231976
2566562704404972996
568466277500572671
-931127324411687663
1611121926708459786
1640657810968102902
4672418756683338644
-5580341850730963986
-6304274226962651228
-714736247592158303
-4711065133042010783
-8037778963448187505
-3631319060653020972
-8533063601871362356
-1031650707131106872
-9197115481250016390
-2259507305788439566
7849976580459167149
8606468677296490174
-6057591184953713100
-7126956429565668081
4992383985880670273
-4589667082164131539
-6536213761271075759
2132046182760375021
-4720248343590041692
1605526206234995905
5941480975861599569
6277058174184557159
-1972771067484340830
2890307991848390885
7170653365729836915
2760435120114618449
7123082317959759141
-9093665955790127097
-35181728884573956
-6370730336388067076
-6326026613346963501
4325298014034777411
-3782285088030807974
7877150853563562340
-4813020455047744113
913050221360463563
-2851167816311579073
-8226261579113062972
6491283027960288742
-4750201997962325312
-8663741603048380737
-4999727203017218086
7539791855623984876
8225333941608543507
-4543539178595848271
4614948887543863361
-358668251679827927
6174985881366368924
-6229204664380351209
-6263060654809854906
-1652894969365924269
-4051759212699808931
3130733403260227075
763383677742096383
8019479811840458192
-2248121582838427389
-9140793595845558511
3292357900566165138
-7310282306749686540
-384980410399420693
-4745184194511440514
8775263217241485629
7946093680866840646
6213237388320971781
2468126262223093934
770966084254989891
7237939936823607091
4145006269913790969
-2740833215484583603
-3812061954520403988
7976397838020407760
-188523198361681320
-3441279738695235623
3540265906316116841
7650452916977538307
4372002831631684300
4245899745320279624
-471339186048746469
-1998011720347023288
6175538653179748197
-6348666387453727818
8571839004318327052
5927459171331415863
-5455830245031858063
-4443338326379688389
421755401413310606
-6304993963247337038
2860789923193984593
1489666232323408723
4589060803849994148
-1094376214508577376
-4038343591960378791
-6707286382067607497
-1246979387024579547
-4051052414045101453
-264290096213214687
-6616866020238309630
2296264529825354614
8264863739250737467
-303995163687652589
-1706651666062425633
8070997177626954296
-585747011687336114
-3427220786243982240
-3662437307158826261
-1814178058917287586
7994048554937789233
8319837437516344973
3147141647876186169
-8087376605604107666
-2259078741108070464
-8726342362749819781
6974800160660654145
4377157751575806583
7437506174795569559
-6013150703562471535
2232906094466789818
-7298004981501704887
72901163376847600
5171713197196699509
2420985301180071513
-6324375219511119570
8637736709690947875
-8936152695739751664
8854479755017116779
7543018766644814648
-1196441047395579885
-5715451040700562614
-2224642903454690277
7257829842149467602
5576801988672341129
-2255717961847883987
2002788257031085522
5353907875055198537
-3709351496220032857
7383879633778909344
-754416793033737261
-7030725932071110928
912545447431682552
7055636105747715189
502229335871158787
-8186332873087518235
-1791594922227424242
226224252171275240
-7838533061486115068
5937583351278916701
4900510591976743232
-7696295981400498000
-3052231488777689836
90732308401203706
-3704660380109221411
-635697737871895097
2244139510523291637
-5856664751226339049
8597154888044484715
7043709659290464756
5688581731299778377
-8323954530341899927
-4506737173386232511
-4788534639402714127
2370017595383258522
-6706788823201056110
-2640341396128299355
4434955225933389098
6393810386384386701
6691959432896687484
2109552987840675162
345711236806621530
-2840625558302230749
-2071160959757785287
7512371548845638379
-6889759117332807701
-4607163295643074342
6173624976548247372
1091397440392256631
-5464274920776521723
7182495476562769793
-1652658937170743207
5180557619915215073
1071329681133613296
-7160738404114172319
-1779054585141921852
-3579722157653896178
8936244064420227673
2909078603509761868
-5730159463733238816
-8543499118916099795
-1658301352692595876
3583717343609437595
8517972041568071058
7145317425019831984
-3084739528938312606
3847037638610939252
-4318837398088233888
3652420926486378371
-867395432505517466
-5069664622668021450
-4062514484621632914
-5951136220234593879
2173679377532984714
-8174051872411748709
6335752960467815486
-1582895230308998886
-6882335590874285369
-8509992631034846896
2843388638578590895
4040926220592879651
6514145711217995877
7772703078052122224
1019146988825203596
-3012835416588180557
5683380506554699740
-93756535916452142
8085742964675172099
-6873066627337114048
-3941544047879114933
1888271812844127211
6449860825244805596
-6089070432072271454
3562636398479189356
-4139196254113744777
-2338553906714304667
7740554826818521624
8387699042241597586
-3646184446151347507
-7431862113392619998
4534643841127462199
4026786790605468477
-3649461491448419853
408494978872208459
9137647512268838886
-2993722857816233837
2362138967273341261
-4097374950679143600
-8763869140681264481
8309448742233850492
-5547039302805151373
1740587283591519011
-5499878989461676378
3780893304403132455
-3438096566221911026
-3086911725633009893
4708736097042403168
8290235438622913054
7989692752325953771
8299857843060314058
-3674155347895290678
9026995466802242548
36195175901357302
6392349828512894912
3732030825967343756
1571466418648214516
8737739323020177833
1484250254099923008
-2124238222490523905
3809576660536074599
402242441827487165
-7109459089224927374
1705741097161190737
5567867712963497913
8643520349491962144
-18054009825074376
7930167183109947855
8736283864127402798
5075789307442352453
280643406470759730
-4278803087215909729
-79402506113917712
8222683319986561672
2857235379330188844
-6331572731304379311
4036436778628480077
-635848178368264507
5126136533179091767
-7299154723510790548
4321063841958972410
-7419070888630040003
7751735163828978752
-4043170469880972527
-1500569987928741606
2408647918166643589
9083140233484965028
4014507888068687027
-1894512119881462391
-8261686934146828219
-6010483037471208470
1570131356602244675
-8845434774398978243
5942107946904323809
-1158655375233727267
382750218584839172
8787248000853582349
6327448551711951460
-1097329674873213268
4360318087027238967
322624468523321818
7275370809878084187
-967130879957466969
-6069426243666440505
1339842236251037632
-6891940992395329406
-4998674534463361926
-1920364077787643974
-8423076222201577057
-4729825916964893129
6110259280186452932
7995325581387860433
1764331816300756447
-7548783093026230579
2430248008484590506
3608938236869606395
1740857213801869242
5323885535761838097
8018196422234686985
-3476826734487528230
3318177487965863528
-852433535737938581
-3212471797510649568
-4612699304544647646
-5537874487853664422
-1788265180884391070
196236095084895223
-7926483734616807137
-7654796515344744573
1377878913284111940
-6473903795696936334
-4327155725113987402
-2067190538706026206
5064919058285752452
-2969302471500087592
-41594848657392960
-1587040705525819558
6547781505594631790
993910707176963929
-2038576267160740027
3638327355423998675
-1800573293525449401
688855688130070328
-4984840860546934240
-6686994570574097838
7154129245717051446
5646195372970116520
8486736927291174326
5176683799170586298
3235284198996065673
-6140938487798011211
5382435475627382282
-4171751341189613254
5371041128268891199
5062483207210547987
1885658112806448239
-4769568851691092809
5442581221744833037
-3621120574702258197
-6588774311142548892
7791846973738206255
-5326639739712981918
-3435940487838706353
-1406605745669946645
7457143695964895301
8179075953146598040
-6092335846399993979
-4640604790043354823
7963418853553532072
-2740251310594892487
-4469779095522179976
-2043591189022722007
94204338423556315
-7146561259353746876
4621015611487027265
8847936880878367797
-315655443682208008
7174090197283668322
-2097238209680300010
6793351010726210557
-3476195434668564005
4799898626879931444
7311199565197271825
-1372470401972629716
-1502960397911521457
37422515820577604
3884696259506935396
-1071303548760750489
5896119177621616535
-4253959122593295335
6141218541604740361
-7111823547058985611
8026900567450911878
4377094130739890652
-7382918970546093123
4493038585694508029
-7442676055202097514
-2777559135864883803
-1839143297974101297
5150802224279304674
316743256276941890
-5204096822385876649
3415100886995268759
-4200471107481897637
-702170015072974408
5669334372058586229
-6180879523055880549
-9120330655885653783
1809520585394984839
-5161488030814134332
4683540733077300100
3531997234473985557
-238950733929609984
3568353564375343502
-288893335325022653
-6092908551100294079
114565516038364096
-4259235277524788035
-1480313671873226446
4437586154974474761
-3421356286236797181
-3308147136425390777
5721520094742204592
258242283754105532
-5138433192289769887
-7255804804088022657
-1523627578866020364
1231830061332160569
-8287020855056347390
8439963743586190710
-3918327564327800046
8109745727435517437
-6614635208458438561
-29846500511858726
3963094834484315345
2555847476513172535
-8968973720060237565
-2294647228264775025
-2594380814968269911
-4197635088285332601
6760438432429162648
-1899840429660731284
-2824237300936396840
490930988284163728
4548145200164388828
-1384599227055266777
201621069984948087
-3413944564931772547
8948532911207291968
6266291124932991734
-4758650843534056238
2492045386455349574
5264084349847192993
-8272998865819691887
-8542031061771554513
-3908715703041423340
267620781072396687
-6232811032259825604
-3618102314064570597
-2616031047067793720
8107883960401348183
-3284558511859373274
2872375761343472798
-4892453564405916186
-4990063355918276695
3328820147694820470
6970155013721646570
4792277143428661688
-7110138453371332325
-4695500882467078074
4628006898378573451
7836357201424299888
-1764775971780818666
7255903491251317908
-6374007826205782414
-6037001545163683381
-3957043659301761018
642913150873495370
8223536966775020653
-1154039071344211941
-9206460517557040934
5366840959165666486
-1151640724424632243
8217396821285676716
-1109247536585665010
8767126298785007104
2815363308937333377
-6358542160407761674
-3961839465531556770
-6921465801097938141
-8853923796147214761
-6288615311490088981
-6926780493545360390
-5770387551592012801
4295191146491420969
-4916311388873353303
-3665508929492416012
755964731138702444
2328513273227829534
-6372556928704088129
969839900332044367
-5108268853318571694
-5241041152611409854
-5640319652963764433
-6052305023718817841
-4464101824790347913
4651019817422927301
1831434428208721309
-5357090362098402698
2748164601720756685
4111875382965275958
69566711640506189
-4630738359481482876
4147885764528532406
-5788002969599155810
6074287088570549943
-4705008601643081168
-6375183446819056805
2088856671355696068
6808790318370565471
-5749610230758270043
-3206793144964597719
8999922346159458219
-2618569619588503908
6421641013357230306
2578153317973068774
772170994548199800
8512145386876803518
-1624442400680513668
932325368087284778
8827273334249766011
-3797035634609136790
1669965217056855004
3766288444098754727
6590404186335730118
-62354961454602940
8847441947545191136
6118390070508245649
3169359383612476846
3074224309507658918
3237861920062936306
4450413079163871685
-2499749816349433349
3093423168276697722
7631595197962446529
8202744809085296346
-2752828964521705238
5053221188185987026
1734617571945732263
8788929260959851956
-6273828390375386245
-4811150128732785470
4998611317349873020
-5120854497940575894
7602117298244093220
-7091407912224201433
-2846331744152034190
-4188456873451886636
1860782342381498495
-7389500596762978050
-8145141440625583247
-1545993627490681522
6876223216089022103
-8248270474227555592
7575665608539308474
7022896443670799619
-7320120987136542993
-5479935792503129604
3231259162500629359
5190270640673413504
-5792941771055800346
7732921521796997320
1072828823307105985
-6068927477572977933
-1574318037359841320
-4903349678794494899
8937892963446519032
-4217737871708572807
-6123897520349513535
4456091923025971254
5091930190706458366
7898186344433527050
7904808183819945825
-8123706810567437062
873553300493782311
94837461652144454
1955620771549857175
-3471807238670784363
6085808688941081132
-8634034222531612875
-8394191957166534152
-2351883263292173245
-1795247192231337712
-7558877519472110878
8181145791942226741
-7616667962770420160
-2012745883912381544
6100016707432266788
2150753985743496612
-3349214717453784230
5876054661429272877
-8418172191720215733
-7598327046467386660
5269221057825531246
-244831118513887021
-3144663755593694358
-443566554491716905
9081005731512432171
-7099841013176700819
8978175371953222950
5189918989354775169
3208173193132116155
-8210937097160018972
2241972475132661932
-5054961522389702650
-5356667397769840656
-3725917419295898914
5180750177756963996
-924015183273797526
5814989644375005357
8036481162326004154
7146740703380446283
1460842377923194987
5822464631093944528
7258608865919851361
2674576809651770179
-3318731507243804414
-8041612302083745999
750728923911304384
5094819249737296101
-7634576544363410246
8804109903851729896
-6474146507587855424
5276897580967436868
-638222799184572110
-943297711796335746
-343446670174838555
-8757087370772832346
-6629905852086298606
-6470657838826965943
4483030784510305008
8350281938742751876
367766290927853077
8915804898082274857
-4003998296845320932
-7304777873513359671
-3419600644304891244
1956460725011054661
-321114623266188677
-8465786369721817707
-4798564905653393535
6682331672308837242
5099451880703339141
3585070619026226028
2774379538375915286
-526910482390480611
-6131011152923985010
8795776916376339694
1824689238590162490
8622231865932985882
-1559901781814557574
-5340896499930760138
6349091804381717616
8281754989157223202
3013467758780593455
-4673237147017649123
7099085649983776244
3419625378620310680
-1055658505755759256
-8370946929936473777
5755723671428840620
7613747568292498219
-7738661646590621767
-3648895243643539241
1334419629881287728
-4190624937073685645
8474596467635040575
-1980406994992040383
122937984274971295
-4385396006066561025
5128029471172888487
-2196082833260706976
817353430344087640
-6011916161875893677
-3712351472249637131
5498363399437768875
-5520601676626542230
-7384195025519403301
-5824267606957303521
-8313349874332497478
1257186604462933474
6237569359633049921
4565494097465333501
5838242244941008146
5271380354776138272
-6083129543412220382
-6866209822082147008
128546753791900524
3664922287082601630
5238900183566255729
4187513928727344034
2767312635774097437
-5118186795981480025
6519332944324802146
-7313473221255883753
-2144923026012369726
2349793195293974873
5661674227800875614
-6876279217394400183
640238807320984698
-7154834134907263883
5773320018376047045
-6133196697643926399
5780275531254540611
7061473867345324312
-4975760789008816506
4603394317297864988
6704824484305763340
-7040416028564714306
7392369122270814854
-6859020811505790500
-4776497970650024374
108411193512476575
2638135523622401077
-15748647439003328
-8680614851076924104
-6480646044000520355
762290251599997359
7649212974853665405
9021106816696144193
8821971914552099375
161374831226543659
-7517402440637394295
-5154059691775202106
5695218860584156021
7660093033686186822
-5745979904953870893
-2300314611248319739
2305694115023307357
-9038263319373435243
-5473443647289041189
4152216167574209788
-7358560819803760934
-7724545378643993749
-7343665758464228408
-101964948449922241
-8490532561431842695
4744732198698322698
4194354069355223279
-1322355040633185438
-3790767222469867073
4424357877931710385
2990758693726051804
-8599902656420298394
-8136158941876292337
-6784807269950910120
1394569483620349863
-4776670483345575338
931165821244604926
-3161919943163180115
5737747834060815332
1143512777576678198
-2585863041362891918
-598797329903922884
-2644995501145405504
7125614479362986935
1063389985693982376
8889326987614860712
-3466661886848724109
475192708232703778
-7966609450730814224
-8407338268844844938
-3742417615792204316
2556671518302642865
-4889688158073202099
2598878479965388471
-7892192069364274722
-2006520784874180332
1165701947282071859
-5705086056128805921
-5096054497393757351
-9006539649781634689
7971568000453610655
-447073855259213348
3479983812296467933
-1936008129874503605
-972826263764873970
5083139988312613082
-6176457097651497983
-5632137669032910723
8030526459870274564
-5526722511404095876
5427439021607556149
-162533386020681388
-7252490219340769522
-6200558079408008786
5607044627279600178
-4763376145759313704
-7205312051545132257
-4781763420567548256
443779206148307565
3287176875116116387
6547388665066419466
-3371245275143124154
1713815001657131945
-842498865145583432
7535447769744623601
5928438019963624313
-1320030272958630812
-2509413762701308128
6140086781101800751
-7789031567100699446
2743759847405058229
-776725201271605633
5186080633499395419
3280509434741663197
-8877947574216859043
4190224631637089523
-8159812052796056096
5535021037485337414
-3525765634223721005
-3724925770419022500
3952394358208199549
8720256518502048578
262001965472185083
3778342856866894586
-7025687303826405171
-381421033651824776
708214988565159327
-9056186328715970430
-4276167602158492671
-5055807586575936768
3356579736291969530
3759222848490939300
8226436314862633333
-6893717682869128112
-568160961265671252
8261236525676859355
6913530664613166016
8458177092368271237
7304870182874228725
-4194347288572864526
-5096231304528778681
1928120630357199488
4053573632108286059
-4264241356610790784
-6668772932181432991
-4984133095063871849
-8280926565367124533
1319390822321776618
-7599319170631018347
-1448446591492987102
7695571944419834855
-4139592128450688237
-1557258851197786027
-6062452832269686908
4379491446764077276
-7628827956273508602
814635075762883296
5434476085582813458
-7898853960074027947
7167353046132415573
1852769638644701338
-8498790517668887250
7266856657919819460
-747100276025041722
-2680007151056654435
-7581511691028773212
-460600345367827608
-6058958337270485564
-6523355285055898933
-3383609921543944919
4892298222229697569
-6651624208732390202
5346603161469924978
6933959421132622466
-4371854832555213689
2998527893683952537
8672289696010114226
9212503311317365647
-3442926574611042995
-4370909764329575339
781679775188133781
-5868079464270728104
-8559533937671317412
-1372296790064492068
1874848283362381747
7006171052142096675
-9073607811910813438
-1336434746790167883
9093110667615115592
-8841000245947537835
5150776091123621828
-5831282985291689584
9218461370501065970
-4116973954777985339
625838164924117072
2500424442340862230
6921040362787036254
1070518522432979384
6713545507076459728
3725870687896232895
7804499825969057519
-8148537767691415677
-6418404195967908612
-5025428819151026526
-3537301691028719650
-4051803321251074487
-2788701582921143362
2614387423071696226
-7903091407284629526
-6269404036413883310
3640369431424668590
5037099782606930108
-1898434263846880773
5048869911048046695
8667426808919109684
8298463148687333783
3903442990671795974
2558905812468259012
3551429370618428451
-8731920845367865153
-4417221986806253026
777013761066163016
-6279139472284947899
-3505056651755147358
-1889068734165515491
3625649129482316955
1104871329016928424
2680231429038064783
5010762026798453582
-8698827983090671548
6221768190947018799
-8435094647899122329
3908876253579118799
455068087212106796
4136142193792886351
-5445500006449239169
-6331710869494347192
-2218129367678747375
-94561743676341969
-1773296298457639289
-1351662098920102676
4289902076745525475
-6400612384271556555
-8145291643917596429
6289332031728718121
1839917548352451816
-1252238994490049748
147206040430832469
-2441550008236651353
-6693634807083960280
-4242213373977525159
-958345827053903162
9214275320020896275
5151758619828645499
2035621929903877746
5758581182288851169
7737129276805568865
-3750550494208793610
8473774164624637858
5742117459890374496
-5208155154816202309
-6160169168988615518
5971705589377996204
-7994369349130847904
216117025672912662
-1582736556015105107
-21045984263603669
-6775587662766457691
5579167169798536365
-2120207902007600340
-4824553200235145096
6281597048651954378
8128264036784880863
-2798609437307045676
-5221538179881369190
-4045481162171460651
7485985944341378467
6430754471932886417
6137788597543469405
4502556566266935383
-6494620140064173262
7333186985029870403
7156006578360445123
4814962219039948634
-540912000432145060
-2019744355471556792
-9095532431677214089
6526760632364636864
-513688185452004436
-6593502709033157420
3420579438457268625
-2096019806321808133
2746342604392595101
3959120738584075469
1673300786673043172
6170379821685294602
-198034657589807438
-5866391931607635332
-7887310969721846391
-1910400955566687138
-4293367844628371774
-146025486686420895
-3358684396559844234
-7679254732014490974
4658786248328864071
4671523870697551380
-7074374733907979868
-1647046593208950973
2521847781313556390
2853291670111147632
-3143374634086809002
-5716386718119124722
-1507320033010922481
-2795454350793741218
-6030266697913037792
-442198130218100244
1722403461259816790
1441596216927219753
-2271493769746157330
8430895516182558161
2537308265761039666
-4496390128851048828
-8704903459323355772
2945080902724087250
-8274765318340265669
5500276832803653823
6969048013291074107
-1149640455426403854
7472111846601838705
145325427192271551
1385491145763910368
3268064821549976670
1726984959661926242
-6317152955380744474
-5492515446024799768
-557039827843264959
-7961708857840306562
5032110714530709417
3315164234698739140
-2351429132499093715
-3336848308217378821
7622238878336921290
7610790815291673755
-6195090126054811941
-8520087765750227922
-8619942849074319659
9025589906585651009
-8623107734802542407
5683808140214088207
4360178614789669968
-1674385183423308804
-4646880703180456027
-6625699393834203621
-1136143144070431383
4614673799659593399
-8728908494359540309
-259183681907982281
-2053292989361066741
-1152693290570404718
-1238549961468897563
5770426701208551392
-6027863283062491962
4184797387040211053
4463834098124402067
8814194245497547705
-4530869899488900893
8599602407224684334
-3114036514977638179
-176271715898427508
-25929924920276383
1453304902566732216
-232547063024893045
5770038245556285449
5296153801224133877
808697714665695767
-5979887876379906374
3833879610140218303
-7622761425766173386
-803057197534983634
1341042215130076847
8156009889319101547
5496058087859007085
7222626805281448596
8864877253221398676
-1580856965638260219
-6899818862449206025
2559250402246247553
-4853373819304766989
-2217381756051059672
-4319722831665258481
-7630321459024331701
-3319867075621169225
2770824151458554318
3102401382290192649
-2836173867664147923
5585896735616886732
-8132737199810878605
-1005073526181185914
-1418107858569612192
-3825618158520095037
-4925027283448431435
-5551341800535684681
-3677211590916387797
1587284141186963624
345176417646110999
2257396030541621324
-553806502367610424
-1409845474805039441
8775916179365080008
1285586456114247293
-4946652314366433325
-4319889094414359631
-6769702985065801222
-5032836252561350613
2077254396506051549
-1577142560598434140
-5738287146520207419
-2166736594961416212
2638269762194515604
4737147180809704167
-1897369526762821520
-3822411425360024532
8075432974919595099
-5292046336000236894
8759710335970446518
5784456537222492800
-7019158230124800940
5948920640834590859
2317339580938260449
-6212846270414942385
615066053066467696
5440494460785201759
4812586490897369474
-5550446036156707563
4034804905367461012
1607436662568383388
5736711694565905066
-7298690602185414997
3197482784759287566
2426367318389983158
2057122627832582053
369108295886798007
995644961662939264
2425256737252405226
4108131211761176591
1311187508484621224
747412013178956548
-3884355033379231717
-4118130240049275735
61565034180815248
-1429672725872675645
2377434084826011804
3999026199551588755
-6914867191215993627
-1543508639325151647
-8190882695985771908
8196659520818318363
-2687433017051813181
5201815078165463050
-5772383967128286761
-8019362837339893010
-3869220474572057974
507808581942916034
-3843941447602069881
-4226160706121006431
6472021013048368830
-3444311225029280551
3137952873995076340
7546084671091499103
-4082772673368953990
6573459362443573937
4347020811105752316
-200575498972908063
-5950885302331805202
5395104780435029293
-2703264565196062697
4024537653693365670
-8387629996397644955
6818374878935279414
-897408436493274416
-2856353063753915505
-2602604390370015668
4834185385370803672
3394201029108406024
1765605569463081539
-8583908651786901440
3826939193973135191
789868072922597221
4500327745524703144
7393428430314220071
1994201063876706410
6597329185952760355
-911837924577733213
710415656442504349
657338247078571844
5179343038615421507
1267100549536930046
4356268130997489440
-1620493303616245405
-4701388361637104131
-4526942158311613600
2404370275844967580
-5854737400527188740
-7711937393497658983
1969233542308571905
93588228310651833
-5389087145700519784
-6649250983840058700
-1484424068025700846
-3580945446699876729
-4317005562944009129
4255207909052616616
-8655957770032531458
4590301852188704796
-4611604715080838689
-5196192743985460436
1973759916106568983
2125288862611393350
-8056419693449649278
4452469166797397094
-3031391341395883690
-2126763626273578142
-6642126027821097463
-6865947498148917164
1181709381100684734
-87338660887477947
-7198302144948457923
8848431211403263719
1329910381888366488
920781758560884666
-6390853737082401183
5580659998020624948
2088219001066722255
1128238049010020380
5120289845946039355
8462732928413682141
-5690397982645613628
-441688829900095662
-4920053436636664707
-2234508755388865060
-3060498226842172874
-939552064271111357
-2143210897376865310
6019219290783745198
1900876685747150445
2662172916629365424
-693439488724988109
-1103724799591901561
2643132075566977031
-5565145865927241362
57206165600363875
5330114510564927634
3922304930183072114
-7452369468804383606
-4065758309954871713
-8402788472553195704
5787074056937533195
-2562378427262658271
-8870264046243563254
4011856394007017445
-3120099854719640776
-3319205096059515585
3717220931657368225
7898417331349238725
7736869912639869588
4162740326289262343
-5518402810655551121
-8265914451531807558
-5811389849764415322
-238394299000047580
2167089370361711774
9168681578887351454
-4833537981317719288
6356886468088353592
-4059015033271720737
3600046547935633408
-2179536813674559388
7418023703884359909
4292680218708320342
-509108537977774736
-3227374121573017811
-8104859735213588116
1588979109389672072
6374790450325688214
3123178200939650290
-7946116501621887833
4915762510668859128
-3708472374462252352
5582915113405950172
6739318426849931075
1499042118043993044
-3669018952900029979
-2021342887199401132
544094268954667051
-8545020374753616713
6418379721869682403
-7794825714835362037
-6708981992089226491
-4620913217549567444
3184898616462318475
5600664903088368316
-4765650558093746844
3191437816408030874
7408449629782666518
1876487636243431821
-5837984732571142430
3018095635670221276
-7411776911573698672
1468339055161858385
-7454640069523173526
-4553135808204912623
-663510350074708551
4915807946436380052
-399349564994938708
7040768256719029832
-8703934085718187253
2922878514881951502
117392028613754396
7193367381131422774
2990738163055396845
-5127320917533783510
-4527613670282286368
-2787119008120644967
3712762698777281539
-130284320352914720
-952736552638077076
7762916224051577219
4173085072340218509
5688538446481196513
-8417952825402196250
-527126272556636351
3757710649638122039
6711171704322620910
1221986152436945870
5065401235910030613
5784939910134961477
4291762577012872431
-3598773339145053143
4299809962515333728
4741711152200783626
-7103984051394128732
-3057770776102111837
-5031886197491594096
902156700820035066
-1627265583722644648
2521294376825261949
-3112094583867908698
1685456039798771678
3347556595759597606
-6845969871147542653
-4848580734357799641
8043537957159405489
655459389547408887
-7996328014637767686
5859154194982213685
1737053408882911243
-2418909416642164903
97792505752033484
2757829180757866019
-2331209726984856486
-8894189197028119382
-6990368769772083868
-1592900168066319729
2653540896194040470
7282276197250075756
-5822857821163690882
-2746303354541321694
5959403349269293789
-3897896881165823500
-6802776013504652038
1845581330774548051
-5976218904894571582
-4791977380822630413
9185387148017618952
5566702864603690732
-1882248412485830428
-7318714257935679953
-7290656610161455431
-7157151922827968731
6032289548080538104
-6633861235166291455
-1029569455614624414
-2316475702091917050
8739006977256449940
6397325520450893940
-6124199600487155667
-6807238261786304335
758352781008576039
8878064574584876858
-3465224512351793639
-6185701007963721717
-7289027500101095202
-8645681803229590674
1218649850339253263
-5416287204938638395
3597615960603686244
7250781049698291982
7666331970291610203
7280316196107863460
-3196578278617423834
-8364349992911763668
-9088224945458753207
1232598130467041456
-1565223757754165013
2139900057736936288
7227419534305639883
-3194545559710472118
-9148186372113779023
-4537626223922345115
-9209487732325068456
1334398908331404996
4691872968763979170
4658058658491840823
6983246800007641189
2608641652199318024
-3833716820109841128
35379358982020591
3668071564114852089
-6898561229123673479
-5463300823830506549
6944561141806671065
3833050741501399019
-8317001307906549485
8214834281655008153
-8078967343185897752
303945558909940200
1119013799646123239
3891295642408154069
-5409194091259315899
7916777203845593417
-5144280416899210790
6419770518700121271
2166419544106285591
-3355373750941794675
2689463900888188665
5372427036377261239
-6795229487091984922
-4547805158086786631
-1523054572599460692
2452717833000283057
6212498162041549935
7098651607664368513
8069128453464249071
1361297499312852838
2217450592985698823
1323553280355289720
-8679446203106829845
-5803187180078337926
-1253525354871524045
-7439307454327188735
4564167944894764974
-2564587386499659580
3538229026258635475
8259048346519743916
8033523626719822074
4391284665998623676
-4693321855824714591
5805733582623054614
-2323583825288545267
3655341650196182688
2389997080114732407
-26701075730276013
-8351577452666507984
912998227490692175
5748447411255757581
6934604334802900571
-987392127857157669
-6253526294064766627
5482372617231582943
4221263012737851165
-4275136331658557190
5280737669370639196
2440906579539106034
6098043023234471312
-4346621352663648741
-2327034869592709063
4865473220953473720
2716553819773518516
-4765029880688549102
-5578812959840096212
-1362457428014899147
7352876077188015408
-4280081663954381111
-1111669740455148755
-4426245908359155800
-2221988951677576268
-5320488799520165743
6322802351722229418
-6128511681256572589
-6705959786833053187
-8139768934283168203
-1354499504020473741
1128490531947746952
-2811678865747803634
7307337493529848952
-7771580604438645795
-3916364513717860207
-7433042459038183073
-8964413173720906328
4102129087813993114
1495091773851240402
-8897150639754959662
-271917273333709183
-1830339227442626989
1173697092500942681
-7079592065104659438
-925690203926697410
-7149953052027767618
-8344337706923882090
-2285737042326614351
-3620023198147566894
5194704532885822089
-2197615500782690074
-8243351267393869419
-8736687230750437666
1729660649959218874
1562889381772979868
4500104794083288232
7586918883519408302
3561284603086347247
-7080119132427894411
5905810707794816442
7802111423732385763
-7785376830475094451
-8361514791201422621
4157730232989069510
-7493691683992249501
8569280492199886354
-3351351746886793805
-5263156257578610443
-3298428559786772479
-3883411266143836622
4590010502411861051
3770723871027590680
-7552582496031519183
8266204493646271244
-2560231214332008042
-2617684989577916944
-3858353693547984970
3391130181225920394
-1247332930786146152
1666133649893247867
7820716350126441883
-2024681542970140931
7888037611822940901
259571286384323241
-5481562136974784582
-4723161995811110211
579521913678697261
-1161696071709651542
6031493456824094485
4433138374219145177
1139861544006735306
8164933280090157251
88355487373265077
-8098648674697864831
-5595420938193803658
-1918604824559918024
-4578823150640735193
-3193042076480815161
7277668392150916624
-8086418510058256455
1595642809879062276
6817555817052281821
4852919676844254824
434749504208799397
334082172396321705
190705895142560643
-4988415581244494902
-9187872902209133972
-7811337491566999992
7849952023738788398
783968067093480521
-2349378122074732999
-5336652093494871895
4294615634301797420
-5156951264551733386
2156531750218653144
-8623713413197070488
3717568990638458097
-7221561282470043274
1493817477077341718
-4218233613455482816
-7048175333350748604
5528585476692748261
-2116099298485266542
3905829184117588284
-7500716446685528354
8058989318177350741
-4154459771580171064
-8342545426480644720
-3594592139474074596
9106469110330534792
7259443433862830986
665128614457124615
-89806823480697233
7884581407015660853
-2090275971123485092
-5301188953675490945
4074111208988845841
5991386581484162673
-2565489247220604885
-4681980631651239896
-1055123444813751877
1805632569317217699
-207836121633783927
-3005303651582976207
-5608146323743053404
8151233305924242345
-5922269651382168584
7257387505619838984
5715178339321647666
-1422398796099722512
-7049242012570380705
4800847548202828923
7900824018208563348
-4854759211244630606
-2688049145984547873
6338053917016064428
1826327841606231309
-101997739332719386
-6219859429969435230
8038735382449457939
-8069640600935858638
-873167318821804659
-7383685784208596802
-8175497722529585356
-6157346904739832659
8305389733222264035
754155292516942841
-3483616330505749556
3934056838277689800
-2734801007775811842
6783032378807121448
3947923763099629428
8312491965507987868
3981702244608977543
-1906090549316079616
1179558225907614627
-3603468008579720481
1628086797865511442
-1015845305738064135
5223086170832838742
-1475735625983434946
-3984722803464349259
-7482766049457920385
-5682019129514203783
-8066811204695125505
-4376710564070660485
-1717044403147616567
873906266791614382
6084314048317140694
9004239257809329292
3689780082706371736
-8007686686413093413
-2924173390118035941
-2476943265440197808
-8085187867824396307
-3821315259000571163
-1647850849146411711
-6070551248695783751
1504841041690645439
-6416822998115407645
-2095907819429173025
7556268401141525119
4404856928286027907
1782429923578791705
-774549310285328608
-1253334602655854117
-5374138420479966149
3772754344397548787
8397588704223381154
2814459092804091677
5527074223300681793
-7134193441733931118
4598893441710025526
-133936661551025733
-2975601071937060701
471684800213436567
-4283333139270283205
-3799888625190364643
-4086393852842570027
-2727069875417423705
6052606880982783443
-148403046523480132
8657943986457627794
-5447226769195636999
-661718207570548693
-3074328764984584438
-4145486458045643377
-2292983978885281403
1663236096414611368
5532514744643070656
8660647889148522957
3316897395447378285
975170082665417306
-468973547207150577
-7392096402324748989
-5311966619705811964
3026563468713031948
6847588609214353889
-9032243268969643213
8436831193018220978
-4455383235257982261
2641509325830205896
3122732518962683232
-6491378278061656631
-3300467349030601555
2873822524248425524
-379150475166444740
-1949700804287582787
-4541745919693456837
3177260249414906001
-6622032169407477607
-3388466638500902806
-937621892265337738
-4699644166883516613
-6704845828883610479
565457432643878532
2530583560483236332
-5549145917789042225
5344512338793676798
-5338315343337746205
-3245730690850313967
7733953067844411801
-7218398604974117644
-2138029083768869041
-5003797562746307607
2281341993342285838
-8908293381728169993
8796893255592681891
-2583645603440800723
-8228721402419812654
5262113955868881222
-6267912676649021423
-6733746680568578555
-1418270446305025365
-7109228423461729746
8560210903773961930
-366240256229507500
1963226388896050582
2076325218966848962
-8041507628024600349
-2936901979318491245
3359558977526537031
-9019091187520118641
-9112804694542311546
-6011344372464184578
1057218342258679605
-905980880428587838
2515955423833474417
8934797631460252228
-1045737489923192375
-1524685727873477542
-8766489197500537428
4543148273169915347
5755978663558509972
-2873092055955491878
103771703357869400
-4878346269660792031
-5807389619812702755
-6662176711961126071
3139676684365521707
7028839574476232693
-348988403447823701
2878514303957289533
-8211593085591271447
6073314066029064632
6496639706058652440
-432075938195194937
8868796947881979720
-2192488341087326162
7524240042991486803
-8670012482663154093
-5140941392027973395
1816668243772532832
3361491823660362458
4094270202440641086
5224788744950760803
3072204851839174929
-3431290165578484677
-3482304341671300553
2981768214082014006
4228441112255888884
4880704269513951451
4225891163960649591
-4887101449351171160
-4038528185787404378
-7715306117458012538
4462874059401289440
8232433798249404674
-715924677570082431
-6375025860224094715
-8604290988571196781
-2352002527808856742
-7683785951048284064
-7977253144015416448
5209511473114541106
6688230378288688747
-7876123763965153604
-3770896356030057549
-2829845620825478687
6783264245363940418
-5325939082942627305
893643586369042909
1104135044285547209
-1389744009770498819
-3508775229618308756
-6571285805417577838
-2318508755894767090
-2852359539803473605
-4134320473447596218
-25523912935367244
2453722364191420129
4808854743161325444
-99091827309975210
52547595949960328
-825357161292263927
-3309790936009790855
-828187097651245009
-4676019026012061665
-1765953071929834176
1145385499729194478
4464592097898719935
6865234306459585633
-6219491638621581098
-4503419913370232565
5584167268622234947
-8607200437169209820
-827530501466652533
3417824585131176266
2401214628081661773
685827078078847116
-4679802961089529217
3881470450281649627
-979100561923597034
-7708940358246456113
-6649327916293569736
-1457729221212099382
-6802818395474168012
1154502722660855211
-3588724149887224481
3024293747720504685
-7345136602738156142
-43185795214265740
313921729102223022
-552922972924458482
135770456994259617
6868084498672976084
3287319310193486849
2277579582602307891
-6712799200019486788
-4436070641762323551
-923596789877042855
-5537209197595003975
7054448271523129892
-1625423284916738412
1273586279765017160
-1745094760362779311
5134132565346164671
-754007002218861277
-7097155857723454043
-4016421861302560728
8648156787649870672
-5518676409427715409
206642433188726377
8971080756182644118
4107695025386448926
7972813870594087953
-6814154467171775077
1361455051127032370
-8486590179648635258
6839368087408957287
304224879732852047
2983955405511280984
2944609796284900340
9008912408448876102
2009897879669354525
6267043253368725352
-550386630364427788
1752519619190725725
-1970622312013226460
-8441298546690819623
-8637855195071212144
7845942441530052031
-8910222675163437104
-6209887260395170704
5754977130222185772
-3395568737162212021
-7407913806790462898
-9044783445363742596
4291884831778946605
-5721419147718462575
251471326199713055
-9217734576973704508
7605812168486013431
7285032251721283650
7104203145985340815
1873736780574021892
-2065115125664365766
3716071407769626704
-6363063891032947279
-1870069753424442740
4972035253942023223
-9108217400122324132
8136284684926156252
-9081827321499688685
-7124256657130484542
1252198716481197759
1842876356947043134
4565483855421418055
8987367648936442756
3671930791239990089
2528352793435066825
4102062117826994841
323924353380200656
-7660916161552055351
692531908112559160
-8326183245441884162
8386221206821359705
-5412005175962618756
8140893151762238024
-8016948716184063994
-1887417696641377334
365397027865030051
850071100949949922
-2232872902922730365
3480000433766373193
8903150232137594830
-409062154084552652
3466352512839122007
-8718664531501791522
-8466740804087942612
677649454305619477
-4289790903688527627
-1799672018462175302
5442630277090461757
-8636201138382795159
-3137783006038003531
-672797780143726457
-8988019706301890136
2116997762214425770
-3188961244691556988
-3518273222930952522
5334271802193333889
3970637959094587030
4960775852940309465
9143906747611610192
-31954105221513299
-5125349768005666588
-8931353929309192999
-4059683088768007763
3196035070784484045
7132575331517579111
7441729540738737907
4893761354969135039
2991891015225673970
2166834271549015545
-2581022501749488409
1550327102205654459
-1376316432395691006
1378042611113132839
-8934193933203807016
-7326328027742562825
-4253851934728292146
1618935638528014514
8882648532587566291
7148735355047203788
3439621614167497103
4373659131289208516
2537208653268021268
1489206297978703333
132767101669157674
-5492381724202341768
190607676115796273
8682937504111383315
5809837564381585052
4119684765459912551
-7310722757458704140
-338858126593875062
8190374879276875075
2280395874109515089
2349611621231208465
-9063696148926716551
263245068656945715
7190757574291769
5326429093373410910
-5776737634605668903
-6532976676467474493
2863480583688883404
-2467363957667786264
-5992805651259080140
2864991188266231515
-1298395202669176533
-3647193908825541184
7391076522322624894
-5026208752245207308
3521998169067117689
7692658725270372247
2323859171315182044
-534135540156394648
2383856578339507307
8178482932282132929
-2302740749867454928
-2807268185199282924
2070466946525654661
-2676944993504028960
-1267494722417449158
-353810069137934678
3482676023697345204
-287153058652748187
8669012966072513819
-8770366541914329424
-821431349406584272
8848086627384379871
6839236514337177972
424482779557306909
-4994811321909317405
8822119236655479963
-2970132968268557335
6378043128408471033
-8232239454820405523
-2056818561213168436
-1967307060000272676
6457480867925038688
4255144802959724830
-4283944087427126471
1190174029416611166
-2760124284131780713
-326254825633675858
7100783296169607918
-2426262532900763444
-1989271507903562494
6946163966324240788
8606625771846198019
-2121919457857967850
-8484962140434797618
-6861781346190826313
-6312287053381648167
4591985134038791510
-2382865209235343828
-247717302671223627
6678749710900463363
6112459739320371156
-7686808261176533016
798332333246482282
3186996257623013639
-4809805145179098407
6426974386947625324
5225578028400126163
4606531093787178388
8436338381632740918
-3929680502313299841
6653288614475249742
7177219863237296681
7049999932557355949
7621248497487797290
-6567767123976146029
72151785879290693
-6396600839970173733
5390274553453947161
7279684045748610077
-8370787036153964467
-3951946213904281055
-8953303847989154659
5113429139787489456
-5415311925405634182
-5237076585371877254
5609344396573968424
-1749849668009466719
-7843049602843872704
1221025391398468377
-6603978059365366225
8141416901180827672
-9068863412097008413
-5242772537394477561
2285648803695615902
-5269372510694599057
-4733182456843300675
-764126629307122085
-5148142088198511973
-7702956851187728755
1904693158681259107
8550643342710974891
-1107472193983067551
3556493024012045991
-4069310419099452025
3971725225901138524
3134208690158992745
4969630225309420058
-4984407202952483561
-7632880501634282750
3212477428722090116
-4095039876173414776
-3944168045964796015
172096507501895286
1130901889161934323
-5229305190088126206
6707653092439063973
3890056472986791707
5468594277904121274
-4258600616907706764
-5050534261764598694
2587615253492152069
-8412397247994781669
-8156004867117532319
7812190814681529545
-1666760678276885858
520898281198962332
7142149145491577404
-8630854970110774019
-3563358030710717143
1293208008563121593
1541618673806476415
1643530486726469977
790771101639197286
-5138590579383510237
3764132502565922757
-1184457956247898905
-2472517090337322378
4871205602303882786
-5116855564269965168
-7309574859050175450
1821173678573111443
4940372760205239956
7975911691056209661
-5840605772236611538
-236959607875865895
-6858789074040505295
4978569027275332012
-5166320021657002438
7343379564679213855
6902458979768019392
-5632480734556408067
-4134058483442484882
-6217200476241642233
-1418612196146620692
-2923607202174450448
-6328084989060963653
349998623344333743
-7106236318056444293
-2683749302466466709
142388876969536860
818931172011230340
-1078130929468138738
4012242273304641586
-1002487966950082064
-356202815800303006
-3876244903231856923
4797042281628479124
4238346345930392436
4098311674560308532
-949040773622124604
-3637013325647564732
-4666563445418614879
-5073612360769153068
6820724047778997978
3557323140293464810
5467324236037518328
-8180481005507738135
1891341903029063918
5676858284116673696
5644881889140706119
907559026822796732
-5879765369462305120
1666288657062866961
-1515645989508703250
5581606378315629526
-7234713197007852271
-5352170782388886828
6716030982143412909
7357741827946765195
-1325819417276991293
7494040667788566990
-6265837450806838574
1542999153799799909
3291978630974943484
-2925445911212906758
4671519057464496890
-8404968061309427582
-3410396597197223357
2230463641075353065
-300711350400729809
6134328973099769579
-7190834077124579957
7690585069503734699
-3179001390802647124
-699463356540170544
2267212440025300874
-7766112697871446763
2715499890582527895
5348056022125908204
-1590149132725254309
2120830211180148697
2887538677088716109
1513875735809660570
-8324003598658276019
7893014266333294867
-8614321343804789470
7835366107986935914
-3604909004844312495
3850821860973374274
-2176675101643663555
7017210240927828488
431500865252589267
-3752966039779643163
-7574746454935063065
3264118291461914720
-5264758213870626652
-3730814847179806439
-6643581934673185725
-3145564095463904402
-3044116090895935433
-6444334781027560015
103889227684823126
6482421547251332662
3443017004231307110
7335533298331461723
4009786691905747857
-5205935589013653614
-2816812873867365003
-4803775135852695381
-1233236774723226927
3904544549720416021
-1725462519291019178
-6138706128404263847
1144003014526490859
-6032007676282783638
-7007072744034677864
5685693639274669323
6706835222870495946
126419199720538482
8773724454404588104
-1487785498415882500
-39806880734959674
4728728639330720983
5010940317379942775
3708145986884524974
3909043566665577005
-5352363635707088763
-883824952501644911
-49167995030905899
4176209806815576238
6761386335756655233
5252267535191417019
3338075285795972077
-1480625030368006346
8589910334972020495
-2384630441272970829
1729522415923190953
6744465099250351619
-2364442415435702571
-2594830476797076802
-7096389872593984278
-1027467113940781397
4623304041578158759
-5860855144443665156
4650627342795938768
-2519502792865701492
4786791409155583510
2922309302337015467
1279032008867439777
-1353634046508269940
-6994428356972509112
-2746106594257820900
982646816666846394
2739844552689850340
2529943548693917908
2764531662366896718
5047235344433379647
3205430469636172320
-4333790154454707228
1956634045506598338
-310917036961279934
-7638200529090936182
-3323668391633692115
-6650592965273048417
812733345484518537
-5280712715970276968
6545179651137792037
-1448748301733376990
5977383319288562874
-1013139215724183224
-7687668939653337396
1325332517783339975
3693859036746131731
3854245568419835866
1541735233686159712
-3019689814368281878
-5688142504676243484
-4036977343368716587
4887784913971568047
1837563786167165421
1519347289480105415
-4983633684529668071
5924226807970308110
-60428910559461280
-2502247649458518026
-3740851739344110825
1178465406296262416
-6959057515458851596
9001419386419081775
4737702233706947975
559000734223592673
8353865120406422684
6995071424524952416
6181455448756471128
-1975301281265773328
7827634773167169510
2857941678200909814
-5736696926488820805
-7169132814424879260
1518636093773966921
135361097096170547
-2966236824133700430
2640255361833975719
-3536276993035458577
-1097155566452480484
1445507511882411565
-629438210527247314
-8200452999464469513
7047922557477288624
4805250778679831557
4750425495592694172
-6559806728593904200
-1665205761647319572
-3273443527789279323
8480979600661467892
9121111748008392098
8457565924858896262
8922553105019196260
3816420459702325168
-5176482169616341241
3087377271345319646
-303869428658914622
3435637468410670698
-3599274232245251546
2333592235142008738
-3127116331196711252
-2742357138867437100
-1211259439200741986
-273883182089571039
5554544630370331724
-2631527223719449303
-7601704295560607156
2299151254053799599
5638510293686655141
-3901992163165757910
-2412210012901425536
-2421313171302781361
-5637632118348032727
6250313884221709108
2632620123460020874
-1968219547598516949
-5768029706498695383
-8491718911614587603
-5984039900314080046
-1767444311668901434
8540089802397544898
-9129360079056135454
-1610948879863098550
-2141262905668309379
-3192710982059529006
5009544798535857402
9045198479935505125
2678742336417912194
1045825571196405399
-6355976275455877035
-3168237578416471295
-2699556341083649131
-1535939730739858733
-35975622306357105
-344471170753376080
8980909227624509704
-1653273989270204890
-2504237762165656622
-8830363884473557208
-2219759747801405853
4838248568265198741
-6969034725270649962
4375664572749462086
-8233855931832635640
-2074254477234115340
1119530944978607315
-3720141590801565837
-1365984248828894583
7823650036648291468
-4254950971420094488
8150906240805961635
6108969837079319378
-8441218206586946525
-1947054306890759811
2429266535801431956
493477031697615573
-8233942483421911460
4079459483390802384
-8955044159440873920
3856546638704088116
-8023910380283484551
1722477425185755419
-7810211703057751567
-3405693427751470810
8296789518790548641
-6319756487287317426
602996677744200330
-6036335868493889322
7352002890992006561
-8118937516798619641
-6453828862033108933
2589329185676991739
7228549554675428080
7471543349176918995
7419494251547090797
-4439446792173926848
-3577762559367417289
-1611670388648492851
-4489605892195647001
-2648593706928594719
5918885818019430410
4047137963167945874
4106399483558983827
-2914483015069411664
481473084251678064
-6223655220411480304
-1486875945307651835
779145252523336406
6362093487063456109
7353216894569174396
8441505968027052641
-2393605437764968601
575883522983770801
1032754039668609748
4946819801683887417
-4365261660797279269
164035814214374715
-7511822497655204066
-5170211586481850584
3405806551643700933
4903028618399480888
-5199051943219669788
5343412452365952681
-323797915566715158
7529000723222805517
-4137981825511353391
3384455544683615924
-2276091135999574710
-7686978609520933168
-6903766513449429175
5849110374843066228
7937999714910112048
1196378333922004675
1488255527346618770
410806650267535189
-6829357527248168479
7525504038007097408
-2790925317144285410
-3100799062624818926
2370497544370220392
3314758437147842396
-4739153493141530043
-1406316821973257374
-3482513865545677817
8506609543826378974
1895057650466069461
-2171230144618382561
6308556646203367798
4555320257400419822
2521092310507607604
5901986863062813859
-5209998333295120184
4040826323289378201
4190598005076148318
8729106069366771387
-5119560006909977018
1133119503674534592
5604292863361942621
4652383186754503994
8624366247831354905
-2434160828877854658
854532727703527979
-7544660634011689711
2445447231524699734
1317321853808727631
6973707230432901776
5136750650725077263
-8346264306302040125
4038849587865673976
8994033186222409022
413776021390272191
3787382965285996825
2983977813906385971
-2507273833907769482
718290275442365081
2421428029379590805
4819196183302265912
-4230878059542935497
680632285715806911
-8646417062092672586
1442407134693587214
6254988001882175262
-743528477384547302
-7225392399075456235
-2506402314693655505
-7198632790845913167
142349565549439803
-4212514798680812735
7817542159275541270
4642727266556514472
-8159039986084693692
6136445114333752360
-863419676379958322
-3720316385750453180
-8710961677487564011
5616269070270109499
3124547370040517742
1430068342372261211
1204385609432063806
-3309628531302913596
1974651058206790553
-831111010859100744
-34508970733478281
8280757460655129963
7541993689016481981
-2997232976188393936
5783752243558875272
-5462352734481456247
-5550629296565415267
-4002397794175691669
7837956605088562598
-2818120635879846414
5181716726018148313
1785292800466233164
-1710479639176264621
6867442065714123720
1841541056206670203
7938438036013166656
-8190783498034510383
-3157040812327990124
3345795815034605141
-4205215144480202970
-4988901700987908892
-151539608125814288
3828893946369183920
-3487982615221112391
7689827367073801347
-807737710510102719
-3563235771951838406
3956864985516805437
6452855235380197934
7892868487399210490
-7084250350266378928
8298851825667150161
-1859672204247175886
2733778727599762145
3193968246615634831
2235492898988772805
-3839084786716764257
8020067535276154700
5299719928253361031
3374204855349485078
-5912215573195268884
-4411058746255621101
-4386636328825049948
-1111414751715746297
8602260180420911859
-4216175986160062516
8199897065836971246
1750719678584395041
7649731347858097545
3768300131422718321
-8025249109079046406
-6675404711151718986
-7792319726874180058
1898166534794709540
4601608802424780044
-6610890064204116986
-5648708617002551760
-418143333358646902
3279567654770255446
-782623422476750669
-6626714368590476886
-4478996109642768184
-416125709401097561
-6483176654406752273
-308364468426361991
5901442368204189586
-1237166419590518762
7159214071133007808
5376280029048332240
-2511982595616797523
-377685699477390208
-8338523234591732790
-6243250336244117981
9122352578844021063
-8111435577248505262
5975831545932463240
-5610433979600225657
-6048061619423719851
-5497850420009768548
6503337842871594246
8458796836300760838
4159621233420463322
-4472557098924637986
-6008816982072765557
-2516367669328623234
5520912449340192907
6469861933823782239
2504058627093887933
-2900999303324039641
9068141003520071223
-5881665393130615612
-7223832884499470121
1503144773861032216
-8732466977435778944
4999301413839153648
-4616051690329583066
-1160750921839763586
-3461677605927662773
8742632040459154441
-3196411677700507786
6081289977170473733
1738216507353256940
-2669366716837936951
6668426559097094492
-5518072260961774332
-6735603677553285968
-27929921501495706
8932520325370159491
-7166656177913825002
-2664534776159078310
-1245784714622296042
7540750741448455753
5476714433125626129
8503265979721941875
8232085000950274009
-2513633928568485973
-528381466805442814
5941950283513541214
-2927822410982071269
-8005336868744325174
1666571079587805516
-2752015853536308772
1069209807232590193
-4306064640793924236
-1856230400671314561
7397705735731692952
-5275138982663215671
-87541541188810959
-667272385893355117
-8758757235197560401
-5772057358172012906
6674400436719133686
-9193858135575998572
-5625572438369529905
-5322403009608322471
7252668359108170960
-9137689597129120565
7520129662843082893
-1605872127198764178
1461701038538535768
-5849962694848327426
-4971011444881063802
-3439229951638956346
-4122786902003573216
4645016362807091980
217276475434898256
-8342186382357506706
7122475130386350410
6845891790721963651
-2880753134488901187
-1550898135425368480
8603613487909655002
3662502349028984449
-2595514457056103357
6246585186011285923
-2532386157493294558
8545593542467450276
3263350186076692218
-8680859907913344110
-9140186568669678669
9221893195225546209
7212112397572012752
5605241216572604568
-5572959132630893866
7523071585686206329
2112011069149944850
-229803653318313527
-461971492267535469
-5347009927470644387
-7225948998728878068
-3271195721110268020
-687867325657501455
3944108292466609968
-7700391723986183194
1450839646715868080
8722527289330295544
6952106652278452983
2851320233857567115
2876811538383277459
8437078048236535639
1330690372726119831
581610293276007042
-6897685808973644224
-6353253925324688845
9077600928566407491
133767433555293836
-27663116685200986
-2578872649595511054
89937808581258300
-4840783387451894419
614053204446446284
6392712049780865924
-2175460448558669991
8944638129743206387
-3152988782395645420
7511509044987189672
4579209914823833722
8321307518195198732
6793436896981558172
-1070073233139486035
-1065984996114545019
6712370372824298070
762609285583277774
2644883008586211699
7673214664064154106
-5449835232539869957
-5512999436360596627
4208728910407266249
3142106388372724718
9068881887708075287
-3274794689743725734
-4284965403856191004
-5141666038422251073
-2498526181025452569
-4869837517691742520
-4973769873075648503
567793184495666119
-5647459195792135899
-1142614636883245069
-7822039030996278638
5242650013670141030
-8005730204537245652
1913003508745430208
-6887855098229640521
-3175577267019685308
6642190888474501572
6222386658288989463
4740154471996162079
4954904065962694905
-7349786029990804739
8197720026567013916
4375807308847110513
5462481437779954069
-5083436389683134101
-8773255817372483872
-1626707146629232798
-1298021657312409500
-5664813631977054353
5585239356211551571
-8939223085684680174
2598125495173614665
1493181223809482393
6418468739524226015
-8243804290341178623
-5133412727725720729
-9119501135193968353
-5502143118576827429
-6997166573427653375
-1109234809427257601
-2610699655754423170
-5529185275920354511
1454797705588325914
5315760844164439681
-228027355250351603
-2525985565811491668
-3829661337168209195
-2968188892391488228
1723698056116721929
-6619761876850625515
7218289754077107595
-7281265607009340019
1096673708384186802
-7159768685791704992
6780569218582395163
-2721681657287130374
-999583882433725775
8968096526656886685
-1253335129227394827
3443604737954474733
-8899491620352371234
-9014903446986404285
-1985666236443663740
-5494670728962711120
-6036035846949306625
-7843869960633733868
8246100217318395929
-592959131674077114
6357151453984830116
-5223690604292114901
-6062873877412348618
-4146686684106582933
2834339927685612517
4756358682766360530
283747207581780823
6312610148575051390
-967017626869219565
-3923016086050600684
-6976841875671149100
-1370966103402835078
6433761535441328669
7506667424527812010
3418805645527432509
938649214117510502
4071358458478578864
4383457309049396888
-8945346086147893522
-978210676846591810
2801301920049972998
-3238876911559059624
-7092407329352121073
-8228465573642837110
-181634622228764579
-3804015322674379970
-6529040168502425030
-2263327032249609497
8265620408996726991
-7668120783218717774
7124156473134526857
1143171833112319001
-316593363327466052
6135746445537443351
-7968872835569810092
4719367589935940847
6733655214883464495
3366144576395289305
2017836360330262641
9047456684384709488
4077025838423742145
6899890998229158948
-6646314444046369013
-7184078603232667224
4154263764244120138
-8729618021846779416
3684256849161855334
-3714861296816579502
5429370206025207582
7116183600213834587
-6094261791072225432
282705341037033084
6398198635547111168
-4237350675840550630
-2624622409729069868
-3885561495638128880
3779463732279671749
8598530792056856937
9079721228607097516
-6242670568902489449
6669121389678717453
225011286990480751
4087561800318380441
2506779265476834018
5384006377890643088
-3408978300860378199
3442645467611270775
-6009634233286674571
6137647915102347250
866915567758465049
-7498290018318477578
-2966088385557510517
-740180431823785321
-7977700729528344676
2365327862082496607
-836001911511378944
-7268877901662241430
-4188753440299725620
5589016939537355198
-8322039078337053422
-8024349634861878248
8281667397311108035
7842499499351372628
-4665129157463807893
-7697620937421200525
-8777077258508018880
6409672542149968635
3905618341796051130
-6814642791970198067
8351463223385275464
297667501264949513
4309318643686990917
4633894598869867289
-688562614461373045
-7765084187580354082
-3878079287078129807
-9022133754408235898
-2160916700193937687
-7536974676365943347
-8859755877892452967
-9041069221485217128
3581974145269286346
-5236498964090727387
5728789263386397694
-5249578855412271915
7462862631780378150
-2055500293898463329
-396313379926937799
-4899755966208744654
5635754208878657391
2381389907020023583
-5814452173432537913
8405046435331049595
-7606052128007722133
-961461595479601681
7398801204606169481
267110746538479639
-3453162814352330793
5586409052241659583
824506969297790647
948250651268566791
6354543534744737416
2754657652844581169
-1854797297218093646
-3978119059149426485
-5624216881029902469
977569456252795563
33146127683820719
-5813256819737310292
-1409558753983713562
-2747603215563479398
-5249066082834840978
2792143885136086113
7211622609188821993
8473724837946105867
-7710399591932702131
6351242418910435482
2120629605500196578
-3753279455248741262
5354442864769697698
-5882914603777739170
7885390938238990900
-4805184517334044022
2052354631126673030
-6474479792404243891
-455446523039454897
-3640098364696539869
5512394719882018760
-775784636251250898
-6456518276478980922
-6958291213237713897
2014198364015908743
-2072576441326900142
2464677672261515833
-6627118424574120937
544012577367106100
5437913272370946407
4791981863564409933
411828891368145026
-1591603766120682036
4566465333185064051
-8602096431452923022
-5865168788675064982
-7696753421303104168
-4740983830534099823
685715118966616186
8820122811757105740
-2095509070319431495
-7242664100199430969
4962529079517118860
4609950303716511032
3571581000378896730
