Matrix cols: 2
Matrix rows: 1409
Matrix_0 shares[0]:
6469053188051906549
277844069307628676
7506582931192974811
-3666883068474759627
25039308122856546
-6815884895974836196
-2782302390684328066
7919074756527888002
-7250166640766451130
5292352830207256586
-4289231361189681206
8713954683309922379
5795704050829385748
7046963559921786664
3829680176610289670
5462926355107735263
910554108492385807
6681286149555607316
6707587275443483551
-4191273852796493609
-1426051368890102786
7582507085474178987
818039005687026129
-4989359464614522493
-776785075383314311
-5296923589026669676
-1163675447131571236
-6755530689604887936
4562576010127037125
5060998199982691510
3162777609320070526
-3042578855954630221
-4647668414446618842
8097587276650574724
-2197288329138237390
-8309855827719781975
-4310952695183821231
8483870937453311098
-8589602256667806946
4571438375441938592
-300460344365771938
-5744536255126952389
7017547620029871706
1835272204769299138
3815625867067443040
1931044744088523051
7327347935565473013
-7317210274342211997
1137653809572628272
75715914305992415
2861906624322033860
7957410042363979744
-3935336602067935767
2493095960906741727
-6640413412245131735
-7355590489266267940
-8022362466685092506
7435085662581782462
-3000629512011211605
3366760886723972535
9087757302785672541
-7900509482124986916
-8876786596665712273
-5879677272205477134
-640555415500589381
2270243998361735794
4497564498230791538
-5535997045802362356
6202064052477466970
5391627696886080807
2810972564187068146
3657895176050038893
-6749350136473535250
6500503913106630779
7895524506742494871
1562342509106743785
7206372509821937859
-9220300785988799141
-1108826892641555471
3150302435964882675
6824141886774281182
-6325135100290973093
-997234127074191005
-2306606643197633437
-106002956956912966
6649630531596353010
-930383054193730936
-6220274300987568450
6407176829197708617
7320782486013862606
-544893562072871523
3183084196347061681
-1908203886040648839
-588020262239478055
-1843341097945900460
8593272614207769664
7063429716565978736
-5572543918206954384
-2286311582964518872
3873840421994277657
3165066865659624879
-9070044829520124067
5343729703215148576
-6345201750339509812
8705858708417995244
6632818879938966169
-6367679513930702504
3809149960954917721
420990318171555921
-1787228340676811633
6135244644746687674
9206617747151789144
-832839782881112535
6549729071996819426
-1336999029075921077
-6842758859507493352
-1052802431629120339
-7847004424730294308
5577790402544235481
-3846040000384868298
-6585606976343454835
4321838896652248852
-6137875809678550261
3341207552898887117
-125049873855455389
7560683988418945005
699198121851986934
2086849968568311692
5199035657996916088
-5862369470197638397
5826517449014927907
3931344043318455198
-8797536769923149777
1048059391261527214
7921808113212996957
7490397170253455475
3012679260410879240
-7212691005493504638
-6616926789431071433
7984663601285569526
-1177908184645774281
-8034340853183986107
6748622361393714076
4008025685841798873
-415595347854892223
2902518302703336555
5718391525085728406
2917674056829598293
3477878472918124011
4826054681379349983
713074625431064163
-1796834239717714768
-8509921677118378738
-8969165977566554904
8251165120987053398
-6883601107629941939
435479449106912171
4452444711854577875
4341710462513036735
2474280853655403417
6946443045549383813
8191996136220849636
-4884160235940446868
-5576950082504047219
360630152079734015
5390662102454510083
-2628057395534611131
7313046170439063572
-5980670967279496394
4151023846167647498
8683911030398483509
13369468628306553
206756143692397014
-4069308839609371181
7923376816194466806
3997183367309608609
4887508746939944492
6284634176882610109
-2862699391658929907
1781811933883270759
1927186510032323288
-7844631606403715367
-4103118671068172740
-2897049130678261026
2992079364398563172
6186860512421982074
2965224842889180067
416540819146564199
-5788193031726970730
1528162147036999323
2175925904847280789
-704181792761568557
-4121171232226758188
2318049237190788779
-1132751308037207486
-1022518647220886366
-8559673901182691100
6249452040329609639
433545474433034857
-635223666606690709
-4698017751194135227
3872536729572225610
-960277167926069657
-5529921723981625612
-5823344566991505188
-5420036474067801289
6875238364936805065
-6238140658119243259
8673549010082535818
-5240005340716077367
4070938987338956832
9106171140820766489
2763463514238755729
-720533703917621816
4942038914548339058
5813187787205101330
8656849063542269376
5976381222426712795
-3352761091736368820
4370063545407469296
8863759520034110600
-5128654385284267175
3025371395272841511
3911079595026015145
-818621141000708479
5654824107114910315
2039186511888476613
-9095306832999255733
7311812394411018574
-6622537599515985378
5164329401702678533
-1498594703447628414
-4844214867117828754
4713621370418164339
3875408207380886390
-2336470775487229294
-1088179631947180617
-2586369948609573584
7791614890999063560
1203986647818257536
4846428817455068653
918503451014470040
1376069541642990221
-6188454462842809525
-4565730321358178801
5812654309940800585
-4276354714116641386
8316981043811313787
104440874041390492
-4156750311937899828
-3107361400572510287
-7852139722261329906
-121956640421114890
-8020971663285645898
-3726638928099049965
5895973110942695466
-8674429949114995968
8828197700810584502
7743970201000542373
-1244298825703187136
-3849754295082806429
-5237581474742701656
-1387017705560460479
-6949393544524361862
5146089179146355380
7284782348207092698
-962681818237304621
-942879892528948214
7947671632233037986
-4466422563319923678
1317710903763661665
-946782130452610821
-7137556874064496420
-1278286757744866531
-1522297686926740658
2278490330492240530
-1982467054210582753
-7792656284319757729
1664518207897305369
-8313645080068845138
5702267518600208157
-8478679175008094275
1493281238009984898
-6480950842997258011
6155502222169694689
-7598799382031549544
1202785804922804195
-8867230059905855122
-8849824589183269652
2988591219173943892
4253659375451397838
-4124881184345562693
252272532497412864
-1858208194030970215
7051728036994507724
-3033679877383548640
-2986381259939850447
4345820800880019782
6428851969651917889
-5491902477554014290
-2066020462006588410
-6311002898381362376
3180752978486225630
6931361848402476897
7835477205871846808
-8337272617627560702
-4604048109996410190
-3514271654851469258
8141521488523892553
5461392224295826110
-6918958791717742171
85311977202197995
-8860810389856285409
-4143337383611463745
-3862126021773289808
-8389357327036345470
1542742758549703265
3212395632362635280
1474321181909570968
-2476539944077883451
3833800799577817670
2825432664850207108
-4864088584343041926
218182009140038
5623864235518527944
-8976862438265267830
5899116627002929416
5873432636617231958
7715453594345362805
-4762868747710551621
-7236079328868157398
6361867538311554388
-5064514175519812945
-2092058714442133625
1034570053980188218
6457333853882268810
8812186932341075586
9170392583373770601
-4781318910273261477
-8368547377674949187
-6493684957830877091
-3521532958616873722
-8085025677627268468
4854314993048533818
4097203453586078661
-715238529881992295
5589828850128290713
6848977342702031076
-1103595257724794604
699599323002452123
-1634840200625308997
-7989861950386093419
-7712125440945754058
-7149499172486375573
-4530688709161721928
-208176756266217534
-4605736364051275941
8158045878083011643
-8497672685219170734
-5032541205892496781
9054880276126904496
-572348458915704866
7342646936879550169
6216925514951104610
397807262644593529
3742824771074167522
-3054913789329687984
9071851665314169449
-3432295435559232017
1070269284364261704
-83496778770603031
2496317707138318860
-8927292523992822762
-4646950885994691727
7014327734577372137
6695899869304348443
8870415456508613602
8171654726587940224
-6369041428899665087
1167575445817086740
-406012592964557071
-8693419037327235176
4789995132610298336
-7303262693075087676
-283304637282930865
-6048497793065637398
1321268257098180068
-7352290621892089073
-8136785721813204576
-970976228631154242
-100282244345815909
2901247015355876594
3607519459051577175
5513756239403510976
4150799014410184184
-402976267201545296
2654131748873025257
5757612896145014402
6511425289762142084
790837912921346752
1133507000605151537
-3254973740168090216
-680285522237732833
4866150522331335282
4077081077466312545
5065562593724918793
5968738835306023439
9135761413255820387
3928915973969453446
-3380770010034961026
4984814740934846516
8638641858459140156
501816922423103827
-9043329530360221040
-3650920540313576796
-3628631348200266027
-1607232197434206868
-3280929398571157651
-1986705186739140123
5024625822575105155
-8356616900794681228
5925995836597142707
1568362974065105539
-1491585155880669255
-8352229680844858790
-7318150933829342005
9137255210240933896
-8278198861012467809
-2385575442893094947
-1342408710585115816
-3314011504375003357
-4994392873066721125
-5717094540683497830
-5390237956700337014
2461447076696760511
-1150941792084874345
2609736207621858265
4684630394205452919
-7137661318802945624
-3120594255835272276
-2845123531185736387
-8661426243935924816
-6063306937553732060
-1688254977069507943
-4739392258292121221
6400996069784438682
-8439086484053415272
6976659513670484540
1426769965355546775
-3611285100670822579
2272192990637084916
622203675905915780
-5326247062900575049
-3970198446297795346
6514715907618981715
1091036853440467486
7343912259539823134
-143809939426080828
-9003179731750136505
-881708521283834286
-1249670585427013987
-7471475440685789753
8291314270498094817
4991347092771829043
-4581532166574187931
-6020019359854976475
-8647747989743950503
-6080379691021876926
-6868550863849722689
4553117426268173348
-4384901940195870168
-7473897955517209756
958382281810781343
-6476885694500569692
9110457777839048572
5587517453584476767
-7217010558437223624
-4863593454593838640
5568244946414185954
-808314043800216535
-1560878975882760594
9074375187674347928
-9189867776198834250
-6927255857320223565
-1189224480290281080
727963402539215234
8424127171742713696
-8907787306207020335
-7945789252300656994
-6872164542253862223
2464607345526868911
-3759821567810130899
2995800152270298942
4571485304143654371
-1409712011573180723
1729888427219333936
1783525595460013488
376479244925204311
3347376971168300743
-7350634461160266005
3150926338637556725
-1675579267911424577
779304677390322708
-2252498605731025216
3334772651815597826
8848588342417060352
-7556795771734858584
-7826172685877316953
-6070799570061124766
7061453038483082126
2840176320083679181
8577289494920228394
7366755991414850969
-6710816065884763741
-2508886324098318979
-4642262019226513141
2805752019972982165
7272400225877420160
59546135496229692
-3511089781103307458
1908311477847948844
-2494695373341405039
-480824251047924941
-2055148279091075234
-7188193240038454371
-7606242705314454364
-4429419968456631947
-1728889113230314305
2174713532956562073
910609468891742020
3205407914218232500
409806525491924485
6405557347992699730
-8705942843420465545
-6086143945701392993
-4710328144311968662
5725085100578491475
-1614583957025930253
-295339177184253179
-1292199994738345180
-5569773303972400515
4160636991661458384
5911567155649312862
-7825913435795842194
9111679348794159805
2615440604847557
-6383060406985774117
-8808468578294401199
-1387752785801757575
-3870296714365776557
-793514778980634372
-213630894579476935
-1246309061417104907
4689909952325866885
7689580875956524171
2787452291660493177
-2292668668427523737
2706964293113331140
-8829162213733652162
-4003013027223695174
5185428568463771996
-1752327206527445424
1500895195534099153
5509974727881928932
-3008066260377956870
-3562076775546845497
-1233890019888746323
-7098492597728282649
-1463498580648629033
8407123571320629178
-3679165241509181507
-5591579441482082818
-8159104574765950359
3735544188914949353
3684556140601153811
-397397824292719798
2395933879898969542
-7821182718232405400
6879267102351575922
-2180084251307239342
-5261901702501548211
-6625899967177161000
4132537411720881406
-8918519493303249640
6452677827030633314
-1751184255731035186
-8784169835960671674
2225373756299006468
2713133678052738853
2762007632193514553
83169700243128251
-2018978448073778914
433593227335303662
4426944249241361191
7293880934733311891
4190164127912857749
663567218148517129
5170075367567149080
-7687770010253729434
-730429997418985640
5622293928316115970
2979232352353753238
8631968707101419606
1138679241939334021
7264224620202370932
8757579370445520346
576346396277557076
8659959307339928516
4316721866744515819
6194165605871583041
-1735604331659759791
-8108804358557885723
8174694625607053529
-2981705771237639116
-4696946500805615098
5427822119828311005
1813415093149341646
-2240205169409880993
-609855082778051239
-2230515814306340660
5823490413570185820
2049058761941437865
4484104545713088385
2900112809108689659
-8551701773739886734
-7426183358597548696
-3057520331831889250
-313935185393476103
-1009915997478239082
7001478417013518327
-723704009507480891
-232948761166951703
-2982320758745845331
67759223314639030
-6845496920816465641
-6293353316409298848
-6283680690385969247
-5560279690142366715
3615158737596560677
3773710476209953736
-8458017340491879568
1272488063086495858
1587801761322490851
4861012223258612365
-113662194237042703
-7626065248210382675
-4581596290812366945
2643997587748848417
7019710856245844342
-2452986272339202664
7828221207030630234
-2813840080571484139
782935029682377338
7014917971753015663
-7774899673387771342
-2716216322090283678
7799051419636173582
6268371125170052395
1233342882448144269
4671490563100591347
-1309115764017148905
3329474368662908065
-3959486684101010128
-8924421015253250617
6644556690361858613
-1415216639779100851
-9099405279315037212
3444219671881345824
-8451998480061288521
7609893074115875013
-2066085169214501724
2100989435133192430
6533841833062197531
907399339070501809
-2728748687350544296
-8158222003961905928
490902976659620988
-5447583959355155690
-6984727554374538491
1588456572095171447
-9169008751902712209
7150941376922745798
2781524838227715049
-7600940631028618685
-9071136532359828106
-4946282760561754829
-8540097371819017845
-4009980737074568156
-7476032185421274599
-833126534459586008
-2337385986941166397
4244825580511361500
3008158931266944703
-2092932252614899200
-7497103652536433768
5139569403146433780
-9042466649122602138
-2221592463940326593
3192829781477757018
8058189368882041200
6406032724734741525
-6945578406286192577
5134519644006071526
6991031185822825026
-5125524688652470451
-8279917833089774732
-1134769322042986303
-1461870137535093034
-1897689574533271084
-8085181697568282105
-6616896228210247498
-154786153140260510
7985912082026237878
3072899329805630688
-1112101576410364738
-1305043003920273978
-8980154773585457978
543096047293404479
-8068220609044299544
-6433198321046495816
-5223196368740986874
-286915839992459669
4507786023191475128
1565805343914840530
6250527613960094636
8100887887368533121
-5695654830336329522
5399674231199414884
-768750079485300980
-3494503960623630048
-7387523326359017088
3851968976184703275
-4885110377215196115
-9013423391634106379
8357160519175177887
-2385160555010194164
-5893393736398984352
6858956904323878325
-4347368085360310913
-5497703726207995471
9048244126212980381
-7149991421031429098
-588774593638300260
6015102146525090862
-396904738224108948
-205752577730456665
5708884409320752153
4135765785613598760
4578844683072625671
5283516400313321386
2577726253952334122
4490336252662910227
3508783613541948450
-2023774286606990733
-7420763749787703263
6368472282231087186
363651095941780071
7694922575900310615
-1134347924042518344
1150841220780478513
1090530044209333823
-9001457098461213194
1143997675065378608
-1951295089520957481
6465307719000567399
-5699885996665116956
2626262755355322629
4827337168981759512
220160046220792959
7594153731970119900
-657055740079828054
1236394831084507567
-2672244331179866647
7852035478692328386
8805515978955659830
-7877009550542389654
-7292765612487919156
-2205912858128464786
181823951451586117
-4730850865144726235
-2559065593792328584
6925488206452180394
-4267040774542490379
-4928639265326941034
5483581190712962459
343991318302422835
3323747966397877484
6755349866113861996
4558024629654647376
-6427715747842443952
-9178921196578817015
-4358074776801305498
-1414623239991784451
5258812561651674520
1500301452356828493
-5313263450552244167
1840105659870370455
2264132748185792906
-779048626707477051
7646332018438542052
-6391801250581211344
-5766537088993851354
1390081232620185148
1537120232903530610
7899347327597307094
7052571123610839957
4572215399825274592
-1885976685860317932
1199875604196061792
2222712506309515416
4245978512048553011
1136334993011557094
-7819298436365699465
4666048306467876551
-123527497880197769
-7823723351747797760
1909846557420921682
-2937206074193083984
-9013346205458551047
3504848411574883351
5380427392901142126
3949818949176841622
-5662460913834973228
8558217905980115750
8862015018635312520
8751907187278649507
7178651576296781432
-7188709244799046285
-7676285410556743214
9135048352836302924
1495124159040438089
-2532816276435161553
-6113017649801801380
7769205468895181356
-5095669394649864403
7969233866133660051
5323122026734473651
-7116390691581041141
-7255083652721219894
1368972659877536304
-7655720114865673299
1716035407713460003
-2381039067616727613
2792311846507805765
-3087171766495373029
-867317695387074736
236648174963387811
-5220649025699130180
2281506033162753647
1062423538140141670
-5373636783253513808
4102877842923072781
1260775296122531195
-6049480099169616991
1102351165409339979
-4025039104112059643
3514211375149401856
-2000254627741461937
-2127686674332986950
1467810163900086987
6374505829713674062
-4236234008236072217
-1520226271097637161
7159566376226963685
-5754844062253071290
-8771322540731005085
-5971482250375489904
-9057630653855883365
-5431735718566797667
-3209673306817774399
-7285919041586676060
-4988925188551190535
-8846148909601778228
8509582481674579650
1179930921180258131
8621658607725936613
-8633608664102008634
-5089602093306359021
-5144419566704351032
4881848906690788239
4340480621463842478
5213771603895594157
-3887540505025962342
3817650817480819082
-1398023305054989741
-2714684173554668115
-5239436230920086195
-6909382841863148556
2946097369347359370
7655962718709633627
-170577665564704820
7176433245139427516
5268338342198490688
8447935440166158506
1408390269413569281
8695901508995290832
4376120954732007732
3397671115786624172
-8273362268133891991
7091626653936333161
218039190072789113
-7505056257391054521
-6428816695511214925
-4311821208380040837
506383190364370017
-2792204739502812119
-7993316546614029251
-672337219854684618
-7254649785760000038
5948456812379379950
-1324308636840725975
5472415431492040432
-8474070341077551924
8594354527744108527
-7420932882974803359
5596266968376122219
-5804348621933080046
-7430134872691250917
-9129801760684789816
7127021822028973014
-2004146376662903729
-2351140450377261010
2558476329597496884
-6495612264439562002
5286054477583793790
-8697453331850857729
-2921666124418440607
8453416213534496131
-4446806744908538141
5139014190134576761
2719966505177647582
-9106474187571118553
-1100366652933161024
532755605224381142
-2782924120966459499
2569802727357703847
-2375496064645107270
2348052414342103290
-8319605817279466599
-2924309557528299314
-8069479167319796721
-1769897335589280674
-2214537822663979745
-8455697184697022453
2478717948391469329
4431222378384686895
1831327100481090265
821364462034125941
-4672207255172540254
5925836280370003167
-5689150024011110958
6590919062654446693
8918684596630593274
-7793020387681218855
5207758277555702667
-1534118821375990311
-5694597420130949473
-5357341566955941191
1821542311591643537
-3763002938404203472
-5957964048434519631
-5762601535273425792
-5775722633167321633
-2299384716088705017
6766794209524769677
1207364907099453743
1216292576323312633
-231598791202909987
5059756298818407544
-3716645963616843802
-5953783630338515648
-5670128488985751154
8573050506509876568
4518977200709649409
1415292079036042280
-14488594967756253
-3996675874516294529
-3474853296651386357
528621502079720075
8352338793443603343
8021835014472294128
-7280044835681137104
8595216552544397843
-4224144947738836953
-3477974251111522643
-6737927063586075260
8373041151260815503
-7280255345761818701
6475944474737226579
3874991748582523525
3904348291724249467
6376623436078561947
-5201557830689810040
-1472833005555176812
-3208676388882143222
-5816832089459717621
-8407394673212521308
-2487960099840554758
6383381404802210922
-6441039340934929156
-1195887459082858193
3326941703834822999
-6295730169386835670
-4468098501423260461
7870153408321485365
-4314715394106103586
-8433157331346538386
-150356553384010906
8669076683857524358
-2403190704936589485
-4136306080828494202
-146962221826066973
9214107965543549475
4594271995390281655
-6805167263056156435
-7224265362430092478
5052066992297708832
-7919930464348185857
-5582628640235639274
5361978497077484334
6876860875392053179
2615970395760167966
2245736108514353030
8393955770490877498
6954019885277258773
6370012590447594682
-619913118435270214
7629836079892127354
5985068249284485942
2147637031307733954
7804369934702522951
875435645150306131
4823694259040657770
3399528388262097999
990217509084057771
4928951894155220806
1483783684903621957
7234047209484622677
1739747661766164221
3689928918144434713
-2906439904365315213
-2470420811160664178
9114720651402483471
-6901420283656984065
-7095801377525144071
4799327688246634940
-8194755305674406100
4388998392520471149
-6098453676534221985
-8020897236887961796
-443246878992285356
-3964848919120133038
-3295689067408810384
-344626513285370345
6665465325221648586
2762269399922046006
-3227384774927209664
-8415880989344520667
-3351902261532050271
-6079726965493924155
6700839723202453062
-5220518611873554805
7898599630816294797
-4748359074429959941
6127768571480002591
3160225100371995188
-795006046982190847
2124663784237931577
2223944455112858557
-6004631205634962936
-5025746432758228242
-5023279008753550790
-4110828704166918170
8520781470546357607
-2402611050574440581
-3118824725259549170
3059161077978761165
-7036477941697843628
5455072661728888756
9214038445422381405
-6229536604894747962
8269672543836555095
7482655960255708336
4988553646992587019
-7077377390356341814
5927890430161306426
-2790829547707265967
-2614827152682916160
-8188374044587029028
3910547240361140965
-3174356521634775919
-7197332129684405089
-744226841731612852
7834481376154750575
-6177514989827061231
3794706164874219755
7913842852766946995
7095973771436045925
9095867578407902001
2178406946974743314
-188576916018120962
1986313665672966558
7718575740012152863
-5523569273402993287
-5841031273082101560
1600478185357828640
5171500013277302627
-7269904180308549033
-6007979746404657494
5919318309931375514
8568153438293450969
-5919897685494122979
7098010663667712157
4309077910750954124
43188297223510582
3184610722051502701
-3236807472049884579
8583718644795270468
2069909919070508929
-5967357788414347187
5295351807777896625
5779882577117052718
7694096383635748825
6901102947946360748
336164169266765031
-6620111036101903641
2706363666651083645
-5983944492222594344
6136950206000458941
7706942966088498162
-7642388230538755069
7519173292423151166
-334160761300884978
-5743126281517985953
-3034302848586532613
-2038285025201689271
-5880906627593567827
439195655584310685
4543549826243586041
6765060662047401195
-5472268690816975528
-6685619117519764175
-6823332731450308419
-774184334678898828
2213100258985382325
-7693316953627106430
3624361343549690983
-7078772035558699332
8767136391154106110
-4402596488539360673
4491309004655756589
-4514399738973344217
8228516327183904069
-1575150568134039171
1283121734250456447
6434214638802140000
3568871753129641983
8247962592329380521
4566001822749452531
-65843638132606283
-3455283670786339095
-5934977276831535051
8161194765637392388
6408612721583567498
4613418776270142103
-3182006246528609705
-763516596494815227
5683590291462551892
-4061573714018455649
-1523904756265804018
-2701611649153612271
3215585826647706595
-5214533188476600880
7718024501628741023
-7744246571593484069
-9085450011679536116
-4688287900490270264
8769707820344818928
-6111367784989256908
3318187388104970533
7526599170043676749
2523733953129947356
-8929066575675170004
-3978868372499190498
2035694047189578739
6749205046925833699
3831309646852127455
-134467717116587801
8432254373663394920
-3075835340351878245
7457522209446305879
5887301218833343442
-5952842688223449956
6639862070123499933
709412522964210657
-8017535663713008880
3880385819444177751
8029258165393813682
296839861059270111
2320236550898612191
5237443829889241651
3896819164163520126
-3479179506462269879
149207840711625043
-3625196926518011879
2221829460623773457
-2661917734464471600
7667753615862881401
5433479064288930336
7702758393929904772
5933570570514740320
4895448143394711565
-1208409407868663804
550412189145989369
5693031340523159183
-2071360951177780239
-5694934458481515117
-6083340830561038890
-8530019686357831918
-3700066547345562602
6930813169140344125
5550584134979686616
7090354233623118398
-3696844338835314386
-33757761515183008
-5613567005618315420
-1078819982697899561
2084610889876106794
-678534153322727541
7312889267540083371
7510771618736912049
-6730994248960542569
2568780910505416981
-7202942006388502821
3423128024942755267
4780325302168529546
-4210237961292050296
7063736466737900890
6964967494064786593
3376524722800488295
2761310351596013523
7670399817879530606
-1192636555699405343
-9017233785617239136
4215264159366658165
-2292121577996401311
-955017932658332416
2357931232420502775
6773491875440615112
-6403667783439639877
-4091055305310443966
-5218887734406813067
-2984151532382897800
6000540910266054359
1354155308289238429
-2460898880829862854
5486342515595747857
-7450303717388803885
-1472018172783274404
-7283740025893046264
-2234465029086034041
-5418391885578138239
-7690544841769120286
4051588931243543359
-599133651092762631
-614759996201783257
2266960476991226341
3038918875756070925
-5955583264244112452
-5830538112184822444
3530197669572803939
-2298970378034870840
4682356435689905427
-9069438144744679862
950344939325160349
-3052972722736780838
-1558757001523781344
-6707160375093398719
5469162639977379940
2401941460556538181
-6958808596743581844
-4698481734719546982
-8207851877582269354
-2004979327999026888
-6504758677613954243
1337455920432057952
7531151237087608697
6121496399211676605
4225235907356218784
1174077524875122865
-894385963074337610
-1561971201577864338
-4244875278479983707
-2083598697540743823
-7394457105088366362
1301399141922822265
-4889330629353016985
-270710391081417099
4751217866530277224
4618452678792456636
7290486713318996758
-755233062730077315
-85562967770390861
3052511149192715786
6353146225356701681
6463151051621258152
5392666178668521011
660425397358894969
-8842913039697433405
-3689848109446440397
-285944793796227947
5514375840287681595
-5221280369447226028
-5086506660813623968
-8026412074295205170
1215519493613129569
2967554893211083410
-2138763500407777217
-8345781512421610932
-5292641713869682105
-8656342095818981871
-6705332408202899177
-4665673914386281793
4218663707307658682
-6225770146685407325
7039698957929576044
-5476278881823991366
3372092939637105503
-957676191860677485
6071845974547010840
5935626749627460911
-5467719158946873387
5707802628544089018
-6942136914248882777
9049346287299584309
5775468277544839932
-3667617060065676716
-6221720812672130130
6073764212622741398
5387680490014750236
-124145561716873078
6941185602649519525
6291053244768613070
-2499526968129587094
2283330339320315535
2959315149902152081
2543898650869514738
-4119449742871869650
-2505811877796485676
-7866982675121118070
1496459364324397164
3123956292991068199
-2732120932398064432
438045028393447775
2825604090541680834
7057905340980174384
4866609274137724800
8221179744527600803
-7491721498147451866
-6070827544990681749
8567753948223476597
7349443276732731636
6121447912349128428
-4156980507619215462
-745481909848115760
5198576812283426875
4194849171536561353
4029345936481466456
3480022287697145705
-5817136236621766992
8445192138100865594
912628470058828630
8090343404429150453
938228483903062426
2248273448784096268
-2668524254277113010
2646222009750577069
-4989758561425966986
-5267916162913939596
2206075555814531692
3248551465452272787
-3516757099495211796
6734098091508096386
1268313863991808250
-1815063930865500528
-585958242294210543
7965742825450608284
3201716977107755404
-6415719275015605535
4278645473899943002
-1318360922168701974
-2588686194261212970
4344107735454058081
5846156087146716630
6219138706785654325
-6344755570464814987
7320131663925082648
-945028256655940085
8803696863844266106
3630141457706095043
-6960099091351154381
5924991876091626970
-3995653245088797030
-8914537309232301214
-534251553054952167
-5507006143950107941
-2173742548139269906
-1722726449014367845
8425179383654908993
Matrix_0 shares[1]:
-9081747367052828867
255108972363003741
7358250948555745609
-4506511295947124851
-2451494286363058681
3463549921437531305
-2252524124371711970
187755413904374632
-5257889990464661380
8294868059984483858
221475360150758148
-115711472840134866
-7162926105199123645
3619550855550996718
7972627690773283687
929345289294371892
-3410255992738089644
-6509383677652180661
8742965653948153211
-6095432476842607494
4271618439174587256
4290307709245041658
2066156568732096404
2252290735918718119
6134695993231670240
-2067853759338747716
-1427798883911950570
-6574115552703663317
3141556425170961687
9003590924936539904
4395541007365739939
294892518628896862
2785853356251134160
3882736471137280693
-4082190140140444147
7146352743305005043
-4305485028118932431
-5403620519150609160
8530828071782698430
2535442969584657842
7026700676948027694
-5539255078922879868
1017199201953495292
-6107035153729192529
8552921406122257129
1291014681310649791
-87139745786230649
-8006643799271817625
2945767300298659623
-7450279421759790918
-8560539698101428437
1527312562297760819
4238719714752174199
-6773262716099745430
-4596195329624502190
1912553114761045451
-5142125764163223163
-906600255493537507
-4203824563228049639
-4941690669177379076
2410286388007072268
8779392553894073087
4612078708217803279
4239634312982358065
-3308698294429293276
3763972396918169333
6286642870626213576
-6580603415940570783
3805102887385897168
5951046445640429770
5744043388519041452
-6877198400109969196
2791007123989753559
5532036026310172793
2784345528982085126
5210127560898511517
6970598456842166699
-6203479803257649381
-8311337068512563055
-2286701456551694512
-4965061932125461726
5760145027347606784
-1807350977309485166
2422122978570723988
3614364923013830570
-5686904105162507064
3305293114263140349
8901624604620319286
-7677569135425548441
6036514778241644127
6918781340848951371
4389154466942346832
1472055916503138278
6395918007647499053
349976205834139409
-1288874394891419975
-5672720596441440778
-6380714071801298457
-7010734397560049917
8447347665662674247
-7855531452726988968
6914548076011353426
7128042330556407138
-4216737679141069100
-5988733299669088793
2015091214707946091
4805925431916210678
9069324724514956729
-4125915680164774036
5465820035260125481
-7033438642273847974
8278740537987954214
-9060830518348361702
-7707958686211586761
2676626482372558245
1864646128694689090
-5803286410757883508
-3000704338714227240
-7810098417203875936
-3137338563640180021
-478098673628244592
-453857251734198960
6364899753807150673
-8537188674653537451
-2209145198202395179
-8790781946544349782
6342214575916019898
-3847334899468875084
1264950376672739322
-3920458093539508291
9114540321798801333
5306558431624831397
-1941270275119641401
7421886958616277021
-8976195548331137135
1846156535389320406
6012011967743469892
204954966733760978
2434898331437571025
-6695406669192644856
-7033686761542718719
-8602544750885944400
2294214268813763944
7661745544794384304
5519786850624086382
9217656852750659540
6178511015936711090
6615819537914801935
-4772402329596813991
-572546535459538289
8887476383471838770
1370553609888181300
-4417128801309176347
-2576942390391871532
-2650503589459663791
-7787745400238238508
-7286047639384531754
4616136368511998185
-405351526450280055
-5922793401948864408
-7219716960983663937
9156533498516184357
3108574794728968212
5555118113505260719
-8247447936624051521
-5237441418022382506
1927377259638220181
4258637008032868684
7774825910116370762
-8598639287304869445
5228508511975358553
-5479992370155844085
-1215837429774548119
-2857726025779221797
-2386515463832024769
6436326381018588962
-6996232702776044263
3907999115276147588
8011035959718192672
-9011983292561345785
-1378297931247522534
563175233928478315
-4407565680452359264
-836847393051941667
-8882969162992744355
-6352311565731221221
-2355623151709060683
-5036050517561111885
-7973823733064075808
1980900945329165826
2041412022305113440
3579028122421250764
-3806973627284938580
-8146771157370768628
-5499707371291194955
-5343777640838591380
7982067088786198365
-6270451899885611037
6240934360628004716
-7846814865734062944
6070201603863028356
8496649307663035176
5898142600423392481
4141324172735925239
-345807991085854587
-8671170147344898752
-6294805960027658909
-2773822337668709156
-8190478726996096477
-4552957777270331423
-1756735481334461995
-2201638233999966704
5030836824791541877
830363431185038600
6316772827935914832
-5340190682072125943
1605932010278206797
7935046662340137474
-8751472150036994890
2123346449725375675
2511689018278555230
6039108569390325822
-4349113530228291704
-682367740508654004
-5975681305579079930
-580565488059270858
3820400493070803798
6432857955977676571
-4308101174899811144
7042543753555697847
8152537520433905739
6793642072644948133
-1066914643101899290
7218766826589447777
152061645278990286
-6910682269265816893
6472215591370316301
4331864203641746415
2006590908854229913
2956616306357190734
5420396723850149061
5310830071026712178
322621682993089999
-7337311484453442696
9102768266368548507
5817952514461473925
-1683396747342705596
-6666210347300542000
-7522547057938467674
3063315484734057490
-5173331081864984465
3369511090769939738
-5348208110209215284
-1057405973389199008
678895329468953108
3881042697121943118
-4046145276947172838
-2375863261922821053
3431432639127562481
8167544164452154929
3852669984360030576
2805376324889079271
-7618640752904145883
5014847535004665459
5584806183378685467
2090161647450690879
2628129214528285178
-3536964035354407876
-4058358216169450268
3909165028278534727
2120101350620961177
-5497494923960188411
7200431917308598320
7516402536671908728
-6175489379925296102
-4286895434907107645
7652142845746566603
4552793113383750874
7213195638585404430
2574188461331030146
7975428100806063054
3663098653304833657
-4071727631845997642
1676134615354200029
1241157588675229905
-4544187790156529494
5801636532393997203
-2557993593213106407
-6663953948835814094
-5483940595800722511
4436649314686326088
969518605803660093
-1568944000129749227
-5817549093719821307
-4451502130661467797
-1221617263368746234
6327960723828817340
870149944496003175
-1484752308133566759
-2378162565273213699
3671638277573717176
8321722588700827778
-571050538330632556
-4234587380356988146
-3963494143913972273
-8927371257461463683
5832334920501104603
-1245118381879597947
-627176920856130045
1198107234511127245
9043325808631359771
1875861424612179666
-8964371257592708820
4714718790214008380
-8371841003269963668
445090570130420022
-1210279759716994041
-2082957681866687398
-1511074190791102686
-3461227183520475687
-3060379644999880539
-3940890663937383003
-3802479369366173093
-3441751410342187038
-956683881481417260
-4309949961242349210
6728683985599553095
-4933778737844034632
-5214913496737089127
-2352319634640386370
2778769744930894379
-4051066778093544446
3040548202031780666
212302123532605643
8481812210709518863
-9218589943961179901
-6487695868057243357
-1475833955365865210
-4344554553925472962
-6806634468340761933
1205562698250533189
-2208497205527370857
366404774199710695
-2524242942147593023
4857917651168858550
6190043705635261334
-6697091582839040499
-3292430540349286027
3855814160529847832
-4356370669466225882
-8112364947662281872
5187576015002367113
8398116433314897896
2769738092385729690
4991810158726584137
3048781481917577383
-625076896342893367
5517292559302305995
8386319462530908553
-7145036124843222607
791375279804068009
-4697885932142925591
8260442169792169206
-4706150243384192734
-8324405737250154829
-624308395836933460
-5417128905698048498
-4605646255265500046
-4632624826352385448
1869035780351056270
5948261015524299104
-4991306777879277232
6019774543938370342
7022229901216677210
356710831380123771
-5583400064966852278
1290633218091800300
-5040784117619342077
-3809081307412625773
-4383629964034263789
2748956605319554259
-2578936820620156997
-7682294381094204515
-6841141624440555493
8851165933359817056
-8152669434267221281
-1332707023653568862
-3154441841163404260
3869271511052455826
-2898458392700540433
-4098225340674236021
-7132678234523415044
1038091385413324612
848011719005851661
8824106791051552818
-7624153452187019194
2938936902468657406
-7335323056535892081
7220731753136690345
-2289028134608339335
-1619155543341631437
2352225357859383658
569829421187133650
-2548061466424853018
-7983842263001000621
-1752917705051232284
-4618894175396388253
4497338495837467968
-2701064159640532191
-6426441104990941663
-971861949405294300
-7374159984860049581
-241921329098551140
-4203100131559567063
-6453394326568877834
-532732995774987977
-4338287210771961151
-8160236961663606438
7705221536882892125
6409201471136013949
6183800694632296931
5930106852134908096
5708732788532568048
4473872833827831960
1843604715132990494
-5337668728772856642
-1950365631387484836
-7954826209300402225
-6481346191100791524
-1998848701772384513
4907741502933732235
6718142430065770111
-6455996956402325348
-6086163919424944360
-1717060267326754475
8893505835106288718
8292707018539021223
-1637548964581283058
-4517827565172714657
-2023974401587309502
-4571620888964495508
-7274730807370918046
5137760304316302747
2308432001581841820
-7833057704941372536
-7431447422295793915
-2413112702079899045
-707661286477538841
-5540669371375772940
8463983848439879635
4991091707630957341
8321779307925261896
-7857432214362732619
-3378451182291358767
-5699341987798660067
3942424977061491537
4502019842246059976
4141271671323729450
8209393612029629404
-6240906078144492193
-7280802052188047163
3359412997733271744
-3224932741377640525
435866373394182592
-915586437335921508
1545764691785765269
-2302247982912813923
7428619980624099051
-5381673238008478978
4573435113099083666
4752963205740499803
850543789529624846
-1546014748113661996
5773125165710436306
8567253793701613143
1544345398493454808
-9119091366449943021
5603672392220749148
1479963493578480416
-3875328036104470926
5149012492705888966
-2529698244729814870
-5946309668824532597
8655054393020744052
8089718841794645768
6684227066642191696
-3751676112151122308
3643262978715471293
2918950912514437117
2999205332998971579
-3784217923357566594
-3051123107384255063
-8060693252693704342
3480944589932814818
-1179652584150666113
1757496618281164201
-4296349505662414333
401183444946228518
8501144511735073516
-6982576874219467935
5359654051760245220
-5957976061418842206
-1348610562101588859
2401752956409644916
-5497947608255226845
-7446539654524477627
-3256480126549481907
6541599941308168731
-593404342911885518
-1483686288351141826
1652505553223549267
-832975314756048036
-3897915693995742892
913680198169664911
-2562010756122267648
-9217684547375190849
4001091291766198896
421264124292442578
6997002920832775245
6457154748321084445
2603037004705981022
-1937164910451896463
-6045564368121536839
5100098912534994911
1917535773654545723
9099396038405513918
2672130757284603890
112094272466455396
929876136718270223
8720487991816437012
9197464923772546271
5186138584798567885
4555639020940318797
8626005347422567768
-3935928051848033565
7722452212048594559
-2937445591140681957
3617544465753418133
-1664813645901288999
-1317376814129326542
-2195825939033375216
-9196130802430246507
-8638996279552500484
-3314944879573501199
-4847616284016464305
7791412449828564816
7338170931521983512
2084248144896832828
4036027189735007963
-4181409328485503104
5195690241357971596
-8830240911358172541
-1446447398074579514
5009574896919207556
-5244699812354221806
-2353557907701402081
-6143918792371112191
-1377826340364837015
7517487130587419796
8565934716737861185
5806008119301663590
6065706952155252019
8111666822005238626
-5602902831830896216
-2739716289767061339
-1930764882755338048
4817110696834048281
2517831565243425110
6853692198326278366
-5238023117748701021
2926752259071566403
-1775921916296694119
6720039469387465072
-2501966628643109676
6048840108329551530
1971500683858970037
6674957336280944041
-1175143821135297672
-6369458654219905869
-7789158344843389446
6302506243219674362
-4189769697688920491
-6352452768726598031
-2135002292963718554
-3099990310478010005
-6912673359683695871
4067840479991591988
4604419595543407621
-3835730408226975155
-1666881749710594937
-7969128737267474802
1770848777981655687
6991109463527534776
-5348508792816533599
5921583356342307263
-8961925186509954389
6270413625091042703
-2889509713622854283
3896791694488034015
-2911024819956758692
6578468362070526302
-5739669114463445076
-1206797690284920495
5468322481599059604
-876743602272083235
-2671564013475704669
-3583719222049155235
-7126699420582720907
-2661008861038334705
2793318500124040700
2983098582270976608
-8579999871302124818
1787898272647209580
-9175134118848223750
-4861126815067279712
-6109691804381727410
2326689745686014427
4668579593245562691
-2036569607463608533
2831627764299590539
-582169547797159780
-3240950006098314624
7082711901483485072
14388713999567908
2765125407290960677
-703970090958936371
1696381991625167391
-8708658317406153942
-5960615298065283512
-1626628781559801320
2259819510275812186
190882808447773120
4294340984338584959
-3766834897009321800
3103151682271316600
-6437169944663110918
350483779976764870
-7430169209340092666
5401079689456842635
4871524145148150287
5852997387789608525
8879199682508722415
4580827611688252285
-3996945291562063272
8171449244367931097
-295618933388208746
7637523030754331204
1657602016386778611
-2676146440746893039
-3373096815747906355
2636621017037996466
-421860503445504189
-8217908944226960115
-1242418145995566349
-8357371334028502666
8136508047382774015
8866371526532384083
-5351673269972696319
-2186146954564825915
4894705299552343652
4691244180007850792
-2441000748165369408
-6153656486331418900
3119138215555688210
8633222259818511107
-1385424945723317366
-1576471282293530084
-1826671174617664009
-2804778972396094230
923354669587892759
-6925496443859187140
6027681376023414758
2528348642366949037
909357712813829083
-7667295571771427787
3466392532533987493
2628071654359973522
1691512055269865816
-3981132450545687098
5569998441342647199
-2381755829421768001
5130815749409257795
-1718712502886639968
416798164575158336
57686849239918339
-5882135085239737354
-457199456439086439
3568076351638594496
6861276278978071639
7376408906477005145
6822881424404089686
-2623351563611508541
-3364529276878433215
-6824207356913032162
5762533366300917543
1482817997552277082
-2184158219409690550
4463165519405183362
-3125577024326721279
8629734016699938284
-1943220341250671432
8185700193891739741
-8706438226188840419
7491526634125221944
-3776439748682287621
-252524954377172173
5889601048883155168
63650085032311702
-2889611855806038531
-6432476670581738754
-9021005461118643348
-1630013021329978026
-4284767411453318290
-6751322823577065172
5363135517382819507
7938522709240804308
-215216277508970746
1403099399336080939
4055794497577528181
6424986735973550343
-3120322761964190138
7278086296221523661
-837316500108948883
4215664235782278798
7553669141922878703
-5568709194361990094
1551692332427854780
-5147312430587809692
3920656870301041949
-2628951906468373110
1164334325598423344
7860839901814367599
7782350094524070561
-866647882695357979
2097099246777529459
8601529662884893613
4681894343311836772
4551008517086422734
7631968551694899897
6326827668137082982
-1725133945732056289
-8150610588534635406
214825419877771430
9098431152100588710
2320544292045773872
51316648851187595
7712487625249320236
3768942319811606554
-932834428092176429
-1304505021462123649
1614232873986070610
2432134342517587360
-3323810073869312654
1718146704911131404
-8519813390530398454
-3611930136568263324
2174399018352746734
8400379050805851230
5239744812561722602
-5458264134327313115
6644693365187625680
-3042621816535980768
5380167399848716828
4231595008506652239
5810727296568283475
-8391806864149895973
7755190086791311405
-4379213926671674556
-1724849997217028753
6920527478733955107
-5294432964176848573
5728554920210721721
7664525177593091676
2943079551955971345
-1477313255851060048
1726022894315215356
-6052295794452823687
-7230512666784294510
-1001674672230868627
259724505533421724
-5189642991192923858
7034058147742304286
736613091193526972
2742389208458750372
8336660550724396224
-5873704262911587284
3198204558339402996
-2322719369419263387
-5691513953653839176
-567176393232164777
3464380461527024046
-2208055555357178424
-4568716459887168586
-970128235472193955
-5046070043180718896
-886394592868964301
-8730068080629747637
7181354523471980978
-6418799710084744177
3486978970791078133
-1485938855541971309
-7537457821306429338
-8380212131301721643
-5859558262519460775
3620003946639742148
-3916600504847734780
-4169874782882697743
-6524972990030717133
6458331217604926293
-2447198335323751638
1032082315911339766
-8500265139929475264
-2751074338147918889
-1353817637412098747
-3625333835957114663
-4291088254699684704
5797291211939802165
2274415102012294019
687621615539311641
3974365990656736083
-459406081822965853
-5109241643145246519
-340342407309783089
8343836722136274714
-1161225708427398284
484454649421477815
-4339793448319141843
-9035778089971173664
-420713434447349662
-309906093676652333
3048135087543643264
5932316833639166898
-4917394414508718296
-1880412529583352357
4422929018735929225
-1197045585163290327
-1329567642230109105
-575118880045048309
-6886290479887851643
1241749681665957404
-6984460292822153535
-4624217702468372773
7366392445734726213
869013019459935996
8864854267370340735
4425103144481743361
7634031468330720161
4209746797691726423
-4566516652571669405
6327003467604059883
2563042851864229280
9016251884818925316
7965780529803947752
3583957113962132927
5461960731603959698
8114432680345491637
-5744104134804388690
7811671172110383780
644019153013222279
522254194601435270
-7620579148028764470
3192226253095566543
-8526669409503118022
-5972239135632305784
2277097404341385404
120006999807994169
-7632821480832012465
-7775247526450511655
-2279775091506412607
-1040080096031758665
-349868295093429149
-4673144961796883067
7767522013359612818
-3632125367362211193
6094872217828917741
-6857955767511358281
7108508968074808608
1221470737447961361
9007196345518358946
-1196360001546611745
-7449996827491097095
8039567197715857045
8419713836535439841
4582039136591356924
8631991861737928001
-3968065461622865556
3292600412393071340
-3827504615302117327
-8482360616841393250
1684361303367665299
2892613761291204562
-3717754294041643306
2751080952066935133
-6088104574659508519
-6726689811182966158
56552089684033936
-241872718237734065
8411287174872982870
9202537527259427934
6596138655073036825
130670870973383058
-1992726379571300445
4296023836113224097
-5466264240757474610
8694053851854301877
-5951276025369149221
-6058758496377142291
-6327256711964927940
-1325164236029283150
-5225964226924751193
-990559649893497469
9091763545471319272
3000535173641289589
4053597075874422279
2738218937968183776
6633758853494988243
6374920554115546543
-3908050286283555454
-2801344590651572130
-4320689662154552227
8212132476569448794
-2853646200778104168
8768025758993047885
-4490863673887331514
-4853726852832108782
2535537379400384543
-3739420808263781905
-8430924386555956945
8701948675282966469
-3377543194958889830
8323973445716892145
-1438482289628330215
8538486762569873227
-2267594049728619126
5949868858153189891
2802554225217133701
-6789091554002971964
-1780771874193449678
976480503110489604
679496603380863001
-5971276893772781589
1546983213882310628
-8174635920193885925
-8909480395832086441
3691348629454833212
720209997856853584
5221389042341301917
-3390610971309306612
772466728175657913
-8419113897351510432
-1519763390606811409
6182317236281968229
-6136348659973670854
-8911115442208571679
8953199575564065702
-1868893934714730658
2709462144322247744
-6141748522720947053
-6664221704075131040
1616711061621135297
-6968330874506949364
7199216866873098278
-4230456596920099064
1456434817101786885
5405645907835371911
8073557434442439210
3705527480127464570
1466775550457150627
-6838576100168714527
7819320851732004912
-5244151161309113649
-3704450564655160895
-1550902948779499441
-520917378370506771
3606274015653352999
-1793003982998649434
4188298773494686723
3693414395015347472
-5798100222103283260
-6483883313625709019
-579908065725302353
-6019012329014576462
-205823402573053224
5929210974969516180
-1024363802568127115
-3317493146401679416
-8214974974094927288
3174320877690126272
2927735467974868493
-5860648156971080166
-7325361854469291039
1436647844071668325
5250649176340928557
6816599512096934792
5358446368528462337
-5251338732152711117
-4648307881898661349
-807858235678552554
-3507771696819033966
-5689744508711190750
1287895682737453703
-4513934742074375619
3347801309473454219
-2446096831488691207
-7990078059126048035
7486350476716679343
-9129079091393454658
-5373092001149032346
-1463581674595353929
41969247222820178
6185968572782685603
-94490046538989977
-2500257826537592618
-7885889789958015343
8852110035317712319
-3376686043368183049
-8972455336646252520
7975145295403734501
-4443438566678868306
-3153855462728396608
-2879722626512383791
7108952684364405397
-347927625543154044
-3762077738480821216
6410568674635235559
-8417773814743832834
-8148025122314631524
-5635583721431815225
3133563012785514972
-6171750506910469280
-2481102948229556041
729796404338588380
-8760202772555517757
7373688117666080227
-6569492234044946134
3961207079251616872
4655023744331113165
-9171022383527923138
-4597805493032483379
4525740400485031543
1545768316264670813
-1527547292744287286
-7760773379186586760
1152991055905059229
6096042199567341369
-7711194712242943254
6988436041386718083
1971549808823980319
-2378103541617447995
-6845025532775965892
-3959505755266048866
-356835213310881329
3984863919779054183
-1598570057650815275
5001647901707187842
-6173347643933698941
-6018212713447895383
-6102316818061877195
228868732236131507
7333876590773167576
5338484254850108777
2407991610155927432
5722054436432665869
1454741615891728552
-8340010227583373909
8113834912853604458
732057026566840641
8411521474445171851
5866429037560365156
-3534421551040671201
-1666093869488938299
6507419356864934439
6325558632059212356
-454389885652652246
4876449918700534082
8234083467098576760
-5697242919961706056
6264056585125603285
-7247192309429213030
-3813680926164834009
-319517721518086514
8010656765457533693
5200785360916320410
4439638804073278940
-8736079190999045413
-8327632342605049277
3450072094583327629
-7289195057819855638
-5396424448850131718
-6107486592729337854
-5396339314125086385
4806028579846779773
-5828674166328350327
-6802907897222813160
-6630265269177315772
-1983193685496073922
-7875137381222932648
8730264308391566546
2128535880896200342
-2517522613213288954
6815278323054913748
2347791367294615316
-7100871979615720202
-8676622990627085618
1532176435449035730
-8893017767010274041
7697505369867328218
2856183388741056345
-5505627175606851635
-7932008735176083640
-4026061103018674033
6541377835534480321
-3514859680153447157
-8438656141521513794
1255590197791667176
1728985598585773300
-7094042947592913738
-5523574850040783297
-5158294491019817240
-7238169559124638219
-3890652279058153782
4405557020523756276
1604300160080380541
8550107936580105940
3269046082931881366
8089392939688149562
2575996077608028306
-8033233907989559975
-4284482321744395563
4427051000946416437
-1514422719000441098
5967122164559309990
7077976504368416268
3854375279279926985
4815369032664807821
-4973230789964162697
-5155607734356515927
634311796665942181
-1933150159524865671
-5300222851142518967
-1551504206644566953
3077957084922553513
-5495340443474469899
3361199264141181845
-2966224952066078044
-3201149941757221355
-8612373741614256869
-6895378507601577464
-1863847492453314106
1281465275944936311
-497890603223431523
-1081370877348274142
7863429242270544124
6628139185359461275
1622092377109896502
3165853750526798859
2671554158919699180
3515967472819927704
7928257512621081666
6227732356666292624
-2318381338171953217
-352119206035835190
8813044449302260435
-4393848537563692230
5757118684888523471
-4680457866005984599
6881247313124175472
4983384563514173283
6083305439393547286
-5155191719320250342
2145328070247789268
-2763105471719393109
-9053955413767149952
5173016662303591956
2150425948851866247
559527730188150957
-3928498032339397169
4580559707714743886
8939688452385947341
6903615523996998390
5243902543500043023
5251461773151531046
2575254736863206097
2373551710915841766
-5752610489356012519
-1500958184181273299
4707927602845480913
8618206527350787404
-6841551266947180498
-2125140039025155361
-5427722914964130588
151762812162430929
4294511692949665532
-636244280290249544
2267048618120029942
7149825892424585873
7553102181031176454
6467101771862266358
-2282853467984427194
-8493508394039467185
-3931412241970949429
-6781768926178547709
-2505424361184255487
6700097144272885898
3036077473056926382
8366258448891030133
1866117461734740650
-7953939916921767048
7706345923892437083
8309716401784837767
1065539577874240118
7554235971385416487
297444177351967276
-3105649597043526682
1610080009195784700
-3121226049358400843
2903226179380790389
-6121379639915597014
-8749377156492554478
-4018242386342637715
-2104681335199896232
4696909653185379407
-760463860420596902
8807065354750651604
8571928158101579383
8705760560486028666
7701938606869503905
-1943053758643756858
-8705058068290256648
-9111583119418231159
8210289208177805147
-2946159865299760151
-4072093452272971344
-4645222442951852226
-5837533549913190204
438629840725109050
-5190443001839354863
7593368265669658117
-9140639565650593297
817753867299713096
8651510548779006426
5128217191479400343
1670773888021438761
-1858610457092756505
-1695587988042671927
2520552784023586316
6276401735091446481
-4204032593871838333
6539261125191833276
8174747114796216862
8603291979989866037
6577938725138061813
4284947091825852096
-2652586257311170954
-2041210143892986689
-8443810894951693692
6684190354917833069
235185983400880863
8289243055934812359
-6727889220133251803
3094617627939403337
4275957726946758682
9116500212847443487
-8206314441916789727
-2584028903105037538
-7692004544965412408
-3599880330150512040
-3248867252036309520
8650745972107026132
-2073710985951690927
1125779273314274576
2987973147718828986
-893690857585321743
-3418768974959134205
2004542077312274854
1855802764618195570
-7519295498284264879
4232539622409151644
367275810348855731
4097044619987098024
2848705894429203479
-2929405618210835039
1206339302233126065
-7349924350234663833
1227239448068506619
-1951520087949631259
547593275922728572
4037202903507732048
7888801856827715270
-4460007453749094118
2054826655424511040
7706919359716057960
-5252266007199564155
3802723014635162907
559963155160719055
9061560798421409613
4180068623844194196
-6909326800373314520
-3982594730539852335
-7842078137857960112
7888176864125693494
-5101913259815085661
-823688209526014214
-2624032910749940366
7767623958656205381
963776189403879526
-2284845897169950559
-6888825231441800499
7996960937670876052
-7019699524969352147
200219415201821596
835459308156724449
-2883320486189593128
1351804748827156488
1766685196195664038
7206943504841023806
-666540755238838832
-2401368488692528079
-5568110363679631215
5269144637341514666
1711667668915212551
-938231588595275196
3003109168363146330
967593120276188104
7032296396237139298
6276193340805804231
3262871147673439570
-2742806875408817670
-3436473991110967142
-4974889500220603514
1256924530062529558
-8280039519248957255
-4085223051102357155
-342997152459011895
-2418309622485902236
5788037850108324279
-352836739642401233
-3148064072692595597
-2263252479796652113
8696009589586888372
-1371012164268394740
-7888605680178599126
-3791188402229256305
3479526871537959955
37137971415410013
8706558152470428741
8194780559702607741
-2081681228742400399
1406426217828797605
8044121801199336018
4844529907365761960
7663494150424119959
3098226154644636759
7626788890193800463
-1794899312772283190
884362992179239032
-5163763228045245826
4583468232939908121
-6500669072897915495
-7405148090170411962
952150261233020760
-242705445717756453
-1837567375151916886
4044074635111717359
6891208887243425979
-3094741218791237800
-2900634629087103261
7757920240696736620
311788025161672776
3811228141887086755
3056983232400355981
-5522163479379124090
4490469616413500351
-7100447649507340725
-2512596311251193186
6741709506201562142
-6065199361732881781
-528075208438756717
-5239934143741195652
-2678756634316496475
7406922272990522052
-339114946626139529
-4971628237783863830
1663273528718775048
-4843352389599656838
-8769104627078858208
2155270277308015694
-2927047371060232711
-1293982442500178490
6501269972493424600
-8797830597486938414
5535979426525311868
1435616760001294937
2849017212715641363
-4384452858355313276
-1684559011916997092
6804786752115235224
-2699055250903931307
728098605926396697
4124978171516903775
-674626960491368426
-6158824246276614864
-14851622273776028
7189633215692251415
-2221486284187866296
6487112488330807020
1889059191825659562
2495194482107077071
8948957174723274990
Matrix_1 shares[0]:
-4345441744769261259
186338686651972578
-5723632534950105278
2474557079712961842
5763776389743110423
1639166398709670770
4659463714053409254
5591594614550468151
-2494250400740896234
-7875694243092705228
-5878628205389937494
-3083404526220714514
3645590217489923278
-4819665762432565288
-543248218807097805
4871882196183618243
5241873902087906371
-2487626268846679898
-6045212735081428660
4476941280499495867
-4411741339207314064
-6026753627014951997
-6089496370152661206
-9222546232924352767
-4759597127458801669
3714654190869882751
-1622207901570790719
5636341203223389231
7142095075829548334
-2143596473965552299
-362914051837185495
-6431358014039200702
6695665839612881804
-5244355815097177586
6901045439089491853
-2127889643639513202
4697350016402609252
-168468204325505689
-4659809921641920429
5317548549210692481
1725755594548398963
756841557367379481
-4234532429670457539
-2627336804346063521
-3804280207226628697
-9028960539579218534
940132019041800371
-1479747602548504271
31811359441424148
5486830151856216318
-5168495518032358575
-1029501803263166410
-1750010948114517986
-4490686406892979943
-398750549302369002
3112618057553872766
3718932843840430295
6031893454074777117
2815764550218294498
-4573783305236653842
6435908595939966028
-7359872714689242579
-7093039349775859344
6626110449435215873
-2726112029945486931
-2806471517418059390
5465313707330699697
4598623628109870097
2485434392836094510
-3234496094185678841
-5110394205243886396
4191752305530587872
-4930480354562262365
6448787108752841489
5807157465956521234
-2923298975535121745
-8726459088914358021
-36407847068839434
6998920639041280486
229399260670790617
4052421129236376600
-5460895474447201817
865673493189545366
-4660166812412672720
-5841008706452984995
4695308325272155835
1394963319536098422
7950602986606023668
7240595992352904470
-4595952546944028791
7314505824106989487
8979508173144473419
-5248874646361690963
2541389679493217829
-1522646945963221380
-4429613929762776587
163069753673425197
-4717854808196982595
-4464281547631289087
-6469497093149962187
-6304247670856122207
5765306896906361808
-8873137842986318593
2513430019107900631
5991996877617406750
-5915814603189447890
8081244890389055732
-3369062740470922980
7005835464522580983
6237679287771568894
-8278278329537359296
-7419303187503150069
-10231982679712780
-3263128010178899830
-6158872357057298838
8609784946741704418
-6858181910007766962
6348374344084678601
-656350573814337636
-7933236531973810263
1176228915907726332
-569842126903387612
-5675817203635026630
5116648350509181879
5243879540545030817
-2569455895991213773
2174308442677692314
-8269241180180417751
-6264381252513505828
3963333851738768410
2976390887627250831
-8895403327451427491
4454764634249155331
-3743441898482278204
-3944364748782340446
-6137087724437063244
-1753613551471182492
1700056657051092808
-1129653030260039163
7790344158102895346
-256447098081197008
-3525213293770320418
7602406793252142439
1669164181467306821
6722673229727712933
-503675877522078855
4799183971505328460
1609735106422590128
-5144302621462161498
-8602847360177859544
-519611731615512794
-9079834424262020914
-2100996163011146868
-9125287263884722407
-499012303016477355
-4427869032755018997
-1731959209276922073
3997334085581219819
5248047703032887520
-554778601353895960
635681900712331334
-3646623647955024191
-4435000129754213632
1060723973816540284
-6502994165147063868
1874890143816056980
6460875725937648276
-3044728844333014328
8322512693375489880
-796337869283366825
-8460358528080716642
6927367929401469107
-7893708163225296531
3161526402680368859
-2738940550939903532
-2035703878797733069
-1303539293156189383
7355021917215759075
5850705879174286031
3964750051316606887
-2269968226456751061
-1070663846088133468
4353711190378555909
8292570864513053766
-290517513798401566
6574888470503483593
4030864098178422775
-6912568152961097842
1706931532675159487
8377356202198911438
5177470181497444421
1435933977828411274
8365414537515879804
-1099067196161279544
147057747060694546
-4005002292586119630
-3100064817478974848
4849784032784788470
6451470495799254495
-2185567800341450380
-3753735029990982337
2814634214133430995
-6498904571249256748
-2079038350311920328
8955972813692439778
8262286861017474991
8882719072708660466
7600670108660985621
-7623367552711235190
8340463257501667740
-4350009846886836578
-418320409350147998
-5208644316258112054
1923069896473053718
1695513839708804332
4254570333555959220
-9096694548241254675
-8981540879154206656
5180178307346534976
-6033151645472727408
-2332376525726374116
5692326557921086486
-6117658739540074016
-7000708051670499536
-5919001592571941513
922909263244439728
202826646658690542
-8383517401414730544
-4025498692936409738
-5110296323848813762
-7665217510302155942
-7149968196128051312
8752272350807583042
8351360931485560253
4455879283230824327
6676556383189288355
-6195704554850653874
-2866119440051944051
7751127860256524175
-8076892455162799963
1990861786654273131
5833880570921815194
-7044651842799885928
6789121011818173674
-3521396498241248973
-7156158249267088270
3951556067012786024
-768363917993115433
3796473082927349490
-5136025972147359942
3878781247823072293
2432911726686478786
-2840632660369996383
5265197452211727650
2127140527670983398
-7001949580599104403
-4071921518205835672
9112192115559657162
7495267239341847578
8047131222706261296
7357250313200411913
-8010043583585347968
2106228195582360812
-1582232293683875067
-2156925742442561896
-813316206992393899
3939930838634444855
559921172143804097
2616255323011946526
9088401636587401241
4366845696337149060
-869734242469192746
-7342639382709425850
2845591372891805650
4745418711956703165
362866432231270439
9121193702419173318
-5504425036165892474
7337945118718266239
-3782270205061618114
-3512879132249368077
7629372200431705059
-4517436086267551896
-6038958101711671326
4703213481680591386
4026861969160413805
-5498801091996937768
-6079983021041048371
-3042411367031254568
7958538700113884132
-3474912758788866486
-3481350019706861727
-5927470730535685592
1001263254778359030
-1998244358530530808
7082778211475167749
4263228941782286590
2206815514173562954
-5416901950676411931
-1327733795491551700
6968704629898193954
-317683065536188892
7420809769728386845
-6089277842170573591
701430731400482999
3016094617578059939
3706816492592054455
-7981467730309168553
-8222875498470095832
4144034015124503100
4431616551729717524
-6381732973811563157
3158665719081829430
6302306423228485093
-90590240609656919
-2285176086296641019
-2781472107771899437
-950359983098670987
6129959460338017288
-1860487953805001427
-787005421593980367
-1482525654792213529
7432884050338401588
-7532052694955874808
4182058657853424700
-7756587646949353196
-2356872718429918154
7085734545129015845
5537391509316155280
-8364133644715223730
-8250985822754209595
3646751905431626521
5292075233953843320
3370990249269425791
-5573174540903029498
-2925239352569018958
4074257995941013593
-910375643864550949
-9071767320355942321
-3945835925174630784
-454221740952936918
-8294950336354266050
-7627576322478512583
-2748814351806516605
-5550954537743996118
2436412965899314102
8258102417745384228
8841176178357669410
6399202758294781860
3867831445598523546
6582115836623177320
-4390501489953403763
-7806124985926233253
4710069359916053968
3089588909648863790
-5846432845538189462
3246653795401000787
5990577720442294635
-908788695027084261
8080194420634419334
5956690174782292652
-1395055312552859858
-7679841967094961035
2781577714873953338
-1578941375931187280
966341965898278658
3850630949672915164
-8225938786780335253
4928465647282887450
-7386114366598727211
2971364727290313840
-7906938444425992530
6859097075243296629
6199225151968155752
-2084657261565271028
3505943923271611230
-9113177677712453729
-6940048527363109747
6225438249400866647
-2153746542646233604
243864454388336828
2105794598295654903
8797020372579704003
6363609486937526802
7134146422591625177
6360653205677012181
-9049965838662194329
8316776454928513455
-5968330856621473255
-6474380921338825714
2115094144745503440
41566534864438375
2551356843252769879
-165627319029412440
9077119930269084506
-4910962009252452640
1650334882599695502
3237539669431851408
-2665659575008982891
7027647417083155495
5114001643175624502
6459466369823549427
3065482653347910538
-4846796634446343210
-7771835627576412471
-4446513988610385814
-8752754886872206704
-1806377869951967109
-1349829676674352275
5697332957176725900
-2972025857885584421
5053591113616170999
3643805901847784204
-765781129920906722
-4252592996382990479
-3865548337416634123
4094512206985494274
-1758760803875986315
-8814657900234985233
1891220364852344086
-3888066171470750038
4567662578963636875
-6016640351264412679
1351071037230487337
-5527469341369061216
-5329425078854716676
3430295912397123304
2624596993369516265
2999818038158390892
1730119094858540225
-2720776602599852925
-6799486439551062154
-2479489632739518358
1449427694011741027
6918435484644773426
-5132778992601708308
1618907536661725579
8836749868780970576
-2519518569772187006
8346798149566150510
349812473324370561
3476247377835290184
-4814050053321237302
-2645002051716817304
7960948760073392583
2929541495531877095
8245317869609205906
3607604387160462362
5427667441348142631
-5424278589327400292
-1638020710046252097
-3792002133998287387
-5925164127522684819
-28135199686284829
1282421720493388949
2332065328616112163
2772710699207595821
3643012916051321159
-1898019367320237790
-1463535570749236043
1384107397816740477
-9191418396357463195
2664257792285294974
-2694726063633320509
5633675688955557507
5366496463656993474
574705509621821241
6450740569680532832
2505737618262062436
-8511985774344941118
4442410477712855486
-5597296939965442540
-4426246117132595192
6212480408628050866
-4940428275523898539
2165112801507084433
-1661982944385602052
-3625036666442760184
519266157665984631
2623657838324895574
-2208702007501216411
4749962433329943757
1831856576312532242
3981347934245080358
7501128224042962335
-8989924783621271756
5614580727704360793
-6683922652075504425
-8270120230199659544
-2395194637310176663
-2563338779371128002
-1774124559895339074
-2573538014196775513
-3357562914459186621
-3474053056525453662
7375387484279973314
183574905967878929
2593581558449262535
3069037430737297467
6137600554972405689
4580123292010069853
-4038626059608110907
3105766772745870560
-5559632608058018387
7228523572736200739
1530333412694528628
5220753369770117589
-4264008991662380695
-3453775169000303822
9026852774191018906
-8652070938124235798
7944688513914887753
7409771935098554118
-5334723854396979160
6227174401903974138
8440535136796097697
-1307102209322121284
-2582768437989206418
-9052474687831643603
4692509333894022922
2269087648600449565
-4867800664410945096
-4909923295666667011
-3759502091753519324
-4752692719602751615
-5756378964162721967
6173979541255099574
813831771161626144
6104971644591981081
-2790304573647740981
-7342131150831623699
-2969014491730327580
-2227831741142276878
-3298967761717178343
-999853203395070677
-3733330156223465682
-3199456114300931073
7981595465637220000
-8270089594888851746
1028431872422543357
-2398523620314944225
-9156696884925433056
5982230667705452371
-5756660106689352136
-6493783134294776731
-1128501774639315625
-5546369717009319895
-4209406828209712545
5614106014506571308
-494833717808270671
-2845921208807394515
6403501512617661738
-2161568384728870691
-7360181680611805855
-6709543102515470816
979400759030459953
-426570048664904625
-6420375545080821268
-4518006615082259506
-4387780982479995626
7247449723448891599
-5991129041582130074
6955908400712149048
-2651120411822781408
75106521203071287
3031471161887771778
-4700067960101583045
-7860150001841592495
-3296616055740922339
-7001577317480541028
7009712408238312652
5866310063831259147
4148572935607821539
-37422603808796546
1873006144766259515
-3957964937796321941
-6395451173755121236
-8927185261150000947
-4771183205813701880
-1660006728079242895
4067933511942090259
5590979601509802313
5349565488187288651
6836561336283940425
6739544549659761911
-120461065574857231
115431559442593729
6253715390275084742
7457529569229494538
-302179024374075697
-4809415127164390642
6304896143244279877
-620723525347785913
1348894379272239803
4959459251689331120
-2720706851359294627
-5103799224791085894
-6745448370380253060
7509447281307223027
7015599406752951256
5374558558706021363
-3685316808670818110
-3815530655904486430
4154760049839519025
-3351820173766379999
-7329034417866342468
192360348383031395
2178591609171287803
7322909472997567216
1922920187470192179
-5857002879519259132
-3324308761861096152
-6076331360204826576
5354658005822598201
-5261835020229687489
-3859889083312052147
-9134690009922259952
4229085519243254195
-2406976657830340764
-4999968286375184662
-531472442791096550
3993240618509739929
-6128350579260238758
-7919531361854496178
5216261301938079753
1115750197229891520
3234782264086997166
2943405613666507701
-5198682140633937006
-1660697028316666470
7701539372334346602
-3532020476505332200
5949932427609486554
8108009079792958796
2423282955702332298
936249355095081893
869894163659720796
2687397432280180143
-4168555896638629327
-7509551822531422227
3163602206581560350
-5518044040597660340
-6726436768307137530
3946581094819600351
-1229599117486776908
1351724278434622039
-8799653434887605770
9214582179077635492
2184954764257545232
-5411180107468945465
1489603066312552252
6482983895836493734
4266566359264468082
1240713068947105577
-3263917703755147315
-5246475493458678185
-351291840079415647
-2343986763168219554
-1651859846233918704
-9107072375427313537
8042263169358655454
7988327758707436174
-315282186591615989
-4087929881437662841
714063593652381794
-2440357201478738983
7329410891491364732
826380642017278248
-3816956944964089366
4361600451695287723
5576981939169335012
-8847447735057353269
-6553083566079045012
1874663606744130804
7102543072067337229
2894710467952297596
4415508085377423898
1479875475218224080
3056518018813457273
5996351951214309738
-1912519418952962972
2714588047786450182
663816632863081512
-781383390267212989
5408162822736695807
3372913198868317172
5722102691946576711
-6217051208436616266
8423320053707688571
-1159818098837044711
-7483914889719837725
1921946905346541661
4372838102226641566
698509051359348712
-1759167280996694332
-9103730879439445278
5179304041354031521
-3873333984506892738
-3717079265182594853
-4522352702841299070
348142660684584146
5100404957788919312
-2285051032882386960
2143533349332359463
-8978939523221549054
1224826179229076850
5160191579613084625
4214581839191596
-8522380940299435874
-7608481443912784638
973720608739193088
1200223909082696382
-7481631191148529559
-7779264293074934936
5829155824522667900
4170975191032314461
8911246123725477273
-3284268427610628188
8139273216969971032
-6654583318111151981
4485855854751204337
7095992121369627983
8486201020678783689
-9166316263891581146
-1001194308019828740
-832882469502010156
-5975491629527222387
3183075644330333565
4938848191747588733
321241872847729040
-8834751507247326813
7737591423108451590
-3684198970801604388
-1672516288626045335
-2893017688298992588
-6228662046786900774
-935197149030924802
2941605472956128998
83287263471553433
520195570676144248
-1593620993723134725
8482834753805722646
5839864540743888738
9078977667189682034
-9002189386994711022
-5806156345568642762
6560436050878718886
-6009636801023401424
39629212678710860
7681511439089640161
-6566511750406115017
4004564010641741861
558157499949335936
-1513524353320045876
498524618657137855
-8207548558569258155
7028292228364378587
-347485150890358945
-571526982357841220
3875437796839714992
-6898466079235983175
-4801321572151842655
-8945281306810140600
5557891949558936604
-1609862745714931171
3302796402599043447
1040891910654845026
327884608639824637
5619914329907001546
-5733104706155344127
3178887251339265460
5666691544531271724
24958974868263566
-6009896427990536598
-7300348867970236920
-4794327749143621118
-840651325060334403
-3198234083452502996
6786792848390692948
1404565253623462328
-4695688895507906614
-4175012368898677362
637376396119269447
-8981158844346268242
-3949467374729492631
-5373482105063267172
5304559471696543829
-7951697677970023468
7892665423554007053
7160474373240986729
4890347848638786448
-6488841796457855751
-3216065094609994994
-6248429639894616393
1693408268174980659
-8251295043342433405
-8435153800995967633
-5625532578575608307
8434995495863670214
109623456089552521
7647364624910341999
-5642500928022386069
-5294935916669559242
3416805082639349244
408927662350407277
9205729809866195896
2637449679264142475
1735927417578923415
4964220223853787324
5316556599173810746
2802032174942718427
-3052875158555867378
8217934213052200148
-864886562595467253
4432833549278719477
-5670163178740257793
-2817714156110122161
-7262724608691142964
828233082964536374
-160123789580850755
8724608820403703455
-3458585960363842154
2464090105768253798
8637498784924555563
-581483130482188509
-1797467574028863612
6935745324862564432
8835468632165618575
-2116538006253602444
-2090204830956523412
1435237693064645057
6115151970476175361
1246263751115539913
-7546584466911776884
-1621121180018077599
5838021491144589378
2450476188962286664
2740685067617609919
-8850670584005489282
1504826634451508471
6098337066236473605
-7537740417965967506
-5736430141660105455
-6839396045327313123
973651716431689054
7697508169851663835
7824180197539469284
8985923634114536591
-8778104374864402121
-5066154432458135057
593712842858562736
-8712467420193704837
412802176879649165
-8315999502664004409
-1776969632610788115
5130986332696621211
1580244814131357264
290799351354740562
-4593502468519715473
6950167898859990619
-3240651682987937829
-6570223430044500953
2218519074797278774
-6345885161162971967
3366536781015157099
930697485042586242
5954206935320495378
-8682886080817961081
6708382359049057382
3893114031153254880
-3710851499752346315
-2399156134217045732
7724560613243725559
-5700771653207629223
-5315422134506053419
1297703277657276463
-2889998367873104367
8046659722177437273
1661922050578628686
-4292639193119491806
-8274355393385761972
3035399103557299282
-3450468046967238600
-2089556150864085052
3645440793415955559
-5180372376126695330
2892181877602516830
-606122805875547292
6420143254367995175
1857695787701612122
8620903001509392033
-9112120319321828487
3894212891720285875
2838552264550873369
2267082994822522160
2955081579576829897
2214239863080735638
-304578866684969050
-4544251382128481855
-869255605033230594
4435275207820618461
-6092678573063485626
4119948812809742400
8205181418966551977
1427753228752146900
5367032846239120167
5260681503735062386
-917560529699509109
-424418016666296345
-8936040475237408547
-887408739772711463
-6780982360640700920
6674459186645083660
-778693067721849604
7366567743913879224
-8409231585341952673
-8361862439432528178
9148015453785000376
-8230744595729458364
2335545499205171163
-5699545000529775100
-2931883709845290495
2298497712567925830
108656745816515167
-7935298135033986136
5334711521516860058
4300494158156248558
-583278705459394004
5528909551045664526
-8479517222497978563
-4662666966327997144
-5604214364053231409
-2899064594124723181
2187150248721656649
-3598268282752202536
8491015520576849774
-6044313895965588260
-4153585664016267906
-6125321145246944250
-2925527177123555700
-6273716864502620289
-3320145065599448365
-7448724288436604973
800169513071667812
-8953281046096792106
-5485364929764130934
4278599899920728445
-206406162397633503
1650800158828887875
7281155750426892516
3372848847268461149
2195472932069166489
1739134574935732213
7535084580594539524
-8206248421455897033
406779238037288590
4680316650609540061
3617493473282985650
1620517112334740883
-3629557762948427932
-7403096826197372419
5123129000893183506
-4326945747596835878
-1558606435841912807
-1623083547342535401
-4788782228854224407
6072571389063508328
3149839503102288206
-4980911290129234517
5148905145453983503
-6708307517650242989
4383237920171220187
-8039355098677746208
2052781986493778059
-7630743441732780609
4101886612314989750
-8868252504556426662
-7516884408707759429
7808197865967703291
-1207571052501257213
3495381073087224200
-8852686819695463983
-986097160191758291
-1003173099980673283
-4133951565080525458
8695898939633855521
7741845753926267824
4973544246898591424
2213301235803722422
-8685866823954749746
-6013634328348661805
278161452207486582
1369995528120880106
7845579461515357686
-9124565027455342915
-6414317752574289183
-6219671924493108424
1269691355713305126
-5284114728785628256
-6268399591216516150
-7575057047996499311
752814532194254780
-4510585108563447394
-4105521457569687020
9141653964266809772
-526155112290959687
-3831241533980362763
3433487226759646544
-368142570091568797
-8108346691984378176
-6032241703977743158
-6419737949814950384
7519078793533777007
435705797376162549
-4694461946669048256
3347049863004856638
-676083057757487345
-4040883164984519939
5365070102727621497
-340934317347503363
-3090561425266964592
7082385763597374589
5110721558994593989
7545925597724558810
7860707146262244268
-4409393311430751322
-4043611054759331566
5342336499451223293
-6406418000067273760
-6371355093712480439
2379614189836603702
3668333544605030346
4689754169091380223
-5703002152704485213
-7621938054360812967
9033460651989750151
4594604236938675125
-7488097287066746896
-2546912254681380954
-4159136974840716368
-1604489272414830611
-2255505421691131386
-8053373975901953566
-8240857758385062283
3867857818404000024
-879753822920763254
1717030342923961949
-4518608108498028922
-2218251491031452119
-9158636973142109653
-8545605409479277417
-1858464722773798512
7160964510244778355
-7317514155148042833
2984719156081703501
-2916603977667736524
-934354405727923196
-1621073384613608244
-1268103377170584001
-7876982342234113887
-9015856451386546623
1762456241450225687
-3933538188630131184
-1426285582496295820
-7091502976604544258
-634688315409412977
618198278784358641
3790135928863543537
2249088919496886230
-1125442638267031034
-7227147396839475985
-6945373745991246155
6807178267606633576
-5437224271614355968
-2482323958142574248
-4683322369839975436
-7985261111206421475
-4336491768915567587
5399589775576973135
-8182427871353842848
-812971188920569886
-5584842450050433358
-7374755824570315908
-8386589573986929651
-8279233974920579542
7051557669985849984
-1038660397982971616
-4852528735811113415
3096898048799393687
-8089552555884996196
-883218255212340089
26795848448420070
2760683389560614109
-7295437839642878528
3834545047998697645
6961103021944725221
5846138577234573180
-2642270514551807226
-2661421577216933794
-2628308821318666065
-2707240615327151984
-1550736866737243233
-7147846528424868812
2765601697671918334
-8142456062019805145
-2291671706113848655
6519228932317760298
3451189851158769039
-8947777777137352928
-2597760034420319539
-3528177315995800359
363405460060395052
-6447776359225594572
9162406782405660949
-1070750365799450947
-1867190587641064372
7849599197747466403
6846537853115570178
965581499321602905
-2516932265745895582
-1090672660974066650
361403242891963831
7205783389217530716
8528599950841499606
5154270453219400594
8853095556094453491
8367374598666737769
-3191661167090131990
-7357485791814137355
3894262453339319108
-2850615797563112587
-2763532788668126801
-3860806096822573700
4743381739436327012
8612457330124214578
2006658448105715398
3729239381942673178
985724283588588150
-5099884347582093786
5464918086509843130
-4896106226681130844
-6459037060139412717
-5361589760467364181
6899893008288627890
8085460510958737576
-4475449742122877222
4847992869451160184
-8029808274409499941
-6614073747570045796
-1262866675925362508
-2317353366389858081
8274833954499989776
2323322752546930591
2337536615644635311
6984830318059442079
4819838327654272240
1983255012251668357
-4810682818991530004
8328232463399707840
-2903462727600673431
-5499924666530808115
-8687972800400402675
3664288435279142717
-4178922507641466640
-4617266573630477303
840217273718949387
1932402018415176894
-2227078182683864653
-6921317677039967479
-8150082701401596357
5862657383699902865
2087626346743831424
4041467300458965189
1950181874044560993
6047700084408984239
5777153133022912358
1970926182626539744
4549216691977710790
4650238038329536621
6192090716229357544
-7644507869925243120
7296236846773918110
-354883245440437273
-4741180248506210909
-5707778291854383185
1127254635179109204
-340983196938685668
3468582627269281414
4161318745682338620
-4159713387108292228
-4216974578836769893
-2623855816838420268
478270633398842501
-1641354264149361136
2434326933187657972
3836927288747602806
4296453700679437958
-4248907995049819641
-5242894262304396049
-7809140927617111943
8988176828852677625
-2418340884310063722
7054189144739388709
-8576558660766515459
243593851678913704
2072269997617317462
497422361131414615
6709678119592281373
2574850239012427515
2644637934030038211
1992975896178140741
1884783929181992419
-7211493396227923531
684374753042108048
437338204897645862
-4494711733377851682
4216292731724481424
-7235903973222255847
5925586810688142201
2322715670536438740
-8438658993702867753
-2704744027777787286
4883972866452558894
5245139670179896870
766492328662872498
-2488173399774131485
-376656016221402868
1975756173676425689
-1136093989359222138
-7059051890500504029
938789638939655465
-265021565428060024
6876409030441178477
-6116021258768009818
-1217975438966317828
2611096344848190966
-8265744900760668068
5463924202838463658
-7828111950213092813
1984942126848060482
-3074184406934455241
-7266668951689878348
-5176548894731398120
5843652938123243634
-8796455868217480991
6298840458337445515
2148050512586201961
971642139312445063
6740074304733566355
176779473226321902
-8187373926458451975
5614875075518484937
2185069420712868206
3349737926112632914
-9019688284792379370
6629534578770966222
-8104879476837747758
-3595381484452278951
-2476321271263673366
536327194650527437
7250584505383598172
-2239557986496576898
2388710097100047140
-6930740513146448408
-3492448145965872319
2648493475635201848
-3115608215441188405
4955802868077174955
-7154815075827149584
-4843167163873120109
8249738807764818702
-4712007507710662459
-531318424538165689
7673509442430664378
6673528732438121765
389974964627834657
-7664475595987782677
7999802105647311355
7292247122557398810
3876511216383227483
5501993644224549307
1627172408176102592
3838781945247701337
8532241503604954477
6524152933029128744
9067297834223456261
5646292389639003052
-5306740634950463993
-5924558585737450766
-4535424768083756082
3614483450782831430
-2260421045625408814
-8919164365564835002
2300267099843722573
3179585520228230979
-269637264269151223
-5926258485676365636
-6706907072914025625
2882450400192591676
7732063374118218285
6343354506433230999
-1954778166362113718
4264191327496244386
-4852658679494313265
-8482015384128413739
-1391962981792231642
-6184893459672579306
3366218566220021934
465853620267774920
-8789319432419114147
-5012007700558865050
6121475766394971409
-1640496365224754032
-5691127498651653956
1614903462016707422
7676968629400608099
3599847474932147720
-1870721476429348920
-7533137174833369476
5433159903023452146
7623825145528996455
8037433657599698713
7494796313153456603
-6181750707829091239
481435226141751025
-8411771556688383365
83834330410843904
-8728575065148649252
-2426385991794904441
6334102488070909451
-6470812938489435482
-3762735042609157
6105004434423414422
7151677011169792111
1639020060568270643
7636369149360456290
-8626391716318259957
-3811081965749246664
-8808114187394087569
-648262810221757867
-4999548495519932998
-7884884083058566641
-6201113347236619233
-7735724899057378591
6533973455351941491
-3977685781749263460
-6360467095666719887
-5220656967276054280
-2569081564015278479
-2161279203094298281
1470006756625588514
6174661526807148086
549780677361830184
-5448553611538768479
-4215598307588225514
3794884943010457782
-5675051527976571591
3436144945643013307
8578333567132579170
-27416488320254828
2030895837563253651
6676252517373500579
-3788928745086880518
2288078996523058020
-7300716559338876105
6365942679130365997
-877906812179522183
4563506835680960356
5828497382651676466
-4987061524261689321
-5985016530818885870
-6597430545651857440
1363534426268221023
-8030956270691783429
-5283735671177891631
980487445755312351
-3958743319090062240
-396367935485866059
5857667750196684726
5332410097559030780
2504504953341261902
-1771708266532414896
-3376960948177768931
2201472245315308338
-4089317828400669270
530655297402727030
-8266192886951866871
-2084344629825704025
3665126177255086130
-309967212963551258
-4031015194786575207
-6459746767048760196
6088999726577988971
902302994748651712
6983047749070918244
-2161457189853577235
-1081465953041631229
-1725157899752210623
261606549245288068
-5511119196069886436
-4085746118121710832
-5935794292336375695
4690147275201554745
-3175485056882196030
8568865802924634799
-6253907894188727718
-4308145814568236615
8907207153707383653
4565761954241974333
Matrix_1 shares[1]:
-6238456236440468910
-33009645342088901
-4673255358498664889
-2613228987864485803
-1912569285593810629
2326679132771306720
8660946735101012399
953857685810471165
5731484925473962773
6624883094843055700
5169317127921411290
-4856881262184905036
7321333306420598330
-3574630572336649499
280104852765093930
921057004880059264
850090666575640087
-1324252827677748181
-3707276535986477178
-4592891721290795627
-3666570649500941095
-1858200660269669955
6612807999410185904
-8284589979977984545
222678539033284926
-7931022358156878222
-2949682743723423556
-65159022580284974
-2063165679826373738
-9205511613388868258
-2792607395065690231
4137561119091742307
4000184197372685704
-142750098692828102
-1840338586451632922
-8266825692622573530
-8461988372103138036
-5056408658867306592
541274354106927927
-5240424370099231057
-1679572587872631866
-6451360554768529966
-2048687254885606782
-3492947792142758617
-647680300004891629
-4709619685298417724
4372255261424315909
-604552060434377827
-5302456730749850203
2629790986945960639
-8112832325102212560
5719836727163763740
4054275312467529171
38468512216318494
6397251186089942094
4722538609926748221
7753822790551011106
1046470700510537463
2186575564422874653
-6207542952082297399
-5403352841997522202
-2607730654138758199
7728057164730893253
-7283400928269954986
8508175868019816483
6104143062437605742
3316333089244222817
-3673359215295046982
-2143472403183720886
7317388230180715570
-7193346461305991179
3104024054995662460
-4028869651150938946
6527878330936922770
8141876480935186282
-3285507432806771646
4315738950938171664
-8669184116509809681
-5683291362109434592
3307833043261667406
-1820470722745228460
4064253994340374222
-4952844273498425854
-4225196021051213039
3501775921697564632
2065193808948236682
4909394099072931515
1929865706823959848
-5720158839811925557
6370052671384909061
-6780603317449462893
-5356028374318613429
4336205339023572802
4866620319403392183
-4289668437714403424
-14856014453411881
7917129255412543059
-7971320709914829532
785302925122269809
1797684336915936406
-5671533071364439793
8096272793290907665
154927058832790540
-4232986912154991859
3698488256419905261
8867534069499283045
-2147023917454291479
-1678773443814935497
9118260188718848900
-4539198908465368679
6577411968255487516
7161601674367239835
4357119445546914719
-2533170786628139736
-989836735321126863
2665294523178081781
-1492154534619274637
4310749950000856751
1839881925611669736
7046801502640392754
-8810510239771602976
-4186998051820040155
-7906789994986658298
5566796048572820362
-2018663962372303680
6218330908459683751
8212135785550333438
-2558286223874975525
4083472564338073479
3376973735508012820
-8930707747138613850
8372056141661941074
-3011201769069256275
867901914279272429
3276396657907687000
5313076827627251522
-668546904956128128
4820754677050882994
-32888641592812413
6267545891715780848
5509572986630690658
-4622920443733402746
-7574003309634702419
-717538231362610932
-8353397137870296804
-175115151695282913
-7532452004293468427
4386239449733188613
-3290749665497498525
-1089331175143737803
-1972701110979475326
-989016293909880472
9078331317622196076
1126517590244024774
-4568533124507884183
981404025170689311
5902302819283984311
-4433120002487041712
-8006554145372011011
3110465125037799175
-4602399708349243154
150577081256066202
-3197667261036597347
-4410396297556757836
4569002112507819534
-4081746462744344011
3437802686319832130
-1012265164349532154
-8680766550741375542
-2006919148176377869
1954333398485513043
-2895915242662074606
6713041622473521750
-3927568014224249616
1568126334014987351
-5640018817170828333
4424227969499927656
-8986502791306443399
7702680091870943433
-1428627997430895444
4172444596921215720
4856820266000885442
2934040223788875409
-862752347065470705
5574781015091657962
4120458299994949273
189475863340945716
-23300510507512579
1809511381418005586
-6045554914661843133
2499523536640607237
2697777464919456485
4619074511107342253
-1632480723844360768
-7097828639119761891
-5802873239331701933
1203634808812392030
6680732636746068416
3459386490012881400
-4998553972007483247
6917412780282356025
1670470675548897826
7772790643403209518
-7520142818305193450
-6027534853263310005
-878968332261120803
-2688916408871826498
-5052873634673590859
-1666919916069304053
-929376712525212173
-6378429020017497914
-1989255695668092246
-5969458075799231068
-6447367045713550480
2390388116112401132
-4878373835935112229
5994487833103520891
7303729506954605202
-6264940618614953655
-3871315642895606576
4980131732701165372
4955467811983962816
-7082508653311336827
1055589882272819813
-4171525040553586814
6987667828776727121
-3754178047971420817
-7586715834683313232
2966009038966241391
-540486248763929
6512674907529732873
-4470230715193678773
-5760824261798063655
-1537877931066251924
-1658077262207553973
2687744941207643902
8767950207697348955
7696525536231098897
24969615506467394
4592905952452483577
-3183527228079052871
-9025281939205803523
7626115942034004815
-2871873769648872968
-6817780584529251810
834388639596565143
3425330405541350249
-900571279586066758
1546254954961575431
-6930255094602433655
-9121689610734602919
3371883103597956723
-8398001809329798041
-5212069782998581352
461117687702444487
-3769388991706553293
5455072560672361594
-7832901938008838820
-5490851355487823682
168382683105037193
6769398954501113081
-484667747474320075
-6277969837764097247
-4351777263099892787
-970208294693696592
-8901319972605926651
-8454654772708542100
-5574438625186132444
-8419644865814044363
-8356676811639031734
9081975053521724238
4404028028088540504
4393480258546556389
-5029438313076039940
-177309473454105191
6259751718986233899
-3758578248952982730
7195768693140323692
3977728398099148184
-2023134044819707371
1323068829076656952
-2362854592117390404
-1756332951177651902
-1547539956389311871
1181578219066307198
2971544390099424274
2148885637140172861
-8906442643622139167
-8111774475070367550
-954975805698105249
6671323521589178165
-7024806394292302614
7998730515453622332
139329820905067819
7387967497704769595
9152129884242159453
-5279000233065221346
-4105606003400812749
-1979837246997911901
120491742483944715
-7204660317565136633
3828703516782300836
3056528608138335149
-1293107884510292965
7946993406761630023
4782547244953601987
8746837565791863325
1611764239363301320
6372072633423376925
8325842354763574864
-6377622570358647905
2579179557932356781
-8519250113280989153
-6587195247949436609
1620639361773035093
4797974162938290167
-1753616609272431962
2238543046147910571
868066385728672443
6512608327691729838
-3207129740404205850
-4645000758908225277
659772497460275260
3360931387896463017
9152979778249831641
1900293922004617733
6791128201991074860
6135610576154481387
1626254795785616852
1426435371748688733
2535745797649366596
-9109929563143924870
7823073552804399072
-7430483534893374876
6202097883599141137
3011254207635049225
-2212169924048286329
2627536066855787557
-3292957186697923659
7247931343216451516
6345677477252172267
805542214503239438
-1032453264219255965
-5067481355138381727
-1288181990544096631
5705561997836833289
-6817559727257573437
-7163583786200052797
-2264633362609575034
-1062161606586695742
-3997877298540964947
9140247901780352408
3415904144642167872
-930920319048721046
5562156640633945111
-8759020652932086957
-6773611090196962077
1512510672026473110
7007284483902077015
-3010653884016744508
-8595931541317900369
6582181206427644510
-2302260059470753111
8288775108292606984
-1393292588455417186
745464721690348916
6980291285658750837
5318954458679030980
7276363966994806915
-580223939661588098
-6323249468911837542
-7414192117761818549
-8799739978183569687
7696593150564759524
3230011776144887195
-349045309755423630
-2994339922425335791
3869362850563022665
-562241326968971412
-6328159981686363781
-2161836387296186476
-1450369318208694763
8801528123923488945
7483391649299506692
-2761457825696175337
-215230348712208244
3042712639740978092
-6857126986796556858
2287310015284562131
3684223208420305283
-7446077883893022926
-6312408893124390583
-2229270523487593631
3650064718456266734
9036316441479230957
1790905093137719903
1466732789677358702
-6262311857264700132
-3531655407658702992
-1749716286717409010
-3156375445939890822
6801984429163546745
-6605970251010170044
-319046012466862114
-7651200784358138181
1738751231020301298
2534341201450011384
947724951481207025
5940297470687271263
-3573150012329176245
6004336898985746329
8484020502943004696
-1720003705328925989
3915198202548370042
8797798219633220386
-2612111262156829758
6265940145402135876
-225724616703106091
-7962056426789140757
-347873179122793424
-7896653161618003007
2040342781334481806
-8662033577014646974
-4651523579826377492
4017162654136352269
-6885908715252886349
8567028313038861551
-5758284614081339865
-3882797404770811697
5784638253006675342
3525480338378766139
1332283618934855872
-5002555086704769485
-7494886769728568288
4295656822934605211
-4328930352981502443
-944244315006732975
-2608001730593288359
1154668345896782216
2017065751922518659
6257580980857265256
-3924280978308900936
1014563193535882362
-15514050415651835
-6790567168571881814
-3833678904897313859
2017113638154461018
-7284633272900384483
-5391806664474517949
-856173099618039323
8051308521823959968
1960774504543623876
-2808098850020550834
6710523008761473103
8977760537408722347
-8546239148365076393
-6566085537038727789
-3017052823525932980
4594968921377233919
-8230749423288848823
-3225869714827035156
3215059371870065236
7565182839829938182
3833033227650526046
9110116750688945353
-6420596474641179759
3623046620831065793
-300531246079546075
-1786856262164485851
-2698474309712597738
-3583455770547446165
3140557569445577016
-7341529755368407403
7804519509766401224
3002715108381850476
9209509100085407942
6435577329603335174
2049426489490537719
-2861534989997359736
4118983503368333157
2732675170441176547
6413544819724169163
1335711097553763619
-8842304097438707761
-2034070148300041633
6437709520146360619
-3602556307383919712
6941210627968403627
7575801049691124387
4290619925982384657
-2448350151480132938
5579250843779830822
8092734594046706932
2629352903177114724
6847925445359918611
8414033873791381321
7472635831204641189
-6682842198391364732
2103732546249630846
-7606114793901310008
-5283188867070123116
-3659960463878354781
-547447448435886919
-1783146738366514769
237607848798580212
2873388120564293623
5563444980512414166
12041405411988722
9176878769923725513
-2725701722767273341
-4950568084292455660
-7426569710530393301
-1235919912614344073
-6201926372530267290
6748106574108898048
8618708897567669495
1894152914705885240
-6570316132235633352
-2284562352487984848
7611610305124412001
-3207327101754009738
4026923029669706156
8297943397967059614
6020996987987528177
1670859533990563358
-2482606405296122400
-7002811867763701031
-2248457361373356593
-3155749009016587206
-6301618857228317646
5734812688370184258
901319487890968123
-7794557747072375698
-5519194769099957611
4857434599257802811
9190655245360156753
-8326976993774488972
-947244621159416557
-4398117751912685132
3405575902558734071
-6716567365272981375
6362374601768847649
-4199506250299705091
-7171800566505113185
3326677184549222091
2189130198102297328
-2208191664091342721
-3978770053706954471
275177989859004306
1566386140571971091
-3155343533601399304
-4070183785497449432
2794808481036457168
9067917995316504547
-3265942582133294093
3778223164686396410
1297410892600363543
1383918294581492657
5684976750246236528
-6998393372639881777
6919265670420402419
-1560452867763061782
601688545895618146
8092840303654239004
4957505078424386457
-6643869501081905375
6717746534379648216
3350100938388440407
-5065396467823006019
-1485049800046310300
-4583632697579188085
7347952262889716154
-7899717183623028949
-1556210339853289209
3017216399876365074
4551957356612281430
692476771002981213
8879090632886000891
-6536358612039056470
8867044684455480824
3035297662079060085
1266985639721604246
-7569687556404390094
6479239818461536534
-2731289044505801152
1751950747152977096
8269500479068544023
4190983001474635839
-4623681494621095474
1746406715412362899
-5377579509760692174
-3269701615409509943
-7618920304122428898
-2226445156864021586
386951619994714773
8900176351202131690
-5617946502986309057
-7833643295136630828
-4199098810778668931
3875245630275505668
1000810723613120506
-5812608748916435612
-4987195035386971901
3736266947344068095
3942331295194367529
-7213623573810117399
6484032274422848266
-935632980311585304
7966034340981237815
-1003194718532099960
5172369178439858756
-6464446271382975349
-5777430109518442067
-1909914347184381075
1023315725332098082
-3931276198497112092
2002986597112615460
-3307210207052693747
-1172518892455948802
-2240324028581245755
4691435940366468969
8869280389205558087
8287808413619497464
-7826014171859504881
104262275379981524
5380963911253610694
-1810182374183989043
7464046044699081428
-7527175200740754892
-5661911322714597969
-7837929499856606153
-7902098546477232218
7491747643271862144
-8316196697838469244
-5981075662268334685
6417759712980636114
-4129530576744016280
-3694082321325195231
-273733330145428379
643378578877335066
-7359221835695767923
-9086169484914035248
-8164027045405010442
7210571017900960484
-18165491613953178
-8734372289905921353
-7737837845862037159
-203981286909970976
8987195236959441119
-9126653147169676709
4934612253585901772
-5253203005834405557
-8722926196363499764
-3739637729054281822
125114816490819956
-3742665384539171452
6972093775288987108
6600626519497245188
-953589941204509582
-7974137061428555559
3405420599348745335
-3567838917565746987
2250035186554321627
4975019245158993734
-2119711138131359933
-6721724592956709572
-1554424173028853635
-2819462569108328060
-424933341732888585
1582679386016203127
2734041581850428720
2854431485296100483
-3651517071860837895
7138161145156424333
6825236931559443211
1783968416978433053
-4683082239474665905
-8434140640037730968
-8031915199724143217
2461323403568511115
738022554877116521
-8776349502025707500
7103320158863668917
2586044271490163669
7892891051615839731
8272965062724354542
1289940192481247704
-9066378384287321455
-6193584694745894304
-5621001402744428938
6337286715022705973
-3438608998259924390
-3374670800531432535
1665970054966952678
3326161567462869515
7138959305090810962
-6977047108255837088
4929280627419855753
-3303420343386467680
567378611044032443
-7088324454220209226
3195780518125939967
-2643741779119579794
-570771476784998867
8956779994946066828
7523478328240757686
-8049408462633588544
5604172769724009109
-3242645959895162576
7683890587721904974
-4192816325096978084
-7697973869293125361
1490194501963185913
2988611709978797504
-7746474142334310963
-4288257436100175519
3578320889627992718
3875065959698826882
-5316838456541591451
8951011082736543629
4145710458288034857
4796183516921494260
3934330025499303272
3645880795643190917
-1391037788876842739
-8208155151362214694
7719763880884956031
-5725595574526719133
-200892593260140119
-5030896052199184467
-7805690350076467470
-1464823232426118047
1687326837253591772
2403005108997889144
4466222461930735738
4280872447087846590
6871745975471298179
2929775581182886576
-1178331015855169306
-5744638330585238833
-7541407753819657382
5761476300939274211
-1391995301708875116
-6367695628143920790
7324376730895848080
5875206325835530460
-6638444213478755032
-7218652397165748910
1773174305359765184
30181759280162296
6438526704786313440
-7455755081473072191
4208841804604564066
4490980646002619693
271879415244019587
-2864961271185126052
-2735290958812389050
4962868842480212341
-1850526047084810590
8592505078155078080
6525624266350198456
-4694202949063197870
5613623805025245475
8498242168342336762
-4165367786680361499
-8177910679566593299
-7679509406993787603
-196896021476840332
6786179847527625000
-4131647751250454127
-6030509455294432032
4189766957003118623
6911958228078015171
141081524612486026
-190842693858106567
3524869921472218615
-3712935796497049558
-4902298299208908004
-3825299107515849490
1223585444392222438
9104454631717087758
-5499280830681839794
-707289793808587821
7252720966219388339
6927545302408073970
5885429435331779543
-4520446857430075245
718868268419772039
4432600787023134279
309970819995907612
8102523600189312924
8150920440428480500
-1902621599248876353
-1860123971987308103
-1247922744419673122
-3484896595381011835
2447835672788049686
-960972066246078568
3236466582840156250
2745376525116411560
3140812083846133469
-8408748546518388419
-1797141487489253835
5521569192093575832
-8275608057393132856
7266817504846444389
-4385235638160917072
-8651073791498405199
6669459506554901532
-3975054666159730315
5701608474647963982
5404020752486532532
-1920970600343589130
2198253300745975047
3957774319949585031
1794391580294541241
2162775525330511558
4363552281240155735
3526441221548737712
2170855563748763954
1816179197518156158
9059709403344722213
8604192494210808069
1890619695609039792
-8742636899714826964
2124675735759114592
-3929672786703455530
4025084374582331994
5628675880366330821
-6215064468323135001
3169870762988559121
-9084861576734074957
-3891595702108540330
-3471607945468406881
-7705419199129790286
4802810601235630846
67620700460792435
-7116204766236928654
3469618628085214102
4241594908203740
-7253123971581650483
5521998369380388841
4696910238220405867
-6537789176800352224
8702054949056736934
7467917676964644747
6378047184078672701
2192296954284797402
7350097441295273562
-8999782555936081425
4859645726691353463
-710129139597689657
-1193333642224619007
4027071503261857673
-6752589736999029659
-2754977483058638301
-5701017612664149413
-4701653074144465577
5133814632618505415
8310238992779852407
-746861914298686063
-9144415516120683505
1843593801513426874
-519869550027578692
-4803210947242064326
-510970636579860927
7584274241981316411
2048877475978484379
8761276591020146463
4077041001335698954
-7468555893184955540
-4863894313885087208
1724845366446051202
1567206790857556726
-4777832751896942039
-1228036028033459894
-4899048864117436287
6978849153022333224
-9105063360320642516
-6379772762353108597
-3766059756886639956
683466168616393761
3399321666857317227
3744042443409470409
3975293689660793976
4574783810373598630
5242530460333107007
-4157718897450113489
-2742785316776962277
-6617615322128327869
298386355570312052
2566093302428605368
-7698443959360091594
3850797852630522251
7425894325139775685
6928817498782355299
7701158838618165481
-6064630923801681732
6585812084579248194
-2721958838092982294
-6548800660701297955
2618185124536041184
-5854993426696542551
-3591679504545575559
-7849198474062790949
-8248911222516182437
8559297442805115447
989929675686845922
529935795509059148
-5144762164050038569
4025722114297519058
879047820826564811
-6401602967160590263
-4926553314537325714
6081399579759813412
1475967568790280697
7114994285677913277
9111236973722794702
5217097567850991846
-5281604411538960185
-2262893196813741196
2183976574551851709
-3290695477100431223
3938010705196409086
1595593504867351257
-1404387385461789373
8345007529813417375
3791616253380834292
-1302687633532826470
4304541630041012278
1424724688094185694
450196787090361118
9204517729518202686
2150248770511195028
-2655907523155004162
-4635076696803222245
5645195775163933945
-2261953741880657371
4838059285230752551
4777882863652824118
-6802246706357791497
-3568076901863020714
4240293382546908510
8205781305186159881
1493761288282807002
-3688088708716918456
697420224844921390
-5462354975037457198
-2549242846778624917
-9072870895340700346
4390315937939699796
-3676715258443885677
-402754567962411684
2701154546211657257
5829635522860288324
6412070236013151695
3022175626152296313
-7114202386242442061
-8943995477025321664
-1576484301612774057
-4232408015384547487
9222956975171768287
-407461000613443780
-5381457492291341244
-3391847073290749287
9122336237500400490
-6171635410137368369
-3280380667615924110
7869566527559733623
1635714219648401690
984687181228903604
5898133655992774265
5263138031346693447
9026789461935358296
1816430854783724749
-2065337078922456402
5971038824595264595
358089855358734939
-3693693288125317632
5922925851268522084
6021220505195679931
5553524069840654830
-905602793296959429
4240526882467426555
-2082811546591522799
-2222163764008689179
-630020542118162173
2461485100687964125
-2023305447199907972
2676304521102896247
6359734649166455248
-8092153595031618271
953152263828417016
8728372017261069018
638681632250355591
6403068724012755108
5202047572576397729
34415890236760789
4725443110765918906
-6927632474447401597
-6505077423676837736
1415503550076980879
3413295095560790309
-7009006551872787707
-291828119138323560
-6799034245703273127
-7312002786314620020
-2587548736253434593
7301939315995108110
-196497872734584073
-8673864276787523605
-7496009165594405462
-7721100577604961556
-3809223560597044564
-9022745914042941929
-6037069479976312073
-3901255714837844097
-5345396513875232915
5038910715541959493
1258133153571481472
6529318170987228244
2967707592978119811
2569913426771276019
6437393185412358497
1615423842796001059
4413359779684157816
-5895301202047406248
-968095584598636071
1444074734894496088
-8711043007041760340
-8180624758734391799
6354888453873210491
-3024410649514615686
-6944286620317342163
469868945423516400
4674997739059043211
8262710523665929127
-4275020372321895452
4521060089789904230
-699552136180143303
4905066515313083653
2640480238797974092
1402664608841444958
-1685039672224513464
-4254532140732404791
8751812724379781330
-7695695073991937461
7571127047538742125
3147248155077150056
-113630335712079853
-7113178509844113992
8424297489089329058
9107506900753778933
-6643397841839912385
549196684160716132
6385596811812305028
1716952868994160743
7034204262626289715
-1850306703710405269
-1511658873412927241
-571033783497318729
-5769990425618763873
8411107837942867858
-1951317578263968445
-730172571819408312
-1931582657049719222
8491020027089868701
-4607506337293719599
-5656017513645686947
2579987452908435533
-3850821220699391984
-8719675569633596097
-2414879357259947430
62850417547136412
5392524595744279129
-930815861299886936
-478082095362338400
7097771700254144110
-5998006233732743164
310953917844137599
-6929220782720047311
9008082312643300095
-3130165277056073787
1667079898192477871
5643913972243774747
-5900924585876668494
-4678406706447775428
7566177513268149527
-8415428393766122145
-8401157129835020199
2771140343465327070
3527532261839834709
7352910524630947192
8828542896877528588
3927147440487781400
3912753161704948207
-4181685292757569429
4173111635722681791
-5576918291006010898
5784994870855627275
9007441371841267308
-571693070320765456
1761380872056910298
-6832640248174162096
-3849976530624332838
-6118914306409451364
-2866011883740928607
-3981660424519274856
59911953478654408
-154609674750725271
-1608890918623460884
-7041260462754686982
8263355537614129844
272709556600378310
3635271338778379476
-4820814087658724559
4395968258602320391
-4791629207701203206
-8359563790831412456
-8910768462698221410
-1833386638471943435
5897310392960028562
551401667805424497
8379259906535150555
5254892778250544098
2915503916930119248
-8495108532982503982
-4919634352148682444
-7855644130315780615
5380893768886305958
-4362626071361481044
-5838620921795892562
231863133613427791
2900270009675657264
-3289317921490403031
6468911070177428881
-3687104445958812225
1005297974966972397
-4734711908462076893
-1195894045715046016
-1630135934855807413
7804400773715333237
-3623757097905728294
2271029168307810057
-7956856936126336428
-7664439525286099658
4295296709788718241
2081651733992655049
-3070095256992418854
4660027457600021620
3556210370520398701
6508461211816234293
208963424096842867
7841626252070308738
-6101451204665767028
3383867187758080687
-7753163739607927830
-2868998636509386782
-4009935960784747546
-4958771222756035221
-5621501342039241635
-5136028326605903517
-2957197889966906524
4950032575905801570
-8151314663169476656
937066906740875761
7947128230134149732
6917218341493243433
9139447454683653527
7902402845844773800
3222311014580022616
-3824974554930191510
8422771380528599073
1888732974762779880
1277807427200131402
-7112526488122388725
-7543080089685369131
8865437926077012043
-5948139773207888128
8920863900779953450
5413677002971440048
-3264299375530166408
9067248532097015711
3998371407005564466
3852363142302254168
-3046009642466940346
6676648762248888469
-7757256564200699795
8658108005759541396
1786541182099427008
-5789982418636841971
-8132121587752016185
4006498434863967192
4372220772662522405
-5598590347112218904
-3220276530554174300
4739619413202510497
3862891630300706760
6054616817074876420
-1755422487125504526
-7924176014153412504
-4853566019631147401
6689704166462456586
3415829677441511882
1649296009902181786
8689606736030935994
8116099972489164249
900808235806108915
2075012137369586776
1606136332123534062
4857304960687963317
-6765975572885838254
568821753339347701
14483091281483206
-943222097371145115
2700818519846937239
8703257256154051827
-3269131594760145555
-9209772217388260969
8248068568084028634
-1940481452471754677
8707267829283325101
5952592068850686590
-5433961242021912022
-4791282641525307749
8142286298571814382
-4862545630395158508
2315441176420689765
7028445587043317628
-8425822682955186536
-4453142841953790702
-7643825169210771010
-3628183535270407735
-2227622549881667594
7258501455672646223
-7239103386394203420
-2734735024494041679
-2788440771401201769
-5111248013639020193
8905585836738762912
4545569797408298746
-4035162015869632950
6825426863194392470
-4955473864324806702
-5392857409485995091
-8408085670673281457
5947958885804825885
-4188555238915137822
1562131071043226993
2708130831303889993
-7127149148866299270
2154085680073846550
7687646381534761688
170407551752684015
725547266614393929
-181022800212649920
4606724994743848065
-4415806325137198240
-5750806194101340742
5639225475746514529
4378912061875318870
-6621790482478085459
9212592230649476637
4639269354094391608
-1387898868877437787
3502642624745404161
3360302821616654927
-3709324201697840769
6186522149373251865
-6720393667576465047
3668083101589930897
1405002968684029895
1138397784787147733
1949484360007330568
-1856732701030354515
7743769243748229298
2229824178251395086
-3771350995957976501
193505065202698184
351641563407134224
-2611357267411272694
-9084396657624669208
4358365172003907661
-1834080604744672887
-3781508073906801713
-8789354814809765551
1794049738154112580
373072129366132835
3513807321106318326
-2283896288565587224
2662690327256784033
7537138102615325746
7036355173809231936
-8817309852054755677
-2787955232874196284
-2976739431471309295
-1870000115484196300
8830912647026881664
-9157641695891775223
-4879270483627074936
7216555203516920415
-6533717792427920333
3122685472998649894
-8250677032909450592
-1447232220304776112
7123633174054569166
2129111486673601524
2674077703866268028
4787991018066025408
8117423955266021155
156933831681642796
8952179419616414871
-4819472114808421140
-5234051183924305358
-5810661926719544150
-358666859066695174
4419656829636715575
7650633541787308059
-5475541478834997671
-8536804590284615644
-7981929891368481173
4198910436318261826
-4975043474505746378
-4851969797408565663
2748798502595075780
268277163417514867
4544262770051262473
6308599186113889493
-6092874559027655399
-5286567205118348718
3727781529978898408
1288099645159462239
656922168477064656
594923535291918353
530959330561180739
7657375996563296667
-2416011607127184668
1607714227514481440
-8035698126927456598
-8875499715459989829
6563871362404062963
-8075517421743116960
2187632794620723415
4011040948175706182
-1891501933098230077
1281023017529692050
-2753588465412031022
8396282513935380166
6083544159963176336
-7725665344057756332
733255479065601980
-5363000694892066866
4795920275111605803
-736403188533255111
-5281115988014931480
9137923503347850429
8900035668129586574
-1254603075258935692
-3355848627236194428
-8776079493526481891
-8797331522617201588
-3904757854351078025
4491270360727621937
6626793229153283921
7335773640971413475
-234345996926197710
-8823910493144563906
-3656988131879152145
-8460636176291232764
3911817551396855124
469923326326923704
8241139287130895204
3993877810806713495
7049181712963769574
4049994169645578784
-5408964310907022224
8987089580473240396
5732758854656714411
4200717927746115091
3757063177231696102
8847853741606505546
4483959262639947042
786068516272862804
-2452923347385627789
2798167806517412110
4185777775535903728
-275660917320486422
23786284793283905
-6659794796300845937
4361069333417723925
2278401840863282857
8023693722716729572
-2901515578882070021
2541868286586013488
7642362578482536610
-9181389921631201347
7644410021236984743
602438462059601156
8379115505416354260
-7804076103226472287
8119526582309128399
-5133840666102761366
2515110523861163699
7939887782181827786
4961840062615550918
1790338750518379724
-5421228059422325000
8123737726724069367
2557817179115417466
