Matrix cols: 5
Matrix rows: 1307
Matrix_0 shares[0]:
-7966334516102841543
381654543646539289
-106012169264925227
-4482080125941292327
1408063731455523369
-342989057718460778
6253899547432529258
-9050155964099196015
-7744756834514412862
-6481657814147611425
-7788131342640908880
-2706035742959772983
3041380334419831176
-6432410858492624683
3346647890909186650
7120451279244637986
-3770768145034352172
-4003639628174587984
3540283164293217235
-8432379902989538203
-4432141976843464326
6014290320113724887
7909436140015423801
794050705104044688
-4483178647006348667
-2656451396236830196
-1137949680243060136
-4287965101314424506
8780985117412253303
82838149166057031
4799298647731681045
4848592908262632990
3956064642719708174
-3812523609254796470
-8959309473140198301
-5007673310126559110
-5836848944010903273
5779743581405613533
8517434687144430814
8998866727445972314
-8010874634726018911
6654289877014382602
5247433120194932188
2878753519777566471
-3387329307030762229
-5657824445053760624
-1408636299227932307
-6112795159241750315
5353337892882302355
7812527635930350178
4132937789431507312
6097995947152523493
-1162366923275843083
6450929179120805683
5433920630128892435
-4363161963753485292
9005744044735876140
4427365598055797908
3450472217849388403
6017719920653094554
8816486272143847220
3837445446560365572
-3688212285247931659
-8144959327635197384
-8657296899152051423
-1176079932281831139
3441172321065029710
6814624611103122446
5357967288496578788
5885851786432592821
5635557771925062189
2303458625475152141
6081514630075418449
-8675151063706222517
4353321665877503331
-7975103125183761788
5061108477154108792
-3261153459118236338
-58739204353435621
-5321734244701199005
-5894383994947162277
-5689551039563900157
-8936362620918891731
5384635115760240122
3960815312269752922
1389155270390483190
-6042734735766095316
3221654639324053839
-7657406114594209177
-7529613592592817504
-2430595545917094004
6309739129553923771
-7186851310442288922
1021156307528636066
-7113273294559311046
5750296928419216662
-2747337916031179781
2070118660042219786
-7090921764719991710
-8685519104792082768
5402532903224357672
-3668728039041726413
-7033732204528072999
8168056739327390934
-880462864561204932
5575493672489216566
5851089963352702095
-1849049521301659867
3067603615320263126
-2418900782589172872
-1141039556285757904
-2231897170591142966
2680981854748003187
-2376659179972462771
-3532598254151354983
-4774547105016733264
-5083034065391830820
2742663646821842582
-654377088284268615
-2106323394773874524
8914725272524678512
-1321217622785574793
-471969085400369657
-7231748587188850782
3279277295166739162
1283254077172220340
2264070429314468015
-7028752725767455406
-7668227631313258610
3563132298337386095
3286585125718151985
2406445793616974600
2081038848661909050
2028570466947950779
5320677663382539364
-8193455760975599801
-4942484377923415419
-9198369938888875815
-7278983003708766622
4380633340069789451
-7806088922639708952
-974225129643943943
-6419918443904065216
3846371636978247739
5370556211791418176
3564040135492514118
5549947468575285971
7581275827675307223
618943476852685153
8206893920211693086
3513741482549759606
2045855940332521431
-8260409781194067633
-6777015823961991126
-6111093177780116308
-961696065313217308
-8400346394702767527
-3414760271311661532
5544711244402600803
4083262021320963485
-1232001417528936082
3845658832685436088
-8680021867559952519
1621685967865525029
2427794446461820048
2835761639970174572
5760927020711753809
-4650756827408191936
802522679963216779
3534074673362453065
-5935165104729575195
6714042730245993447
-1232420590945168681
-7932496773373804613
-3415051900187005793
-5361385333707567919
-3108868937235244781
-6371256069171460274
-364594631688768309
-6460146083850230458
3635850685968661281
8585126417314055743
-994067904308083924
5043726733390974585
1984091896747148754
-5365513020122934982
8417633517589142105
-6638649328216688839
-364186112170582881
6310971457540945815
-3605748126608882564
-6371886450465357806
9061316324050398196
-6198318242933977260
7703776384965602564
2308057535829165712
-6589172269222646304
-4388143521014176983
2271004057020163208
5566668580325205244
4415082569486369419
-3373874893005221136
4976212006317491098
737710107219673598
2283945379672422834
3034045995196218470
-8974622778214434899
717345434499145297
3376383926677188556
-2490928351419123075
-7896491567664199125
229363684382333648
9171709735509965498
-6129784634738278840
-8907590196186862181
-3995983654308331534
-7172722282682819539
-7188584476087189130
2485396827725987536
7216740047047621267
6898928308074126884
1457581365894430251
-3039603995422752497
3476540376925256497
-5333070095446370335
5655058013708723176
2214146981336270580
-4564294451546671606
-249342198527092355
4307274755106584127
3889214455827084809
3897719101781612126
7774698045076422798
-3722389455138012462
-7413642287610520142
-4923625842287859749
7520533824301762539
-4574191904849980690
-6217863811189769552
330286923233681414
-3394768773070599884
-8571627067218663636
-2733958624456354014
7793068688446192291
-3154376245062584717
4905107554191886940
-4290733025688023571
8923196667453783113
-6918681660815279242
-721388899505216186
7361979760898206034
5992627506353112780
-3905698818532997969
-7564604203445967204
471228956349766473
-4023830550512342307
2198981547901998314
-887838829652586453
-6988479472101348028
-7170512921087109764
7762177168157742480
43702031983250338
6855316730703210905
3766848060557164667
8225022054345892971
-4406706016611497648
-676336966484770954
-621962907787298203
4201779719468259700
-6145904188994012136
-5101575239782370356
-7668419739169790030
-5807087393383700717
-2763855045126209821
-4806335703960035084
-7580294147765160669
8170473651158087366
-6688733372269968291
1994638516304789680
4159038869978724096
5824980945985345869
4265627437728815514
6275516718547842212
-3818468128008931386
1504989543261507467
-1840522835592510572
-1322758445166878856
-2028574370654063703
4574295600275414056
837344787141281525
3034620054530582661
286852785218528762
2708673921909260662
-2639279920452935783
8581604094270140682
-1005295546818051276
8289427331961072108
8805436049941857387
2519708019789531833
6467251448557124513
-4735745780492906730
-8592907211582573533
-8747864003961757195
6879796420337059940
-9101784948991133729
5362830768706573034
8377105598791374684
-8589035945236676753
-5668331001000944653
2258972021505698659
-8926653772658377806
-7707328008533369043
4706041765635445197
-5285129382888879453
-9172719488046444330
-653036097620123506
5190239028832637820
-5342533111969077201
3059394084547126589
-4867758133683072188
-4749392070032090693
-2249531547281323435
-8632620961664570124
140152848924855762
-4403950176504284124
6847142493872994512
-1909322866705160827
5279700589771401851
-2332034951634990598
6797368365866497150
412799285926462196
4495206033361554451
-5082113876890088012
1159203909759882047
-7497128290236007221
-8835182870765705459
2053798077645664998
2255987122688202526
-3013026771689036851
6009711113018808501
3950684888623761284
2896655892348904661
-6715561265966328892
4221717867289394602
8432321579242189394
476044958189725076
-8121738586816539421
1835296154034668659
8003402188823022237
-6275106889155865133
-7261536884903983179
8265756709235774169
-425096596348966517
6101809765438395111
2118263310438753951
549384592580234510
8756929514741374845
1864365266153486810
-594302229069733873
-8280135725197588997
-2277117722190704476
2626696987953708066
-5438075451332534615
9096864613286216886
-3295003787205850574
-8601552821107047745
-6209652054121007679
2871101133606198904
-1494151006039095118
622469829478875049
-1914737811301087170
7689540256025670366
-9203149049753729849
-7792018056024668358
-7142741904082037530
6171902006542064400
958876931270927924
7389792531153442376
1409618309708046400
-4266303272364148558
5134202881069856328
-7307944277696325845
-1570239058156301293
-7162367225178594933
-6114245671384178591
6522217994485675044
127521634543742386
-4490632744380249103
-8246289764380424893
-7038435264781933333
4700546319831912134
-8594835465379646573
-7917618469970500215
-8937717974873146388
-3953146963528113779
-8489386281088335254
-733087826040652709
-168732597406188545
-5897595865369848686
-6206330949754976470
7448893739410776
-7189114283851598159
223347937247245152
3177227816990132891
-3781922784345655508
-1279191926969883784
30386626348335719
-4015476109734636470
4838317974410738245
3445038955346899470
4368424174811245202
-8424002851811969054
7551344326589431412
-8337374125435474871
-8647083502826130486
-4453018304814291255
-8929441985923364959
-5505737329691700407
4939550448275542657
7867419018643410217
-5768903976198255407
-4398602005272961725
3491415332107957561
6946746323128778816
-8410929124630843503
3811228060315622252
-5047616476543659763
-2623069739236689733
-9010111966958249906
-834225790615802021
-7634566111329841870
9064691927997140993
-8790220139845177682
6220662993140863763
4741670540208222251
7016852867154842268
6896046144885578391
4267212008750324568
-7315623950955185717
-7417149552575128933
-6932974624909645049
869675198760061687
107801114165462393
4025558649676221381
3860839698623171925
-4169369903058947809
-5583753706999886214
-2924058987769695927
-5860420502456460782
435970454900397595
5885139672165813894
-6660066181143298228
-6490038050690483451
1156478334813217435
5889993807432616710
4102873238510633339
323253447889758104
3672049240174049982
-9137124247341046764
-4107452717554943453
1873303507657354204
-2223110825319974721
-5509780066573064635
1476879861667568802
1050904454306107202
-3237464331283690906
-4296622546126391733
8766906180889019828
1504967116401776402
-981842545333765945
-2725950128378031781
-6130733187281841678
8972956223563922948
-6015807699601893557
2005377196041887214
-3750496552584520107
-6668600579737666300
-2617271262336488961
-4119412392482308759
-8883415288250681659
-6382943930074355118
6229012039770346651
-7248151164469106178
-4738118054258097249
473063189366640952
716831394574386191
-8482804325532357404
-2360869882949969366
5160365087392821173
-5203929474245029633
-3854593631467836411
7021310718526931579
-4405046457041851988
1212459146076045076
-4931608557054658307
-6123502220803411127
7274805106080352313
4003716386671712771
-4829757281299462021
3855087851253658892
1818102805583076241
3300086389110186584
-7189808343260447600
5822687023144695277
5120517126478136919
-4826587498886249097
-1148337520785727029
6951826844612415331
-6115491045739333978
1307704619255059086
-3913706048338559910
9037210137851167866
-9091867931814852131
403235669557103912
-69841247428993003
3890758709880649049
-7081740686011322999
3417750505866673482
8280113101815180106
5778826403767972183
-3023272546813886552
-3667707475241146840
-6439819650519237529
9121119940727281776
917336113468455486
-6772306121051017591
-1739973363272721302
4034654226407474655
7473436973070551012
-9190365629357946214
6117413660707265798
477022835982829103
847496460057318261
1029666573321292229
-7272402519702277659
5815371572682467980
-6268268392791707808
-2449199836625577818
-3302259284743881070
6533389656147408320
7455032359911294986
8147291596690409752
6408579841855433813
-5802447584263644996
3282271741350668189
2472441406328025098
-3680872728961806065
-6807494670827728645
-7292522672957697012
3837502320099575405
-5910960282379613248
1381519792766166605
187531989961800378
1557843952159439341
-2794021125425283649
-6701117158265024400
-696339648150168182
-7801152368045752639
698329563073978393
3280643956888046372
-6724556939106363375
3538636476586804539
-3556393690140872264
7857937964657513938
-2074379527152757091
3318191667532494693
5124292471078707364
-6507181104418285583
5105538096671133705
-1087666586466048961
6062173610948702389
7858331681194429023
128326936569056873
8496501652360372817
5905797820553415324
-1322045581037708826
124981134677670402
-9039671497455401599
-8596215618435642075
7958191946781333306
659393009944285183
3454043870580100091
-6925615730465311097
-6459823109590124194
-645502638099951125
-6782435987308368571
8437947834882123726
-470642152250594876
7470448145641948767
4326343119824552091
-8024149024996290281
-420557221648368528
5158385688199224290
3733127328833680557
-664668184063918784
-5704600749359476202
-5957491625446469417
-5512020650511670026
-6218841243767792585
-2029467687092790945
-2046928153773530374
-2827721792941480146
8206857019020714994
-2610007693701732275
-2647876512762514923
8470009825449627047
-9221096666081369617
6127396517757566205
812772543192293159
-1827035231264108678
6231999656480727175
-2045577858041968877
-2353779124035553444
-2326962183384433217
-104798768979984748
-2498512618436587274
-4116101797656639629
-89413759436541953
-8531843942138887718
-4664421412630734135
-3171352260113286712
1064157431294796023
8278399595912601483
-6988499491965254155
-1205571668485377490
3148587254624807147
-3349380441445190174
7861504040157968236
-5555601697866554412
-718091894787538438
-4986394940164643885
6224052647904386122
403501788270385785
7626928804375651993
3928004728573027921
-6523726069855723046
-2746752241551557194
8296432629462733441
4365109108002384664
-1235289041715640020
8759347151415850699
906199869962051297
-2415988526509708371
-1394305612643053918
-869230539055111972
-4636185037468365417
2204789011797963734
7108042593906716954
4705282591479207862
8572740902576689622
613442223231568398
-5125457930367386929
4406461478094947965
5529690740480605427
3552554036156448464
-5021709921903805533
1020850362471097132
5399832330775852779
2908744158570371418
4712217480382375215
1040904007198130918
7516094668127834061
-401480453048081802
6987255062177851137
6623653845632805758
5714236733376620982
-6533722351620354794
-4568031042341831228
-4754877901858899824
-7214842983455615862
3928994247571101343
3211084245672835155
3584883609302731273
-6392366688732511630
7847794283621222812
7616384104382779307
-4188310106432088298
1598744761287713186
3279224290667282551
-4817618306124700429
7384390607060272294
6827432490377937994
-5607894376454736845
466079142563260107
-1046100533572522598
-7732690870530189256
-1158565219265347798
-8061874031332423171
-4085400967035523134
-3216060592115531111
7776685627462893559
-1716992883523388133
2823002657361137450
8316426623596913512
-6208096699437360455
2206269020560506622
-1779580819733246429
6515067343063573994
-5083528719037118405
-4165791535938160817
7293484082330665317
-6839076394737905281
8118518582558517845
-3089703288746558502
-6081883213843021437
-702441223095506792
5389037992444428376
-880790736272768784
-3619418012440663920
1775804940141661222
-2599077126326799340
-982679729301179684
-769556543405775777
629594158473205471
-4568176982083683525
-1405565484565764417
1495552612044572616
4495702892668003346
7395498337790133175
-936474542114669406
3948706954809992348
3697179780041441724
-2627295104695199363
2071638943312567878
181796957872502605
-7511084552384750400
-1132778915705711949
2009663594640359433
8421692034551042857
-5016660478154107975
-5787123703101219832
-3239381659961034449
3361038483498335378
-1855130809037141001
4744555848605178720
1677858695998236575
-3731589691575169138
28650993629642690
-1812923097043151908
-7607445763274981159
3247255179224663834
-2896183615841256362
-779403981072643658
6089687492718295841
2082123654025210608
-5017079690293203156
-6416001310466696975
-6260021762969201433
-369331178279447969
8487114192764424830
1293161252637611632
3947952829615145184
637341709932565245
961620625778472568
-8770455647148334201
5789301090713818069
-4075403190626096834
5718535765038681719
-5379499100550586715
-4024910090952735122
-2369087411132395945
5647214168895698753
7249240731598534235
-8627905889418640852
2160356774248570146
5092370747946526986
3024890196749037117
-8045940805930685422
4794856136467963943
6733390801707178667
-3991315297164441981
-3485072622710564597
-2087147166023604596
1087757112337193390
-1191344130780272696
77730983202465504
-287949479409954103
2458280156109084560
-9010528046777143689
-1884680277422855573
-4294636438503964840
5867560492603916738
6944014899892588556
-3559336221443440049
-8008074152752836845
7029515564688835834
1471607703142671854
1110962795790947885
3946677287666936904
7797263977422769108
-1909298758967457019
-4690581002405431661
119964803100076902
4449744286957676069
3828688258185385890
419467651616802285
-383000127130187525
-8445452074034700277
-5515813871320954268
-5374605617873946050
-3801850411156684120
-3081637199994676511
-4097244184764223427
6429402492056996114
-7044715893774730642
3552715028563499771
-1305736987822812670
-204781115354709807
36289556684964449
9065248201960499251
-1983238261224440283
1004270981876454855
4615956623026440678
5778373923476318081
8266233106793663429
2666628819535256126
8238833486151971830
3571942578467030861
861868027776865796
3048980214121265525
-6861456351552887527
-5711686627762318486
7093532780908296013
-8797282659027176340
-2121031810844103901
2494104297865746569
-2328465003087611108
-5267686719787883592
-6244404889925734895
-958281842836550512
-5047907432832346867
7711822212859846801
4125003311516655276
-6630533284259403239
-8109831530823725526
1581945020446637411
7515552611446525992
-578531338529121550
3543489740099173856
8402286505707595355
7973934364523197708
117505997444722162
3095141110346212296
-4896671131793678208
-7059903008678576337
-1781107347343424747
2618210447868516087
-5769747500821600189
-3861239405235819560
7211255963207000327
-3180028800308483342
6696416213289184211
-8883659419871145612
7494785410600999628
-7603956700873849060
1258988617148702348
3076236959028965756
8358683288463477321
-4512872841639269209
-6143795780236294706
-1393301368354626220
-3600695903765705769
-1763684073331234028
-4301341837044966864
-5846362741412111934
-7765560211112483994
-2583729498490935348
-1165181739769773448
-5065942993108658644
-428610473158458145
-7257829029720552108
-3625916890183485726
-3236087539550252914
3923846692420544944
-7592532897303711016
-3995249109056234335
1282708607696182297
-7057541064483931697
2745510219201190613
-8910651078677163147
9216632028859321061
2586380539791740527
9060845406454134883
-3351864213561893182
-7323000197411651532
-7887057288601631890
2948769147878338275
730232425155694665
-2826943103979598681
-3399076158969698303
8407296532121054300
-3118664893101970038
1523973927767964419
-5379446274593478314
3195770891036951964
7761412938004263680
-6770530744616547497
9037003376655734628
8109293266019018225
731927737401562825
2953175658555607192
-8884948054525035778
2979835224277362922
-8199039374021085983
-3064231134201147818
-6121327667579064067
260845109688138177
-2371431218624418492
-1246554085147679728
-3975227703478062041
-241369805877213333
-4988652670460669695
3843094204228302936
-8086789973979894304
-7059599008972164819
8364867495540126027
-7206395479418854192
7159936683895543998
-8682816303003215070
5557087819252143273
8683589595737456139
-3231886315300208502
5507858763532642716
-804096226753110401
120553622733900711
6339377414199687929
-2970256798542646634
3995878339410234888
7639922736282882117
710796414720274208
349093433075905332
-7004748901484829327
3966891866361400576
-574221564755875141
7912708384486828221
3570961341811371111
3581824608946381665
5973943948340394739
4922290472361087262
-5983951351386320219
-6315504707436582120
-7365776532366485286
5637673707566168909
2702300464795189333
8778289311229445872
6831255328531801130
486754318277408718
868911428742455064
3223803929251198436
6998246213223142952
-1422596937713051299
643667533032543717
9002474255735648609
-4009030127910175425
3503744849468496937
-746399136261672494
-566098229237567785
645121625625000797
5797029187241134672
-7674549270631658894
-4500391583121094327
-6404677288489852339
3996938953013245682
7310745656649016660
-7077909800102450083
4924771994014971917
-6292468891219627839
-8349900455956448633
-1911313783229003713
4097663228865880843
-3313235315186333855
-7126798278324656341
-2566222645551622234
1389527083181333937
3279797792183509031
1982536429508840885
2320363683840564288
-6409026430862500552
7030492445921869402
-4731697033702073747
1267702242086055133
-2779433370530172526
-4825462078667285260
-5126919935832787935
-8933223333795948603
1279117504724509735
-212196693385586610
2345760201881292798
3021910598558107350
-4038755506904845509
6215879208778855625
-3165014556845562513
2500914326515404631
-6569922379261396893
5770922909995235442
1970292407436465620
3408463848125793805
5538715000350809746
-3570925931225001584
-6499009488350253287
-3076380461989739412
3049766195458565220
7292533378385641345
-3295124078165155321
3564340363698537652
-7113680739915131173
8937521975670610641
2808649821105191831
-8938755044745633796
-7053793691175740693
-976625081664044936
-781892515256076639
6717227678914834171
5367069170195081519
-1284470924988212325
-7921588689352845151
7364891656693457096
8608782838875751956
1795730315301042829
5132400371558071272
5720695652894926645
-5714176114509223743
-6687566173674090175
7130058329621286632
-7705089698349559326
-9060896167448340323
-3833069485307446900
8361577984004319363
-42560995278706533
8523022733191247105
-2512522621393294310
4376979019709416168
-6493748934558803246
2927535006015066001
788864659510231202
-2446954650343093520
4218614595831538174
-6017251549231925654
-3560528626234021843
-161181985961063882
-1457540002587107935
-2718861842382494696
-26221735037951733
-2819222569676117875
5899648625289549771
-6871021271813667403
-4050002616906185294
8676762336941705267
-6267817729658680700
-2380839534287392525
4104532251160978440
-4531833925071363556
-4857666289030054613
6168472279596688873
9056309165170095554
-3673779110188275634
6826053922410117958
-3996662166435769665
-6262079670395143766
-7079328188828380184
-5024784064730358907
-3373345831810931591
-2089578544106967181
-2934475412139356432
7962125036978467933
672875423254353103
-2173629451465691261
7892214937428257779
-8119422147032320189
882665805892149123
-1943178321943187171
-790025661799488870
-8842134025057872259
-4283664133371858117
1013698423146871284
5812957145024138686
5315386961060716911
8964230362169578553
693079431091222938
1642759152481845468
-4540012478655562940
-6776648228185288166
-2212101002777989948
-3447835721747822926
-8294603886200276661
-4287717933721522737
6640722331863117957
-8419744459612032149
4013180617912709987
-1557522074878524497
573532762811922857
-584752248917577967
-1843040457401962092
-1969510962245748481
3665463414617225422
5998698420535969762
-4315857486683062581
3251912911435900441
-1794238914138744883
-855588210806533150
-8575089173620497342
1517524211549848944
4004258983546384994
-7133694141631676026
-447047164811368345
8487673485491294324
-4581960542156039287
3248187459879764158
2320023456408205025
-401618361782723064
9158354890863970181
-5087064600466754876
6482949264365027575
-9221818207337799149
4584847473564180003
-5956093512394963710
3124202338790456606
-4660416753382588203
-1671291029279956611
-3451917933354187097
4827150343673406390
3409267405193517133
4789571657983939626
5251665225990041007
911303347113206964
-6568319309552246195
4048948425798527064
-225852720757892941
6464279037737695484
3922728970077883182
8147996649894539229
-7051544321186705517
-7093197314604413177
3664284835750386934
5198593791054458544
3666381970919920333
-481064245045864985
4612590444314408766
1180299028657921471
-4661597018721099129
-1942951709732222240
3328605005825047235
4588529340356267130
-7697775765410151164
-3380003534313111888
-1922712671668028607
-9154225188651370167
1179630096976121461
-7482155368518242117
7226822772405469115
3203711777626469102
8489993552400539527
1222990662080566253
-1669923987990551205
4930052751038708154
2810224696807350718
9009552968090823658
2246904787361866541
6912066361880713495
3377767068676998745
-734153989250036533
7826875271991955249
-7535233187027532783
3614157796748341009
6803318191500637629
-8801532385098675964
1163529420879019675
-1598368083850210119
-2850764240451984680
919526249400227339
-6218286432199041074
-2241036389405073891
5456078319904902931
-8428131109415271848
1820400175529956378
6425337035249859282
-6819126983640753272
-8017271234124666676
8430438940117005966
3674980372293406190
8871510944328112787
-4222708197936023489
5992961002745717942
-1088559064541701949
1294790418949163075
1460742887814322777
7619884065403384151
-6009004775237562491
3975544374560037666
955758569298969220
-3725213771494790152
7618998512272446489
-3475798320029326393
-5821861834274042289
1659643636797954433
5706170460430233274
-2328079653744187406
-7980850808274422335
8393265400587362276
6153857054947755567
-4571008646333802307
-5871727011882863411
-8919980922949419958
-9180779507442315665
8460654870360781763
504788302856633772
3224900116854441868
2694711593858381176
4731758940530049218
3272426779052296581
-4270069890800663716
9059945946352915253
4077559116964507993
-3787684877423675381
6848236046203742312
-3380549144812747288
-2147478184327411929
-207744735800446333
2192913604418459173
-8699215664779123233
-3335285025688496621
5466999697077028104
-1789933602940505768
-8244855640395650653
-4824249928144367058
2026612332149875493
7133892355831898507
-425939763861062353
382354536675812326
2590842544342852637
1926326560949178884
1560236739334617437
-4522202713687047619
3640537728369497366
618591606805917026
-3560314685092841277
-5593557755141556247
-4311891747619011562
-2838320199917275431
678069924226493307
-564996342658280815
-751187184508458639
5007908176160350881
9078122320589125524
1069797503986695481
4185607083787584416
-8005560458686712141
851637539511028912
-8017790380891985434
-7354855864098550360
-8017773714716035002
1766543818838486697
4229271498955597271
-7034702269508925753
2745155619062130825
-5780803665993562075
-2167439970173218347
-3541866900225945013
-8085266991283341728
1977320686194555521
-1978985204104634036
5591041545019219466
6651390833486692982
-1061026094274490456
-3492303377990021454
2274290773583076376
-871732633250337316
-6759131429840754465
6087905677220612804
-7307336762776715737
9135786496521709691
7389130973809890483
-2358302124405027818
7034202365892553024
6296290612548877714
-464014066368394822
4110928671697162793
7709107039710673553
3452204558291934328
3179529011857049032
6351049517451489021
2404233947698299387
6220298593604332059
-2964734526484256333
-4698804968258014657
-7531788616598369388
-7383692122724897657
-4481637922969027148
-3457256817562422484
-955633007000086413
5669383593563300651
-953071286568644845
2719313558516063471
-7574805806882705535
1657685307018006536
-6997419531759375395
-8797420564073434815
6873692181139493865
-9221539270502036791
-3904146228343906761
-2859319814937179811
7937528857574495865
5889474995545011536
8873271685182437654
8189843878699340680
-2599362344671109945
4892877447566885968
Matrix_0 shares[1]:
9002623150724961578
-8359033005511139113
1227502326458678708
-6171075041783100272
5148753108104807077
7832846591205583472
5418774034066108693
5733448027067252221
-7511526366327421094
-2399753261760637168
2745085715378516291
-3201100321477417898
1972130955568919142
4686291466028054562
-2439016430151914889
-9194621487578349928
-9120352947762919222
4654076900820853726
-7403141625242027727
1415147917834213470
767964628796976364
2360694580889230971
6855770012346592198
-6020432500815509051
7386401751298687435
8961131857548704584
-8248378069120771618
6585214026300997895
6859479336693669565
-8522601003989264137
-5617558469814883386
-2882055613469459177
558604498557874157
-3933662390947028278
5910127954777288439
-5785393386450981144
8546540378665912938
-2497278149014885915
-5956149727375961768
-3193708696312098299
918978387076068788
-4148553298972962243
-3146729667707666725
2193963444963596664
-6947556267321663683
8292726168038496596
5821791311755611560
-7857810486318170556
2600462669904705305
-3882950442600566411
983403778309948178
1337543106146347163
326122038830610382
-5858266410214574200
-5581313329202693138
4468901694406239483
-1835460506952833846
-8234738989066022189
7277363332256849772
-1421558001835044575
7302724596164419346
8919906828116423738
4579017398476444132
5567793783040907126
1135666735410163706
-5155005885210781212
3230545802169836679
1991729949037621117
6632733777316762379
4758457045421464274
1060014709282214192
-2704313897492745414
3161508042688611152
8413307996524113373
-3529732531319226079
4699964992115822574
174839274941064406
8463388265344540150
-5493275304934807000
8106515720501234850
2025122218558964493
359214629362315248
-1846754456716847473
-4378599553041383860
-2128910217496486003
-7850409269683326847
3820600502097526220
5557812730353038600
7623392940964866620
-4345062759157521865
1444608015779895264
4273084678461345105
6961202982420566216
-1462049395756762319
6635545057466005445
7622137949712053370
7752981383432077943
8336988935392591410
2537634942136233137
-412450442260669122
-271202992863233202
283539392561576586
-8889208032015430926
9154915157437419389
7026927413552686771
4699930779333139045
479796205063456592
9122105556063316284
-3735250517052338075
-3424400698939743646
4255079634542994193
-2395027985127100183
3355553564259704534
-7521911788294138586
3772796280165204084
8653300518858221905
6145413610551666502
-729719196972032809
-7858620917436161645
-6523523232229637182
7594983191393381860
-7675799806921140955
2488817975199707083
-5348172470475125176
6031314434007643654
-5368364815653297599
1994664613094048438
-9029483137436944092
-2323129134359823776
8086097837080117925
3479520823813795403
4133099278926019905
-8130241435849724510
4084076333403596698
-1578017349487730991
-2366874881917263642
-7510442326026151251
-3148864149047639222
-5862795464550663237
1306987943588359779
8445444546939807734
-3692721133295345630
5184584835563068550
6093164391951157664
-4648668799258662766
3460949280954065788
-4044649648887723626
-3149390352171638341
934282101145451077
-4313218358714342652
-1792351024701714287
5522472621935622649
-1709063954658065833
3249036569513987070
3601288513073997671
-4740738524491837462
8914093236891647580
5810239262807200117
8662179045113996590
3386828239615303836
4512594852850051623
-4263779263877530439
-4524795256961244764
5300115562848180938
1493996739843322918
7468568041941485991
3512250095387686601
6460831795153763651
-1271697495132659893
-1469489527736880378
3222921759805020152
-731117787888234855
6798363252317570747
-569892008848789282
-8035512055270643699
-5299251064831147859
8913050763065258353
649740230736426119
-1590003896187591396
-8572052792847391394
-4726469609069824260
1239806000447142707
-1611380179661579877
-5149069262999801846
-4885741139938261612
4094153014853786063
-4512884819452521786
4809489220277804983
3978870930919669302
-2273147032194972940
-6337618334392191737
3796199926096159768
3725523045307579056
4433098770003216661
5876972627735879729
-4642119731811380544
-1652349200110881496
-4083468939571974653
4574040722949038831
-5597404033727294012
339668817138982052
-2460056151653418397
5698967766229833038
-1084320806586302752
-1370529553509459536
6307928041525570278
-7338939133739043452
6906691188764432983
5861592478883103808
3055358710969560534
-5655092806732943115
4967999297707418140
5931027658965474990
6185749466173405462
-4245210770903751613
3822822578251711619
-9033845103617516060
-6677886803753446682
-4500413232310160790
-6628863178581992082
-3623631117432847790
211783060089411005
1829068012589228469
-6387261133079983494
1943020151907249131
447044425032856328
-6707006122280260439
1135520637583533975
-4244376933031266504
8588106021684349492
-9078590538409110011
-8787469035225388427
-2041053951109110683
-5940773920361300729
-254215803657088466
6386198408939220966
-3248543586301978246
-1378182012435589848
-9021446526493056894
-702354650923729430
3522543018747955026
5745480988257268008
983234391350347672
380680689547714513
-8169194007771436155
6138586883642916651
-39359968536473089
4188607768573711729
-3834483685994249953
-1031025922169673622
6336539964534386082
8741800376160509609
6473837296463086589
-2521515560069845009
-6192489249993087233
2399058135224796830
-6840669982276736350
-2410276270421341418
-6828158623213074518
148967175851553926
3462164904981042197
186230089302232696
4721145471063071801
-5488174951717514123
4126214955313195818
-4937126493945518734
-1150810860011638973
-2099573275014562681
319970917729039850
5175590268295071823
-5736868402702616528
-3377419656988269318
-4917054978806604757
-8208267808118656687
5783474551568275474
758420532320675747
-2301706449034299741
-4319286158638078649
5288566374966648900
3798729105013021734
6653638939905114493
3476726688820230854
8184369377665348484
3286068961254716194
1958338773288411594
3849609999498745864
8053089370483762520
-7985664351460141567
5548630777940070271
2745660164933868727
-589287817943001609
5768465715960796962
-3581667583846211683
2973683130075103091
-3838856125506983986
2679061434868614159
6965433341067159142
-6778590342716507167
-3531307964977417315
-4676480730716447775
-8819459744282097331
-7972788661204615824
-5160434805286080736
574112582361796815
4155825645963770656
6707523989928084253
-4042564002061354189
-7149134688247998502
7425234409603175318
7765024460199945928
-8534601495058548067
-3645115904528520549
-5028752398429282606
-3287441814821883195
-4896996880203720347
4725964547938526406
2592680135512522478
-1982650300673664481
3412500955888414583
-2415105573978664402
5615175244808630544
-70772843442594004
2633302061939589261
-1617935215685812922
-8194651934149664917
-297955800303610404
-188461395978575283
1333287618536442406
-7503784513014392770
-5429950462381926765
8773138266366158758
-1188345369900756852
660636009177229680
1658213004579472588
-1576943187427220228
8933910321220372947
8545313570258718158
5471905126165723993
6051079273155533095
-1963215763219790560
3232340777589039100
8396696889828492795
561745118224552786
3277055508474191519
-7813643334796123579
-6052521688908571046
7804367118107119409
8362790194630625270
-4594247661851191833
1013126988834450923
8190065569818585477
-2593011795879537147
6294349023014964256
-6659001583127543978
6633170091267789450
1225179808979683845
-8823053774653344650
-2478280699511074494
-8302800073297572052
-1904448803857196150
-5166463068276749855
-1399052063783869154
-2980380902859146420
-6688043385457786620
-5217763009634789293
5544104479600469887
6823929441859022205
559052063320564314
-6693240137498419800
-1908467578967889275
5157554201185056612
4742971397322463300
1334643721247861830
4961471220653261255
-5960062157804950770
-4792726214691511815
100636639490015905
9116451901310591024
880913517510791462
7595812373544775276
-2052487068996008638
6806898737903336710
805597302354259315
5396708632762117805
-7235189992863487488
-4277741037952469655
-7376791806940097552
5769800798565711440
1970057351355309722
3673517108373545989
6364723012520869112
5515179021523473873
-205824350693769336
3723375817991181557
7230969603520129568
-3946908644164874397
-6265737655864936348
-1193259555766813320
6144546533658842126
-4113099473394959453
-5119814132560642012
-3621340995235381559
-8473593143553514794
-5351643718504577560
3121945142037962796
-6038888354004925606
1596613292602609513
-3100394388377401005
3364245809197428231
5620973013056368362
-6117438842568831702
-5874316414590259018
1202844631519842766
-1815803806274251972
1891161399339397551
1107390611377011489
-6046610195142713188
-6179293825718273118
1550982016654473365
5026726972149089846
4714260291007653234
-8269100431434876950
979442508924165332
3094321504743801076
-1904130436705831521
2206802766945979234
-8884739864448359755
-6966818649780065414
8157304253539872031
-6545664858981416863
-7727313664342547914
6924338745165916316
-9152718072342158978
-312731167093500579
-1450243941576210538
-2514970060572944682
6164404798023966439
-2519253896662006600
3584429591756676304
-721839345187096402
5668337486433157614
-546325966861290737
-38950486855836454
504243907192953764
-5777650623667967489
4566852756826105248
5558823034132882669
1528595274051089947
-7670378172155754335
5914245869901185866
-6139802950185503887
-5796465181699249035
-7523966597010885442
4423433254766731998
-4117456195691066610
9190645560176538779
2086866657382695388
-411563862026973503
4484219431146641235
889346730818977663
8539361492816055933
5102003172842268254
237257023611201156
-3226066361911619183
1995744892405827996
6051659658549061311
-1830059199548115613
4164092655884335061
5848571496825999818
-8904020981232681004
-2066029250915109055
-4414475393595671184
8728332204822019875
2240858382681323620
3073060508464912839
6813404513431610098
-4442546014618989017
-7385193061045554647
-1756895665528349544
-1217090068035243756
3347560546839382983
-7062773406128605080
1663517784111601698
-8817857033624767527
1475594178033754928
-7976039670251773641
6201109606361512595
9122959968363941866
6531178433031836893
-5152235163651009862
522507485970222692
3442528464130567905
-689295337889924092
680162677261153567
-6905850958925113306
-6599597701252881251
-6220192748105637794
-281997836301756997
2938706597877676207
-6191330508632665041
-5319464761118489226
-7481587202177103990
2560543889481726470
896796998512563537
-6099017905890833972
5642631010736017346
-1955497660001340663
-349020206371473319
3000641623252318142
-8498996484490870229
8626261444233264341
-4697523984381560690
-1641142302331336360
6149021557215850107
-5204214994263745225
-4847113211016390455
6578881229708528156
5822505523665991549
-4275152659498930943
-2975747143715661182
9011846430079454836
2437954139783678198
-5829369504582727076
1848637976989151538
8308442629227758195
-2575144830304335743
6671813722151403585
6884332991927908669
8309519330146912800
-5255075736456814846
-4275787611732328294
-2427467169788047529
2694840022376628191
-3471212215625801254
6004533171509324048
-1627357623766533181
-5038084977515355472
3924635182700022726
-4493179518099931468
7974286930273819310
-3010460106563393970
-3149116305366436902
2354044755915043582
-7292214042799995140
-2510955292276321369
8484369532985661608
-8512384408564926637
-5131554553619802221
-9174899104068253023
5291107868596780049
-4514366238171229372
-8533517066029202354
8128382836685144408
-7746627805673524136
1175038757306390483
836021789239509551
5700953199936790930
4837345726606604622
6791883415212131858
313744474593640657
-1139846792571006370
-323574392584696040
7075843120142405534
-5280590473180583372
-6831458984793926839
-9022949405151171340
9019168740393236449
-2403569510267162666
-8430750612611783040
-62432077164364686
7691422547906867650
1145841126247060773
-3500540511974892237
8422101654736350347
4873091219466693517
1375137290450343208
4217439572524804343
2024174685804550520
6854761831727954997
-2448614998448330988
8195129314902165859
-3321525875705163965
5699834719665865149
3297254906139226524
974194478089551419
4615091995513503762
2352500041593611375
3823485728194245088
4930110564335622139
-7564907143611164526
1332805731962522225
509908449267653555
-3356600759267369080
2001138340880213484
-928047873365033822
-900907524468053105
8749048837935367919
-4582731197540599654
-5165341736154610804
5306444288332832643
5159323616095197433
2073440587579993390
6575072407111311121
-9128914530962163111
-3161639307866179773
235796981640903544
4779265788993072703
8973275334089945192
-5345929710325871643
-900568327179531331
-4783176524557311524
-4328915410459864223
-1698550331622736464
5332950924887204659
3411141414959267099
2728705353579728773
-3742253794193350000
5582041076046700793
-5127037930610382457
4191607419340703860
1975789278808481048
4055370716713548744
-2389761281963870052
5695487607244065131
675460957058121357
1450991131380080193
6664095502998019085
7398626526547554791
-1092208692377308479
-1696790960012685450
4927235622081375286
-2131533129304865605
3093335241180371273
-1147062106674410111
-8191640433606277467
2805803387952902604
-3499429302623285840
-5009344320049042312
-3928256655769600246
-6701578116942169554
-1056272275326796991
-2693687811527410516
-7860777387559621558
1368113434097779928
7341904750947304322
-7752655967076274549
-1825675093671469901
3299531257028406908
-1974673893274581059
-6675895985799793736
6853065176665301638
-5097205354247874201
3224601318514379234
5263208394597399889
-8824353753586734092
6153582900400041393
-8799811152590296016
5250498655214063886
1751710358019929633
-3249988332250176856
-8154974909715877110
-2183610897545225368
-7353370325951449397
4890708928813457089
-2780054983917918296
4774247569757045155
-8181487849495936272
-6450186336077829051
6058279944107158157
885104267432445025
-1552586477141479353
-7370933665277585415
-4913889338814872999
-3206545581952910232
-8037113204564703040
-1483353369732694132
-7982226984734539402
8122764431362648497
3324581849054846013
-7739373859284033142
-702461773915466925
-2225742124477945942
7542117460132280478
7902511931708300210
3746039789591195727
-6924745385722639815
942244446172655880
-3594651092149752050
8705210331527688505
7914544016124711467
1259868183484046891
7561698932646104622
73940007369814688
-5284779283488386226
-1478293491640034900
2955273019423267533
-2164599452995651827
-7624337975420872078
-7544908520494072426
3235104303693209081
-7696951937115953309
2917798599397828322
-2258185698502662384
7592195015929465853
-81466953772405278
1979044084789442782
-5984085062425153897
-2644742982340176617
-157892692632965512
-1949489678711260349
-3591300018513084246
3897965414790487348
-980205166794764063
-3972692744703781190
-3360020329927576896
-3354073021758194706
-7417840135891269135
-1383272446289713179
3232574678902013860
986591199953039447
4993690047478114304
6368323500226817966
-2150467831813989577
-4956804896650418051
3808994932092767016
-5914802672005076659
-4040012512263946368
4042570359207701407
-4637076525759690052
-4187942523295031412
8424857912839366079
-2603401155463512866
-4286254213767823472
-6272479925443937180
4532414463692613429
-3084688322032769605
6898979138103479081
-4609540378117789068
-540221988119708320
4942577674255698356
8719453059461431671
-6092749344302340590
-9162096418371772497
-1087169677673337090
7431178016673114926
2507914390184570016
-4592907498740382134
-2115187596982637550
8858813646144354704
7294154552816270121
-1438388335730660132
-4453823624039182300
-6253056509064795518
-7044569125807332952
-5079096438079395613
-8107393720385034964
-4015248078734379085
5731953464556265691
1430874751208829568
865664264799344389
7178694310751734465
-2611806192680574310
-2937934776552923589
-2988837683699127656
6459929131360666853
-2203750116244118937
-4133135099012866972
-5423959231700610961
4776673256283149291
7464550358877983959
-4039402518098885247
-3756724006443684150
-2445304033868913326
-9057218986153150258
-2688910999896136009
-5235968379985547767
-5200109902722197550
-6548717376444230258
674342933353410166
-3596342013745348901
5218867991444572267
6259637266291469123
8413384001869509412
4188289700081348161
8571199464205479927
-625185953429169594
7916340337138746328
4324605871453624811
7474314464629369881
8002494054203476165
-26943477237825659
-1942437447378995485
3028541073019481272
5598131223670634632
520832672538373552
-3961743277913591745
-6735659569292216119
1645335006393552898
5073342231921365462
-2331778893907549134
7425499650338116249
6621591048826147674
-4441002666365868518
4802119608451012
2271180509696176637
1085387511826056719
-1859141424604669291
-1167808551782010575
-4251115799787548850
-8621212570393825640
7679187492333149839
-5587512294879479198
7983500679419947106
6550023015237648285
-6536091475204506769
177248439963492048
659553265544111135
9125832841887262000
-262644497479218055
-2802493121453589134
3982260185080036387
2448491992408172969
-6975190730627848015
-6256243629180552371
5251320295090596839
4198729306816862104
3371123663045167073
6363272133802190729
1887715564882518319
-3736670363594770770
-3037691501815198669
-5280474626610972805
-306091935283029014
5935791618228175744
6425012899983144528
-1372719315930186958
-6686561715490375726
-4801135395241822120
-2199547443100116325
-328015904060079690
7514129992727394788
-6716699750893154962
549789408283073156
8117040801911790337
-8025042670826096532
6644263395696650572
995851264362196122
6836719057680053423
2258889429353036928
-8717022504123453879
396408423627292537
5031775317771707585
9092907272748744343
-4771948512342465161
-3683553274172886463
4847832263768723270
-829398189464869004
3040774049896086310
2591467727881629109
6230035642477926610
7295264163012941291
-8161561394801808593
-4917747522370283351
5878082955047743031
-2788286412426561256
3856488220940859727
-289305713883076036
-2664536243181529464
-4945124510298109596
4371975914669625911
-5660932261042486364
8159075837226697113
530877521183666014
2712685497590876759
9203493406785055624
-5627420033548103331
-2563754526822974986
5965728766927389726
-6528197848722599517
-4447874433161906572
2731886341718158766
-8100621561072820075
628896139938653935
6937312741613651339
1643331429629514595
-3868935005564958617
4956606404713112404
-4327065437653013360
-3498036679345437039
3525762411573284450
1949406561199166681
8180654771661355568
2998194637016001038
-6478340539907460366
-1648191000411902972
3281089323484518790
-5134378608432242090
-7387312946533740349
3858748952120752491
-5205354340355292068
-1296336695883284822
9027753963549746730
8082424799195087167
8455278589002993557
-2878081949427055350
5513178897489797609
7215045230062264742
-2725431721452268359
2542697331875072244
-1707106771403469835
-2313062133283466772
-4352153058755825649
-7535399732367519038
-8613110508775940119
-7015868880621251342
3542967776012316790
7180700252260086888
-2430237924315720533
5033096382155615384
-1290229767989300149
7106965236008842366
-1530941505845930682
-5103487844956155793
9039731884093858976
-4085581628029605322
4918417103271692803
4777312050812105408
4457700110264841644
-6696566673915186760
-4105536666536068731
-9016537965360538873
-1917215525497835077
-3618681839148798471
7592966940675502229
-7097360938517461765
-596440220102163527
-1233999150044957797
7170102907709722131
6732015197969045596
-7265765811204129278
-4387873987497101845
-34319645728711634
5702660239386359155
2768057482177124966
1058515772890229550
3498618087332342638
3765914804859396172
-4552331051219228081
-6770740369216044623
1831011878766662580
408589621930364525
4455511253305177361
-5353487747720119048
-6522874215484759270
1439113403733265732
5222895368838842020
4461645198909278313
-5408767350944861439
3088536786591840952
3412408690516879665
-7080001998881135404
3956237514513966470
1785297511974156471
4220307764286915315
4334995526096091376
618993771985127938
-5106738492522178483
-4592616580365667974
-1438545836118841163
-3803813313473414649
-2732565396269896425
5441246619496569040
7693058924008575361
8341471887703139495
-7257207081246650091
8464173993080576926
8222073413885129602
1239965021930393221
-5478615941652622784
7550956380480888233
-1854449105748075092
-577855291597114630
1631068393642690398
-4579536201846787842
1708213557929966286
4698587723496371225
6923499066571104623
6661086112706010588
-2566093955430587885
3967574425256692488
6485435143742777829
-909308079737999306
3317018339806047468
-7280607895816410353
4198079254413401329
3469435986269741952
2780981545324878359
7758006563548967848
1576945511055746728
6202899347792416963
-6740156221098645543
-3639385372395668128
-2529257912685319188
-99474567230018764
5719864017086395461
-3501821111999208545
-6923073007721829974
6144702040001830822
-2964102989891115153
-3854013478545433285
2133093612706861946
-2725329709196654680
-8504047499703240694
-5620533146691970582
3324808364993774956
3650478773692537816
1554606577842917774
6474780909356159752
8918319857328470601
-6930998175898947021
-4159419393883571250
1293613156239697485
-7135156657460942068
7037256531114572416
2888764536957253666
6586358491638024850
-2141571430917822110
1154013576107390971
6779710739778886161
3649862886769705066
3731509191350056560
-3992723810725743183
5875809932088346620
1748365715991114549
824357016771455562
6624987754093962735
-4808212728588284712
-1715525033614300974
7927252512810426384
-8181569044537018109
-6114238353159333930
-6030242872750606182
-1992868078142309241
-2693176186824495098
-1437126269754555313
4791608311318311043
5236535609629088519
5932086025248736365
1233749570474150284
-2847544053793600663
2400680442903305897
-8443926844686871688
145033438568048587
-8839987480778092035
2338286735796293208
-6966446197617622950
181518081012426474
3077194051745799188
-724427630694378730
-1560095317867957716
690185328783336965
-8411081936598870367
-6647209971292191949
5296387684691262448
-3971710353168387053
-7926641731496640584
5124764359801444698
5120421726024037337
1937236534616850390
323865560016434276
-4385574323798755715
-2354540082284031548
2808540563769729595
-8565098212256150022
8254893356657326070
-8743583616524229341
-8267032009158621906
3777732572811810748
244331891707980756
-3199106344285914196
3024292304071014943
-4366834251654997341
-4507698276772371401
6133132535311473502
4848275261253866082
3410816772309422243
-6116961545491946789
-7953502786278176963
808153004088573746
3591112089185863697
2521420821786859519
-4955726371794498166
996809062344809699
1666008315862745409
-6701592344438876032
-2246862134354288361
-6556526387278242787
-4240385449624489789
-3710507612868163294
5189879780347585237
-4463892751532512389
2178798817637980162
8997346416596246270
-125661540958851886
-7474020719775322255
5315843154772323714
241499525277674373
-9145048190370698116
8690180336515311325
4621480940919646214
3173953412412993537
-3488626445528468186
6601441167305527957
-8487140633297140789
1310338133659456285
-5273229680171790512
351683992986576837
7128770318537913336
-4142669816229905809
6584109328258440001
7347562537040012991
-4069318295271720643
-6013843503853399781
8923679668320273817
7126481268477745866
8134537558752407011
1609763764267949244
210490209901111022
986516918645325955
-3718777597989795993
6119505036367251930
8307409695810742585
-7109699950778357379
886885781347427191
-9086442952943754674
-2688096213979153604
7495550029381225184
-7028062154153281804
-7785285067812842581
7382743489826877419
-3793654807140292314
3426420829234210771
2402574439031777381
-8198451800510322011
6247022142407938535
-8988270364937405148
-4029195794262842433
3710131365705588879
4369186974982934768
-7066813888514441240
7153442752213087338
6415262925581319663
8463782619096233215
8252578155889214433
2713928333468586035
-3984308038153978811
-7162299160864610665
-2869153749577510556
5980919517926462270
4921732401876324179
-8422828290712321424
-9046483177084491750
-3652816092027172201
8269216988042293829
-4962620162662182923
-1024667023297922861
-2262510419346110953
5018818279818477438
-2280489795907449070
1879731132763869907
7917117011962637337
-2980588791511742830
-5526887993816577800
6716374259360566679
-8785442185107026173
-1597816658351539492
-1178080356374209533
-3755845703515989376
3091223290363049478
1829808379153862173
-8122744415872563862
-2949805624969019926
7247656990768366172
-2483724867360209537
7643548853648517137
4794644670180877884
-6044457790710300251
988712419331184653
-6217546670055411505
-2746639231141614411
-2614628310935797438
7579166844933699586
-6013760265394826437
6559864286353664402
102613094174157089
-629808246347959846
-4036218155310593996
2807851505911491976
-655687537823583886
-3224045116953287461
5738988080990922929
2936489010488613831
-2397594240379239310
-1767927153912587997
2444145740891263996
7844290126355214718
4104879243155456140
-5953819888609229127
-2170529333082414991
4772352989884830273
1282444467077411685
-7718061592979714142
5661888067243631443
-3238460192199217984
-4116907901077551904
8414532589522301495
2801558794576257113
6550878798604094440
5349326660968530231
3396190958863425744
5637745951808328365
-7534796498132580394
207453271644701081
3426028196379147683
-3085782424790890449
4583938686144024148
-5996590314470607811
-5088128812135097309
-4294456302974999252
7092526802733469243
893375205245397702
4771494501489316048
-8228702181016896770
8863734740638471662
7607388553195674206
3286432802895045178
1260388755117614096
1838916928554364793
-2570147413499553823
6998089423768446237
-3655916899903369204
4430533663788977582
5850469178890286009
-4786583338842059847
-6454787070210819644
-5860565169833896034
3320005073161604207
1805766654335492641
1995472736795402186
1966479532496959887
-8976113387816734838
8644221442413203928
-6523289849526900511
-3428382231932552468
-109120247278675112
-8340777890029174017
5737115664296293183
-546503999366026917
8673561387809765152
-4456506463963561338
6334130760500180143
-1657367703712954484
-3726787896540569626
3409903654557215411
7437250827317765441
-5036380187030315576
2463634290406834505
-1234527546288550642
6805141537073703801
-4507419807937171552
-3844977314973513893
1097006088203874743
-714944115291956189
2777315597647101443
-4808855323191530070
-8114731572903734293
-5009389018643075380
-7057724373213659674
-8043557689203588112
-3603406244671978773
5610908093582060109
-6683450050830562088
-1980878516017112829
-1240729536908182217
-4191389943247456110
6765375820850966330
-7827111273806565874
3803538698969273775
816581059643089839
-2408714628746530359
-365761032702962243
1474663446224635030
-6543490841879998623
3268744881218521108
4706296371483523409
-634753538587069234
4780327085639276660
7054375509365831318
6580047540153292109
9174889829719453580
1313673874697767114
6381733998809439852
802536847350476995
4205061662457020987
-2675940475436590292
-6761095998273598847
4890535323820611630
Matrix_1 shares[0]:
8696951223911452389
-1520029133303497894
5414140518046081672
3445645832535866402
7940049562526183319
-61098043090336971
-2657667850223124864
3602341021469583967
-478968010845878054
-8715826462519916980
-5652025235407504540
5455399427435167871
177591723175521043
7781897276766219979
8294187171596761174
7895390896181554826
-1708652135320644026
-1462248331674323079
3244428627648123180
-5804369800445000762
6107907527458982519
-8016707771235383411
4690238863619289552
-1273682794778445429
7184641736378013969
-1290157652205506341
7965233011759184362
3397653468813227774
2739652614421105031
6396560820637954650
-8638846062951433030
-2212927093240240491
3700380823593448041
-8359319527012391684
-5504507849986725421
1790262647157861920
299230845698273842
-3138934240675643842
-5899192024421632292
-6361426692363843824
86190035974089759
-1898705116009566709
1177371964694368948
7360789882483420401
2249708173949786717
4821412019565206998
4408427401797339670
-1909711037250885786
1532001383159523206
490854082379386314
-3249000091147074178
-7444320422944823950
6080490557119025083
8707972210181392754
1818013246835701030
-387049869278675019
-3479387469481951061
-6367654103066295137
546307306097780435
-4215235214885050830
1099989018697334142
-7453059158009617853
-3343025252683263064
-3300034022136072427
-6639455812335851021
-8107650868129848816
-1542393014429783078
8595669891522433574
-9123261819215458462
-565510532879561961
-588141099748453834
8218065855672643149
4000565867762661045
-558055770146563333
357175263080182460
-5336150633669471798
3676639176355068076
2522416210193372586
-719614703195666343
-8357169176871391633
4938913050921667966
3272095845576625501
7854122616518147360
608581372740194459
7975545810814961828
36925905315422758
3300214765068577621
-483233837704513657
-5442855445192891641
-6628190933665886366
-1969850881373450127
5655078554165044606
-7826106237413173425
-725480376947623917
3282256038583968669
-6773460915320838336
-1612388107612762044
715942788318020887
-8772601230551646975
-5859612385907671848
-5908288505630588535
4017270303696429790
-8474490819522075123
-6777659694835931446
-7082739650825074925
2358334639193523654
-4255835981609802691
-1025800051548310710
-5347389810038235232
8862868569712548815
-6893010623415684677
1075535718594089120
1189644607431183464
8067065597197798240
8178398194711776356
-8426478317268222615
7039130186820647609
8327482091846619891
-5539987824220546478
-7457139783600413108
6795119191725532078
8420705970798813129
6026017860563843059
2914602534133055433
513467935133843408
-8189461446077549861
3834641304514892670
-7242633345111511732
8295532305755573578
1300961282235902113
7819839363384903476
3810096954756510228
-9177259122583471622
-2044131176836200060
6547183653174166551
7551895956149315510
-5832908612106549317
24334273490886099
-5328176586869689450
7513892167347649556
7998679033251965774
7811812689239902145
-6744332301245899195
8388950646076725671
-59555427514104701
-4609512910459131189
1565255156980372764
6921788316352960891
-4733786993822888865
7330973127618105797
-7512186727575043475
-434314126719419020
5667905883629490413
3635705328543918705
-5254565345289389468
-4359134878869907797
-3722828020363338724
-852671285762691415
5282839162744588310
-6103452283522013217
-935307617097305260
-8760843237366689974
7306509722369922236
8038144634593846527
4212057807480214211
7941765274484836628
-5200651110018314099
8194060331290890271
-5823327016731522320
3648542929661057792
-8345655551064844231
-1751932982322582863
937615154372048211
7242540206750220081
560207695124514722
-3999533202727123993
-6201423965571286355
9221924247480715535
-3231777055783700312
-6373977510843087914
-4942314986594914875
5415127999661994364
-2536435150355898075
6058927931243918314
3143251691595216047
5142738418426769400
-2520747078735982980
6002382496349504334
1945149707432295440
3622172275561254532
-3160373599111269141
818409867504282211
-5280250480440928113
8907285161883883381
1109994727413272472
2322633906882619511
-7584513645275185499
329853685425477553
3403621779243120460
-5710984217647728300
6345898867941814907
-1829947239736407954
3091234862325616646
7027204853753937633
-4851152666948276283
-6093816111344922544
2372315506784442193
-4198631344655708671
5286204582809982763
-2443094313536996576
-7045048964182142994
-185137234553498672
6639727155933782088
-8826991772015189804
-5131262737767138629
-5499650023902975187
-925483228616228366
4045723125458559448
3338641732402089229
-7667699909511957415
-9121854467100000946
-6818875177657198890
-5064819335176089170
-3494992364909495643
-8642871410773633473
-2937949345387040128
-1461579384692044188
-8761464869394371224
3349790092745373033
-6617009057356284926
-1332074550154770488
2981170899308640721
3138905817886792510
512445837319933688
8999412449030016656
-7403681839720333988
3447894809672669711
-6035021374298820025
9090458401366984997
6801153184703048437
254428891456482236
2561762990686403795
6371350376312664366
3355126690244644722
3674014419154086517
6425390944205871999
6840664564762526675
105114673813167232
5253032675391698368
5119568007243297223
-5141829633003528768
-1375190773363226888
-3372886564511869952
378977018010597967
-4022268530198975979
-6912815792808330647
-1846082808198123371
7173639856498995219
8755079065691339306
-7413140903401564992
6681639731452635229
3739987390213864205
1417636443298073240
7723988316723166446
7439097360948811131
-3563430086939625192
3730731884986257419
9030542605884806221
-3351812180497745360
4164570957288599242
2891586500628549327
-6486919479840575425
-1578265532590868224
2636242814796275734
1094499383326386847
-2628322408354728960
6319313694846759371
8078108306432895669
1715282658738902850
8578936835108923518
-6754313124527496624
-2780334174819382090
5514474137596298312
7605128164959456838
7284134852569923349
1338854840287007021
-5581763134329898342
-2483423318831662131
2104340641348330858
5333339343725499766
-3082180043541520700
-5359815189492726181
-5796647080285868491
7762241717381753554
5368502510445913216
-5338264467593847464
7994134065772422235
-8192967874014457717
139892120142626583
4942396867954446505
8781091327435896449
7867256875367656120
-7851740295305899114
-4681611743077280243
-2997847427752091516
8819195002692450546
262622490418097732
44018427379222542
-9130398386106664378
7811460227426772505
3246563262299028269
5528083536684516792
9062117683406519602
263039174054399293
8449467074018128420
-2483387333488482615
-1312926371911626910
-2089540980428167876
3274875966924133194
-2377361355877117234
-4520555595788776259
3049124210985467228
2223063469370680842
7712515360088419076
2679669767133754905
7852760331074581123
694340573204252018
5044925054557023414
-5385952143909644887
-3875420999742184166
-2834191183020785900
682240568686288739
2890582952135471824
-6602777592386201908
3880047180815584515
-6142401841425116011
6482552984057819148
-6875360020367630280
-8286136985140450027
1510085783186546485
198731676829043810
7879982726102121242
1904794874453156290
-3664835456270189800
1675040435869671902
7087423808793458957
-1008559249507131128
-8676532883623219375
-7228572642871008648
7800077382932064076
4869063168276170374
-1071506460589309871
-1632368978155187494
-8412938216066456481
-2243915892491746495
7905399225194241193
-4319431409139485392
6387866792142194680
3286375206816329409
-4779475380509908453
6184587697720643410
-7548580078634694787
-8110448722556316232
-2479279034530857709
6284809121839394257
631836490828122047
7461722526764105547
-1567058417039305176
3812524293406513367
9160156938634983593
5617691799519988105
-319949199444852750
3803723048761594580
-7536739397489291747
-814612537379683637
-2056862694479936570
-3743295150700223310
-8426244275299149611
-2987183518280384994
-2985388149917679634
5491255266954982962
6956591474401891744
8566571897477897946
1759432997797573761
-8495226369017948238
8580045742506322067
9058252643557179960
8632042598843952640
7295108550009093712
-6311143730194364055
8683263104449393643
2681592582077619798
3072159543482351379
3897145921663020382
2720557270386016443
-4122235217758907394
3023012942152287327
-3191699652968150854
-3886029457208875049
-2996532374683907722
8780964132651371417
-166544520150216807
-4774863800591497603
347243098398087117
-8470455519260566389
-7236875854694771001
490461787372433131
3962817052339196990
-7317021108764406034
-1059505006554578390
6292437924857489382
4523936992215663098
-2060920314860336692
-6742635630756051943
7636507971302591128
5539106817445093103
2256023962778327934
4236731722940102389
7327406234096695319
5996612772824832499
-8331924798781915123
-8581585325003997728
5585395014517310285
-5918834579264040050
-8345445080160932848
6442305084624716249
-8335247390657311968
-7321377076296682162
944578044210182574
-714572312138924577
-5129974873414504729
-70177002067761947
6952709402269494391
-6601114907717277007
1626113491795073113
-6824607152098301120
-392802710680856145
1956259306982226519
8343141037257597624
2847054189908195609
-531019703245763798
3642239646765627858
-6618445773221909913
-4683493279219820253
2424155753038849300
-4728410084664580998
-571820045757515844
4357297217601231762
6004082575821521887
1253959452315499964
-5512591550940191940
5777160448789074321
3607462992220148253
8577680936711304471
-4549224777496853354
-312172680551246535
-5470410702320552360
4024335041505806443
7900956869361319254
8265412719021676322
7338318550083900374
-5334475632760226124
-1850448240565690920
-1877750164020985164
8527715951788610728
80301451593197935
3288601652145026658
1905537378649125480
451916031954410825
8752216121696234862
-4386447617248864001
4396002324224869827
6246327955917881092
520430288380066675
2656725220648667311
3501516491760621051
8211048512299148230
5133089706197466124
-6378276097020873800
1386245978223810167
-3142951274892208905
-4422651321362413405
-1696717693445632517
868009348484630020
2207473786469577659
1905395895316680305
-6280338824793118361
-2684881478225145467
-2346414165043250102
-6777345362558868168
-7949912194321894560
6550165150560627544
9113113826721912724
4633993438384726911
4675811826855843810
6450228302016149860
5359449556379420924
1475194668740937859
373185557664236410
-2052896159797337479
-1847876188959672221
-3814858225471148968
-3657293033632340423
-2345873927363308816
-6973944144441557107
8423377851665809237
-8532769457117197741
769119544152428726
-7781314031682561951
-2515429482015214605
7463878101014628689
-6365549151371438008
125555288895464300
-7334195060011588381
-83437709630440451
5794225252354309744
505068979695770196
-259970176430933129
1740149152671920703
-1778769225264297050
-5822592230354283835
-8005742233215385797
3340425927023344600
-8938419026315706225
-6539270161457484529
-6925812944857855664
-6319099561727453224
-1943666280254978069
-7550086508412255834
8449175077737370650
-2753318125868235696
-2540290035885313753
-839458788470530110
5547529453087282590
-8524569304108320072
-7751249009592979582
2723648331308343615
-1355701286522855175
-4146521273127972708
3200062476317567697
-7633353675914366747
5772929386316404799
9200132097444698737
-6816189940816325807
-3026304794780669322
-5754604397775325000
-3497472677536663923
6601311391461550785
-882138188735855335
-408754848403094769
-7982775563410750057
-4130000184603739144
1968086195386027895
-173110736421734407
-7603420090095171604
3657757876331525906
-4288333875225386464
-4621587799623105996
8888501615950140927
182777934329205878
-1788466881035424621
8284666354480963910
-8730275022728682835
277463034099183340
4056911408634469258
7459725050094370469
2985789596980914795
5395054418801301226
-3112685249125670819
-3817877334279468639
2072278439737012260
-5957890909680271356
4799705647562344764
738608723572511443
-7098271295373876180
7706679071994904134
9145931115991994778
1619350828347469016
8713499122672967914
2119128251851638117
8534719572938220556
-4131805594169023634
4008230262530460556
4991223208661051241
-1395979629243388491
7211185752873171545
-4266060778790375923
-6887856014349124032
1272489311113463525
-1933531637675535135
-4633635557629902916
7738579477767576119
517709199461701715
2282210292205525769
7943496152051155276
7859310702645281963
-9211976161174138405
-3077096895148871900
6546733898376871938
-6714331467385877959
3546474492539033227
4893403049743955808
924056113797528037
-1022317585446474139
7937731024799217499
6957385651033832230
-65309026415728645
-9144554739226229104
5715818389334692046
6517459988931133312
-421834275376482572
-6054286344293982999
4029420619106633223
-9014671751857268117
3255189031037633515
755449365193413925
5413737889170258008
-3143300212284755251
3654893854501836197
-2034800289023665726
-7236193259792131171
-2373248490121071414
2687452646107033208
6050386685302260403
-5440169133115347474
7279174110193904937
-794721281173151876
5062124666517227333
-8642555113282828728
-4180855997743833658
6796197225738404848
-5626590242916738662
7660266054563396085
5571454813932690940
-4531389973287559686
-8121480365242009748
-5206058982708243722
-3748833584470798694
-2300375215791870358
4576612589604464355
4175732872189169425
7549468899563873468
-440046012949439454
1116663949823187482
1062370105983631220
5580444767703083026
-8351216638394567954
-957460002248729744
-4345574136302794209
-3547483620606819714
-9165561999211966976
9063813241549020924
152867849350914706
2733817036546063771
-1516914366613802115
7627897224168187674
140556713816777072
7792692063707229642
-2887246350971846875
-2420672200759059635
-2876052834320137626
1882084898365057704
6276294799048246770
-7224208274417961873
7361631714331529360
402636875313897623
4342910102144266065
3674698480559977438
7624977016024119666
-7858165459172863721
-9053071703160707223
-2870511140645417720
906390297235210327
-4320423926001892025
-4992737434459708396
-2722372853222156132
878383214292689603
-8589031534416682162
-7163926523940969671
5940799057412710201
-5824303309168885082
8076482413665368670
8041288485342979833
3702507528317003144
8709222815829360908
-8874279042063720782
6785857551293856511
2859834739030506624
3339724754531139124
-2234977200442330384
-6401430096721224942
5795340614447933599
-2478441963271300902
-7295586852042364306
4280504397317484882
7188667451109139166
-3708928351379684769
-6142311951577016763
-196872698571874073
6426393665768664160
-784431917381989116
-6891703039429683458
7362190087073601124
-8793461655172519926
2341699893888992937
-1352047794661473196
4999456533843079349
-8016095280509064313
-1655207436247203160
-9186407256346066831
-6235728102830969775
1545537908736547138
-2217481858820618368
-207774081087638792
2334055874725575081
-611274958236330651
388933987747442871
-4817333187696070086
-8209686776919888008
-7164081485484040847
6921595983001089498
-8086026173194859962
741018617102877021
5869861346404875995
7091006854989902970
-546974853476900346
-4961093612230928302
-5460922396365141718
2356163638688303518
-2797168423274914899
5183400312906741312
-6006316884145500471
8575353700306854913
-4989940112937079108
407449968948558564
212568780817012717
3859457740086987848
-1322085906714543673
-6367073139163608622
2482827460062087613
-4385272254045063588
-1352620446977413787
1646115365335874622
-2686046166957917941
2706228798195695074
-6411753797238995174
-6522738881875231105
-6942687630599851201
7307009845671414939
4159646478231047135
-5598864588296478514
-3141605705343309103
-5870673637598606965
-5277650237349498280
-5547751525544353853
3100388044880017147
-8163051544226825191
-178149169218062558
2853235797974336129
-8948947395022220884
-7720839802374683692
-500790380089414094
8768697569963161497
-8553912735444303153
-4722421399244891686
-6285421528228301168
-8948903293787445534
-4679433407102410918
-2162223582339053461
-994051743436332445
6045872830582126006
-7792873005799197951
5942908361045562437
2394604221007392660
2501408987349665266
-2114563107121334857
-1814256945512650961
5578356310031914202
9008907286764941678
-7999097315587521078
6179932887244667211
-1226236311832904562
-3949920663455578867
-3359781725546169270
1977338895228970696
-1616416306218761993
4320102493094873369
1013891556300588310
-5533272825044972576
5689528794310516752
5231963913506779580
5280769464168409667
5501140798772119179
5007262640365447468
7295209667209956101
-5756955408504308015
4146150759979949244
5049105980005304207
-8484432683517900977
3619472490106418713
6616940474719526179
-5649245458708502061
-8801165517896182979
4723566489159336296
-1121006844428556480
-1213558570579629429
2226750402974521085
-6210381564734804490
1406145967153437033
7393770520418631229
-1481182627631924473
-5872602113989337573
-6083233955966296315
5937955920577319714
4829171483983213180
-1109833473283363130
-8770074166538595146
3161353057709466606
-8939949050408470790
-5466725814058373326
7067671905330561720
-7831137629232945191
6130110256388487029
4173859469638500361
8351475054135308340
-5250635651809682205
7579158542189199028
2485629224014509161
2182298675656622779
288426141040229290
1075726786967455424
-8568966314101742638
8329347720740339341
3184528105485599136
3746926879120849901
-7466636279357717451
-3369281141383479851
3198316389036798850
-3340083642125069352
6284600651852859085
-5983438278349812436
-8045344109063460486
-6229050846560655609
-227816914548789676
2424237530567600186
-8674547566186929999
4392477083394113488
5331983578821242672
2072001135228102005
2025271529316220802
-2589462904769609796
3167334994737662611
-6265219257012360649
1952006838953953366
4317315816304553356
2096950442451329061
-847556232881428261
-404727746582571995
4863623768415882583
1489950483086353769
3887820040019522601
-7701447748207182573
7297791539867495923
-965353054752859501
-6806323139673996951
7680984346208485800
1593135637718318684
-7301157067783920723
-5980529313829778454
-8603044956981401505
-5361376424710328876
-2415935324937352278
6306488522500504909
4286047093583330225
580006083163727317
-4182067193698020168
4418751442861092916
-3562849403652496880
5862020098763912741
1923533258305802472
4787155291186840618
3369208657291058680
-5170326638929157945
-6611707082151233468
8429894849877648069
2937193148175519212
29462982829918251
8921274851169378223
-2621694666218391194
-8915104823864736431
8640004491371231423
-2340898616253062390
3588701721287452920
2286251755767738553
3820574046313735124
-4675928236725162984
-8862140109291557024
-8284028570790456435
1821065588119580958
1820652879470410449
2995455233920561972
-1449756217620502479
252803244268327649
-8180811212653669874
8156391534162267618
-5992723893167612997
270744977144228156
2380814524251337285
6493905194835313183
-1947503677900820933
-8652021341887163607
8341146145407286328
5676537032218096955
3548411369874752739
-2777058109360655472
3944659378250887938
2902353687869666133
-6753271782830097154
3915901758967245048
5618410123170578080
-8493005224458621019
8082938966222883685
1476303019080282415
7658155279627601391
-4045898781803200326
-4905935464363391675
1916370934678052088
-2357818942977715938
-8877352247052647979
-824995762808369327
7171502776989883148
2897859669318641456
3534609532614639949
-1755164151080144420
-3584698900009003289
-1260133844133850864
-6245856259921137991
-9154892102803021730
-7749449913089961236
-7652793213768018322
-8435879729472798743
5988106730019650258
4643574916789798157
-1786675344363967327
-1259472562487482269
-8953036606115961186
-8873012127622988672
-3249146479995993702
-5951290958623258747
8960413849732179626
921685923034324553
-6472056786347253034
412807534631665479
8763144663302430531
-6771041821417204320
-7856127638972949161
8196969757814610297
-489838240843012590
6229774698723665617
-8201530716288441375
-6795939546527417997
9180150575721455794
9180144905373460394
153868379954564847
-2313466299291157181
-6095253775352864372
-4057434166092902799
4266849747003425288
-2839547390838365522
-6569428797584862502
4986106159260363683
364138459696426523
4097309847851332924
-5654081264203710515
3691115477711723559
1785768852857543274
1800272736601142524
7030558437150153651
-7229623698679918785
-193171505562360633
3084440473729831758
-2801686364288970470
-3911239082572407459
4731366982486968161
2176318979746759681
6756437255253629104
-2904380100123082076
331671741925700373
8002965946813706458
7710830295537226885
-7174531417255939712
-8638336149942394007
-9132166345289107696
6598918279090461327
-8838642317168847431
-1178662043370634875
-906137372538063354
9014563233284421794
-5293830214074438644
-7283550785343379213
968098767754777186
-8445470054412688655
1332682583519206445
-3690283901146764756
4457708370688192442
-1040652155534086894
3301549017251931650
5936717792464794271
-3573153504530956384
-4783764381636587794
-3473017372472328003
9222581632836464813
3767826953890909433
-6034072608732674551
-5772941433268285566
-4641462849709268625
4431064005369239251
-2212388127317987585
2775892196472772060
8537300170614206828
9052200815371674813
-6294713868123791394
-3785469426211482085
-8470299248146676692
962520611579161252
-2415516356489777561
-4460522061544336052
3000592678622600576
9125072447605666992
-125841672366481792
-2471370743119575074
7637397872073198303
7503687549670650485
-496634063764774057
4009727197406242368
-2094251902301893519
-4134262828575992347
2017382051258213270
7368740934979349232
-5801490128464990429
1752938065472882752
6005430496339613980
-220043216306512534
1970299900113790973
-6023976384591590526
-2153589363326345484
-6794587500596769941
8171392729067527983
-7489712455971758754
-979214495446298310
2369391744323443270
5866182211612919007
-7680366031486847537
-1220578424645568047
1260549063992777286
5987088139264573850
-1515386676515347660
5849408547012907615
2785347155618932702
-7894706281694889867
8608501033730554231
8990002239198777378
-949999048037283878
-2609116009441251634
-1084086273799066622
5088340992717278658
5418705547086094788
-4663842114966766697
2494098768893533794
-5262726178550486050
2434738374622463743
1134472821040491813
1183146052636488362
-4812194166020993873
-6243626398588907024
6982172859662670578
3972449461290133417
-3526246165100793295
615906617199026969
5493904424618871911
-330199616596388477
-6438764305315742342
6128334667032740441
8935884984016518944
-6904175477761325495
7104123129392385610
7824077119320583611
2407870483101012322
-9074456948421518533
3684947614552158221
-3438339480284651511
6773381498126644613
-3494571179798707061
-2977913100796801494
7936215126344104244
3027329536233909642
8670210341223860394
-5193133780589846391
7981580315308977863
-5037349147223360710
-3876883697781425616
4480617763580991140
1833093207822703175
5779489693581600458
2941554486581847892
816538436761195682
-795223003032516124
-3896946328227564395
7461250867900267668
-9036099442224362096
7644225978317893300
400388048495252462
-261691201384376853
-1220981171076102993
4055734989978614679
5215322762734232234
-6096054716190982503
-8351767385505536448
784233102739379668
-5492183329237994025
-5659116615990604607
-2242128005303401362
-1891155187247790570
4342946056701860280
-526815611590282858
-3617270249833341930
-4641791132145229313
1607739383748210944
-2978321002383671410
-1963921365846581182
-976219341869055464
-1130295826172689893
1933572456924642179
180553370197051243
-5115250431696492920
5676460245084079859
5296622059321306502
931357018688999886
5401424313676267999
-1001665730530024414
-8504653325015768007
8963438533685639238
91679385649304665
1337297436185304128
-5506845295811371858
7175326907512809403
-9070422650762261753
2503504672975878147
-4628534904172990369
-2638550547606508249
-2620732798150579278
849246047104135797
-5938331036350333470
-2169827246307728465
3725182435599472098
-21080728968252060
-8473130433429408550
4739351088512945208
-8796374690480790007
3262386412124734516
4751106509556015376
4162570355062085290
-6758426091622525454
-550303577771148005
-6810914921538320856
322236216799572121
-1235241228475260797
-6974884711974996033
2124167810152424091
5442417603637831786
7783773498677044109
-7374793566345735462
2975667093957251628
-5015361038045726712
2371460254666779513
-2784148897366899779
-963827245110462614
6122007321962520799
-5556020476181791721
7281756874055570983
-3518265850642792053
4472440623587052002
4511669059795105602
7663025414555567115
-5706349159491579333
6157827414063517706
5360422299807107195
-3016381830107191946
-8038473682216234785
-3685526264390388257
-1874451223971954077
5777482871076452511
-600110789790985666
7113769808999239266
-5652947271979689200
-1135844680364463001
4397193089335163863
-2381856789984829417
-307191752224248446
-306971786514958928
8857609237955324950
8149367073743187072
2866679573137727506
1962240820583425965
-4999749243315451303
-5211180326638839523
-8943906425275397358
3442018874850064337
-8995174874460353307
-8227783576056748618
-3711757607051804870
-1739533552757854980
-914571578019593506
614003606766483786
4663958309450949335
-3009214580380541098
5923598891288435488
-1463214233779399202
-2698807886412148270
-8807509682192362868
-3738831982694582760
246772445093672915
8846084779628605950
-7438755840293524477
-5260053530182797920
-3422336792294664301
-2145372700847892428
-2003015370769629708
7373079585061028472
-9194584511378306829
-2441623900706634392
-5333955979285019605
4968406836747356265
885825015790723386
-4740485747274292806
-3777098661526455142
-5018408235432816997
3817607446348602070
-1869428307034989470
8998904728588382481
4425837964218255700
4715043100717902259
5756321460049904743
-2875569079378785477
-152915363938154378
-7242745808154931602
-5717704891268792639
-12505921070335198
844206273779527257
-4391948569672663319
7248270414105752692
7046592605283077182
4727207049393822412
-6127221423843281172
-845153068203110038
-5586896433818675739
2843561679295231711
-500972841182003575
-3098203977807579104
5425890095755664742
610659119039798290
1920422169704672743
-2710936886397812217
-1778549734973958568
7977165851132018479
-1747180810375559287
-339093701408830706
3153532547829727148
-3922807065374383898
2534818783962284315
-5593284774749545426
-128022921856714748
-6074536145171366089
3068004893462489251
-7629959463834580824
9177440637738488609
3735403663540387681
5451149783740319488
4080715323688967363
-1165826041131954047
4468424348226587329
-4212064636838058005
-4451549193896448480
7806698716303101191
7072006751187459865
-8283515622108982432
443626710327599947
1301493595210390963
-644658781473431027
3511559234327421210
-2725339207862036581
-2590599786433818134
7151573302075208805
-3912732032895389327
840930933097479212
953097478009021798
8410711215886261249
2150216593465405068
-3450358022647150737
6833604512625245894
-2884934857484017331
-3907949107552503680
8117674109955055029
24633594551665183
-4711564843458074025
-8086658200647518066
-8033635241016555075
Matrix_1 shares[1]:
-6157893259806728875
1568722200350405061
6538131120078691188
6609561606780835910
3189224774153851167
-3797207207351384963
6595787925538223063
-1037057302355681589
1266072873633431590
-8722620731922966079
-1902011560285317414
-7318347820011935151
9076129080306562990
-3560462881577484972
3202739543703777713
-546964514270735602
-2134914304172415863
-4538938801080403361
5326400041199318904
7701423206305048990
5352448446240887206
5992710264047405829
4278200513065319507
-4547473782261941418
-6891753562771251882
5036757391448216796
3759620545796127906
-462670786211779214
4918829439635337044
9075247870958246598
8362619686321354261
8287828736500493930
-7834967419852863277
-8167614578921929099
4984024389843323614
-6246082965907627087
-4081305536356236489
5346351594264876302
-2310295713575317642
2623260414594131829
7233949926722889752
4270703805263956773
-4069287416513939189
-2815820126575196947
-6141231533138542318
1437841535673004709
5934205770467042740
2686604678492242963
-5319059680389009808
-2934306777193355342
-8169667592015675762
-8532112776985627443
-2458884878328251225
7230154550719777255
8877545914393780925
-20737968752114805
6354225879650978410
-7586450388069325032
7907515138029747491
-15411675592648736
3158145833789332375
3018745509895261730
-3821713285949532757
8704399940577280290
7668797789262499341
8879193343264500401
1330200864317102969
5566904243174259723
-3537708885000930893
-2173475286006062595
954198663514115134
3131290819290116822
-2077557326689767506
-2216932141784292616
1032502120161276588
7352675818801894171
838206809294076617
-8761542479331326234
-9133553870423255246
2280935118063455073
-795746993604147338
-4262647711544196870
-238699122254189609
-840213327284688516
-4896167756121484527
-2995126946916109334
-5587822564134861608
-2951108179126943207
4316125028920360544
-949144828988775901
1263482492478750525
-7324891857355578008
2221681365930287102
7260686262171365037
-2747580716331377253
-6263673971218904018
5367146960776114710
-8824610823980316499
-3328346290954931411
921174831652366473
-4408019064599553520
-8344217178954973295
-7688981161007169763
-2675774758457078811
891372542801664435
-7566989728237919620
7437228599205824435
-694653801954095174
-122582998525281800
-5616496730603015693
-7294670701562894469
5256721581980015774
1474419277625918848
3413417999341923273
1868216609985426816
7314373450081501438
1713328240523064037
-3226517313785577462
6268028805489325769
-7738651652556244389
7204998466556912816
-4984887226871638977
-8911623480378428353
5662110902447464742
-6049409438338992763
7497224723717697953
-6824088991676348614
1928754077331876444
-3261336016999142122
-5158955445465175801
9106775859724940598
3005826833082851156
2654987078255183380
7929502197766790497
4183935135139129662
-6621880390422857775
-1411951620367259704
1141858285030438962
2196726386373163383
-8028950029836849931
-3872807758058636576
7084184795155489633
5254845165447252051
-7571202710770599661
6501840852499692635
-82925081995696172
-4769161911826533636
-1239043034430420634
8082045195059696925
-2676432756986337083
-3964746601846682586
-3345561719501987406
-1309873421132579929
-819102620263188459
292559287199257066
-147750694087318917
-8423360441644247344
6960564900367534621
7384167862135182598
-2775867906094703069
-3808318330103005430
7832354939298677232
8433514052705470554
9088875886989464097
2889303385278117924
5478508245829622730
-1670620341406419377
8470500788345820714
-8198317197302469811
-5944978316425779035
-7873868112701543456
7710224521044849119
300798985412788285
3029775897655262019
7074898731723243556
-6965298599035479136
5971606432490428714
2306522776200978522
-2558818153180735554
-1244711334382790240
-1372122752407676131
-3428877047155636985
-1164769929808709216
3186665499301427209
3873491222200957098
-7051167785980471530
5061802368724855910
5376660920374930387
-5812453125706179318
-6647518140862762135
-8109684676217665000
-4861733127039390463
6284356576616964699
-3980528646594788930
1820912864928794196
1091579665940321805
662731472888048528
-5445390929650544257
7505740479760518761
-6293745029392664714
8479734680416251430
7614673749759555280
6845069654600827600
5780999582203305056
-2645265109213067959
4888111194537678040
-4425864421143100874
-2961589931149290346
-8563469508560396389
4537878939746785373
-2829731922766637285
624184778174128483
-8485656666992873732
6014662884105412910
6488117792914769526
-5770742349419620104
-2484022891919209007
2545056641010990646
1630229586238266088
2049490265227367920
-2498603203261095417
7611366979048083815
-2781958932585013395
8133860678580255630
3863763985775669723
1441458451016151859
-7609781283784281435
3676335715591837263
-6050089293858524556
-7924044246790382871
-4280128003671192545
-239744039269456115
-6517617575168227765
2126536453432659405
7333458313567284888
-8154825714841319816
-5010859500571826962
6618665790423308457
-5283476693612671533
1128688431595590391
-3645812618686648183
3080671368055737412
6726591529347885116
8143181478010907001
-9133324406746495056
-986715434909334407
-1995797798135779626
-6377375218445904365
4838953742444161445
-3571566909027880207
-812910957200122475
1322930693133263671
6290097608854457782
1758741263955953012
6586968659860974267
5283332323180170193
-8163988162492537913
1465876649075762754
-6368646265934200689
2357847238411378818
8521111750521912467
-6001223972049616217
-992722650453427104
7254245375699206513
-7730826801456462137
3911890963715768601
-2224791824289922794
2955826530938762092
-6874726544470760308
1177487539692544975
8604438259485443404
9002192035500812266
-6809036829915743499
4438394991837008487
924146017029772454
-5493305104995744855
-2513894983121470735
-5978148948542873265
-7245990109447763182
-7631364823365954718
9139348894613097604
315475041307926597
-6718196020231915825
2810008092444801665
7978223232383638327
1368572069249540940
-9091148573032690098
-4128879011125559448
-5892777326849314008
6572572404507947803
2279523402235117005
2237831744652674995
-137878805060443672
1412164462494857212
179313687822135637
-2374197912856029490
2185718137958261648
8004050040657863111
-6157159669402170947
-8453615112586111647
-9021481265153879592
6134063196317748324
2281834617962910891
-7761905578534707873
6503745723525289618
5114553594123481979
-7355299009789793569
-7154435668657618294
1574046319200779860
6620093745045567335
7494702628012392630
-2408572046945530505
-6661928536499405553
4464555708458270463
-5475597483947723813
4470134363824475533
1683208979860006495
-5680632726110976708
-1452476012638203162
-4303681223891894220
2051750240228731807
-1627556181015509405
-3366452897303647915
8862510213316205178
2728922470274703764
-2610790327234279668
-7594177200996896214
7692776377136200889
6250700113674035173
-2161500144346503378
-9187365242420884328
-3869027132304782384
2480732972154782788
-478101669292360226
37099585758877549
-1783703713998903467
7867937612898126911
5830085176662430237
6249559355008115195
-7280599352777912204
1852763986104057471
-7359196564416247524
-6229078124745562675
2708871398671842884
-3538591870681555178
-4498323880547225716
8264253629742102751
2147771820786817840
8955110590523533440
-5750094040741187289
-3758543627100431903
5871427925367809909
5747282743374273438
394670185322669817
-2942861175230438681
-6848826853466121840
-1878836718123670448
4294329138122380615
3469905632982953012
3199038004757689461
-689157312548209208
1943479036043618870
6774741956869461067
3728805309691921910
7637628934813524938
5658188992457758462
-336129745893988049
-397819422695880856
3817600317165596741
-4313051805801705224
7725503264294572207
-1171810526462508012
7628461140116270537
-6214356686817330918
3145496349833490245
-4125463805104397196
-2914542249227509046
-5384811110019690002
5711688642877770083
1943695404561027860
-7096281798583029822
16710449976888959
-533047852822030474
-2766896338867986137
658936944449853655
5382612883041156175
542484281504578978
-3180133681363026974
-3216416792936551693
3531226891377699836
3661418120943760207
7487883411756149818
7286478586288725068
2747750560658420922
-8139770563775115675
811485176483649583
2100162012650491453
1143035153674692574
3562886886915132698
1016524119603828770
7049863048544791415
5591308339249574351
6985600772040012994
8839134183505677827
2788136051722285543
70651927772899459
-5824220991820342398
-5982435910995673030
-5040682257752122064
7673698864690178507
1259609415624464029
-5982478897255489704
5578899463657118320
-5786726782143530749
-2408698303459635169
2435053798906757783
-1802511316444417429
-7115480905117090093
-7355441955710052147
799084635489555118
-6565059368825550770
-7974783803719967510
-6378215102145853141
-2221509580493956809
-3765945326526374232
-5444055212697495446
5627336791513402968
-5024970555037571743
-125543286363494877
5248726582617439173
4378384573546374589
-8050965217263812522
-1342478350251590606
-1774895674398771524
-312991372954606340
-366515357369066176
7755606694824467369
4340711514186116018
586254764597772970
3170972675025368802
7402958037866704917
-7230027856214951561
8621787479856938302
6242139122211962588
-7191377434056177995
7478773631252305020
87787006789335470
-1027761518411912393
-4663779444533519168
-3167604085391046349
-6025038729320518113
-781054904700314873
1416372435760310002
6756763814351666764
-6137714503215940903
1755518406904714317
6091454614232205414
-2606200647219395640
4494146414347448555
-4773923451173250769
-5461106416887189124
7834554800270514503
-4521461421150682124
189734912325465186
-4202756998277821016
399744028017697245
5691064881180956232
7240829800631619413
4934841789351182002
5303376720530293545
7672672649124409815
8817473966381376754
2375623333046685393
305892675699638401
9134801049507135341
-778603831336328405
417910270994597678
-276220007713812201
-7467802311961879274
-962733383000277931
-6310554023980820423
-917765139251934083
-2799100412819694938
8223369157505830474
3572466994642119498
8839202290784715574
3123975114372446543
-7263245079265570409
3438133090654171856
2440592626460106269
2345685056168922113
-171598557012587599
-8564443804769967756
-4129368839500616089
-6845878006491264808
-2905172008851579880
9044797184626539537
1799112505169550441
3451075728832736459
-197989259270845834
-3872462644385389761
1278544397353468907
977841830018585608
-9088974976401452669
1387463025385376434
4762010716539139924
-5073290818256807606
4813375509739366074
5264702930377869863
-3132819278473175352
-6299820068036736413
-8036095896963470469
6586689012183206660
-6176663968181063846
8354722611538216783
5125522551755613046
-2831022065549366898
5007246814390235557
-2632793562468214271
4080877621461423832
-6776945044091647472
-2103982930895629860
6801802579058624893
-1986592259716979534
-7500110995080464770
2870874293671837289
7138519274066936117
5689194357592282480
-6414593801776757664
-5602574377763883040
-5795606579921267570
1359639118524021915
-4533210462860118773
3375255496582455338
5316237316841527442
-1118010889305533285
1914374815326151771
-1462109418800188032
-6452412171172490964
-7749859757856524328
8138762232608396378
-8005608493654847188
-1175551957070220372
8727483605400536436
8707168673917913318
-4621082173780203592
-4359515089176050445
8282064043224074615
-6038185502611191433
-8035863423828061838
3071183005944024620
8954848782963933983
6193391895200491068
958776525701978646
6743869788328652620
549510571748275744
2333316483629464398
-8345030985881347589
936773528238424626
-8455247246046878935
-8277086390284334524
-5940564605222872702
-6236906190002105821
-1938955967912039819
5222336213960858336
1125803202126266234
-5691676490576706577
8040277782469457715
-5289856986174999723
938484055957207300
906593601675666618
2447554651211531994
-498576403868898396
533783798961179920
-9010800227457798657
-6622220920087585528
-8327708587522394346
5313615471392154224
-1561997326792086944
-5301830378131475923
-3766460457436810417
-5512405744587734882
-5832958151404906017
2697675391249595019
-254168376080301484
-6196127443480034428
-3954919747750126546
241258768621875476
6647458231711396088
9050553189423056951
4204688777253259531
-1003524324250689711
8710958157871277559
3081854832544031763
4655026531683585715
-8811182114278372874
-7173237485199043899
3573416785296558908
-958111115096680072
5934857848550229884
-6844827640214114414
2468429765547971071
512175833770486303
1202485935092906406
-3145438914364421484
6686226221336937620
5534605812230546017
-1386330333594654460
-5253058360851504781
-6668461656967350724
-6187852573550108086
4444463488313041181
-580121635639037974
48349502616849546
-8815542852164392746
649070675791021771
-5556623303901871032
-3985484800754849208
-8682260035150241755
-3907687164731507051
-1071625454855544305
7140121279171147357
-2959546958410510723
3664378769309699320
1209201034787639255
-5078628467313367790
522736448064688989
-3326802229062734055
3670933979726287657
-6610267449600955514
-511387528927851440
8219008066018632403
3838512360106249496
8797789772873922353
1742622256504718142
4245898088879656252
6316408663773973177
7519895216307528216
-4448704789625894203
8834064332938113166
-6095164598375019997
7109949004898045477
-6423869807224967210
-5201320914140369485
-8692891027229784022
7227207022542357623
5347018051144558613
-635655383020311373
-4914182005407247030
7871035526403429108
-1027549772233688800
-1263728945004094518
3417621274756708457
4362501277965933666
2770929862579619828
-2687512830865098370
-3848239258580445516
760530852129127841
-1185530398390042629
8377044052598746168
6862668546159766077
3844788143951411428
-2588818403933197367
-5958979692090424207
-833499640697771770
-6668921623094840955
167210670977629905
7258825655366065238
9184459357223990554
8825398959320823221
4682368213908914053
497861556525541493
2890888282455015612
-2848912510086069189
5795623071116273123
7651408171279618801
5672614646353116937
6198846269715802824
-7767797003983744694
-2302388679467753038
3053689913120962041
8747167328380965502
-1825403460384443349
-7300017926923275186
-8750742088831614689
-4305694441329836855
6452662360635820191
-3813609620265715624
-1168251465383830639
-1622235045693106585
9161207592990849625
6683048612317223857
-4903823974521767617
-2598583178487377814
-3079635390779303965
-8399075850453524157
-1178108550185768196
-3214269683974385125
2109707470628843953
-4562257260455446698
7769264086320857070
3537325958115599912
2861418369141037386
3604458063321291611
4818428618463098557
-6472199982680346598
-3029293546274972803
6654349966784323208
4585267314948377050
5114215774344436656
2340489435433431104
7427828524027662641
-210747477685879962
546846115917466772
6889314171906881555
3836328142893399700
-7990086876654326862
-5980006439774765477
-5009335900252399487
8821043735456888120
-4200928359914887151
8815274450267124695
-1264427253520610816
-8935988987010491584
-3961983450529172236
7103218647121793706
-6904964657593198390
-3813453547202273154
-2389648886699508582
-6647851926606412055
-2135339918483897008
1863718997720938601
-1026674472029862936
-310389002623101869
1363121961359040023
-3982843356483188605
-4516715596568581259
-1304722358134970346
-7664537598303490912
6864735240535776752
5589658976374006785
-8569849814014142800
-3707353406942042645
5058946933013357616
-1322679548802221721
2945449896868508405
3535047915227518669
-699552563128124823
-2376214281648092113
2011357030409681782
-6226574312160062768
-3670004321843813330
4981485870207347580
5468180550913623485
5415634603440938674
-5169718862403796856
9187375752244504356
-5420129376129908628
-5446262502053834742
-8037072911438509877
-4335334133111287144
-4235999465727507069
-534097366615049163
-4864405835626971173
-9051623254731973815
-623045984917259908
5289192640240723261
-5161011381487615202
-8152066926345069454
2319345184987033097
-5374619508488596293
4992333222154907935
-3305404408856625596
7055872971366597925
4213721814036989197
1912345646475773179
-6584864656040437702
-6698320096379032146
4009685353898276242
-5474635310321674473
6023865502850693969
905329792405738459
-8829361977803912021
-8431199721557544829
4158742045778205254
-8423488707465200294
-4153981653843674554
-3719303921684797605
-477993680665094252
-5082842581149509946
-4004008034716486063
8356673540192030932
-3749904415078370437
-9128639856557813587
5830695251334480126
-2617952721036385797
793562264229263384
4396473163308858576
5294150776774622500
8732553125230773842
-3149050284213047639
-7008171475855812834
-5142952702265191493
5936225789774963532
3468939366925477036
-8955764897267060132
7514827380078488293
-1886511619928553822
8736710517952837017
129194985709269677
-1807903199503921052
-7930232788561388470
3898180251691760109
-3227474937350226778
6958981599794794677
7811768455212607360
1095819450960342416
2541006566317026005
6883218078767135377
-7359620257249026310
-4488776605192889714
-4612928525352835414
1267524419885156423
737027791897759500
-1133527332472610192
-625275536195349552
-5970045488218351883
-457045494629492736
6432245920518596772
-192397371928675170
5860223755319105917
7178453904923563633
7246297622232970566
5411547294391098222
-3785519625482002461
8258653468242455366
876238829732289507
1728806996319022142
4330833614172907488
412375713215310656
691196336441358685
8385701776796985172
1127851007938632473
705234522454228836
3529708989955825962
-2454563163859944428
6061119693881781978
-1636741548955474734
-1561008829632630033
602786496407436035
9036438837545909546
-3789819663490047420
4990285491920417207
2551790391662501332
-6571080091349851430
-3145516233483242168
-307388137160497334
6960936549403363778
-3262771640391426463
-8088767358988700643
5137748548304098903
-3703781394726153497
-2049970381901288269
5979035425276890025
-6029454713641159606
295145668194949609
5374793711282329971
-2857989168542113829
694184677664586832
2217798742801248143
-4203045624876481275
-12684035313197585
-4015058066424575535
5471045008944422822
-140877058302418642
702698048080474240
7193172312549324268
6697880220442143535
3505737274729225120
5654845156314194013
-8530114872940494663
-3841931022935396661
7868096417286156903
-4573345668134846546
-7398494735485855199
-2642816467234591902
5252591792650754540
5658153314015276082
-4734738774652826023
-6772256263586290956
4204767755789661042
8093930310444276436
4308424831588732344
-8300426945980282067
6104667281402399104
561391228926030117
6010268494454664420
-3914874336791159236
2541965147515991447
-7500387545049400250
1538624903638397840
-2965546867082722905
-2141498128825082373
-8577056436560606294
7001385876407048819
3881189353965821723
5080845600214729729
3799061793456634087
-639804001075085267
8422040697898504565
-5535955733575002782
-7395414006461117342
5417249585962792872
-6849219606253733583
1294274780415402547
-1623105607729841477
8601299049582023475
-3360176191616723225
-1240713879971118977
5650578240472734501
-373858091084443560
1838117953343583399
-9037684730426382814
3521306585026135793
3119644947044841256
-8881279887175403092
7600160943381559658
-6620340752085792090
-1676492160329474566
7678101069140038196
4130626957998162124
1271181953813466020
-8650039598164356638
2094196164974587846
-8585640134371638006
6395077556426311660
7580749398265145043
1385896860919363255
-2793097560910406913
-3203609951627994430
-2307476887374879799
-5068930350751574585
8034852560366249308
9127500650085251968
4022653092109024164
-2698994925227976288
-5483130241666798427
-1455789908549657412
986975472112241439
7558308425008525410
8530251508871220303
7068692474797292576
-9124299416244332550
-6656352626005846213
-7534052837636206845
-6725501817078697262
4504732467735163588
5575659589058369535
8279619226814785447
-9082255728960100040
4098876756131221471
6194986816470994917
-2007389827255262738
3869818480301637223
3311990812571172533
4186828048434903291
3851566298484736140
-833664638138625635
-291349596838032379
6197188494110112424
-763413515379195664
-3058627686711602720
8087181780370307689
1106122262112229584
7301587846364266901
6293894411969293874
-8562070079467775907
5958776695739893209
3460335714116493840
4444932453071881055
-2151417164004443930
660901338951093591
6069854576994335674
-3691410586994142995
-3869173665385035595
2329500720535813943
-4679190998912675961
4032506471102635881
4552684282158812022
-62716296381787985
9146045082481238559
7790073757628824117
581399604953332192
1313624364076981327
3686473622998693638
-8920190305894866051
-3555835304372833069
4825044988346267891
-4634938196817644723
1687287168290104537
2505789089994245306
577614059290051364
7643112790926619513
-4529395075511552138
-4050746834171694599
-808821850665504340
-5628082024895388669
8337442657081972459
8588318986366874601
5626623525392402300
-7539993076255207551
412757533361076000
-8144939577738760914
4041733227046407062
1934012026600352340
-5262591686689531226
3695534588867437106
3750776823158355498
-2861496588836744487
4446455922308560055
-4094013936012576040
1478361723538095802
2246850321971290998
9163168395868553989
-5813065564183448716
8806844256764109613
557304236596693729
8411838360886727753
7979247932694330002
2172490585259380879
808461039526972945
-2120311979657710240
-3136188959279929733
-5772128780328535771
8681012508395350181
-4035899341064673599
7018090836344060223
-5326583948672990120
3029441903395660598
-362948445281560744
4578375581433672886
-8333780882298355930
4282507193734617540
-7998866673404833067
-6039348613852107428
-5074068310767610741
8809029484402762499
-901440251622735804
2672182479425987857
5533499546730684709
7615448809072834742
-1279447508588509756
3088864362680690040
7925015203765169277
1770768805755430647
1757523405511564627
-4023843853313252285
4791110743591411077
8529743789918521163
-3600572982776467782
3923943412704558539
-1463760566004163250
-2142238448879806818
-7222468001133994622
-2188318868233222691
-801985483329865165
3191995578909389136
6166816426564488841
-2597454244724544710
-3159343400957595987
-3684637628445821388
4495905451048496728
3120359541188547220
1115460149858414078
-7091838809358631537
1136726132630992015
-1711680766100233847
-5889896664305548322
316250647565709668
6836996958518562153
-5288460525236880715
1321541564428941983
9089742994799125944
-4685814384716333521
1352436089167376582
-1847390518197471330
2043346983231843749
-358071510806000122
-1623389231455309432
5534025660764617047
5977450352446457898
-3770415875746025660
8367551583680310240
-6988167762406429478
-5679870171141530543
-6961660706612222405
-7065436932430608373
-6160171635034549855
6854387691824386821
3739726483936346152
-8778982047089775714
-5086174369201348439
7353050500206249049
-8869690227984859755
6592415819518359843
-8761974085737853164
4903982603480143018
-8054278889362713455
-4645930250277512618
-3636732524649441362
-4615648422755161272
-6702964582387094288
3663896998409166773
-1394947049900234079
-6390284948439019693
5973715383581871804
-8595248559192720345
-9093613777054737519
2058799047266558
6193108148382054755
-44859864495870614
-5317481484367602626
-1403235394249353678
-6573069103545775234
-739612280878748471
-4943996108991545576
7517896155691378542
5459862962159678442
-4230066343318864756
4001327739518516561
5275547783257298893
3166937691657384732
-7358456093856461420
-4646576843425139729
4906823856436131048
3307912701901102244
-5677341696771325968
-6141423694483146554
-7281881194255455370
-5147355173093859730
6985732544070422900
3788996612660825764
3733102788752844720
-514929123115984922
-206642652572753640
-5863297920353934351
7209366795396990428
-7885019913596643764
5204193726206513988
-5930048208100723619
3279973126894076414
-1457676617145360743
-5277138163865748183
-5401827495234566477
3366451801153380360
5855916041559917445
6869284685064945380
-7845270426814602914
2514723388693760897
-8983184781659840037
-8971571574094032337
-7853912505785176360
1649623318473840651
6665863375549978612
5102270341930850994
-2963696364098864623
4496376213619395229
-5852841147621910079
-4258006853655260439
7740086120932317226
2319300410355528233
7845324180867183638
83690617049062919
-7157843256947183128
5059965953985625093
-1062015151980021980
-5908194619259172152
6272399638234676624
-6975378086768942589
8865842767232085218
3696487940220900993
-5846645300340814957
-5339759188552689636
522696054162549689
4459934152961750698
-4877993247350647880
-5661452478982740334
-6611212596856449905
235880802682002639
1993849437069221645
8045021116490747961
-4441493775134070315
2678906393222177188
-3312056407692554774
-5816492108159085143
4786186186848629304
-3002837291357443878
-7957155306940623896
4526086191786006845
8304106791231179199
-3593570211605388563
6093174334445995525
-8875747130078383055
-9090730369845812272
-6655525613224790513
-2278108077646255812
7690818662440960106
1006330715659904622
-3088674733575754667
7209887174771541419
-1573177318898052561
-4554673198738683728
-581465090937295254
-1567569771851886948
-6748841199546846488
4182199112844253390
-4463338855037315553
-2878567011530451212
2909919312650079987
-6382871924733752437
7889648435649638553
-2002751167920511123
-4089670521452982309
7632154139455590898
-209128046556678664
-8413611443305651386
2895134675025310492
-1222288313900314513
2372898299279316777
-4359664151837645797
779869343050217195
-227906170964969920
-3698588172922843146
7772507011600635392
-6219749647153124534
-7483481750748533024
7871334909372334609
8014979137324570781
-1045870470967854718
4679062764859796118
8998279704969408278
5354772369647535969
-1941846471184932990
-4401705255968420838
7232836009002213886
-4545076898823461105
-7657950556274601394
7732783752238298997
-197168228614931717
2350688236908098889
-5466517815764941790
2839976831053716144
-8074345738547025539
7327682451561203500
8096091546331812543
4135664033815229539
2184415668608767392
-971693544374416050
1260470328816237892
3597073429156690986
-4528528672848659243
6085410116683329565
-7109786594474142659
-4905184395779694658
5865726682934000693
2080779823402307957
972059839915089688
-7298829345040936438
-2519101423706836124
-1147026403243517904
6019732579911602587
7870236892332762615
-6492573881073125800
-7676607487150248936
-2703572273781543698
-2707817720436165703
-1693677975366139013
-3197612941803031206
-7810241550001908183
3028487268169441668
7984763880264699805
-1043308036004710322
-4766544739322165667
4344461547691197164
7300627541347397392
4117001714268925132
-4658995930900176892
-3830908369053514818
-9178315895071741091
6291293129943165239
-6135092881506703272
-2107778139405724679
3167438429545063479
-880539033911957687
-3971689208364081711
1416693578310155987
2879393358347844709
-5901905146506637448
1005169669714188422
-3415232344582298567
-1391611594139835491
1391825521977222761
3183447573020606100
-7086069235730390559
-7579674361176816852
-649981331713298078
2638690188195841138
Matrix_2 shares[0]:
-7720342215624323542
6770488116000921800
6844162544563876897
460575155206847620
-7647199630908100852
6501320739565098488
7359008218810954471
194396876405679986
3436665847345161911
-8177419738319826831
7718502877506195063
-7882448436758944106
3767927757181419528
-6310039492885118061
-6731551262261492628
-494409598532663530
5905525030304688261
-3336277113559889879
-8453482277612304188
6627576228143675166
1558977688264328425
-5589581520054955913
-6080818088653711691
5532184306576244807
5931923101459805626
1631577948302762425
-6853224332932059187
-5417626643457050914
3331768493029365496
4050215551425081099
8585837109115116869
6379157445744696222
-897594542162601052
-6873176359323684804
7222028665447821454
-553756925538291385
-538638705934584969
-3191000542049137409
-4527609862818078026
-3139917934900088487
7648722527405812075
6477838999142570611
-2641193364585350958
-1030385805797764418
387079052618202471
-5048708044088107537
-6078836709914172242
-2939743715035690494
203369663685637919
2885321983111179146
863770526604249739
-8161121020289256773
-3663047287533251607
1473074358009132443
3783526603284060549
504033182576337316
-5722746846066759248
3432678459192568684
4867001369740035065
4343073698765572061
-2974127979725843718
-5447140983245074983
-6130513788907822378
7803274143745450667
3117425972371448221
5901951171747845194
7441768130307191360
4850092212620533042
2082000890402940834
1673850851160213349
2995990592410930445
-4296017606328863766
-2956585026348650732
-7718307457765298824
93981420131310242
2796511602070120644
-6099488600201570755
-5009472486620091103
-8475855241615111255
-6728469685400789359
6838663451803989934
1914762559505862063
-1065890957405515527
1935187698763253370
-1837928553411894259
-7079424062564279018
4248699146802106352
5177584421354005888
-3340481669784155371
-8619658531099725892
-9070584303182407850
1232196983950282285
199062541548980851
3207101758791739925
-8568828944336606576
2025867716529608313
5466075017063218553
-2967606427907741879
8812128389667214479
-5909605153288792133
5609849403336383586
-7446259725077115963
-5841979667756391486
6332935287880431107
-638452699996304312
-808617781777740132
-2213996433704988889
8635746542664904166
3728878584639221105
1614383324881668112
65090715186383139
5859169463678490966
-7788367192114542080
-8695397806575811380
2316677274752843816
-1686913287096906033
-1753545724574376840
-5610338605870752329
-7011264330988866761
8447763728097415842
-2029628586789393945
-6404096061408731666
-6137803054050916888
5888085843686366190
-6317433661410316986
3601138060333262207
7409241289709489874
3639999964439209498
6891830270096049280
-3602967250887510540
-4132153640772037795
-1354424491625381932
7488758758744087420
-6296819058374622583
580927884767524413
6508092386686024259
6264637466614476798
-5154846686635068743
1885449882427933739
1452957984866389948
777915903403679536
-7982376261768754448
1060624517027208049
8359664206850612581
8357251668973327199
85830788159765047
-2882178056879968349
-2548191007900561447
-1644755002555951855
1449761028541588611
-1325308128758824690
-8142438315206383168
-783858132879297278
-1213666377231573827
-9025281052610928859
3457883677970018309
-2649200394210427688
-2864623064949705591
-5582258785011475708
5560433390754377846
4074914043355177901
6091612099080359709
3438860890477918878
-3376103880035019040
4129186256310250054
-1737605064308798380
-706929160389256374
-2269790163457917933
-4800867419664910362
-6950786655826155084
8543405230212490704
-1551580173218061398
6865533713059702443
6560256301899899570
3431115221838047478
1800172200638176364
1924607324589217660
-6117901984954946939
7950266935924997357
426505762203518569
8480836789564436959
-3366021654170025706
-7313933813203770551
8916136723680925219
3772936562947655403
6868302136874173330
-513288018789286621
2711104563844772773
-1225517526250039611
1732015022570352594
255285654731274406
-8278674289422280651
8616088445262959109
6723874297651660813
-5793000268482277003
6158671594823653215
8819654089057845956
4419095224357471517
-7643794602414446811
8076840450691879547
-6344094509100298449
7472123124050312613
4607716968510265102
3763330551426672000
8254112224656588677
4543142794931466197
-17882416714574583
-7876894826902769920
-2248181431705321394
3806655546497117490
3904490285537954113
4472564279048281169
-8774290377313917128
-6006463049372346846
-6061282667934953531
1713885486854016762
8591800916665045622
4932941712860034626
2255402925505058672
-4914484881208647512
422897251586035080
-7613600639445931337
366733552269549416
5996113922911539488
6228548074433650771
1610449163172319617
-5275192777807624545
3962998052737585097
2534258465913827568
-1177794798317023831
5948354484407888971
-3290406160175325210
-3423974490559541558
-3450979704838865257
-8839851873651669617
934886146121117878
-3921323320044055221
1070164651992034505
-7548773050377597861
-4255484400515505294
6854816837175321566
-780220978679320463
8500058395021827206
2452979521581496989
6340574719466333060
2201620764595833293
-8861871042045047983
-3394469024063631562
-5481906291819124955
1575475307793631364
-3176896677510704839
-7707214480635839819
-6300511816609187356
4888447399322606570
232692809040033474
6476689832518846963
-5544467100399474091
4303387576047526057
-740794310133077987
-1102555715970607247
7455913869560133570
8263278707802501389
-7084030374383406647
-2888196579000451263
4454758887510386752
3876384400309017554
-7159626242895801886
-256336625020832976
-6313624907856046460
6887073847510147264
6974385835859451980
-4694065775110687248
-2802625563524505229
2814985098703795346
4701579242938200504
6362119011068881506
-349552618841250168
-4596175506231735610
-3726031229818080164
9194214972557450408
-385921536023704086
-1966697788659145631
-3566322364577897042
5516017234766935008
-3716693424818380352
8283122740677352506
-1337941151235113881
-3081757119766181950
6192464461453684278
-6289469008251403052
4200528514023081449
-2952409563071218757
277989918351427202
8628560969308597905
-3100126487851948028
-7344444695145894602
6358975229133498541
-3650596564759174606
4024988448314077354
6683817869093294885
2286756340510781865
2857021902365286607
-4072132315119681387
3790577100013427126
-6285603637269386324
3642974119286072774
-1202774270785456
-6377002380680061080
2544576176213031703
-5239520108752720198
-5703000873790919347
2495887547407855584
4833539663494843479
3964621523617379615
-6633489923766964196
-344310629829803592
-7437441691451952912
2630029988894501363
-7028644046514845058
1693276926135645066
-2599455749499463864
2727593453147867467
-2886854397967729859
-7701884512689105872
-8392034748143571676
2323546064191847295
7509767219485987285
6612384261616833565
-4072489597743828962
2179028934444055809
2217156834860163710
2083543059113227355
-3064060598001127951
-197945058549842887
-137188964726822439
-8203403966529254589
-8051834476144627709
-7907114623699492615
-434744359070413901
1932815245732197835
3191627104521562805
911690507435702881
7726295231138625013
-4970087202212283471
8919610550602721807
-8820174584753069583
-3130357011018910084
-286223704823869439
4755703026820323927
-6807330236882618921
-3831346254630780783
-5302546029290060328
4169182803232489453
7426694876208062364
-7665512246491597030
8713707393625768507
-3509585683762508033
-9105668109193711645
7311470533676925016
-407630722704208671
7176249756763732437
-2649172144427159732
4768412723888291609
5474939058208172559
-3526143535092793490
4900194917869894102
-1113036968259028121
-1210721525480945760
6297970689915274591
-9045341108689244126
-3443160343670086171
8505625134151332225
7731444732398880842
-5831994393991869309
1229629573581552254
9068726192584019018
8848233525426723391
9133946870667991023
127077465048409332
5370953178450607013
-5426166635193502056
-8957881150421720666
6676242652728603544
2287674090650981694
-7446048640390376222
-5229000187164724402
5485526622080815113
-2238230610846436273
3051869487160230256
-1152701825440576318
-3837326918143400258
-7014681287255093839
-4592712090315671299
3090302075405559986
8875173451342097814
-274713909495360
1223792553262727264
-8752177419627223411
-3322163042844881848
-4239227745736311233
3743294829000602787
-2823582343861590055
-4392014280261694639
6994420085542505063
-7476324616576805254
1314730970665798727
-6744566809352895230
-1217892645116926114
160765302711190603
4187265838351502140
-7619398041112591143
-588374338418616217
-3852216109106785218
-7942636112886713086
5648110607358955431
-6703152347494652558
943401193257423387
2033042776301888574
5152943930997954476
4527747347696841813
2140738864814486984
-7512170772940874582
4479064834037754982
-5263896959201104685
-2306247000128842062
-8166423702694775650
-8073060160163118205
3548095395503083566
557215069273438723
3743253267203539965
8030953956324861566
-2800452062713322508
-6769729260366213604
-9116088696790735597
-5634076639882720337
-8160866111459072535
543549803481338809
-8155788568788006473
-6027380137052441830
-7948192975764077812
8915167677398951237
2062470953822970106
6508534698008497277
-8266951156244072218
548324400187614592
6189190048852427753
-5424316641728549858
-1845670773254971268
887108624021844199
-8238026547166332108
-4063921340443588091
4146645665414579564
5993254095042158372
3814836687163537858
1829800358323793919
7192873168000785550
-3408662764840755241
-6982257028101726255
418607557920330056
189782271030455842
2587910742611334764
7264563737726824450
8344656878839416403
101223599084698404
7609960220422505600
-2742817192333363009
-1754872183378264421
-5444372171839842967
-1655351598474522165
-5012170933600412917
-5749301198391134115
2726352221228465709
1736439909552843227
-3489784355964544769
2833159075219208120
-5955415680453021128
-957432095822429602
6205657095187859009
9024102585964411877
-2980243404143235759
-4293744724529760289
724808868706400240
4431240295168729236
4504868476155256347
-677391378793866970
825784896075220306
3869158654790246052
630262208276514111
-5052312173956311727
5098129601033947542
-8339683933430457671
-3387799219108000021
4171886392624014986
-3078213439571784657
-6186618754925465084
778818353772162828
7110281331734149567
4250891561562568561
2946216852297319540
-3483463125889044879
2158477550886378778
4318807999567819427
-2532298518247752917
-5317435371451885230
-6089133435699446898
-5607626306401430919
-4724457258459309002
1822072128251861929
785683041183345923
-4981608219905652974
-4648877902365108040
-5984985393056141418
7116995696214808558
-8100905494096525415
-974436772201803441
-2469566756515240399
347398549390232116
7256164895139790966
-2798006321075867691
-2767373208449261978
-7913667280371591533
-6070244476746419129
-8214655417635583627
5966545819696766439
-4993686754071873379
-6365449120265602675
-5360657035132855186
2350751881110312597
362696779856101109
2941628901565237134
8667880896493206154
3928911191928844140
-4145979345900155683
-2539503487571829810
-7826367627642368929
848205827673448321
-3913979168857730395
-4449569647840854998
2011441458254917900
-1297709405777365283
-4745233559172911792
-8487623561552424972
-5345171586144910524
-9139528291435687343
5251592555546572275
-2640627740637401855
-2913517937490297129
31171900320556287
1792011410888729530
5788034225605846011
-7211124631700415748
8309190100254651062
-1990787591955016794
-3391793416796995050
5923097210936028684
-5960444235779315534
7758482648908379760
2990215232992127396
-2934621358638482219
-7611381402037985346
6523744733760318839
2799654880220554589
-6317460339758177264
1150715479603890804
8183242120070060476
2240739057834749962
477988187333272995
6969084978302874045
-5965381390182274904
-1974516255121751819
-6322991530707704549
1420496786946907014
7074800096595550380
-2557516768173200367
-1155679025719006421
1036094642409535176
-4626399306236397281
-1166846705161074902
-1033265228868553603
-5318103847588682780
-8322171547508621531
4981132023892515648
4881811829356716192
3919273220552813340
982126682254580419
-883230393863344829
-2210604087950903184
2560519243415589730
3273592406902980845
-4731913520880469069
-7504320541572837492
-8305900172248670393
5651959529036075000
-2213530552998576420
-7646122860892004493
-8559261849872999816
6093748179100022698
9176948978551253789
-4615464860702585742
-5073232103185288766
3373920555500888384
-5597109860940496492
3402087000973615288
-3206297152876841910
4680096486188101843
-2743957628768276804
-7677497353961661018
-7283056944732868091
-5322690885041222989
-9024917154969549300
-6582914315065882847
-9097347577232243967
-6744673015913845608
-4704069305488930061
-6111636435503414398
-127495993738220674
7462604343803803170
6466154664692039059
-2259388174077448447
7153101512661428120
2847221070229023210
-4313398982179738282
4491622683032938786
-5578956861785339329
1725045043087703326
-2271340863508164513
1303189624868046030
-7162453815920798725
-5173486692367806179
2181590534001312828
1500513142915648732
3667521146006740809
-339544154158419933
-6375943573591339232
6661032415308347448
-971217699350331558
-3036618812670693311
-6948341169429258239
-6724501791216330512
-8699194842738438156
1783428385627491372
8733146003012540739
-4410985762283879747
2215369796296208268
9221516609621688905
6837805709628421897
4270439249010116849
593608266643385567
3639723791688073871
7694957369564139232
-2780290418599881839
-2906986061285507045
1837922928799912328
3113659622713171115
-8213632740752391695
8461531268943186311
8967204742479619632
-6378955688607781662
-3679358539446954264
-5021624650381000502
-5985873815270532783
-3226649834497161351
-4611324726575103358
-7047643559434925574
6868197039063003482
2970997474119604200
-8343269850196946516
2473520048280716439
7650167111374327914
5519332998846466490
-4148882584706986384
5986104505694957369
-8578985960121953833
-659245779234291461
-7458999295602924156
-2637655581689849533
-6227387471155235241
-4578446010830190764
3438914650561403712
8289402181749846590
-2892961088479062508
2819380703759006078
-830064444065705145
-5270024249357706366
64552151525148311
3350725430039956745
-4354680465021277712
282996087183955070
-5843701266228134802
7049284559533686953
4010476618236671656
-8059981403819274681
6435652308179521111
-4082175745801553567
3651266477039539748
-1033406856516203353
-7316398019202329101
3076171773260132792
-103454484733115912
-9088077476437151322
-3184868920921767745
-8630080867183411854
-3587033514554072460
8589659395075444302
-6855135528808181593
-5867476593137854556
-1031329729724526396
4842630664647314078
-1722825432528919836
2389311595314823915
-8843759011110247331
3948165620921417492
3903756766247414954
2808230568395205177
8300374141721112214
82398284410268336
8776188209432989918
144172372011570832
-1495784546822591182
-2429160421194908001
5856049590949664596
1701093926687796327
-2581462665985444849
7835758009163607445
6230491599194938503
-1827119855358065553
7017659152248800784
-1523545044101082225
5977649389827531115
6358912212106784213
-7449415323748931821
-6485099070756702591
7344585680051378190
2605459457367440735
-4970306000738419645
-2849518316783173640
4208474861008890070
4155139543920942906
2156343274281355224
1058268370333179957
5336900757262399640
3337277517795247935
-6606576600021297113
-510756682655101675
244452234712440281
6924472800991645782
-2927066015981809869
7766095371528613339
-496921870780290296
-2329246760331763768
-4798101894640236695
9099864934745145378
-5723489910051721539
-6142626496600752903
9163510237726689327
-6893997875502106326
742307384061104797
-2213015819559915955
-2649959992214369068
-2454022804168434709
-7546491719134946512
-4661173282187602382
-1842249757533728783
-2435611346217053584
-4680677840523157910
4966769480113777632
2217875168248666579
-3156871399630471402
-3642058738164682074
-6117614081810142746
1519001700916983429
9174623891346359500
3412700367160988724
8912899011983222461
5765403999634783477
-818490537657176423
-6158862442757861963
6467843621005144073
-531429737339012363
-3551906299623359357
-3901340937881234815
3814877981267599103
153952361091777856
-5731533145533222327
-6267997960408396427
-8635716665844663813
1513528198842046815
6157353251810880552
-261822469718596997
-1814239930998812107
-9027067644738588358
7259639994039495515
-8734392182081346180
3542480313770230343
3919764992201405402
7866525383139211459
6201851605012442834
-7553309018796456822
-8245997137624593352
-5229624806343498048
8698259155992214793
-6867120642653217702
-847258128101268377
-3619549031133340048
-953209327044417231
1148423252541326146
-5165758697156927267
6321983861113792374
4695356137348528307
-3710794033758494431
7111499757400175692
5991601120949284010
-7081750342982179101
-2281279065447495218
-2025546435189353321
-7195149002895614549
-2476249435321589828
-4593545543734792929
-7040474311345866351
7272294988301386616
-4404260530182774282
-4470991412174197013
-613774829335537971
2702714821702074466
7461280317566022717
-5130233296945448620
709564152307075100
-2807825840342000440
-8924619284695205587
-8242589628089643391
3809513922284617379
-1831668130919548236
-3827719714193443891
-2937568128276977110
-6637485633251853366
-1291180939243929311
9038133365788644639
8206085034438958341
6262734750250817157
6787617214603585037
-8003241015761244754
-7160185630778553033
-8498949489975055418
1479334509660177878
2857946496686936238
110888914503520433
2633247127960367569
-5624140899475955459
-5621833192187389544
8185485115205490078
2479299116363149410
7514869963118109064
-7641788361259871264
5047383238441738924
-1623218821225044677
6416314544201283606
25797025764613142
-6991720637486823673
-3047709230277744478
-8971426375975942678
-5496109478322880411
1850803006785016560
6982371894640359459
-1701093455401155021
7156366484467869420
-5395796718685482208
1447682823263037523
9113979077479344646
6867991125217831436
1551605145656253723
-8470386082696354208
-7409776187678506397
3572934788305278174
7829038902274939514
-8515442870999077601
1929027966709707934
-114713333755007353
1806202920241478616
-7776782493737036158
-4688918512901320649
5707925921785266695
7677571099448120126
967831944893944302
1244703418953720144
8995396179825764174
8627181335039841763
6961193670931078311
7584849617118085879
1868789802364622995
-686999758818171828
6981178800329169331
-2611628694448313356
1993088376802626514
1417961448939134227
9154163496792082142
-2292838221202149020
2881777985297382788
2954871112782883342
4834170950030630434
8183912346970169139
-2067155297573102978
-5818677626398469819
1123730443523182036
-2629929549419611069
6556532068119151393
7735194500248234595
-5520401353003359263
609058496864025874
-6441313851703699010
1187412987984976700
-8893081579482348659
-2540330376722116576
-3052475426218688057
5432390070052523561
-6342376401486466905
2986409602134901195
-8545475754857105035
-9099300924056585370
7995220308632792967
5418195723921666870
8291727031119671090
1743676530214568785
-8256070645025769179
-2096886250202005201
1773681466678149332
-1548866971163431715
4639452603008861776
2016825816087930760
4533077720072626843
-3822189920613276618
-3334002639165582059
5107454553411836751
-3829765695730342573
-4249172867461469431
-8906204340496350371
6772146439480321815
-6600660597810700343
-1367143913295607759
8944688792904059099
8098623125397310493
-687203234497285242
-7880421223295298832
2766673003950723652
-2180294385743372890
4123930375358813436
-2080399701336138000
8920126404798111493
205473674188759841
360307340272923913
-2819022252553529147
-4460868528216218891
-3579449953918667439
1696917059805843221
3096813009975744139
-5278788461153412639
4798027508871671410
6010344681882473162
-4221444462155104457
-7520310187141485968
409510640798259342
6100314091822296603
-603488102263604249
890239854150610146
-1078212981391682694
-8511493104713514435
-424545238004810214
2071690736344027437
1122165329155591157
5711484724733111378
-5615658722787494367
-6199528606030751085
-8689711600456551526
-2095491359286878260
-2917121378578624722
1157318095665707535
7017991204878448978
464801519333728510
-2593166185596214128
-5213217858396076077
-8968340752961725281
-3924655374197112238
-2496206187143722548
6103603031730075101
-7729173283842828675
3556466857128946201
7293796386732279467
4020634985010878424
2727644105475347560
-4207657903518486432
-4021434542982250641
1198802582050709010
-5930926467907326623
6516380030061150328
8200069354865925882
-8034328450243271279
4684227096209495881
-4406701894751761524
-9180743036321321411
2076420608203692952
6547503312323228919
-2913542025916328336
-6003946079599736608
8771330659909893296
6050415983933402083
4742555651005026454
341402182127771302
8728273898487623755
3644031915785908848
-2603773950055527964
-8443258481359296982
-1361325880007521870
7723562224994264822
8767447019297457706
-7943320104489694200
-5646072729764057620
-6776733345803824362
5398579457598140120
2003111901642044254
2027414566908036754
-9173067414119595853
3332715052011869122
-2129659288663113791
-3989272582226976203
4719271394966801928
-521272453267858310
1485278585390969338
30892681305759165
1863367123520274479
3384614479729231115
-3971034238837978654
-2845338877451685090
8922780423798191442
-1853408076379499065
-5690910397928929365
-3875957456333373991
1681796506995604752
-2161409594654198347
-2811131302874350734
9168232689212574362
-2314569828297356389
8403369673499967001
-6364844672467548089
5145138513265865510
-8530630771878973261
6996889061247257733
-7071264537520587304
385291051341736235
-2930656563515430532
7507369496706817692
-9109042460191512836
-7475109963640328609
-1818124837213976481
1098826425868308749
5732361333297446352
-5056713354967400405
1506092492235436420
-7496317995546371052
7220762464173549964
986572944898207408
-4276543628530733075
2806175558931838528
-5540441372018018985
-5450532865709213162
-8493051183976055074
-515865816960367511
6974750532236178320
-6125271461723116032
-4425920921315046802
6691369111929236531
-6991330143627708419
4234748897588097166
-5244103764325226497
-3965028837316516477
-4639839482577538530
5593450608852799461
5598311299054537460
2711481591142105527
-4796411637016946102
6936635036894073702
6578593149166254862
893345825666956029
13393895534901171
6308059518777301140
7432087295835150435
-5866512331433052805
-5352793396175795687
-5868612016704896407
477760916288326068
7150768793005156698
-7305402630926010743
7805930129144450745
3238873059345985503
3619944491961811265
-3909742364823997315
-3556674202044789102
-5458634924030500720
687824472316634422
-9012085936397574226
4313156026207054392
3118325328142570551
-2519589733917365826
3853596261918676802
-7219375283615114533
-5461013835548608737
2261879189345711873
-3633406605024510968
5753974686514517771
-3523780356466981102
4830235955322943944
3537267278147610623
7437557354318638696
-1237489100096846324
-2370956593868854777
-1289674175431306089
257950610437492758
985953255402346229
-2712595900973617348
2750298008855146460
8131989883968710249
1352524969340269723
-173068440907488767
4760753177803264917
8037693435456001464
196274451880416701
-1516183649623408189
5391616070343907677
-3338144453953467024
-53320510237726448
-755446448270137117
5417348042299566140
-6958381774919873245
-3226409379875892784
5302472372423446419
-6686693025557686110
3601713378983447479
-8317453313142629995
4210373963716343598
-8584005042308961213
-325671041234626732
-3500871192875449570
-5874696284396552873
5950507557748999580
5421737202794731562
-6805575272238876256
455194349899447700
-3508986875942465597
6733071279403415561
3708658352810561002
-4139931065914574666
1478423172375799162
-525317634087025632
2001085297913378531
8678947763288065483
-51077055553553520
6318510411911346109
5734052957434772814
-2371998094786920242
-7626585734367814966
-1328094653839208184
-6346615195875462256
3853895597848260495
-2028795188902741795
-6957530997377066402
218752326854848868
8972906055693863250
6551687042412794093
7377778562373514335
7013999673198872803
6986352592439234144
2612433589503868461
-3143087701361883839
2422688144693828364
-8575829144999484213
-4312704390725572188
2895450247248870561
-3025890198973700032
3434842167349728428
3963124860259101090
-7339223644949327579
8580419694218857342
6205180978031362533
-9148747279036936501
-7248719494481289364
-2405066362858653271
7620239682015852730
-6804106307374489000
39018245937457309
-4586631949817583993
-8200702171306607075
7937106872484818951
-2184054395169738519
5320818617928189458
7406614790347919278
-7187301949730720000
3882553154156893640
252898316480931032
3078102793015096218
-2500963108452778421
6166330031147466135
3615038635876882359
-8011044243859061227
2837180294072187924
-3272516047748553970
-4323334354481318885
699409621742004934
7293440874620143771
-6798807452701959012
2702516062463487968
-1051619624668884936
-8650831186440055417
8269764900928305946
-3373243349727176184
-7577679240943260514
5494587320930514609
6152489723096209709
7298268380483764707
-7737895727457867082
580715855014531227
8304090179720547836
-9113041847051863713
-7204408065182658356
-9211818470209755212
7018197468631766947
-8779809437261129603
-1330113826110441393
2550006827452928875
219958502872867128
-4457492782184563836
-5443559220215374989
4636180241072105605
-28241509238519330
-3283541407322773906
7443504867883115115
-1621968801114908261
4272985225851431363
-867747170306562929
-3755643675433317702
1278846066952263837
-8448764133058320841
7670470702292765541
3037082496018684825
-7658079653997331062
-184429981831155532
1737143501076446185
-1034758301435104613
-9193933452692769040
-7672891421754501294
4595189486937635499
7212871476093814923
8259019017892356296
-3852492761976761253
4594347812536468444
-5326262990065354290
3944254903542562042
8172983115079988718
-3222476751854252006
4608619925955341417
-7981734137008428477
371668487222769343
1627254085214539040
-3308373851481993119
124151793723509385
4533342604753700596
-8829398387988255522
-782974457007084120
-8707278896772162725
8783146059137834878
529054227538403134
-1767227636448597183
-2184300919602042123
-959572730069299870
8129745925633102989
-7390433022991757287
674061534448870411
8499286182434373672
-6304778924190811734
1948002981089813903
-6111152780168395618
-8129400689279652332
227848600471898786
7427252117902951758
7372009586643863636
3692954118612786156
2614320504997175580
8420940584633541972
5972609332063096419
3943644738965605431
3910122237340368114
-4050526364371656984
-843733562616208110
1957279288139350489
1914498176347995212
-324071020262635100
344478864219217389
-6295110439236745716
6149840007485756309
-7915111391931788823
-204317214857051810
-4749295257242449690
-1396525521981493015
-1574462573783439281
-8325878931214688708
1360097146612033065
-7025403831524745088
5356248962602898573
6969780103342991882
9150557765531880741
Matrix_2 shares[1]:
3931854990396085286
-3353503079846714510
-5472482437587382678
5311928192736754902
8302944904990076862
5246435494748266699
-1366617454317006926
-5264481356288666643
-466076298589503899
1222992181566628213
-3727276421511665124
-5484940332297963276
4633244753123784183
-3878966676062393118
-5773749073996014557
-3825902611207156311
-4954095803022554940
-1859648072424023077
8223849551264929768
-8146933906462283716
6289818490644778592
3661331294578578939
3128042433161511420
6098583693286422767
6014482141611276674
2426067863502468180
2655458510013037214
652182808638847049
-8541305894024094435
412007077881572223
1015477631257275231
-2233722691843517586
3492456171683245506
162004496460992635
-6078070353705526772
5243849835240712800
-3792965700939237618
-3144725539634900687
-6078822267993695262
3636596048956115723
2537603936588704195
-1498704967581291650
-8063283667390577466
8214970825035747448
-6809197099964955644
-9127892649581172479
943624033037132321
-6484328006105632215
6021821959424409374
-2637831439704910846
-5099906228298654269
-5475940523406224288
-8026932501389580473
-6521930863628879252
3223061977529972396
7771341068744874699
-2787939987317210604
-68722075151686282
-2352694619045682326
3394799843231993623
-7877862326559757066
5736858825537905204
2372748408364118564
6522737641687913899
4474496488013875171
4070189419917060962
8943264161717022080
-6882625191941671277
5665064079025103808
-3792764838424571077
3215337332327539633
2008417997953244055
-5442516593411739506
5633596922692607149
-2639443522872737869
7337952663008047535
2409251053182823304
5675269815637749765
7950702752062640057
2127196855506744879
5814061250293096995
-75766461213109614
9008993500486220107
-1417860031599501351
245623069909879808
-8778061290072646308
522579985351247144
-118036547935036916
-1178245877729957634
-6028736665658892774
8524454427595790758
-5539839430421271986
-2759197171118969081
-5204705673045788116
9080579969108148337
-3357969885312091077
1787690042525714363
6733169408592425884
7682716200655150967
459156405079062847
-8399906067816116127
-1171164407645001770
6675153973401157819
-7767079121941454739
-1621321009894297522
-6766151712124450363
5743583740364099128
208344686079439849
8385948478675142941
684352547585214361
8932601661509774356
7359783768915931920
-1001058607989019344
4775549071559256897
-8399592746513422308
8734268759934896282
8877587884481314801
-1380410014583623200
-4770101339569630509
5628684378006278615
-7363331297669997114
3659454655423173904
3945616534609981292
-8131362410483124856
-7698140983394447128
3299411012354136223
3899840619206571435
-6716576711776830057
6878015186821758784
-7799020166552553493
3655079660270192237
504110510080972780
520574090250626871
4808904721066151143
-4344653070035910906
-6380094002235635759
222447715043112282
1263010799342699456
2778961432796754296
-2806408786389085049
-894328079289694664
-3243138955442373250
7660942990473163620
7296677004963787874
-601600740237091539
-5680027712093916692
8150952537078475807
-6978844879186996789
-3776714718839389735
-7591233939533997988
974275294841626773
8759017510694311135
-4096141758768477519
6639653829979853640
-6204287495271823222
-2988695553787696993
1304903577799132049
-1552788995276524625
5186039080773465632
-7374012452734081226
-4328663319985604690
-2838560036498973939
3846636812147220350
-4075030747348942318
7830906912536058681
1997625491777526886
2188524873999780436
-4966199380461255464
1733827158859921279
-6046769316607508473
-6273333445812913246
2431693847454648824
-1700029866244802264
8486196257401955999
-5692748244154637001
-5446626597996249421
-1395703141769136517
510195116564676753
1157075474456548665
2980609975458149060
-3115104327335659904
-6867679012430343048
-4483655522105717078
-5282835260937778703
-3313123236474049360
1570291288779740584
-5697578360553183975
-5537564490179339491
5613835045126921449
-7464847698318421763
-2106916515877482580
3966573291138119241
-974595738310317067
-7095581200587102386
6420704312770416991
-5641654534894360174
-6288576600145652484
9168179878836637774
7264054459034186769
-8417221790530785493
-4434895020184750196
6148632075032063763
-1267485758775915398
1957508678898885356
-4882494395831419455
5000289214388006178
-1527909052456266725
3946381088233941070
979510204040407283
6807660148061884257
-7581291123569869603
-7915441986423299119
584700665510654761
-9156883226188295737
-5174065561669387778
7995666208933995369
-4040718401010544235
-4460713462422830054
7318733149866504841
4662647191699254771
-698938771826339071
2784646639738779267
-7640554467841158504
-6130894985498278498
8075926038404388300
-287132506171624837
-985059607439608246
507958165048922486
-3048041733524982538
916618362663136594
-2549927930950197755
7222291044704216243
-4799978354481786545
9078782151354037932
5227292193645691702
3896812372304085339
-8366271807272501140
-2961831385784101294
3305761532160822224
3698915563275885025
2089199739076494997
-1122398675039885794
-4242510989121824758
5776463696642931070
6642947193740212136
1336709353570030758
7690029979242951359
5079473568434215212
8718222090182298979
8736293249746449376
-4671693658167739221
8086362292231459073
1421647657337001090
3686619737724098616
-5996087963460837948
6728260091617422274
-2301336751152877227
-3866021945086921327
4470898943208655381
-8564850200722214035
-3568588698303851662
8469832651689467188
-7147229027341816171
-6062343490926545508
4675570322562883982
2488529682890380786
-5658322396021425781
746439805549202818
8103734639456474366
-6766210971839582232
-427479647090429543
-3702983813716269918
7041617154420501520
-9051667961590538997
-8796036295501182304
1477472940503644941
2163498942016965401
-1155133698411155119
-3840992759330344988
8984764812711762676
4578406511539017602
6180387797112652987
4334830607320038469
8268065354223899374
8576574924911259890
7986478089690864797
5059919572479901233
-7317604888839988856
-3017238869771420821
-7160120737868372427
-728035765768469240
3314143208904623682
-6946245576961694347
-6752382590032344744
5727910904319658864
8963540248583244739
1938822919718287516
5078652609023729918
3393882052437016855
1700476901861043205
7321227436835088352
8047537936886708973
7448593962642587313
-132811475672277168
-2717990599783386711
-8765216851422541691
-5323912040353898954
1360226435261808390
-6459842367616196274
6653690374985826134
-1318223056982280328
-1825458722525172393
5251125198485258743
5855463905948739354
-5173500242564022903
5490073107785077705
1848071128095632057
1433784775887680474
211158188256077925
2120650422749896702
5762675723759310801
1928799468105292903
-7547075090751268323
8658941982163327482
-518058579615839664
-4568041501551417763
5723425399191896651
-6639190963599673243
2126819550376363451
-6612203579447481764
3077503294398384623
-1988799026694001286
3232204217255946384
-1308498436997410607
18106711026185049
4347531613871013944
-1475453034439137435
-1234117407658119356
8175832203404943457
3940860538627954794
-5777306666114863885
4451175158267744184
5138050733872840130
-5591851620605261327
-728061997022693789
-2135173147808322690
-6199941582595015643
-6809848379028447666
-1757673581347235167
-8851900317511902593
-6111789738218563795
3987096863335986665
-5880838119539486631
2743874906997528252
6607786987913658406
-2142613418653693021
-7844656671795745574
-3826320742755803429
6556363992484824535
-490881950226650189
-942552304143311959
4304275301153734615
-4370532744781339937
6943978950393707977
46802095140320427
3681202456009163860
-8597692817437465541
-2863671034609762212
2927607301235697992
5123803736608625202
-5378375484386249770
8864454335788073197
-1467478272785907598
-8492572257357827048
-6386426902398255451
6628638785209521946
-2454102015981951067
-2576537695083101834
-7093825263346115126
2368482074872996589
-2990886435705015629
-2104979816089756104
-2800432585579808828
942528540712675574
1865628711366862990
8042846108170677074
-5794926275010017833
-5016534369251769781
-599371776713767600
7278075490984082108
-7719270283443279117
-1661690295884734151
-8765895739320865241
-1861601643668619821
7983061702614527140
7089282961744275286
-10491539064789627
-5827605476476039269
-8791250649784364088
3618922616056393819
-5385639228632200497
5157893407586443465
-9000244919582185231
-6369426880857953122
5307918655935253989
-7224668428870553629
-1083164960637959353
-5593580548807869138
-7194599560532899035
7223608631544324080
-5633550338450124264
-8430069090424541384
2889874345383021749
7452115188632365153
-8677720677057519382
7990757069114971909
7664345059660394562
-4845829526381159702
-4329033908113115853
-2640565826896205497
378893540075505727
-4158283631793070675
-1731252620190567436
5995409617114252185
-5390762890013300967
2064775018608750012
-3291240720356570295
1935600774244153570
3075612520455559488
1679374901609580998
7531977482038973525
-6934359787652771874
-2499205478195942184
324866022776660622
-4644564247883873579
840352943088197157
-3255419421335632394
-6738101137961717842
542883247131195176
-4454559687484413226
5017812916525884431
-8719595854263415678
8220626009819239937
6438473635457407854
9076280254199579355
4002639089688319542
-7448193543238592274
3594508156083835806
-3254598162716658236
-3989938292004390869
-5855278404602963503
-5166623217922534351
865190226425453634
-7709303899260898632
-5934967101624918571
764550100359843309
-8620588428568274967
3062108886387514127
-9110171649441767749
-8363856393143394651
-8201137255739803269
-1978736208719221665
2450937227513648925
-5269543955015901759
4437306442103487128
-3871129733238714593
-7154226595290249867
8829379260959874501
-3212171443564427984
9026334237506847089
1885970632841768053
-5541450846503834393
-7075483284895174412
-1309625846680983040
5595460637914401907
-2797653443370451977
7057208379817852129
-5629287124082886545
3363594271384932005
9163263556368024707
2291295865798759273
4304221056908989776
8287011128311450228
4306023614382433242
5958977150871104027
4097662427869688943
6456919335619296318
-3877741608836599486
-3728921025468073936
-8813914001633472544
6910993361575841970
9164667982568688558
8232743149583399315
-4958636231970869655
3316267410674362255
279776068784566872
-7127515483632384507
-5100229675338078438
-7993824946756279521
7610859595133851501
5123809050233894142
2491849847122548432
5439606978344107584
-8834975920685159982
718735556623295826
1616785106554818706
-2336664945450957801
8200777087471283932
2911399108306274352
-6925893049258540854
-7032429099601497064
1131214501388283358
8901216760951494704
-462799282385806968
4943154896640129930
3193486578304700044
9154947271770514494
-8199672564212913464
4732181810638355999
-1481520218260703110
2385347519092664785
8526097171510932709
6514248454728123311
-7071046938151647953
1891686921255643206
350184500281798445
4112443805376934467
-5630465842058443252
-1007490786466799581
-2406945156285994615
2628982074181096616
-5969419461575076720
-4112026220396572289
8331324524888321827
805345610822239482
-4903394313353218052
-9055719745208726354
5616224461508961274
4633173408653618577
5137170299344779557
-7728504542118095699
-3213553007853575704
6526362500027508822
-5616334144337581463
-250827181048588139
3263611909858769504
6325623760223784179
-2276128807811787210
5689577008925675074
8655571443057580496
-6363389648631290956
8895797197229770554
-660227850305462704
8529736988235263434
-2657076665636472752
-785554097848640031
-3493862808284307170
5785673189969007206
-3794495008522065912
3093165109434475297
-5118143204124594736
1602833351704976778
-3453641700237870170
3189511382795606380
-3336768694136739202
1123911618445216086
-2509546391828403982
-7119045317782159509
-858376123340843425
7923447740548103901
-7204993908498674246
5105767486078194374
8678828845599367871
-8034070228363539544
-5086457742129401036
1974326343068070181
5405944682641949862
-7391243870721450042
5694171825471752212
4969872123192147786
8871464099451418162
-5139626210915356052
-3586997751408987400
-9129796696967466928
9018445783892117158
3062863270952419486
4735028958808817259
6173075053497331329
-3504806842682066368
1476721842630190544
-1887066557780730686
4239325136923295511
-391676945260980904
-1060886957998757363
-9011788167296522065
3784647329862821123
4350874764565388876
-8081146953793492282
4878074447410051145
-4812472580040143231
639247954788077928
7469768531957461819
4823865508697817503
-1070614140802851863
-1703577425246192365
56416503072143803
-7987251955624878272
-5334627210674545929
-29697604203477606
-3801992523035444162
-3323555122649300052
-5253866380166500408
-1111863476673377602
-5321817446534662747
-4156964081053113532
6071741639254178184
-8574200810555406
-4409235950521285781
4871543691933455478
-6024704005954516936
6351801460647327002
490237616321969328
-7087188103551274422
6744224875718648904
4371915449679702027
1157263239607138631
6614635095287659442
-2683505496296822777
1927839089826257762
-1977397157635324903
-2847001699704889472
-6102073843434008633
3202698510319204803
2152296867707219992
798894708200199027
8026263495687705873
-2929919783097805114
-6029266540943522186
-6628475404535822835
-1055100262421193660
-2092714805557783755
-1594040628891904436
7581287890199703757
-1084988932603320171
-8643227923244689710
-4015220210532998390
-6464568687551724914
800076255025613221
-6833693677069961890
-2385457873035629054
7610353314432368461
6137038314675934343
5784203817754130722
4095156041074634157
-8973400348137865494
-1835701855618207716
-7444186008429344787
3201796626327865330
475631907536236949
-4635987629315810212
4930198255535742300
888504151151068482
499533890225793022
-6008513425517321343
3234330965780418771
-2532083039527975540
5311424953119258062
5017905816494947512
2597070583403203503
-1885640437707024192
8252698530873621605
-5543379250837139721
2835297224317500722
2655810009768773883
-4739552791514401677
346136564056933703
7882929916885188218
5833168577242421402
-6510378468164985831
-412733221153671095
-3592948977910950662
-2715014396734700935
5583686377884935044
-3060920134061235985
-6422286558824859698
2170385800698147108
8549223007103991149
366223075607349493
-7287927699879797025
4765316131880797582
2400742963473382422
-6414753346225699364
-8365136214479880531
7056900058596503528
-6334710708872930464
-917042955820045781
6445676591209808703
-2701829358652923857
-3337390663669581548
-5595557917503460681
5989922807896876993
-6349622982177400043
-5782282525640528733
7196672308803508405
-7086480699818996673
-6574382866742552539
-5582542201500481007
5987930521871528495
827474325456190024
8332521706126221474
6651063356627123999
-5056089122794234103
-2049383518127433138
-3521957482985351844
-4316616107931028283
-8543064464207821141
2505864082276045331
-3262287871245541658
-7187548951262974650
8657190781340840390
8522471189223468326
-7324729638995494858
-4148402233715585496
-4829860332864791000
3879953005671745827
3804368380825319534
-3901207339606225390
5779585846811060326
-6155674915846419408
-3348408283035417135
1009176151321123885
8688020551187365732
9195293823677579861
-506137617652754476
-3181358388615273211
2883679174923518244
5024211132778401704
7134072448293295639
6294319394622089903
7374370107783761385
3422100522722435181
-7634705616501571330
4871644151681111427
1889415847147321168
-480392328397143036
1380823985451160325
8687971726797364392
6085965194991561810
8121045073915530269
-5545263627479361780
7657567408526140208
-6068398590221745310
-3701271967693941132
4482775058970389712
8335799462222656682
-1557005944766180429
3481495631266650007
-3658440051344485256
4404089278214635467
7060886364212072893
-3199523853529319235
3341222889707814906
9185937422002522286
5035336090409048353
5458810806377588080
8454268127643857188
-7341816912170151649
-490612851535151442
-838449020868192238
184386054556834312
2222250702296080431
-2579906857931171456
1515297063836051093
-3924146593716426022
-6946639389377188007
-5203296915253379207
-2147620220869900893
-1684642719816130017
3556013441653498086
-1984043247368935178
-3829647334446308315
-4441540953813876518
-1994995225021581225
6641493404284981664
-3646168344895076079
-8740560627596145733
2992054473682316967
-1783594876300702487
4752238871300281515
1251756356684850283
8896557758286907402
-3501704203369241226
6317560044533974162
-2460480768172935025
8433712677407106454
-7016048573010163926
8354701859843847481
-480945022584813654
2168309543170858766
-3771330948272108831
-8224050273161469092
2517127625441675692
1349638107311876331
-6358382094793479356
7686916247558495973
3206111736606504146
-5211000865830920749
-3650755181091031104
3513215258448219884
-5823981250492899651
-5897159396928190864
5779199739819115417
-7524508126128485795
-4332481769942740392
8358815619026153388
-6727985678203979265
4604500298451811839
-4198876549374227121
779970706167930323
6933665646607350206
3423927321344494651
-1855642801474078437
7756054420695762288
2075318533764143633
4791163429009469189
4951001881618146037
-6477664219890718112
288531951774795768
-8216397622963635386
-1274185427388377265
1479094947126053968
-2960401695179913551
8279333437301558739
3291133514433876772
4420791813149000871
-2408914334347264096
4903793619338628473
7144944853669781629
6955475793924206124
-7054740248251339540
-8271050204475792498
-5422899527811247632
4184197730744459260
5451652475483983649
-6586932378482661377
-2607547021096002091
-3193811378051702589
-4941272488198710987
-6732737127583081360
-2704971960569024
-3786559504269572953
7502158272589644150
5583956353907395391
8869471861976659118
-2256677332267222942
7158185798402445991
-5982940035197561242
5996836326914862007
-1176900011262025202
1731684346794120377
107098537801093461
-1015912986978776995
-8000200098652591874
-5255159189674468561
6122063358224965291
-2991020751720307895
-1879227270539172511
7647639903171694730
-4090954978321355291
-7407391950220142395
-3050921944028336728
6516690466806166691
3314818395371109088
-622689266037859687
-2955395420598958272
-3894976665160300597
3636654361422332848
-7070773090017963010
-3978122535484099636
-8948920202424047617
-5837104453354743980
993304732265815320
8279764998178431966
-5169529114601229858
-1113671934759339293
-8110449963591472637
-1289277766386994695
-8608012521080339328
-2619937704951279878
-332111495557191641
2349982665978173603
-907070301807811910
895773745924688890
-7443069558028871855
-5880931099022856707
-6432185309993922162
2536066111093789169
6889739505206913272
3209681238915344270
3294913730888076187
-832145558361937144
2857347676485196665
4905606844040337949
-8428893710442866709
3097591234494237435
8998060376181824657
-1731156944153108562
9193746295411508039
-7497975748276849394
5212517877569409501
8483441038568225389
3690272878189976227
-4605007347375612090
-3580589920192291915
-8751273467606783786
125233732124139402
7258914182657911640
-58932030215152289
-1908640617319694453
7131528856004446094
6535929089176990750
-3578803505280165056
-7365105478403363956
-6608763134460308067
-3524219143900611715
8457798462550660091
6417933006327105604
1543574062051782084
-2113808104466865868
-4674828622264361867
-4117234599408750388
-2240117124331239446
-6253294799376546215
-4049915902466077545
-4666124616399296529
280962423250163469
-6548445401128993546
-3788911225477678692
4632289528324697984
8307838306296014496
6108295382936320749
-3660781678877910736
7683249031451518497
-1954432224116826491
-7953992562586341382
3208370564532349455
8120953506675300927
-2689628120601942662
-7656465535543144158
8407905161544012268
-2351188505274233456
-970823005803861988
-6395873215898203263
214652258078407629
3315434054402906329
410716934451827564
3793166519199048408
-5289008837290336722
-1386449570659774587
8162328682647746569
-4715320811010269632
-7983638069819741679
-38820118967227120
1933591847032211299
-2530462812347632110
882663890103394740
6144122033853730735
386075963818265514
-6269551192688754137
7319123853501456992
8824051622550531654
-5524548672405999568
-3514117397989373979
1203922446565894361
7269333308786842981
6275113060036229839
367845822099510658
4098702718475439036
-6284635178016209926
1211281728160012860
6040900429485422894
735871396641793913
1116871619479791250
-7619319711949969915
-2558236082154646329
7920281885408071882
-607864237426541086
-865220602509540126
-7928531134247661808
9034986854045927518
6006388781525826879
6593401718350905359
-1153975463324801614
-8971617604040090195
2264557673027870920
-2543719683286671532
6393149187101275338
4708477652312830290
5997040967404383694
-6891744231902035687
8821752945691047634
-219058172703176274
6195716999680257716
-4931731968729859279
569948352420335341
-685748211263454135
-4991995581514817268
5107594595332023171
-6524136303338663764
2804053183379912331
-3008008415870319404
6419382579326669821
3111070772906025196
-1035764549275602407
-2545854562294933494
3738768291582678085
2922943189726222035
2926094397071425931
753155351711625551
4274342960852608339
-207762926597197172
2951542665772521429
6159527435035861338
-5587289324300850761
2668934740718938063
2855343850481046671
-7316745612180998535
6352397078334183122
6965464045010893903
582788728563329283
-5742064285743075981
-6286547766535795598
8675200570915741165
-1784938535807114447
7387573242466389234
8504408932704681444
9176492560221542303
-5911429021215430918
5170634069995466323
-137872592063265290
-7671830651016404481
-1909288253508230895
-1263467287852179138
-6421320419119165331
1003125385233849904
2438724008913639338
4258503845033911469
7322860487385685142
1696099842154645681
2044868375086219589
7327223611768567261
-1076035499579374126
3510671941677942461
574218879320380966
8858807100823345705
-6695984894130112725
4829075384419961566
1691711372631730798
-7365646022849489401
1916078037462954091
-3008187037909944861
3673719416252688030
6491740954513867493
3935614151109996662
-3552709937759296770
2212365849339484532
-3761858890431986606
-2394099410349049236
-8688640943672298015
-3937574715680125119
-4818271259348486669
-1412510507956296461
-844662375694199341
-7905872382162659321
-3103432930271257346
-8700043291297446159
5234654311335452724
6781108905508293195
-7491006529394544937
-5985939313824624646
-3865554568510663958
-2619208582401013145
5960977638477260677
-5345266575021568474
-2149510341140190448
-1160210900778942754
3311327920578611587
-6289978059219553230
-7911249305139334012
-5880432460224712332
1957483835202876143
7833402226562335505
9169392881278726932
-3717199496334264150
-7317700314020045757
8857807570655070669
5493677787619845745
-3281653979338285245
-7885535858876343200
-973830184978265215
4746016839382131361
-536565102942376495
-3030609497446499309
-2895929812553928233
7182532055149897922
1750851242116513997
8158358386329099495
4141475724155011632
-680345853869037597
-4260485731205876913
-4343330316100563201
-9077968453190087085
-882098449848763325
8742618611965001091
-787913046156150843
413853269605467201
-4653823744089882807
3073005664185641836
6888571896792723478
6874097545849332957
207478121645621660
-7007470636054574198
741833924865915309
-4738510822440634951
-3245500471430700905
-4505012339030566111
1747015677430322643
7052603300517894300
7739287920417397729
-78920456120288224
-7058500782667547162
4937001820332841111
7611923327606619353
-3621316610087422391
-9098864576764253160
8755959405169784623
-8677100504629662622
7698386569644800976
9205700396152599655
3194714785858195210
-5369294889480085509
8097326861632220534
-4686305550195639634
4252204629589182148
6019973439782190798
-5267491459209037582
-3519424069613728238
5617742368218989762
744932105741641487
-5045833960830175875
5987682152457041533
-2716160153687921284
-5932565371327461052
-2041021563123279991
2561698122074642582
-6556005227429000037
-5215596844567150953
-3554535133838324720
-4263952134562358259
-1052264432908025369
9012074830616155478
-5086601164046397288
-2733114222221019573
-5506814085222032531
2892578518806908054
-6988332518537118358
-6295892926337923986
7090270569610888251
7523030697766133980
-6821849846686669831
-1153496125888557789
-5733336994261655730
6667404174907409745
-6877485818679155306
2355759074644706588
-7080569911672769821
4453739324874649240
2854124825153908213
6627494332697742752
-2966405829400956720
-1319599513165274235
6162964361928072099
-4954247526134027733
-5073149178485025454
-4169306705446225297
-1006581065681749748
-106899316599642738
-5246880216164717286
4643593623938169068
-2571724850437052185
-6355421677828246232
-8988052383230520519
6644092601841596093
7716134423253781950
-4294129290249868278
-349177741845501345
3446964563649217096
2435818650474851107
8575782696157158806
-154503189820991568
7688261691400118616
-3013054397748440788
-3395753036348798463
8819420799938238731
4454968617639759454
-5071291677866345847
-4286586588328476458
7514913746404358092
8025400451103984170
-6813549332717969366
-1002984342994866896
8491351926279602103
-7458515212644818960
-4908334119238685733
-828278718025488872
323055131695598665
-7190164589946860253
4363344809324738015
2052060382373634856
-8022674153195657160
-4583323275033717320
1923867238932064834
4344112969128643729
7531611165562064713
4409788758499520625
-5203301660066192052
4036543822694100379
-712365412720867415
-2195833110832471166
-7740336547993626795
-7189116965390050810
1500086996363178108
7112535890997791211
-729339320335429411
4751695023342177013
859013941464003809
-2016564297699708353
3394724520613556895
-6674137733812486438
-7756577898945057891
8275230680993736267
2307553815616153578
5614101521281927980
4604975986944257386
4263057721515363583
3857049318400208284
3487823135005840159
7223827540745201146
-5120768168933595269
8101226034708193123
-2530539306623301799
-7369691285441012228
8110618024205529016
-5802238349100529144
-7580784768597749740
7391276616012520841
6890113635092045031
-5198117014645182542
6897214905138488981
-1265936218906503471
608707107881091437
-4157217431208330715
-1760532974422468617
-5690259079698472808
-7902483595099765265
699705910204860508
-3835907093161060650
-2331569408506170717
-8992087470529780342
1798523852153101144
5526765435683406231
-4139177612758224589
802546417406697100
8450171594968287978
-2204665848411912154
-945118091876861094
-602715913899762770
6018042472870323029
3087546419194461402
4012703463807243086
-8550074751851255204
308935409865215788
7081217495514522280
3870622156768831575
-2756990135538060496
-549082441396180335
8439968684735488498
-7251434191737544584
-8394023950199273038
4587495308312011650
-6852349573239592882
-5832902840310810331
-1108234420486059452
2516576437090198099
2052067916383791695
4122187040483082876
-5805782422011918728
3740585126067131647
-724262254654888065
3335493571586246167
-1404508332449128168
496697921311565258
-90756699721180126
5243135288837531894
3576143149793821542
-3785398514105056252
7071502488581422907
Matrix_3 shares[0]:
1096569694258178666
-664335927768604926
1790387012525313650
3857762245397391632
-5547219669639698354
8267969459058565240
-5227518060538893439
-7391702414088721869
1296759836577188458
-5107789250206540073
2107892257697351922
3327395008449615191
7881841168053116938
-6997322237893155073
5796662554781902225
815934095864711234
8086342831863380816
1520234698852257544
1403682233038049952
-5653594128393732584
-281465963484990692
4457874168012620584
-7410845452667385113
6379447864919438986
8587191511426663125
3210565864658222941
2345487088176525047
1379149064075698307
-3720598789905479395
-8317947422723618602
3107995735916000061
1474179831394471374
5600887501336273274
-5990312348197526099
-8235691839918991568
1996178798604059656
-6811773823618820160
5827466172065952587
-7281867003182151438
-8791572067546907820
4814771064093491159
-5873122953823719384
-4767306874410915378
8992711714538335199
-6836998686831461465
8076463484771012149
-6467582955350665157
3191325283236999587
-7955125114218437271
2702973890276310364
-1435602454769618663
-4551291645701553483
3386181816922788413
-7560190278702586113
-457354056029286316
2625346487847781790
244005833128139961
-8161499665003333772
4668263761438846031
-4965044403521623966
-8692636521594428986
-6725426823966197499
-6992232279802767181
-7511940780560317894
677371592133520944
1447363955573093345
-8350363255246688141
2780990569743409849
-1308078620931613839
7721981587400103974
1022587431635500594
-2520226072127370930
1318523931471048692
5788998512782134025
6145547350191773740
-7494579001104909475
3901624656994737648
-4546851075739232949
8431253219474221414
5870735693615605307
-4572138956424103754
-7449152428010758632
8621358945305793456
7537610872821706745
6922123224343518804
-1482757781329570278
3726144486555953115
1544314226532039872
582815919957749875
-4759442553792392667
-1653284792778590116
6743587021264935503
6042573225250825761
8193527038075395954
-6747019966268277595
4838814913078393299
-4202016979964503588
-5783262643538379440
1275060831214548287
-1882362687532983742
6312228431480511372
-6295700100276507248
3554348498569634672
2836532969367907514
2428521940149881435
-1500108234080843953
7390471300452717775
5932602294662690547
7338780702046360409
4565560429649806301
6435400664132445251
-8763810797890310653
-3285954484931325617
-8354721727261780748
4715704164993028155
-7356508804392186386
6555459810989219295
944770070286653713
5409493888952147689
-6180635468427344881
-2584256475678070844
5291732193719175013
-8830761161954496103
4453724558600328344
3465959325004611586
-2470948320709689793
2875034458643880163
944185108057438877
8558923219838225751
-1603635940176076637
-4629276350565343059
-1954633714625736280
7432655122300365142
7760555140341248823
5079940929919873949
125233405634821434
-2797245323417983519
7034638809102800906
1456526221649978843
61194696724284356
7190681998773298361
7716651253955656381
-319102840808573033
-400239843338860451
-1892456916862946449
-3522729653456870140
8737821647406870423
-5832190632131091702
-4691994991502512579
4337480765582401007
-3249940978892416663
-7632014581876583562
-7308028233680409076
1157543991001589831
8416183581320595683
-7399025587278909943
-3787841309419480701
409566871080969748
4359114281730326169
-8844116723789678960
-6960608852688900328
8407966346823548116
1174306634979008502
-1349486164127633088
-440899986170077708
8570888148293332099
2169031339750111207
-8318256376846617844
3585963727049162661
453638266075508059
-311689316385644008
65009156125164163
1766825355966165927
-5870451931907807385
-3954275016197239478
5930784064013424570
-2240023322728653719
3118978886200190065
-3636606576244492477
7059770017337036412
-7949282172023444623
-4525358871202921776
-3551612120813303011
6732711282504419601
4501294258610259082
2573052137815951539
-2088397376801872438
7820663073020559388
753536973543221513
-3080446307058670449
1180433267896349377
-8283935025571296369
-6978073937107835593
-6594420339261867957
-4471204826011142580
7212544803474295952
-8071086497024770707
607020247368460008
-4699757671241905135
-26260607286752841
-4705001354936713173
6850658551066488306
7984895805972312049
3899214225453363003
-7421188634042725954
249674924443724649
893976722048580111
2360233702296612306
-1140667162663267929
-2438302922406608952
-2038204257112980713
-5716575071959000742
5334860412336724046
-972250854226302002
5389040566670069155
-8637352244874619424
4922068205431160731
2076665174703452409
-4914415028006361155
5162989045912219760
468001654201088236
-7869443914303218481
-4916677148899860776
-447458774118249329
6860743693815815924
8538588842376190482
-7962931920933625699
-3307347813789636581
4486178794944414089
4981855371368800989
305144627548078302
7247517238887360557
5328313606707974449
2826874788964792532
-5623964381457877241
-4380084521033367997
2494217915834055242
-353288588346225657
1999703449704450109
3284079961834136840
-1881871846322015166
-2941255924879999510
5263926275065523644
8552085702589713750
-5588204199807409646
3060841208763468884
-8094098987054317680
1824868262927252040
5929735581457339326
8803909118185633118
5803325987891474522
4481908250221169237
4236927812610206345
-2863374200921814329
-2159712805099584700
7380221556927318695
1386022055215585269
8897099831703065964
33588568648160944
-3859173341751903296
-1415306991088998286
4770897027520691268
8873304704349695658
1310689898567272662
-7818186577448501077
-4533879738415937722
-4367856750743965168
-4619792351934900938
-2211443432786858929
3553769584928727165
-6896405129104884822
-264808055978208067
-3804605539040594922
-4589531846523041280
8623364901708461563
-128593462344076131
6755823665083790718
-5491931229961974541
7003813591894927003
-5329829503862666195
-4004095796226769178
-5902041184910141631
3440832015739663785
1790143149526021583
-3171007851891183244
3424978108840379174
4762863673369528950
8467086072454667476
3458151756899273379
-3423433639175943048
-2148491217468745346
-2782121955235670100
-7664047127789444640
6010480992520912207
6505119002136340980
6182890202464846261
-8896254368169555966
1180601240669383373
-4159113429869763135
-4135362097702837194
-6631059828566424643
-5803578124564620251
-7995885433853289285
1539848570948705307
5881220177669624496
1296100953859353465
-6845994320491063769
5258313051174112054
-4746823297231407187
-8833085426252175617
-2903754076746918830
-7770583344863378850
2522193063669214349
-1764130877750667267
6475792587255683984
6637752927334571636
1413850638137159196
9013209518266571497
-262114920513875903
-3984580808422391043
-3258589091768904078
2557908174263986036
8717185047796923290
-5100882001003536398
5377518301569814721
2429320970682366367
-7916273151728725448
7508238595873622799
8434914446122528268
3180756267020115301
-1022922038293921670
7983094772282631465
-8893310494262003337
3276387761034594728
-21206734514062954
-6642905037674726687
-8205421139641620624
-5417010916789449978
-6842933960255228821
5583028299614403347
-1852278307514369671
7933442968207212089
-3944221301720861279
4241403367296155485
-3174619200144693749
-4107465218483520011
4670015504786265342
-3851280457065650068
5053689594785315923
7689453817310341354
7121251948841305253
6178382854023829462
1248088279628716967
-3673676427926902915
7176144777112654870
-5028965532689355389
-2400105713183486996
-5609738347754278064
-5745520605336634357
2205153206864046596
-1059308612911605112
3255642045005068093
2617449616042660804
-3630971914396313624
-4767408684614737438
2935737259393304357
-388611165654111086
-2822925611429679285
5344790565123263886
835536586036277252
4938859134811175917
-6446867679668900676
-7505383287235695305
3440688330710568155
4928164013322105483
-6150205447687463539
-6131541254303071775
-5590764196855510076
1843083661283234817
-7558645227405083072
7580222319885889110
2708033516451987211
1089925459950424840
-6323175722433156762
9014344628802937877
8399612562345612190
-217547464154837130
9183366605385301999
8737960199997523802
-8914096098225202198
6806363176892713726
3224278377688518656
6495467352129959732
7200414551027521563
9135086904266284531
-4800232853133356694
-1891236398144042620
8450399314397065063
-3189879292171584945
-2903975748489414997
2556091296611055257
2686544344632734547
2385824528220294391
2535892166622437936
-9004525047970513106
-5281437896767679617
-7992409016482942664
-594984515158787951
279806435711692009
2816544220987837747
6447959924492525249
4038148799406605245
4104254921367159448
5851386638902566032
3663217609795890830
-2916858959617923042
4372543344802176045
2573446055852365015
-597296461425810072
-5538168610704927788
607834826544294977
2570132730287533893
4730348544971897013
1813447878257282799
-5126706990150941683
1593431855167953003
1122027687901430642
-2371240284770936655
-3605488671234237719
-1562531375013383759
-2552032918548845083
9148407376107842339
-1933552197578387092
7900399254895021462
3380003867614210355
7328800737720855681
2085785950104361153
-1574339840477467354
-5625164375514783458
-6483595623155663575
4357486948574744824
-882944209334616711
3509026998778402245
7564971348396150995
-8914185723359451827
8712712203604849529
7477168129529355934
-2720713424787599476
-2861193797413751577
-2890740650470822052
-4460834713843188916
-654953046869760728
-1386636549297784708
2569837199764958550
-1473417553982457661
-7155751064641911248
-2673622057873197337
-69101613576029669
-3619401375874499272
-7579866356153641585
5600640802561980646
-3526477723782860791
-5725780583169074777
7346738332115776778
-8766842907813729040
1438906937948665557
6229217113859899815
-1753344555054750531
4488112211673551838
-6273697339766036536
8858991304837061726
-665787457612047194
-1861542415825625629
-2560690753207925021
-8336843121949451472
2174496776556208344
-6169737211677730303
-1919353168885670858
-4691809929618737790
5912075613335557162
-6124089527100824222
2190997545764304348
4408823754196111179
-7903378177738021674
6662418557034483678
-3364199371977049227
6387339994926476894
-706392788707842684
-3017169250697165434
-6683060425151580353
8716451213572075831
8110947018964341417
-7529212121491729811
-2775278431153979518
-7924011033789763696
4551679507162163262
481643482749924793
6936865386391545051
909062099371478298
-8061342608182177426
5084702158489253123
-4319328964428249876
6370045011756535762
-7192591018898588318
4508239891375126172
8812518020383349867
-5312677866437062527
-8147453539320427996
-7347013801510870854
-6618188723068991787
3023137339450273290
5651596311446564714
3860978556416049862
-7211036674189848011
936126548093511928
-1058209138554682165
5809559367991103900
-3156839249581331241
-5227699239615293499
1311440880818710265
-8644886590409696770
-8919196413706677347
6884038231835574754
1960160441713428531
4913302641223053458
5871114079075829887
-6728505330594401356
1830647615646044171
-3556367041814838146
-6911085773614773888
-4288398047291412558
1462285131583809920
-2977755144432772641
7329754554195844494
6238647527788293001
-5875549681006346586
-405374951694814916
-8435078708917114813
1800601201970188630
-2926645153531608245
4394770969066236544
-7885083997911339674
7221326679291547461
-1647814684869302478
139870188646744709
-2403364350777395798
-3771234101334381505
5493574468560730920
-8847741753928502065
6434203238456912686
-2704268741945466495
7255188164320298894
-7186157557551870966
-5860366583308906245
-4262076423545829808
-4309424045692553959
5031730205938362701
-8920947729556463448
8774027369386777083
5670332748918073721
7016174284847593774
-3698118052099763508
-5215101511143424376
5724420050967862070
7442014489019855554
5077198879820428461
6818002955238118493
-8579692550113956799
-8789178288330924748
2882011534981301824
5821082194292179423
-4446927628119364531
9018850878826628570
-1536043088709349976
-4194531219660951272
2539348745492548982
1558108975230686763
-817793721162584837
-6874873240835327451
6852953922617427417
6236544831039387614
-4005866888667020717
-4687933945049754329
-7744354287541745168
7779483659083409622
-7143021201869447692
3177831396081692775
2290895017911402346
2719384956750118122
-2317055219586759959
7839303421196223012
-5274918854734017957
5548981452342524361
-1604583570847810718
-9130278832700340088
-3734774329623403944
4849199830664882271
1554215516584758887
-3770655352610507042
120188767387060760
-2654542910625734574
5246315771478776271
1466757166748485759
730934081129331629
303144741069162350
-8364685327447751244
4000156935297595568
6744808713294093617
-3762392999963898009
4607048217498103618
-5863110424719052616
1103132661054690288
-307731974161696076
7985066929222903783
5097808106456169650
3933517259667349488
-7913101173638060702
3129998492070751361
-8503260421485129330
-4301871415659631114
7941732155902606045
751501982317243671
-1523795584942211972
-2089694746323302453
941257705394113219
3754670670976717116
5091984792244624666
2110633738818097363
-2513778983733097328
4563763019139521561
5842621412389638960
4836180112594470403
4549765875651927423
156843802509054077
-2229543416441421676
8411359392203730612
8511843468284888238
-417629483832060702
380241682770404046
5706029940918815231
6649934744158974013
5593470954490569509
-5237492277514529563
7093505460322866398
3629606459122513646
-2310505460062875311
3552515790448198866
4792443005212525867
1700181247558916874
8308615492188515161
-724892375152534039
4454999198668352014
-3195625643719841911
7119313873964556297
4119160217271926310
-2708317440539046435
-1361932908988394858
2111971644567058511
-3561541089467515428
1328700275937322981
5258807656854671985
-3598010284999411310
-2671259303175265501
-7901346906125936825
-3950149204000808842
-165595945438471586
3430515793078726124
5753726020862965441
-1773506897189750597
6378459748673546189
3302822237324070904
8349998846874489414
4134168158405344194
936963976200300935
3654129250100628617
-7587383786276336459
8503962462732628963
-8650818586561469922
276420069186689074
8122316033844480619
-8191723845038264558
-318724940743987399
-4157030448995495028
-5153890315193890946
7038896584584657165
6371681809973500514
-4787683297687924669
9151611155685529508
1908344907672582779
-4970298046784019681
5043981134993760446
-8951035290334379476
-4376365631918103983
-1499143826136688076
2246928067519390125
-3665552903693285518
-7783224744176454127
3597628851077986154
-7650083138959562745
-4921916297349093456
6094775312000939007
5727805689001468734
7932717674704798737
3024625569761155242
8506480364333387808
6544937590961496302
-7895895165737541642
-3589646689906486796
3031874714386251936
-8255703008074117503
-4409626386642604438
-3412191930465653663
-603522678019211460
-8667503461471148706
-2798013918779080396
-7897086602443754795
1152975601241612250
-5269025845789415354
3325593849371376389
1827008243614737778
-4309513881005799614
-6684912991598186578
-3215943300251592002
-1857717586534752000
389571261159413384
-5160122240368753331
-2954694241327278611
7877656238562894547
-5971758655030940580
-6763936572087372392
-4172147013319318389
2716090464272594880
-125152904020571459
-9066060572148318191
-4181945780053053908
-3655360395349814609
-8849187662754742458
-8346761914914219141
189443829260768382
8277360146438988740
220543379090134499
8612919031350706430
6252321955340045465
8045949657282916215
-3782305174476380616
-9073386449178953392
3643561173945448994
-6032465092560798403
8068464577304553900
-7924486902820423991
36997244169762284
-8079223943311872772
-2818475269359229792
-5405758076165633038
1800137933004876233
3377777011300218037
3175986130450659791
-28306655139838460
8191190523207112136
-6297697258262012204
-7867393345112777378
4037440436422827552
6004195611832427454
5835244318717407800
8945016185781023063
5610980661185980374
-1548333221296738061
-8676659117332649981
-6905213637756538654
-5535935448027116132
-2024292652213597213
-1702478254287198914
7823491784992960771
-290569254224755000
-8485232675062039379
5335439474502426773
-1833050775599831379
-1919860139263507784
3498722424450940350
-1485263954771754943
4227620067500933320
-124109542592844331
5760481748714993717
7151879434843700980
-1866166779473940246
-4308159518440042212
-8105147763575545845
-4684308383318093824
5963632785937954730
-7102517387674763642
-4035675174837995992
7826251483724255853
-8444373679539302750
-2736600324903725040
-1375451984316967688
-8856040778400809413
-347440750303298904
7460337980397026863
-7755197885425598053
1072954853250179413
5643799777813784866
-5330574044746675969
7881444159983748966
-8417457059303667637
-7720821651154368317
-5721630403235352128
6518976480330005266
6582245403428003308
8538250248826975065
-5869499141505231077
4249037624683370351
3273256139361613803
4341898395178341259
8829599659354194733
7210473635275220552
987760604260173120
3124139722491366514
-4842174334818271907
3643416848023041692
2109074467177479818
3091401163603287283
8695678803132244112
-4333815111924148248
-271841468991170208
2780250848584572828
5337366624358797057
-5018993982840673361
5904715931337435643
4274680281019325814
-8069544957625751183
2408696559979254262
7459461185184168191
3902245375197508846
-6801090070608193724
2932706406935130159
-3615253129273601455
613594306044315928
-4282645601317735964
5659854921642886151
7707951723599868955
334375603617174035
-9172285540207367355
-926138978226014956
-3049676953605865146
130123586699009851
-8025839740303468023
-446818063425070713
5959953826930957052
-6920098819101213901
-4426987964562584712
-791244810027478965
1456260219561021717
2697141707009042209
6131321466257703398
-8644409167564802204
-5733835922120430458
-8733528391698044202
4077706147548865658
-8865129918367907460
6276102161007061037
6540576480892305495
-5096383123528090794
8852445440924444055
3635296197378951561
5988010720394326597
730678745158788464
6202676713729554823
4577557703448474270
7219497337487953556
-4816076442745911968
-7931681916103387341
-5573565398467141649
3984193309745662231
-1646756291776104873
443680558718147654
7052012693802526907
-2425298002832651772
-5611250956086219313
3818648125470038733
-5458903793932102850
-3714883579122680124
4980874095965653537
5099412650128865153
-4456090037637816540
-14862181274259979
7706645758551638589
1186941859442031822
-3688605580697285151
6176738746976818601
8234207643655350247
-2166540925410087911
-3875440018223632104
5223579956881808652
-8045839591496011722
-2715369517295648188
3084862759555362772
3613365308125803364
7749263163369378106
-108048587434662161
7094301693569359913
-1586422152298150157
8919106880215846381
5591434600843495970
-4321656169483304520
-7566804221305875033
-5611369210041512566
8823600044412503185
-1564884582234590930
7315953769779400344
-4166084236278097336
44144964094975887
-1538317727204443609
2491002807801967362
-979344742611267101
2825468034952700395
-6740511564534064933
6482194346350509861
-7600130679139039375
-4749136509928532907
-482638170193564885
-1783825384147326456
-8808409500305796429
4107879141369642397
1014822216589104440
4164609434853906106
-8317287733771278815
8914440036136435957
1942142489286477161
-3090177655977952666
3262280849762093391
3945982108157290270
8917988679257253054
2781653119410119290
-129110912672615042
5052315914213153912
-3610803053191106118
-5802502391911779149
-8446381860523713504
-6881418961804142262
2601954390362989029
827070524329993750
-1644699498622823235
-6793886155959840870
2771326784255417390
7800435936785735829
-8007236660084278953
2513650894469936043
8940468628407244890
-6574655467954975436
7505633794179305282
2674983522291608963
-432507785199492291
-3835698099378294927
998084993440242566
-5319642526812576016
5300726636653439440
-8713049600696957807
1668246857921288176
927097534852886387
-1381134138577832989
-7513126654503738732
4374915467600059828
1325587630427151628
5399043412917988830
-934196458906398891
6138814779864253031
3075600971010267894
236758398807995918
-1836157632590466577
8351571122120228871
-4305265784701338775
-5310583619935042410
5873654224139667966
8918513234265378938
1212042684299354907
4476390258495244297
4876788605831228173
-4467678377694457729
-6706886303621920974
-2481830666693800878
2153591076410883635
6754665320988376791
9006872761652382840
6108529340218711201
2387794347945594461
5544827745409390008
5487803189698406128
6288710944067366109
-6907004847821899073
-8515416232751867602
931204217314397708
7706632302675583409
-6632030716277477764
7395790951298887977
5386002798953932761
-4259060158524602092
1474337315343492863
7527785041216877489
-283090428552692374
8429098809093626177
-3878913330018074414
3330666242795675201
728334682712461268
926558051908895238
1405770439486561118
-6502181261739882573
-3084304310184728127
3594737233191703830
-5623147331174226605
-6497003590665119720
3969005977150262442
4899253441419394431
432754602662077289
4272406657651546519
-2058463534560934390
-8005313118221606628
-5707940042931196305
-4797733163172621285
-4308428595648800157
6108908163713992609
-2337038714482376214
3179176918435816643
74854556757020005
6752645832204305196
234935889193466059
2924060020707953971
4694593292834145020
-3109360947807616136
2419385401847558672
-5466960597960218682
-2877820035584119403
-6021784797388858252
-7285622836909335056
-1072244096392089500
-3445720176268734342
-6077848414650876492
4026011448621591991
7937072595112878996
-1491197650851797870
1625270632120918123
8646712068146980779
7762092954510282985
6752131988952287952
3512980316568043715
-1192489889661471841
4410551555903199214
7313754769361080866
-8005295196858102884
4278093782440277301
-1571950352945695787
-3382527329542852727
-7861623934456769649
-4646477165094208361
-7928617402045409676
8886025229936585506
-827284540588266905
-5767097865728747515
-8433878147572126239
-250418570404250303
7580674976919829752
-5765596173491331065
5839541010700590233
3555596847080496625
-3712463320761435433
1466914512635726815
4525461246791285140
-63701007252794793
4372917278851035151
-865086997246927894
-6863049998366607857
5127783751935968367
2955840682895562160
-7822028866381842405
958399064388422303
1743509713764441201
-1723796094919677321
-4838685274514701542
9151523802638104524
6336151436380623790
-2195153327696756100
-5312854145234865398
2541987145185437131
-8874361451768574916
6063791738207807573
6105928143824833932
4224763381047003907
-3446646078080953916
6965909990227365455
8580206681643540299
-4354558952026800012
-3068327506180921060
-2080426727175596684
4484522874478372792
2322215567195244107
510708827169020277
6281305253114055462
3888423339421078897
-2929796096633829869
5897078336166438642
3234836424223865273
6052320982595471791
-152946667366266813
5836873769927583771
-5208220932575249466
7530165153060103546
6554861843778214226
4668017647798343844
536509256595891565
4453361698532993716
-6024628153364546494
-1561059084057284766
-2515083556619659110
-6376916748782114948
-5694678099629435907
-3673840660741576053
-632628729883101541
5145446035374844322
8658306413819826318
-3222417646243702124
2625333893069340596
-8085638659016674488
-7421274717588967487
-5448028363792923639
-2640334029325901036
-6448478212474536570
-8474197221669619737
2424653846582035921
-4592089809870713168
-4535682048694255415
-6566581739136060991
-8557598851662653594
-411169446355993806
-2022036993238044404
-4549097151817308833
7136031634005107993
4238704977308396177
-3229686912591691654
7525930330121057675
-4373288759845907846
-168546478885309622
-8894960511109591494
-1785489282968255005
4268524125161710676
6350685912572909414
-8951274165220226050
2763110791029312248
-2303972584403912548
3551906324071040711
2672390418052797884
6891420400763830721
-715633931343278605
7351315330468819223
-7238156625424074424
-7137429266520999269
8035767093058859157
1551281810714755769
-1567134337768754159
8972868612195249277
1902992116320348539
-4553091649994858537
-6340598026273957319
-4946962092697317058
-4253410053443760371
8189662895858690990
4469020652594215653
6917099873915664317
7632021978323243189
-8244033064467099639
6707306848701986402
-5889347215751740185
-3002978042212067973
4853752269712234842
7936739889229406707
-1205648187866611949
4872212387647443480
7323202388316862042
-8251905595499399132
-4728597368329498360
-1244009237225185585
-2615225496036986553
-815700094213239893
618717899109182059
-394050018830768129
7872013126357349686
5619326458766857631
-5093845768126616432
1221479997567082044
-1515013206545482586
-1583209992588005336
3649825797607713073
6966442925922652985
7376888617052854688
-8333483371842000517
-7618069240887057253
4095471195369804025
-2696762953384825952
-3708450596784510028
-4641642002600826458
6419008489568239946
-2993210677004878770
2217964293400292570
-5446526719407645304
1673603177473438213
8863782537536765035
-5720427276209460083
-4924064916134854994
-8814944746358832374
-8166309982526892217
-6036520873577352261
5487429721107297486
8018239638426987897
-680151175092607589
2766339728395766972
-57981688900285976
7239638017577932493
-3951602279536864110
-5033965358030748583
-8854755190463619
-7131499964452238490
1848368062989247784
2289104254402923401
4985051182607239411
6846249755348061097
5252400793571973381
1732424207192013560
1448533955933892103
-7926412584869910912
8675071713256765200
6123730854326317401
3836122389987517236
8088968501747463492
-8788725509201397173
-1430727141678188598
-4745520403122493759
844293980357944017
-3811506152306185620
-1042365588086440194
-8338504418000785637
-5846111491434876982
8287697718480343491
-1665392917619039843
7315199105930280313
1599487123361945659
4197455201450887876
-8831140159458115879
5077864343901337653
6482187082201988038
-6481894140396191688
254291934631020579
-7527791114176345489
5772571662893080815
-623971130207405707
-8888738214105979839
4870667664835987449
5254704871686814953
-1739466306265973752
6018668051490157182
5811227986429043218
5005523675305071625
2912152634723928709
-5194664262569605368
5601027816714300456
58516364203066169
7752040549607511481
1202498838744768748
1096522983308907440
-812094306182910185
-8414798336544737649
8026759885046251908
8288870989859993835
7260229410162733986
-3617874627063581590
1922482261604450993
-9021425617065370350
-7520909029479062061
-5137731382836506659
423744115688683232
5202383300138773211
7279650463118142555
3291484705004634178
8089370126875580451
2009685683876650226
-9046226752043240530
8947581122698830043
950556433015085849
223231367682122725
6681345855949250464
-6869427431552171370
6419432335307001786
-462047345083227912
-12507032399915308
5672091600104418020
-8029450071111000061
-7210047330644410012
-9087303005149137693
662836318524678625
8629296950283610402
3009240527515691169
-1650469967082144309
4970631893028083219
-6312073741363248857
2364293656424861497
-9075168910171936185
7325110957274139098
132698115347555219
3084011725564569769
7913924687468649599
Matrix_3 shares[1]:
-2122578634962359814
7158723579546870196
3405178624920594269
2023042838783842301
-4759350580002389504
7470444568016787407
6817155526090750911
4539654756293856825
-1997075289983954549
71437219154589025
-1330992930556949012
693628829210341666
6529174729269928490
8813504577231360463
-9138494443844030243
5110526786736858504
7596356810330711535
-3713172472728781540
7110213313611946032
5321708322021261717
4556472867806804842
8069526809021991167
5236724718519091650
9049560772848440704
-2835387279230889895
-2311634124713359831
-4154113457525674291
3309133921653091274
4536058203263306102
3613765781887406399
1713079409582859426
-1941196007554686840
4280985429737861201
4884981860825933857
-1746679777236075796
-2059784415429167146
-3208498169312659021
342540740558019411
-488208926491073068
-1230724749747903940
6554864052439004548
113719767018022316
-6742879814288487451
1480987957258935401
-3144933714658321742
1145217496438592777
-2080614773862397132
-3241396217551553044
-4185391596251227461
-405510549762530369
-2483381861874631794
8645026611531410397
1658562340893966152
-5837766530309534381
-8074749563517990559
-9195507861605726770
2588293858670758706
-7404614040965160169
-5870396423002395596
6346900847451718319
-5848177858501598876
2334210198969626704
270641092315335636
3978464535365841684
6139628101168050840
-536469135800432113
6726239357631078476
-938812956229809519
7756177937691403181
-1053489926901636997
8101985408942989710
-7147449713137019870
8677088109498918184
-6016378480011686442
-8728842730739397780
267542439074913901
-7994128485421943011
1801956389121067897
7286757082648889890
-8247019592377085132
8785608382586825427
6213902119696873474
8581615211498778576
-1859926447411666140
4386688486311239100
-5907101532453101083
-2029744459884704147
-644002725882013745
-1765225798634124394
5911091715159989667
3670868284661563854
2455274300479118198
-7790460653046756471
-8264018417579601424
-5203832460266338857
-7562480605135285560
-5622548292125987821
-3144699138149382050
39754638278336250
-153816571198737189
-8509926617775997105
6113130609735028666
-8173781736712441509
-8993048973533530286
4805952330516474893
-3472799113804749883
5785675759551107346
5986695104577924412
385168066576044801
6982879244547999344
8946288691623678663
-324948040864954002
-2531280249500733637
3050062145848716574
6462707896493851311
-6060340088596985433
-8993045180744998704
-1257298758892420933
-7075957010148528636
7325713782628514066
-3796696370375365020
4250232876017271348
5237903358701352561
3471760717846202646
1703465594284960737
6816578770117174258
2963049458801495650
2344552940691662549
-5747066351547013775
8403416003032761182
-5146201707743300269
-2796668934892143411
-6872570105282750814
1327138728198275948
7462603623208296749
8262329008113262922
5908422354219080294
-9112984350600004804
-4397821606834667027
-1671099249544114857
2742256080042965526
-9117190538009520460
-7137593722846063458
-644679982711270652
8931613485585807154
273374806131864790
-6422068384283029215
-4712707670991124291
1303882574924143096
5590243727078005869
8703963564323379739
2597512721312208735
1658900749343837875
6278553042329671934
6826908194910813223
161302873884857623
256724635733133505
-8208792000953182941
-3470589759209466485
-3022674377221689396
7685657292194086045
-8442982648674240680
1921640533665117989
213402327675717311
-6021856726804154636
-8370926763099954457
3482720082718466525
-6196734086115805335
-1479368909053363769
7517779417981016871
7402974656210464509
5136987815339745212
3529629921468279977
2500045917234305537
1265438009953316771
-23565123917069003
5378533487483112726
-3369148798466669183
-7970469443543082891
3093523860700305644
-337115794390762901
-5076207361836301866
3473976788584331226
7268405997205522905
6977819301449502465
4612340900659112635
-783888304205480423
81414825668105168
-5372350160946622450
742935501623468452
7879650779298499024
-7037000392225222754
9122551996622790357
-1111417182729061912
-3401967794083790158
3574221062402340459
282804972833373602
392933573498149983
4175898508539864258
-851677854515674746
-5664037491729809051
5145918399255016099
-4856038952284495951
7220272004448663125
-5991784376256592704
-6996058381570234349
-629549342231331212
-1150884381794388857
8229107563103544920
2430219296330243438
2417115936585237094
-3054519193627345443
-6403249354552327901
6084567811501456306
-3369380117352439856
-9007280018722762690
-2864888856246695247
6186016197787627471
6003001554951964501
-3191861778267499363
2988203376600132561
-6043592431864683031
5072723948588674272
-4877776887532712743
1788025105333786515
34025515819999944
-5316515887070243876
-4778884778444609383
5299990726725810637
-2364009645830614053
-5358412102746679458
-7803652460572574277
-8888025318474630901
3369653361639279934
8449718864300276731
-3164616726202300852
3536284848809007158
1407218684204771586
598288304000526892
3432098811340803647
-5025311075055805516
-987537806886193800
8691402595531681137
-1446383192253976003
-5429088083896534039
-8936345278307032653
5053173862238136829
7649715257509279760
-2574513504774149995
4976962457691408827
5690001517481979216
4663163298968018473
-6580209745743415650
7575748931170164599
-5777827522035873287
1207744725203453714
-4028590028682737740
8070556364391872691
5889852468350713147
-8842420074566615271
2579239486125993228
-5431931065419599505
1725545427980407280
-8733171665307863573
-6794128673928721956
5246546510284051800
-6662355078056771524
-7187741842800818245
4920272739817059574
6585717815074022243
-738119038381141263
-649058315372963771
6128493241429888140
4657702469901966523
-2090671661247790214
-3398617771243916587
6345100020003479497
-5375106005181452419
-7890426986569247980
3318586892426445381
-4875095000827358395
-5246291229810431057
3683960926439037702
2942768242844740301
3901876838079264377
-8022328458421771553
5471269662795047986
-6166167582799875269
-4896341939379793075
-5900681166427281683
-8510303586795554014
-6741769893453082912
367103667442995871
-6858705941411199583
-3432288805721945157
-6724453448547125843
-2488610668345652961
-4648248840155526701
1237242703481421026
-3756151138775710444
-2218520631749246934
-5157002215973615513
1767791961339520378
4628748672388340544
-199148812378440998
5940132987411352828
5047574336049472735
3252831289705633020
9070846833360999930
-5476596101040697400
7823616619376926615
-1522904430045206393
-7518426310321060587
-1449880856042360791
-6303472526899644923
4529422602716985701
-359378653249779620
-2343063583567705507
6912371179798294237
2258835389610422406
-6428218665880074027
3703075866669680513
-2653678343500216169
-8911115851641999044
7317364627572458563
-8600404252748403480
5915921871986600750
-5212713294113462170
-504767879240468784
-2349891887860824531
3534087300427513502
3847659645016243724
5466995415945898527
-30292972118971852
2942922388253442581
-497543335737345704
-4038999307329027360
-1434391420908585751
-114450081951478236
-3148231751513716557
7362984307028949968
-3597567823723907292
-4716773028089407244
-6934046240499465843
2374766341470422076
-8428659017369551805
-1180387103357893254
8689802420282865174
752442993074332356
-7962545701924971094
-5085208444979227020
3646671772574565174
-4276885913998197340
4014687251839822346
-7579285523795907787
1312150343824390443
-2027842230871041446
-5468750154000138800
5661678772361671890
7292337574563680382
-7738292209765615962
3005517569873691338
-5745531462004832421
-4457719832466040406
3466510131676846674
-2823258581773516392
-7042601269195562158
1777111879788125373
7334915506637832285
-7734964876520635629
6780953900905777254
-5758068538269630267
4463871240175182033
3313415461848939726
-3985149494120263699
3995371407895579897
-781209986042673338
-5080648107053823359
-5287983278685575712
-8920233056070477670
-826774315412122144
7564348248310720632
-1887930917230209956
5215272446553984640
-2607084710239783931
-3145318925001492042
3851742731847377989
6925387621545329104
4783595775912437352
6603880682887776593
-4922238287687180658
8183375755560738277
-3860163284943428545
-3960154491423418183
-1128458472356529085
3070192118719871838
-3774095617480541107
6573354702024053343
4348162345739812178
1703593885935131823
-3253393102604009492
-1945751271535621673
-3986755925738323969
-6986381475727509884
-588227097119398435
2067605958728306714
-6887314407730570558
-5810341072583754705
-2801995873942206946
52288214592489831
-3540579056306521513
3747821832573703820
8709406344082195541
-1653785236494649874
645497625171774917
-1911207680277233132
1800345881442898018
-8034211745788144862
5554470186943301625
4065680028606612497
-8146882745942752476
8583671714053427923
2515511426950815753
-4384694625308593023
-1609897942959647526
4941370474032526807
7996095829679143186
-890941709650254592
8583142300667761901
3940888321250120092
-4735044204330205018
9185427198638116441
4090376884506074702
-4739543646279752855
-2837087279827323645
964593058075430346
1250575529736497149
338636061281946351
3341673010236344277
-1414375389196433255
781773004818173335
431396394616368820
2164923003686208401
-8587322659432923622
6344552022077971502
7749389503617177919
2033648209181930006
8905202353420632427
3572690108596524410
-4527303403313443626
8974345034133509946
-9103183074887747338
-1796261238420360143
-7302000970295623284
7864918504869745371
-2886734032364304558
2463438644659446523
828447229770005049
6758339854685960101
-4933537855486671095
-8706918604003448656
577358770975736712
-2602711735864697999
9135814974486069906
-8926013156178579806
-5419664107646311574
-6667112296533173687
-489275654187159873
-6021260185745350479
-3457608078671337065
-3131708792829705673
5787958205266888674
-867122320703092981
-7185029546964834655
-6067345005103301453
5620381527016324854
3613122336936353169
-5195999774415492633
545780158924038945
-7114742474901218980
453306795654771496
4332757707330830830
-605338064044258385
-3685760441441609490
-6708601299070915274
-214513693111205112
5919146894155055272
9075752733735537395
3172831595367699933
-4341602533612695985
-5079542838104081045
5331910317455546800
-2049636717982652949
7673824494628834093
9207157641336173163
6892154867992823795
-1815035830393263452
5721388347998841717
-2768691650270724801
-8068969688411522999
-2947573030580870824
8677245496457113501
-4969096446593983721
-6997204320865458560
-403849413672907752
-1969774931827413377
-8765189830566387127
-7522913397167359687
4743194497771129074
2250901925706592674
-7873513816240415105
203145426319776413
-7357858943726450602
-2606746812640426351
1618675628013934625
741615951327423896
-1251880182675344960
5836822313782053974
-7166250981841640659
-7532546150968160615
3812583333659774339
-3356019291538060426
-9015989465736746507
-8239924167328563449
3019660569726771415
-3801621864409301501
-2285073299892287018
-8040669077799261432
1796317644175550051
5750950397361753243
-5680636441187274001
-7970522178632930434
-785230756586479212
-7793769885325176204
-7919788795104212887
31911292691514929
716350234222978578
-2729979919228010125
-4439507228405615266
1854898000894325173
2160835276615119883
-1017501358603839750
-6259630641723621361
-6307699838848723575
24534482465155969
-9147549403004537430
7253793377395429272
3796862090983973181
-6231810102024419665
3694363723079900054
7317535475491196408
7456059185095212195
5408992175532407045
-4959796764271155032
-6527319816581677784
-7095111844637228726
-4298060760865235240
4135705695202632712
2268236446080846304
-500542912875716473
-1950623552423571568
-8105075257737788362
2022275614475017563
919751963877982270
4200235798252984184
1818905751758905258
2753438888178703740
2323536060823945564
-723134710456003708
-3991167231450730733
3035574663884782598
6590384971874388394
4091917804370275604
-7958633366581702508
5518407601864454039
-204721163504391897
3330780259207355212
-2352594912719014283
6229673581988343489
-63611314333320473
513657073987448320
-7706846372777218476
-1917827673509972499
-5458770488978672591
6618079571436541967
877149515572058165
-8497823512362771955
-2413402227818748246
-653261260324965786
-181300359481586420
1301637132846689657
-1765235549698143009
-1067313044732334730
-3525675578519438598
-4931901310391324321
-2622931137845424138
-3143806620191137293
7250876582271623299
6852212098834795064
7057232308258662607
3281363692856317726
-5665693398077856309
-4216596502701577629
-8813132955378309167
-5075744970332311894
-3029248030396859740
-118321460754088343
3576228923526717167
-9026607896108081476
8343161698183568462
4357644364206822549
-7784176388971524437
1796753378447520754
5793347606840938753
5833245342989275691
6520302878885775806
5537991451923358815
-3243808272429252130
5727861244162433332
2041939033448135319
8099894321093090236
5809677008118443326
8082804597538459600
-7430951941869177202
-128701543657892552
7953034171619448413
-6956901769371900498
662113763919772194
-1449192543054162507
5001920439016437850
8404092029250736234
-4332064967261217577
75573587758695837
7188715300727541626
-1842938781742241375
2479794552837277929
-8470843768859681854
-5162685023629168641
2127172521164039951
-926374781293069189
-4611817686912711937
-1494665164124574536
-2930397183046516520
-5215862459541010920
8370952997503305393
-1263874307997276559
8942218218369490019
-6790951850238665320
-9218802631022564302
-2967877501399663000
109515521404682096
-943854095376902045
8213314919126963593
6072647330482344405
-8780821878166666460
8298347668207761866
-7464062468962144232
-5958505898743299996
8122023404101464954
-9061224662815751006
4872323453509318020
5223835736067276564
-1729948994923650149
455879529920622840
7248046292718061558
4342118975378578047
5706081053474308007
2642618101824144019
6037023258081867758
-6218683616113133802
-352860682823918686
-8132356451941777468
-4461055131993547007
-9151926932737975307
-2249852039651429046
5124742658438624666
5988194551416321269
8505241693111861939
-7257855074772432097
-7713016251472806874
6173361932977867569
6831224258094090970
5902863811985373009
4109359123164902181
3799452093343312932
-5110032770914522127
3713119696455110472
-7723248578620199815
-10620379036503533
-2959463640413292306
3973166329254985069
450613763186199274
1945461147460908605
7537799171470495134
-705210394572425492
6598352375167404651
-1591265271930007782
-5478063914537571820
481719214001877643
581670786330613114
7976265518238770573
-5072110947440949962
-59010460824234150
-3503424303516337008
-4001188483237959607
1924138641249315329
969706011696742320
-2346765617318456083
804317562574810101
-8343943738996465333
1199720741883002567
-6246199768665277849
-1120700239668985232
716686363751100458
-4934212240387627345
-5762506453369320760
-809445469268184424
3680417319786544009
-1783304924708965435
-4000592513306349329
9077175197823094142
7679337909247139973
8968263465288743786
-5164571901062437609
8541357887842749831
2552925063475325937
-2445114535149947634
50270076030569755
8471365197535788263
8006555418893509838
-3242134367587024827
-6167438953049489533
-7804914360436009489
5694151835952020533
4812137103941504681
177179745337089749
6837277092702890589
-2436949132481876872
7263202706156948020
1835816661649832978
-8124067398235319515
9061665182250100277
1084331168144118439
5997607437982862396
-355546263329498703
986486602661633257
-3843825155734498829
-915001269612943396
2553535974107251055
-8681079731515365176
178705751191279910
3418154383292798590
-8989356066932286282
9071444201335382901
8047044655400698345
4856252821995961797
8171267798435635659
-5376458340939950021
-1794836185824161897
7761902400746603401
6291315174025024220
-812310445128776101
3378367962518425073
7133799232827984037
2667714442401170118
19850097904084500
6021161866094031300
-6321514457679272292
-337709034710153435
3864291127443386912
-261708887303870245
-1807870401241282727
645285811048261586
4445327513173446999
-5133084551913682137
7096060100717434135
-5147148452036374995
7770834700649669728
-7358951398085430818
4195434122471843180
6313184037512326611
-5174803427802475875
1345107634618398964
26648269317956651
-7195605891522319111
6802547754455269323
4295230380610132574
-9092349521787415735
-6035796983311743053
-4749041992794349581
318423161589067668
6613632834464744731
-1699694405268018672
-7284979164994012923
7584772274220624482
-6358530539352008543
785348058324367109
-628151693429594706
-1089491804966344899
-3616778722789101614
-4809420284748713748
8636232517872519950
8127609190374338300
-7933007197915768690
-4535340379904875014
8504352945482066424
-5777054671614514150
5000207736347893467
4899832175372292361
-6698997670292857055
7185993713078894809
4661758560122248660
5574348902328919516
-9185225779890473240
8361966042410009737
8264591279408851522
3404549547353574488
8517360113926518971
2210076644157032329
5198176829783450617
6603363844401615693
6646064575010975920
-2604134692018738980
-5011780513966473417
-1757685746382654739
-2989029322880042733
-6655157540686918652
-4189361789783232745
-2988570053325728991
4334812448822135624
-2447163864561357883
4281306855428142735
-9181607490685506297
-6501416864538078120
-7314593393042870314
4538240705138747975
-9107675376943955520
917022948867730476
1916303290372396940
6075578519684747780
264963190857949178
597832836692997109
-2787600339376024625
-4012328280841804688
-1099511621350947032
-2912346602467101775
-5334659920128293632
-8362911079695991568
546831878500855640
-7538285247706089372
-2830209446740986901
6205793098107592075
-5264109428186175798
-5167494220496720053
-3137708614752730875
-30205975171351890
-6676586114259265860
-5611688506936831166
221011396815779637
4678031473778640454
4136473261792463194
5762253499042602413
451766654722308478
-3365239391340242877
6508446287896340605
7044997647189497028
-1200213063657700544
-3439294840638892994
-6393366316673942061
-8954123763889741065
3512109897462555942
-5413777110246223713
5569151089750745647
-4862629861694420625
-1453401445025654179
-1860925302375758162
-6477024685431792631
-4022772767731120204
188275251067790130
-3563299616800143049
-8186714094941559334
6073561234890398623
3423096008969566922
-5155043609063460075
-4838395147336169916
6788298000428958204
9080406860651063687
-3541949198846997436
255533395986003400
-6995366800074586796
166996347043805772
5860032325483319789
4549784922702027076
8546550343786601907
4734377007826853399
-1717467928611538320
-6420730164728614851
-3494257161953178068
-8103677924998834386
-6420154966777338563
-3595229753031467776
1755247661792306411
1440983114654605935
-5509208350986002865
5248070493558707442
4578091398235825245
8510047375386774801
5557866345794977399
-5166119856178585895
-6765731406546003946
6991111712615225556
-8936307466976973299
8030229382276764313
6571896289665188537
2210105870184231183
6118544198431049608
7836403239737862872
8266351390486484972
5876888657805422264
993500042377547138
-582304513385164958
9030982716832531548
8262883093775800565
-1456345238597627192
8002850084241439984
7762704383882060564
-2507959950040662838
-2622933499722666952
833967085339562102
-6273579975529791505
5239416799673337350
-3918361409336781561
-3651884131277513406
3950808942897523168
3776689133923902739
5259301969135916196
-8379416409770654381
-3326692836786674141
8231966725649370564
-4293905737375886556
-7917520529944619662
2483140573170816713
1094310168002539488
2702215494031925146
5846010681161580229
-4851828687281865721
-841934077586578430
6018388116837951529
-150644314665935911
8078309320554844320
-6810689856712577401
-3571841299264148223
6304906838492141804
886636609318738037
3162462435007401805
-3551041378868379389
1246520874419951333
-1744177402686477911
-2344903590869078605
-4171831886051735196
-5544842372184272986
-1973341753081585366
5637036272771328948
-4255968202463653498
1837797057912481014
2498771975435521357
-8120800452783068620
3548693116087987564
3437028512837568548
-7617058514955668620
8478787527235437961
-4290976152146618953
9091407954602673110
490268520698830674
3193228080058248917
-4943950414777259629
-4593305835797856859
-8688127526708147263
4547407104850898563
3417277066101970793
1945323958321937451
-6878696879187375881
2344797681908789051
-733169966870064710
7006114719388271063
-5321574660275105997
-9132089835682520607
-4181808616537927636
7940538964020371630
-8676931264595235491
-1441478523853325259
-907370951215101324
-4938259523004488149
2319704626845175101
6689085198452600856
7052915493332896311
2237455220815801909
7955892708248400726
664612725370937751
1447283190287570453
-8277551971145185001
879868899197965126
3165765744468583078
-2906071454449580835
2400346282059684841
-6598281579561780542
-1181596405982481108
-5700514879544189187
7778702544294344777
4067151523063741928
8749290602113996505
4280182532496099047
3960084114872012513
-1654528116612606655
6645489492055966472
-6092524755183415320
-7910260348394830524
-8516521136813787167
-8289497076998369239
3738443024475609089
1751247253974699380
1062131769342179489
4283856968387065521
4518040759026378207
6043826488729140924
-8751950704901859035
7654539276604033883
2672960919624929515
5070013774975370031
8857285190664404876
-6143680136496032883
-624196996542272731
2751959610500379592
-907725432828442575
-6971711023363559424
-99816514966061822
4340298326643176525
-3846277467197118027
-4425373081318588838
-859743880797319595
2866265997280559074
6260935945765308772
6947687013218330143
8500414535738296733
-7465975584811215488
-1375400416136977558
-7130001992779990594
-9210727931521447218
-6727460267935450648
-4318194364912466192
3038018866959922861
3022838006779352535
-9054002003578132512
-3184111262861062916
-1322029863127848605
-5313154376668914038
-2681668057431977975
-7070573505430815456
4789194182682606901
7530826186581862840
3732269214819282700
3734994825970321054
-7081851348783800077
-374374036316115370
8538745268447355730
-268754237152243715
-6325587861848163845
-6710335890703887555
8906566441531416449
4251762360233136654
1347258506187280422
-4741714577487813318
7069252647132430089
-7045049824282448579
4794040597725596306
-8923518915823311373
-2068014815094260166
-5452092806993676529
2916480300241639679
-3763453130817257938
-1518867993152759408
-6773545099470757928
-9174972013577364721
5744448883744693300
-5804148022195103011
8930861011101613818
6907024885143737099
1934437493159239571
-7025394001089218916
-3156325150659712525
-2418035641567501008
4822270857441000177
7787157599777910995
-6796579878134996437
6553824279797236198
-4047808085687577135
5320985750700982471
-6685485253512106939
3990953543862600156
3518923816299119992
-2103597600446626755
235309592005837555
3836639676304677423
1794883433770349545
6336497954135640062
-5222750521390749105
-4346558651155822497
-7573865852060037049
-3294413247865256714
7395088124827764782
9219830653407380964
-6012242316738463990
-8143237894381250864
-4802771896083195111
8276658395410716388
-6578862617758359048
-4977980491573921608
-7780218186845545975
849492910167165561
9107123962731916538
-7033888294472292262
-7071797430609106510
-3061742027371789699
7532570695964935868
7384422675810541359
2105037932906850084
-8021085672928154115
-3914837368524081566
-1516692558194513352
7991281493953799348
5042129472587853169
8476374208871496696
8838373993028103504
-7087235919594671106
-174282426644249908
-7951350142831703234
7544932821269698153
-9131410854531839690
4951602938223806722
-1207718182365184454
2658641571007644343
-4075339244449787380
-2989071021405861517
3306550957801364548
379760450546399134
2168493941831635947
8483577687564136098
4172735766510835733
-3482268685453397051
-7229796183250983136
-4906892195248910420
-2672450166362213001
8868309404375600948
-8528411005473935273
-4799159466396007470
-2496576379394219812
5444432403182276607
7648590512016713189
3210890243301943759
6899429343029354735
-6337313529502238340
-5920395214095284627
-1772174977437728133
-388258263010956350
-7716002461067870636
6516764416769774823
9194299551037844147
2838410040351850214
-2841511959631814878
-8258842942284121032
4728216719214588559
-3779511864179770495
-3299728062009900467
-7099328400117924287
2934971952871278034
-749492555651591482
3462776987514704760
-3964655031177807912
3970138937515098680
5147279340535298612
-6559229021195989538
5387521470961263054
3511882908196017123
-8086404413085722373
-3547056614102553742
-6186452676271064187
-8038138969033260588
7243812430653974441
-8110211272855594334
-3886267843601858172
-4838003836909718753
-8469936400509873728
-6131734542747893726
-4648527602905829821
1322450412037134153
-6866239781506851514
1756224593422654756
-4528872140997988412
-7206756716062575931
5670241054051007327
1704310979885788388
2055120194767488630
8901860697355159528
-1957649144757196507
-3120652129433792892
1007005481603905722
-7695223631338513976
-4510878769566744282
3303099148017621070
-356094912442827542
-8601423047706145459
-6497427457230566215
6950993484748070434
1508866338478473264
2918824237745890905
-7453378495917646460
-329304514587390360
-8709655424961757937
-2023565060088024658
-2138007698514041884
-8303324582849430167
1178134519259050915
5512712596172722031
7740936688676592299
8309368454549498803
-6548174784221811377
8659412955066205562
1110274532152474375
-5300972267489519425
-5791364018565367222
6147995838346233980
415388781281904661
-4489831729162953557
-3750015082412310150
-545261975834505183
-7236848742441484095
-1034506285870979249
-7990290460310907128
-3281572588224133650
-6912442068717398722
-6169036501326654128
8096560099349120022
-3197773697707557190
5515247659520543124
3944149098948286199
-4393260563340515257
-7149177291519977888
7912412781642555680
8462208443179511628
9128256716691843572
666254168252058725
-8624965894179467081
-1907495352143389623
-1662332097592599922
6161002097729372876
-5595552231156249182
-8143610281641689391
-6643775741872030123
-4956588858135073503
3061506993729701608
287357810580474384
-1699735220018851854
-2280394116114134117
6519298050615035333
9170723155397322635
-8904754236223208951
-1756886599733841689
-1476649993811032888
3705382275324333192
8196913527260327456
-7885359535907760503
-5334901904859266072
6369749333224925285
-9004474409106167771
2261444374975793516
-6600977708495471587
-1022509637181712989
8741082643340930950
-6814726014706890556
-2999518565877859460
-911195570880026219
3474578943295079437
4927419549097444986
2685791561288139748
3186908781360076212
-450438536337197423
7528440794510183111
-8631115548244773760
-2569411765986418212
-515671135276644336
-3947506376876673621
882698613059855878
3833054158088342515
-3329051919740706381
-4449114153530471357
7229257055843789238
3850900282839146497
-5430986781973040385
7874268892178926822
-5045060751694854167
8456562135892506436
1810212879971658185
-449245945689839524
-456946281114543737
3879479524676238573
-5805209037577258800
-3128438349629424625
Matrix_4 shares[0]:
-3847286944956194697
5458726185335685023
-6759892124500628428
8602599458274510163
4170356879665408908
2537016686299650108
-1915136734173081730
-6444401742014511297
2300998940050578255
7419032036483348199
331035253742437135
-9121749238403833923
790152144921224095
-9201997625631738711
-7096194107617455163
6898521987912430127
-2069590426187598272
-8096068980611528270
-4679393566320266615
-3946294981354342830
-4694991877041588738
2074060119594358837
-4235737825913468149
-5714240514135719023
-6671262666805818514
-4409946205715296829
-5495980862113316127
-9122812969947133741
5041803526140118831
5964896150916416421
-8377690087060456863
-1356007610557215963
9186412880598607064
4874589122130510293
-6816158916867302657
395292869028456068
-7929075932992003291
7903393782022088267
-4955992040152574113
-4937277375847497160
8880299905668355488
-2694138599947088689
2241779210581487808
-6435840238962989825
5025981986910960478
-2178287208662833766
-2315311531841903
8836589358549113640
477060887784615846
-2872366652515252978
-2755617508975901026
-3567888647294359477
214715282683842532
-3087971497739130280
5051728251137419281
5935047358282116416
4430325360542451496
-1871931676817756038
6510612308159839076
3548327295015224577
-3906584915052832870
6843440346156813572
-5703151809394949239
2667820446279580631
-4642351326069500728
-6142652598790938008
6577412115499814282
8012182070854369220
8454720727577753701
1153372753118312548
-7062599673053353820
-7757318754031652068
1785246399087169537
-2018453879688102642
105252330190772875
-2305073636126493455
-5659328751968777341
-675258613593763531
-2482884948761721717
-2192602428306574210
-2010656217661968209
-2787589738974501647
-397740377090995554
-4089125114108508152
649318409739312149
8934269167996634023
5962484239868997400
161473475496419914
-6074697584024710546
-5656535541783068884
-8628493608724770182
-3939612292408432305
7384302699833446980
5236307264574548745
-8800682007874615868
-277656796262292087
270958490820920417
-6138851652504284814
-5776664406692710151
-7388150318528490967
-6582649956406872733
-5642431584579795800
4947220550935684257
-5129990512283234317
2014700365649993459
-364916585201553924
1480838594024033048
-3042862377633554724
2914497420744582372
-3528078229376794616
-595839988052717842
3702343540635479644
-8490305098252209256
8581466860898938741
-3964217641739421344
-8301270601544191506
4475022719718369317
-2705144974735605188
-6673827133076691691
-1159568645259233407
-2360230281969334259
256143308446045478
-5153059187527447463
-8813812784533135080
8420738232744967683
-2714977143278639607
-3930382396099775525
452923622317217427
-8440305961957243234
-5848094446647356616
-1228777106578346040
4062333210612770971
732966701523953261
2394021950904424617
-7771232751718852029
629304773790568400
-1911982980199706678
6416445727434701079
6919328912326382942
-3912291510007574731
-761877132612449654
6410879649255449564
2764471477865545257
6532329255528296162
-1146407858191980103
-8480829209609366312
-2516438560524889991
-2122207478793707969
8825572614044124912
-3372986146720043358
-1064469545998296620
-3607605262575474564
-6389983917573616715
-5593817211553368590
4648375499988255771
-1931542921176190831
-3299630799914786621
-2341034194982963902
4835155170880144021
-5409753294763375168
-893101597591232484
7041281064256785472
6850366828701411646
-9216420856794970256
752314224809827345
5957350616724275970
-4127925466377105311
4890071749312426708
-3320416135883542478
8010652790935441425
6034091664751337351
-7661570320814403819
-3225975993234264531
-3569006422252946479
-9010526496824085877
928676377988175710
637096915595778808
-2620883423213166649
155551425838871243
-7572063405900320108
2468010870011847710
7322054551984366999
4083367818646836518
7863904988330980890
-5888973130450113206
7287622743175584261
-1881620617526937179
-8401374031838811957
7025370009339572623
-4794761681276246
1909128410402366496
-331713368863036228
7725896296366946858
1730006108760907999
-3459261252976275784
-3058689176622316860
1596930578184295867
8920769736521253373
1837249141180917557
5956086830365014774
5630305586823533230
-7755453010345776267
-8038917468046263899
3372180614382345132
4711738117884075775
-5579095346080570036
-784815244566284666
-9166071111318262552
-103731564451226755
4732516674827255075
257124889498659097
5672449133997910343
-8970879445142110265
-3136129890996049698
3869459689766743099
7798791694977762713
-4643337393328221871
2036296057170876825
-7273689668104285093
-3316259500667605253
4677684297661569183
-2467843480179321400
5883893520946511883
4475908337491146720
-4773911696709435997
8795591532122554364
-519686551439998819
1638083905104487493
621795933492563845
-1262693860411495103
2668297440904886442
-4031092645467659696
-6200544205308157134
3101147961394567717
4776463185256129228
-3280786323502555169
-5533290899019524152
5121464752481437242
814111592411998956
8309176655026684489
-3413620368373600209
-8984763233397035434
7125620648447783183
-1927395179006336977
5997972028629873733
-5928581589259366760
2292150491857672073
-8587293741766196181
-1797973714698325909
8355081157574724322
7994873803619977850
3596234517887439637
-7034956351463721835
-7991960551538798053
-1755786340818329684
7877042528822100934
-8189848865179429769
-2691654454824181279
9143546277687702636
5821626347280494046
-7758160434814789926
4372285437862027684
6691596436235799890
2511054450791701178
2590708915944105513
-5594986724865471496
-5407124475800507313
-3827855548727222987
-4905832109526365427
2520376377836506466
-8063399509374482685
325612092906585791
2504868006864474778
1244433651715921370
-3116442024539761254
-813543372189491068
7184173403444662684
-5090118896360197199
-8963945084792727655
-3365794715569958542
5186904858545750673
1532669534540417941
-5248100901983448874
-6630063665545739864
-2633608844440924179
-8303711649635742348
-2801232589116033572
-3837378571843553869
2968390450468919993
4635116999811862579
-7347053609249071320
6935134041975111939
2695450202666832103
-3077773791269180076
7780739407939228186
-5987767087629204485
-1132645212666768949
-7051199618019045281
-1263454739920154639
1494654305201951749
-5849229414971014179
-6110205817571151894
-4825423109989455820
350207795135061381
-3707730483310376031
4310740438732975223
-1884021586374991633
3508441712886200023
1157776422225197612
-7332478626806780889
-2747881261326843073
504848898167848497
-1198720577500451991
-8156879786717842341
-5646478098337782254
7896857758263207597
-985363528497629896
2353249599326194880
197704432263018250
5801890289145807855
7860026849214571533
-8409662798762361163
-3764818891357816877
-7179552470672330037
-5017203107692328244
-5105124681188175876
-7868643637051284653
-5526538519413729383
762684575632296693
-3191198136697059836
7175526210048156713
7394753315759906614
-6141204268685423495
5179724697565492338
-6779759436842728072
2958019315606071344
2119135763371148741
112601469758062839
958749280100797908
8570728420769945414
7944882240211507830
6549200531151395980
-354927507502209799
3618337938730489598
-870803479652097652
-2966323273569882736
-4694040266275499480
9002444219669945841
7083775216970847380
8915625670704235228
3335566805757473808
-792991636428304644
-5747034044045456696
8567712054386689561
1639337470072061813
3550233846482946418
1488791180285407960
692833097377164500
-3785345894585028075
20564831102314365
-3198487794690841637
-3541378342370287258
-6834741015962927543
-6035169957269389625
6392061730761613429
2187989148711267691
8038932205991920232
-1687949953789011509
6701509164111962572
-1026592008584800961
-109175619076358134
-3160084558886075756
7559888689689415278
2441264090266685182
8311401862610872843
4482033041108578857
3213659179311876424
2496914448621423820
389059373049460327
6994950181493579462
-1441818387663153837
434932800451916991
-1122820059050712322
7681032821963903251
8893123373566995164
-1363047998801320948
-7058542762683337770
6386450443848089215
2072555314574623086
-6521136000654339687
9078419213458917745
3316331836526972467
-5196276859102009271
3075930584497969970
3073176225181404846
1246444938238103117
1246933956654738176
-8726520027531729992
-155187865498418087
3025527862338509237
-6530342474583576207
-1494726390287871715
2864459798004932911
5216656524408508130
5484172636823241152
-4752296416729057542
4071163391489063100
-3085148832305726659
5977826937801215577
6290418749214673614
2951013411454649504
-2297148579031910843
4419255842730586952
8760871877680554971
1072506066656161945
-7706469402099120809
2805320578753612833
-8247300365637246359
-5028083566859954435
-3433438350948885366
-878439353517748684
7893947232117891533
8669057288076277115
178197612472765244
3740648356203009250
4451310122029971451
7319976672502325152
-7197090466490252964
-8036773803234321532
2329523651359409190
6768342118974302908
-3330369665857298896
2762962032612931710
-6363665056635104639
-1039306979569762351
-4739168013995590095
-541217244547170069
914718862088323729
-8297296375838084958
-4604140053774822882
8182972691858413399
6231687200980905498
7248335229909032578
-4341049556991900889
4642599707267119656
-1219203584250977233
1817152540766587561
-8143267170758068496
4073548736844803625
2366818441483335992
2310725091116435112
-4867782275710715498
4351120476526789852
-2160580826990067223
2360781320078841161
-2001428863910826803
7283716174361906711
9117379275970745746
-5749559252851592011
-8686863456005108636
3890938802434039292
-5398297755294663204
8728774921434051452
-3848757390215892382
-3575414835377231910
-8218832540357220394
6923766382610338859
-4110542154430222263
1931140720826683372
7437744816010836087
-1117762203784470720
-670519515418535691
5896927315343750009
1132032313791338153
-1858303766832149385
5816037974498207051
2121496055243475971
-7093088064174979396
8464342915854923108
6374769288603777817
1741865884199382352
-2839928757146484058
5907895414729614581
-3789455863798438998
8637820264786861856
7878471661663936912
6030528611936537677
6844544299582165682
-1090394872077173741
1687561520050548505
652508818852923260
8429662005773897795
2390960320836995744
-6563895370937196259
1653966614430358202
4841979378310613581
1329757999404062071
-4309800653792322658
-4584913300447070304
2657418321481549211
-8429508828506478479
3861785953344756758
-8659338082402850
-5429487077119876369
-3569081986561157565
1971269197511693685
-8106333991520048359
-3072941927968853987
-2034492582632532756
7466211874239608557
-2507723913710699549
-4901756428189992927
-1454838122599296379
-7783368168358194633
7440995389895619284
1631710806579591569
225894573882708980
9187130840158797351
1647239582066989552
4310288451142789492
6543630032126192385
8657502178389895289
-2791218219890812514
4508659612928772802
6509542130653266609
6149286996479553516
-8603023564794403670
-8355636517702709537
-7239146941204064061
-6486358849956465383
-6209552133766515296
7944068338870919096
-2644672761991631219
-427978271715256983
-3745434879502827291
-6948962507345785973
6127040083678573201
-5261811897007978376
-3562928279809444294
-4299060783413420633
3923817875138877498
-2694409673220625372
56499072644078266
8456150895026375753
-1755858137827581586
7224281695037530395
-4347651374547317663
-6269708461377520406
-7534677428501646009
-8699928058340905449
2540147205782177491
6531240211746191527
7433254002327154440
2034807647429178931
5086918321956153905
-8525507386571691196
-1860502164241080748
2590917210679277593
4584091000549045070
3443955874164959048
-985702164974776575
3505999086434014566
-3870798950294009843
-7668936147561127902
-8040251350291123526
6870799583578266822
4361468562798544815
-8509067727981310592
8420014891017514715
-6063605755525233517
6973817388423501364
2044967362001547427
4913185334902923263
-5016848728724573850
-6356852606841419140
5580123436844456770
-8075102925001230221
7092463875937148156
3144003749563665861
-5112763361875889343
899464242064571794
-4877931374211557114
-7918584599545327238
1504104244739971191
-7521646492398361892
7240406614267373739
-6761443337137183867
1432780730315035982
8225453017389475250
-8878602249158734103
8076369781460223830
6799524826150698948
2011304393419629146
-4875792982191342794
-4041536703759671310
1405434547508474078
-8924714473456816681
6585156960227853382
1259915808448043864
8835518258300429400
-1808035777229883080
8149114159912971684
6695168076342983834
4153243155799785599
8481771191044413913
6375648036139058396
-3593595588115265635
9115931078075084427
818247584541875755
6095115255948431728
-2256249574848199802
-7466675539900226218
7852315061091123548
-71015243516756019
-7508079829855106575
273254524446872203
-3605493627269395704
2665063015205862940
-211262684599393709
-8409590858199948382
-4836811187558340598
-3514744403545006421
8147072583325375771
7261772577199258739
-4306595296463695543
1456684262251575894
-1104342505601299355
-1053948305171101996
-3537649324667880086
-4908304552306375633
7037727910363195571
1117528779680266420
6483086997150397303
-7894012313052054615
-8374025890139475085
6388123372731696266
-7901042767502795756
3290794976770110387
3756189332557424902
1727239330028397484
-925249605430537585
-6897781737856805058
4452457315522876655
590057087771467558
2709070735443260049
2845484396188363952
-1131142291381250525
2533617911747150431
-41730170109981452
-6840548349351001567
2253091748200010106
1277104798808847216
1932183629942188750
-3331954156252425267
-5946231219749317495
5281842173289116197
-2969978714214692988
6188282345386491255
2829585380181543334
3445367881120908948
-4883578133570556883
8306731759500361282
-3328633692001866354
7848085660821344634
8960278172659795060
-8719611931267026933
1969929668852594577
-6622404829348815457
-2968982319672673954
6587763221942526244
4838209874622174880
5947652803306864219
-3713027923489232870
-6087591802389136077
50563191888409100
6949614768083455757
7178001631725280117
-8341371172618313933
-5751653986703787554
3895941813244644779
8167581767548654367
1318495057351420463
7467211420005198326
-835122919219490456
4173058715175265850
6111151684959107785
-4194809728638092761
7291783651152584511
2588159156121173702
7500586049573914746
-5523169747000987949
-7945030048140207039
2948736070845194142
-1708546103467158430
-6628970893352112018
-6838218692178787721
2593695564896534507
7477846478086134067
-6236592378400729833
-9154204653556170766
-2823847693449817573
-2532995199216854657
4244147360082698904
6401618973624779868
-4059231088983204055
8877697016278318308
-4358670810909443640
2980723241995429422
-8705633190919226630
-8129008416645481894
-5924601193953525496
-5990609295125600461
8772625166677712352
7011195360777011818
-6960150890573033674
-6930785148300811736
-7855080886204762139
347120358662112783
6474797727015779080
-7314471175383129717
7605976130758804047
-2235530974540421999
-7464132087297095322
-8993800673960082429
6987322608191144837
-5754241798856167008
7451360854546066450
-6742681214159281287
-3242299412516548159
-4877710948233776504
5590932299078367015
4762922689480795520
473655633854627979
5831434393621524974
3801221153063741967
3160784337994805344
-6461267199724939695
-3589794584964128481
-6986905274974566124
1450002944322389729
894061442655125527
3455737532926647720
2583653747383042329
1890177951682351624
3076875596264509851
-2930345873397944640
5434134529027162055
2283225442980944112
-2937884592438082197
-868875533564041828
2368952528296824458
-5473390368044048164
-2970989274827611490
7816545823639216621
-562664752049256287
1678063888214896848
-5211943673667060845
1832632233502159550
-5875691315288012073
-2210246370532500875
-5031960008139390194
1927329783604899129
-5475976059984073744
5641609916217468921
-772971702741819794
-3418567359842245490
-7631322386131562181
-3184874332191021641
6390011187151207235
-8527161239214676663
3330368555264655113
-7454437545416443845
3913329650452256384
-534064701765689138
-1083989580818308338
997334312619756459
1162065770098484539
-5028760671755793110
6279725529288443884
-5439157461560909711
6714133948613737294
7924133487270509465
7301039889732981507
-1249726353654681173
-2302909213324572131
-8453631743567561125
-7918731245589712926
-8787586741376321981
5451763986810497543
-3523041649939123600
-2283551057690025682
7927862341709125590
-5029416160505376163
5239358319252223743
-7823927907244818928
987939950410907393
4447911023579997239
-8849488132870392416
-2391620360391966781
-2089815855102983965
7406200179311460038
1875234941387543677
-244218159628738035
8406406158301070731
1236487279564759011
-744318741572590231
9119435296740577451
-5437275391342415344
6037552123066408634
884603198509053592
-2487956790557527630
-7205981932252416
3359391792951427766
8479898359977195008
-6082958374521025121
-7267971315419016997
5749387484363430286
3072222700014463569
5646363963869405238
-6079856511284380601
8128385525956779896
-3381721463558380420
-5878101040961815372
-4018471694343570967
-1670366496577889980
5845753841770254775
941451157288680629
-5312140567153381815
396742875251832831
-8466048341808274432
-5821171652809199648
1668350975071188344
6680628439226034550
-3007025722769340941
-6238710760826291394
7960797085887653281
2434598389617022186
-3501123717160144132
4893634873060901186
-2230431191610327575
489584097618078822
-5580547780470612022
2466632941236001377
2063148938586545444
2398062210751877346
-1752169408424055602
-3108471173999962477
7800701475271713785
-404603119190827919
-6271085884700427485
2917301981891966144
5205996168215373185
2785792521986730822
4927150991589640092
2680648384321382927
-1284771328809276751
-3278529735560825333
6140017768315573720
-3755408350269752424
-3488608003197209939
-7312790798336937171
-1530323192628290979
7078436099449685950
9016055567524337193
4218542524125941480
7214914291153863601
-2227439758396902900
4827989905604903034
-3436441361261599585
2796138755676304283
7150792822472198237
1575348613068039758
2825660406618964571
-6683748366598306714
-3513336724229471428
2243153205501622989
3182358965833633887
-5267511406368066174
-7741796133033981872
5583725391315592485
3332399776196253031
4745376507837240658
5321307798902296859
803139325776757973
-2584482867550549142
3609720030263298252
3312267814774248690
-8826337311700541328
-8843011601485822051
-621158621982780920
-8015270852005344069
-3107893314483428434
2412899970362357668
2515993328146902230
-6067320051063635
-5065606672510315851
3337395105276037977
4796860054951627979
456276800105916593
6801214660515027636
-5617421033235386307
2199201537255158120
6660020871391409001
-1406198776961166458
-6287156869557488325
4001056559089690453
-7868754664771517405
-5107995078329910011
-3900053728607364864
2475686081783101885
7415307809018632215
2569401494018857678
8837417018916673646
3875350841519674503
1370394402347184326
-2659187219109611140
4303754933312637846
3833679794166948376
4275408397987744483
-770998508393520704
3151193692404574532
7299779042141161431
-4353091892582973731
-5601513870086121117
1989677653094638757
-730795318975531403
-6437492198162702195
-8979706573257094177
4004373442503785681
2858527978204770357
-4412022095506816532
8052730514771797762
9160653101840722623
3830793893080964090
-1685532608436292170
2512311312768604602
-490826900149574848
9205388515003604406
4238580092313421011
3591717995830071801
4487118258959267622
-4410496985775041094
7609950363263563211
225010696878970800
-791505904444595354
3432726776199228999
4531093149257948521
-1390332106595967444
-2376677569557325953
-1350939323726341939
6274152519268627935
3884342457227175141
-6553695391545020349
-7767975398241086540
-5425230802439183205
22595392953177892
-191094787888278375
-7186759330071007090
7762527239705178702
9105347101850752824
5902011874552872616
429777134928035555
4599731391189718369
-4856345547824773010
-1067960767647261462
-973143370418620274
-8781871183828422559
1217445981001311656
-3822639042399176932
656902411761505588
-451947391405979230
8046987486753510444
-517292521968969635
-4128939560543385284
1980250960321654913
2506950210407524283
-5292250555881087795
-1157437722829028548
4233568146110179657
-5465543182078598142
-2871992540113721338
5572949056509567077
4440586788516364229
7331708680779817629
4156759905444757233
-4029217748806358663
2277816387011820438
2764696767282622891
-996634894930520705
1603022338743979844
1452584134864494565
-3646691023017355796
6400804309671031535
4120667019886251811
-638740419408429834
-6352027219122278691
-7063932827479734073
1737564833564064036
-3455991183307757417
5146632321125240205
-8427322055830384335
-9222362429775358930
494593729984693675
-3031742291516215812
2882557242492604947
8642794548190685177
-6748817824050302421
2017087642906917228
673963281374313168
-3966624961808601978
-8915559286691830562
4520134962399701279
8817964286391277161
-1441806787648782105
-6078320115693733991
45020383211525233
5930230177809778779
-6798573483364845134
-4548891100035362137
7934587071301585185
5441486650036292405
-6909997473506613603
3450507982895083451
-3746784771648713144
-917867607455758331
2065360309226638421
-1438087121673520041
8910676048443193757
-5123265411110630620
-1507831982652738495
5996669113743813916
8429420762396748381
1305860297454787247
-1619594003597496760
-4346383010338537923
809487781684828586
-2126564316537018154
8891535628608450948
-1531906301753509415
318845654266165080
-6621548509224207133
-2271045328136494285
6661010813245401728
1583081203975742463
-61760804953093124
-8581906200510211647
-691849169639470079
-8204226551242246846
4992747016771058977
-8818039240288316616
-64418686317544884
7475885323493923869
-8565224137484252477
1729896594921279314
-3242584365077717205
-5558173013911040256
-1043385603406659898
3291656125712163691
5975800762255701977
208723371713553513
4631398593574400114
8042085850227938502
7202154442097610822
-5742741001943299158
-1677677072548045859
7138158021842827862
-3578830653420582112
892089570493000222
-6169537423324132800
-4146026760727852679
4425082018491213809
2129167636576470611
1290669735334133524
-1422809310268141162
-9023695266274679431
146090704124436938
1833010386248059061
2630242689807863275
5446608473514090380
-4950483059908525009
-4226164025816384827
8095450085083410734
-3140227763084381840
5949351399964442822
3276330390449221352
4985887738547672791
3859397189801981882
1871240917016793012
2975246661825361942
-6123562264787688607
-8878235117190678628
-3328086194674570075
2723475279766015866
1475059863402524432
-722929978936522237
6225955092696164327
3391030756819435219
-8368639272003388183
7093795723383147224
-8316994390103603972
6534558381039073990
5851756150009198905
6762835799279177510
4774708940387137845
8156367452482913184
8350104046865263021
-7619335647979118813
3216026296161264141
3661646233712963838
1236328975907013830
327427962509250197
6381656795286565569
5450497894465266744
-6490449631468244830
945412273381001795
-7564193231151309035
3364975500877671418
-4105331188785788472
5467683656418000742
-2865436895510311456
-2566425679305682973
6237471202621848584
3312301437747033023
8872530340735859929
-7679012248808135495
-6757118115424574599
-5429266056444837724
-73817126604231994
6701036261945060403
8221901684212583036
6336474002465864834
-5753919825042695607
8222357068549884192
8442394882120269795
1106358725230806591
-447213438838115169
-8577424946659019812
-7198396897115382952
-3319838828325865205
562813699408056468
4644620095617088269
-4169452863507207751
-8676082077803506758
4222178861780117360
-3865013912766665229
-8250321692725021125
1342013741035022129
-6233486725968438805
-8970526100085565855
-958379590888164116
7326519425923289474
-6503955463980687583
-3130518390937814534
-1995043824904902953
656565280601382342
1927438021363399904
-8128257430523637490
-9005463565417484728
5126425314663116545
-2056426086516287481
-1239892260861664368
-1771356691182340096
2835131392371285511
-1627386039670874199
4700225376951432325
8371217486005691475
4678415955101200200
-7220873386480911909
2312270027153170714
-6617150160635767182
1013784755315268887
7322910409196712389
-1281857090964727661
-1809291507842663187
2655355664316727570
-7597238967103705975
-7039496427478445994
-1074785066659019770
-8650801583693990636
-465772525761490035
-3614274874786110
-7554667914399150709
1099583190818009163
-8269224020776452766
-3403224006847141091
-8312967680742889671
-496979744715635960
-8853703127812848709
-6746317782420780563
-7151880520073348528
-1295102253416742630
-6380355529360354515
2189636499547588448
4205374564461492072
430156865084790296
-122884641340076921
7623848744895668137
-4436107345928480576
-1091975891337208062
5590002264056519259
7902489582704920817
6491052004472118702
-8181087405228996393
-4485021908787777660
-2481304441829075692
76053572126589990
-9001216665181442790
-1859215142279946225
2970060156462296334
2284657531547124075
4204037092566482268
-815322472697066950
2794645537579351199
8479171800747483518
3579812063118571037
-1208471921523381199
-3184449211377566212
2165532207096731581
-8414746205265764804
-958537420037341325
7971901684805998208
-6190889642936977799
-7879111593692445935
2627906005480979447
5256635462411696155
919985159843099433
6991096043726153098
7919748056111315756
-5422294757687069810
4673594172113299222
3917475130650541604
1301465962409312537
-1932369720647873225
-4068164654565263933
6827041666794895907
-7304879499822409186
1327659085369954141
3228622999183844752
-5435677005765217445
-4453022945983304566
9139817657141032727
-6853961963641792129
2242595309096703610
4106625535281796506
-7184467293521364629
8384639900494346627
5470932803740860647
8382596497371275142
-8650228789048842061
-718471046016331312
7438185132426208630
-7239016477393070154
-2111429798697067430
-7005395811510487351
7243645174672915484
-6008953687023804026
7596563126791331898
-8593932491928312823
-2830474474895506903
-7110610114953820658
-5105465889558512770
7615139647444148747
-2108135650183075751
-4450298429693718648
2568099888391489519
5662764062288117652
6117182881866789626
-5900276218889228874
3400143909465440375
-2852753772076522812
-8909359368855266096
-5134022197686393113
-4292834693544578305
-4563656721777412721
5970418643788911052
332281478179854603
7848785094794648549
1283528399830096107
3782528257246952612
5733733737985476236
-5254252143634046708
-192798331713443137
1316870294519669726
3789229416534932216
-7279376797147268141
5633657333452225135
7039497365676910890
5791431294234980819
-6723957004692891110
6959072126204519386
-6154926878911134623
6395482717101609634
-4546848657914532613
4276675115047584805
-4361291524578709625
-7311478808717234910
-2312307270857215562
-7950298373403079744
-9214714602847336182
-6482266337654499533
-8740768852567153545
959416141125247735
6468872935209261309
-7404330197151903115
-2193172750835764886
28563874492495714
-3559155444917741989
Matrix_4 shares[1]:
-6088257161831031540
1148603097351098767
-5642848739118872365
593917994874084427
3229672899270625725
-4184052033594095941
6028545460138747854
5336432143287883915
6402035663100697611
423571247083222196
66062836521746803
-8949978900126048344
5677678523341072467
4538338133776758764
2209422750591857328
-6540054281357014178
-6483391474957597563
-6417816773050790182
-692281192038534823
5368202259771947232
7820318130222931319
-1730582805223260536
3781225079524886207
-4498397259409826669
-4365687694460120411
-5695696116315148031
-6890639692394369431
-7915494533783233221
2767771291847478109
-6488634090236308309
5469549106706692614
-3649042453345333966
-9093822238868645587
4798661410090255540
-791551231765636503
3435654024820427614
-6756712124736307646
6947347953367918348
3128325050211218246
4312853720312244603
8187815131286645033
-7555344046309845559
1874500143133153414
1653454797044434919
7967289921943455783
-7199600852230094429
5389677139390430557
2950239869911440343
325729913568415636
-814637433186132775
-6274744096516553603
-788900931777268752
-1990780263210388036
421737354358729612
-5610031930058864934
-5059465256795987156
-3185221867773982531
2881090801754621745
-6845688431159679700
2337612380896485262
-2272296260436058250
-5456572899357907124
-6499855641666754356
-6787814642579380671
-4413363344096464551
-2541330166079365343
6311724822480617125
1333889196006238799
-5437840070461497127
5233583578637056756
-6489188127440013432
-6620528673431747131
652274855227335677
-8622564756795609612
7897871703101180091
-6206144027625290141
-2052175661326022832
7767718665184625969
-9019771664810268551
8769590557153191908
3883818159013743675
7713113493186672218
-2078662193750836934
-8476977175094536343
2799594293936030358
-8712082347032550218
9105958081903276435
4955025160542307152
3656823933179198700
8634354841790545840
-7503547227020966800
7093827158349698135
-8211803195116826780
-979376226233174443
-4763678212434997087
3344160410567049583
-4446178933388609862
2707050265936963966
-1015031487597523805
9031765894032530982
-5367431967466027965
-7352319239951767788
-7598069646940980901
-3645560555765789220
-6677531988250917054
-2432953638845955919
5875356889607585662
718847014863077916
-649508464026434846
-1047924126324412128
1664366727645743090
987370365981869643
6493693319269454213
-8411333366630480257
7329194481877329136
3523703304494348930
8912379911306127870
3778992310047736344
-8008236453144537067
-371379945038524877
-988092060566404602
-2923248224207169690
-6175019982045731195
-8444820931696279463
-5530707153650229185
169631731691313367
2205320601903454682
-734178148886279708
406933640465053170
-5637975456278943093
1727188639459461340
-8742333935812908782
-714498210512008698
752584692941439624
-2405127760032048362
4268724883114202317
6480976136429541860
8131560782094533723
-3125993759143718925
-4031822222806200160
-258005542676614839
7807656389032081729
1182624522971333666
7289324143185029858
3890752270280624936
4945199020753832353
-1161887396683805642
5447605633922952575
-2187822539795303459
-4082832837021871856
-1640567770855130787
-8146637215134452100
-3548927133023548748
3051393869102975368
8214045612681797307
-7088247139088407102
6617270669651618884
-3172462711388426536
4859695143263266074
2962709208366868943
-6767425433231027463
-5070985500679880955
-7236420200469017983
4203795727498824696
-255272526311310402
9162181207750670227
-3472244471602859612
8144417309780046939
4558943947083748953
317661360801276801
-3157709276633911213
3157473955275860031
8659766439930682068
-2892209691477273604
781753977285959632
-5902972059454917981
-6467785353779904577
5324493166030253069
2598935020998465776
6684307613024873329
-3150695166216919337
1890830687828833494
5441324794069072889
-177612341142289215
1776396619920983733
7193950293500509097
1592433742023597255
1076069622095123333
-5868942768916346651
2329352260592252709
1471718306963921708
-6237436255761702065
4867592465796998648
-8524867276504500135
-2180696061533338494
-4629763390676740013
7804799562469315395
803705096400420565
2825280611978347237
-6171697842385858631
-6138331886599297548
3648094692137677595
-2773495399633789905
4010475267920736581
-9134777101369582769
3536291809376035742
5118028314121600386
301356375688546934
-5708986062954051141
6226224430931738676
3862327842673214545
8000645296571097674
-3564126891977659123
836107961140253773
-1743044888649233088
1291487433054474550
-6974844644609216587
-4994042776988173708
4352830327556925464
-7927290284561254317
751781424705995775
5842466841132510954
-7096993874646247387
-7859064632431194831
-1695729005383612753
-16189559313854557
-4021635837686482457
-7771740407456859993
-5249270281322495009
-4611648655137069158
7678730784578573387
2892509607702579471
282218402565556491
-554991954125717644
1380309395338015705
-3783400127452508864
6781418575293728473
8199891842067651516
-1549932509218333189
1151244780889591577
-4908013575832613153
-1179508484878323578
-6598018643127064477
40130741979328440
-2860248149568903634
-5267736510149440549
-7332877982415948553
2436557171243074226
166215882249302714
6530013816870615786
6472812407512199039
1906219445085068371
-6028176925326713791
2564843786537559304
3239285981986446110
5641541675433128547
-2975912378209912032
-303211882980430719
-6985286827695001825
6969667498318226020
-5217184032386711099
8130314325623332566
4358890917787745650
708300189256987929
-1164692846290704318
-5437254603677731182
-2023307824318500868
4796836756017091037
290111360461625161
-128248511321052965
5236911887957921753
-8470600775965779055
9182919244980269923
-7710712671095636524
-2875774566668154684
-3387280646789867810
178196598976024287
-7989530650733623318
-8913035433874070546
-9197465343186904939
-2906500039359016992
8891952709932660162
-3361738026873707897
6858282553392748474
-762094432250352215
528828186831111898
7023501831206328248
5015201258956657374
-5128663810252776514
-4575069202603901844
-6399083489659786220
-4334857038142430309
-4331092153125539083
-8383825578462792456
775639672958301253
-4956510837063879173
-8639232209286783220
-7039267396905968523
8978518795170258464
5397222457075228997
2461679498512824122
-8785941773858107459
-1017273690265791405
1605282572959361325
5391876310988663902
-3924645832562292345
999008474162009075
6174336922637472182
-6764744457298395395
8165314849683387784
7975826567761660038
-5027165765268785188
6224512724445438526
4930275268523653760
-3429058125317998669
-8260517574707335611
-1492534910602425139
-1306246808327582266
-3219808174854990243
4716652032020654656
3666046676637770473
6083520008553962629
-5205516949099562617
-5350494009124731150
3671030603816469954
-5616921364899603996
-7718934554936194928
-6477926883925398529
-2183324689684717099
-4560409183325808249
-4172122406281658368
6792321625334478836
-4672580258669090185
-330460927152083065
4735626065428538550
-3967338940819808770
2653336957173331998
-7151577913379436477
-7872768038449993878
955080911101009284
-2285972833187606788
-1100605028740302040
4250326671819946241
5071113368429345800
7530075868867959090
151908921191536223
8497454491028266729
3119220403035767757
-3380487191664673300
-4081372692452711866
-254924616254706047
8996640583472106250
-7770964671598111871
-8517106947620337994
6795886769830530653
-5340426300399068154
2796510459903419730
3095824114289319457
-714395118272790113
1654515856520467181
3459555960417595772
-3228792806823938269
-7329699431512680480
-2558872783875103417
5901910331910844587
-4316882917041701086
4407424821624366256
-5967281771394515016
-319289946714954666
-4516379702501044119
2303464662784818110
4879582959459586971
6352872503954805150
4707168629639713768
-5630316519705818461
3315474160395296910
-8712811478175881482
3975744265096790326
4366991164443604092
2552175434967374556
416549471767066646
1042575408653062340
8078646807671714614
2538592740409662803
-5214830483492844538
8153864134617004226
-8652648293242393687
-8085732301347197932
3595312917150800242
-1886453251101012306
9195522165657254409
-5341156950031036750
-6884099301972737904
-6452760954665879623
2751114112168649599
-6435380056999931638
870472131045824835
2911678091792514320
1168749171860425478
8717228685527102447
5777389115558725062
872850250428785373
-1025673004393976317
-2770172820667766246
8424389298405539776
5278582890984594027
-4288786985598418595
-8924891361723657547
7193462324284942644
8491150976914308968
-1042128765823532663
222575905228623440
4972118470629906919
9090024890861389623
1129043982119547270
-6663467387288977163
2804768657344425011
-940063523204306711
-3639371552790809091
4025573303572773198
-8805994184436158864
9154895544642214246
-2780231622048474159
-384797408772876888
8494955280365348156
-5606239389307061229
6699127794396413679
4709870382094319434
-3852600251514487554
5460803447128070644
-3508555276378078368
-3169946368735452274
-2279830634881335285
7306937507919382929
1605581972431195712
6724530032736681740
-8919515322130175851
-5152211268758894310
-7096520042305311907
8505842476667149417
4240240826410674435
-2178359346586235623
476651565842242792
536067414130788539
-4213930092434842115
5459570771935479270
-6236407707274473723
-9082243311204956355
6182071478861476814
-1441703943064963825
-2100889468687594559
-8701196039121790474
-2006038901986187513
9191629674654036063
-2724872869059603454
3433330080775123112
7418225662391933522
2354817643838696155
-2131353866098002867
-8822573986836839934
-7670391710859820010
-7293176819908193225
-201257613505635830
-4210818628728748534
6014060036436392595
6346250884130114217
-3217191474345236786
-3420767846290057251
1483010596552592056
4909337448078876597
-7199574589937385970
5916714968652129264
2469173646946460735
4620457741388277809
-4182066774729161143
-1491607676639840221
6606459031650916451
540512324561678868
7547365073976659435
-6287870081701448918
-7972612465601081517
-5752741474753207124
3492550005208097871
-8138705069431869998
-1675808481795670274
-1100747259395789235
-229295765568294213
4495224635120767311
-6043474473719450822
-8277956224972198068
-1989485470198750263
2694108231283915059
2171210567698119270
-2948108947777971950
-936651315476051200
-8349123982176502643
8750900428883884398
6929772512275009356
-6396114638389244631
1295616746646264589
6602315653508716295
1515831001544227530
3062152297193691442
-7644489610823778260
-317462895545449679
-2102803686452097813
-4076118313775162887
-5290510780750237435
7290514341444104363
5336547133229530613
18526270048138560
7089188521882888631
-2237319928888517873
4975629264511534657
-1020222368240895446
-9108936323056271064
-6270167601128649425
-7386479887097364270
-3334992006572730126
-9025563604278640710
-5191138334947206992
250931519213569558
-2103083642007367722
-7005367847328112025
632016520827939190
8662141494122870535
-907974552570028387
-1957622385608926665
8839899161179234882
-6153121926132280030
6815603108211787685
-7480701912555029745
-6703057077514934882
1522519046944785151
-8264091867948676764
221001854205629342
3915465444026239375
-6940789504383067818
-5486873815048183428
2225637603744166385
2554002052347923534
6856423526359203187
-5896856409035459214
8821981018158335555
-6787862102631349107
1115116349750602184
43936969782465836
6464765414332624858
-5271246204430414242
8600059028303285260
9050460112798682633
-5198252358331125880
-1240068294696553981
8299494888839356186
-7687772478139303914
-3655644032069332374
7098503455085472061
-7548112419266867535
5633213416758476957
-7083132530504509106
6654889903591356577
7629780020124832819
-6277165246479516536
-7868864720841066988
3802539581479675521
-3651878863451985545
-3154695789057641344
-1344341918252652834
-2820624940414333318
803744291822688286
-7614804940491919803
3443238073823223862
-8047831424445506466
883017387904116916
1164540457100446129
3200857505875575834
-4535528606267834157
-8127234035917979242
-905144270894137809
-4372481039834963348
3441412256853238447
-5107458411405025463
1596770714254968842
-1308939977126374282
-1149509344794834515
120521834104126674
-3344035569188833366
7189463580879940126
4371643513833893366
-4447659170769926124
-3378192541890304372
-9100125348511090206
-902383907978638366
-3614157571979195053
8398966547750071463
5447091092616799426
2235322768535998683
-2594050806224114569
-6869775699759382307
8588629050379088671
-7935802540246385015
8793098850658235416
-6356198524014287445
-8791766195560897831
1737603307201831594
-5377909773690661167
1210646441362342445
6641238857960604696
2894957566938632614
7799584189322891333
2524731328652841284
8269363955319781257
-9081093892261056455
4306930017512103163
1917130557422791824
-8224917520171899933
3574920641355929888
7512011129853585094
3242377798794969847
8329096809787391684
5788528937167561414
4847812169416074129
904025502433621347
7205487506486238060
3454505243139783137
-8461382925618993595
-1557835583961642231
6762784641531952358
1760294358675833523
1858421781571270820
4290039886068623632
8940200080564535145
5955559972150962013
-742821998858046642
-6323544031735683767
-8094886918979943482
-5195643740387484758
8017123989901858996
1694405029797700300
8290339207010998413
-4880926846184164024
6826721461099976608
-3881377895345273478
-3011320527204155471
8231141979167463701
-3956615812610229714
-5856193992366045144
8745134420367640679
7739137984910033516
3415260733495901344
3347797319392353701
-5210029689043304726
-8461616702127090173
2762919083868040703
-7068124334748934719
-5120048793569899124
-48065459925604834
826711002827941206
5766008824498102750
-7318863894274859095
-8507946450171586121
-3252877240793086545
-1273824932140191084
1976685183331353562
-3633107826372063105
-6095517268052013787
6267424973107093484
3675213005818312942
-8563800779445529127
-3442300737140242038
6698379675800934817
-1346535047284774458
8797752592080188693
6580741777946731674
-9212496541989439907
-4514587145448011634
-85956091778907782
1113053569172879395
3054915710646808838
6178224228943862745
-8426687281106422704
-3641793791057097404
3723612803388091215
4833827419767955118
-6401584239770400499
-2492395478552751780
-5837025720871731096
3284164124694302202
6588859070879438769
7317677255314960380
3655034993605031150
-4928971228982885566
8327387659786730103
-763585443255279820
-78792530647723579
1593425862900355181
-6435300437511323220
-489519810205440624
98161469260955719
-2660516485337333555
5948906231297489012
3671116348660452003
-1037047276447724977
1443842454246257653
-3821666494293230316
6459646822985852182
4128311677403720064
2850785103451842023
6058856093588495434
8382784280328999108
7669215627358923145
-5889748978251821008
5405038807445139241
-7571352436881503340
5400121245623672882
-5823761264033157904
8094785517323152220
-2513497253016766934
-6005758935294283051
-7578529933549417869
368936596001177186
8391287882372186158
-5766306636933157420
7684148847632975790
-2102837706907482249
-7831617852440642733
6436996656572716381
7535052455709212745
6552300242086607117
-7682936202840779180
4015228953125268732
1164563306845979182
5860874876736138110
5665686343539604627
1749311328973502662
-5484494273240444113
322278198221713774
-2181118083168684769
-6606635602869568929
4521366833697704138
-1030125116742284603
4837156433960892220
-3997748432600311515
-7335646431140571838
8254104938599279457
-2632129644690730764
-8404761452607302294
672061143516184741
4358960969824615379
-5024327814503427191
-4124537492640537675
7889135142553456080
2369950611530811493
6067885247661458301
-1269320323928847168
-6205568899541210075
-4510038693470793510
-8404376233039752336
8188887442936865126
2077041776899835569
2958236801693427217
5934434702942385493
-832562868852025852
-3155754600055260233
4097713536212036896
-5812840857631904376
-7156961746314967366
9096266362283975841
-176415187343714391
8922557855851139600
-6951025710122490807
5439954570364481279
-641199250223045950
-6841712892648595067
479056020875319569
3176929823186005556
-7451253867874659557
6132300774616675546
1223751139545080448
8437272363787055347
8522559647055058349
-790891280091316946
-8205531441332339649
-7221385768612885166
6573094569674048927
-1687871718865705584
-5489022712423290074
-7596202426117155518
7119984992304680140
-473992708112744669
-5598519738929715199
4525294296039497231
6037682743725686258
-5903360251774395838
5874311682065159723
6311972334225089674
5822424338316537737
-4072345237042494717
8188575552307757767
3372971070584517127
688669679234072961
-2262129677495159579
235463726921484310
3560391168629283046
-6717493178847076284
-5527275886164120184
158728044505422241
2606054785707413963
791356201652739379
-902765070680874576
-1811594449359377533
-2947909720531913341
-7685120004194225009
-1738669368835094213
-8674351849120594424
8610390338460693814
2135867301283816569
-8192041472272097664
4342651372435587705
5768704911294965596
1857222036578618852
7550697352744027882
-1754608174050031458
2435258301385038509
1328476527347748113
-7523798025035876317
8570405121290221277
-5756929192729707651
-2701478100349481898
-7270078170240746049
-7887099271252198887
97134012275954558
-1262156827111524950
-3758249630868630171
-8053762884584520898
-5181374791925559502
2689668005497229567
1946464018665933233
-3244243207740864842
1547284130288258553
-841997623507246622
-3929553279054266764
4532659413071474865
248784646900944526
1642340639512890058
7588039413401941857
-7580976743351913278
-5036728085803236187
8360520499861605385
-3434224027835991718
-6097341545262866439
-1275656320528104140
-2254431069478421847
-3816487221301549142
-4060879558420652731
-6456576951054148834
-7395874442323161951
946441979158387633
-3243394159147135395
-2726720339670658959
1437787699097534041
2119693931026581442
-4677570882554282170
4622681978667217265
-2497385246020293827
-136496160436979603
7239967791975919840
4932253691671671244
8731012889403468523
-4930677225560699386
2934345873967296610
6894768777231270902
3823705408886521282
7733283218876209599
-3445172292024930907
-6921365973245327122
221168876612542130
4517550152113390064
4511137388482439068
3271540949709717278
8090165182517516438
2958050721011679982
-3951002357686506827
-2610414606814040589
-1925948895897749160
-2323915309943393627
-687624109023094942
2375590125362949617
-4776525022136452345
-2861993749908575259
2434961004117531080
-5869536655407497796
-8537183690312950192
-3195233675427275200
2581633596102335870
3098776893617800741
893697889521629772
-1623420047446602817
-1569245427982524740
1593236868229066359
8829241559568955433
5856403854334011776
-5744639535202319489
-5342701253687913250
-6499830829345115965
4809845770472975477
-8908374993947096650
-7757667426753209624
-1784640552634835642
-3807916772166036002
-1346811859237420366
2188254471701936386
2705963084699141107
-8779056807290352936
-7375653229715836411
-9179165041421654094
-9082851261486390753
5316258936744985865
477497194737229036
-450705879254501631
5554809255198840912
5852705605898416785
-2354980895152405299
6054593868249703237
6828587629473340490
2354971723039298503
-4354046667962603239
-4843323529975378310
3760552020209853170
-7311189903642696752
-4955406399083924841
-7897766999822974011
-4075975551358192748
4889341477532597807
-851672570556905451
7893321227763903338
930040921414533448
-5243752719785142991
-5461429297020356602
-6858718563442345825
-2112962956909984983
6866045524436169791
-226547774275310086
4659604347927231455
8574785338411749666
8839699492513917856
5893741061784392479
-5366612866551073669
-7744326585097475539
1384651801105503613
-1087397688515671224
-3157089948686478920
37349169562275358
-2228705557445144216
-7403464466679901809
4283182476032949782
4125855489701188098
6445494030145770662
-5800179400536585012
5040606891872486363
-268102936162189226
3312709689764924834
-5122042830331741307
3506838139133107982
2069375080496013062
1139614712390411100
3692534552359083230
644775350246409100
-7209592268366730590
5771143810408253834
9088688274924293679
-8938673844820829304
4998884163499622579
-8788770935858112978
-5114775653922492067
-2965450505078442769
1101785207865066466
-3629312859590904111
1281935132727982416
7892815634233621917
8694462749839665061
972224591535848834
8621528392291358081
-6463967224890164278
-9140688209751792531
-320039655199387181
-472806033746264986
3073448218910459708
6875317612655085306
5034709849736043195
378847481905362457
-5504852639187020661
9082913670624857761
-1340693079808341781
7023385558216779442
2390049583446978631
-4364449254854915522
8704986100960457884
9160011304033993047
5243750730417297055
2431806336157568398
-1497843618442429349
4331927508820969128
-4111322189041960951
2169503701105884777
7158187379929730100
-6178694877440738996
8696821341367199673
-8388831007368081042
2142428734411705075
6147195379257406928
-524434911492132665
2649247519017306789
-4648580791633938052
-4109220278232046411
-3618469412787948296
-679457682911126748
8187864170473789370
7007164591729903309
1286814192793080922
-6531517242341063133
-8832818072042847375
-752482562217919477
4545243738469122164
-3955086860038677106
8442165333025279024
-1465069094788199746
7162865354064184148
-170523363488425092
8816394108436492418
-7794137598878642806
-4279136017421874933
6356277826450673747
-2208584775282018350
-3191370619033978673
-6148079503675813856
-7916675304366085651
9016391922386028532
-9200586772522091379
-106554083209579256
2602263034731479114
-4336890048968841232
-2464324839262802343
7200049230046299768
2437294297560877307
8970867519039694462
8814034391166654807
-7069888742911332296
2495305590184389267
96638227356477852
-6940141633470336484
-4863998449504077464
-6668328284192394869
7786666927718730078
-9135256916313732863
-1705085153052767041
-6085625350648332711
-4728058706280570026
5358617435009051874
809447891051625443
-3544289692838311845
8578354623271826087
5811076105395169228
4834413475095637035
881863846221332459
3741683297564909641
-1770996505462167530
3571567814439636817
4551312477884540671
-1332130339292378586
7921151306442039085
6601914262812142264
-6966043757452596359
8302607867687982765
5594669780550014812
6925961024128289778
-4078337557098613353
-2641746648048792043
-1487036392305595090
4205815097287240465
-1668626165193109186
1766007014458361825
8154828109256835439
4255658343931177466
2259111083287872865
-1368532697226573911
-5462002166204424160
-473104713615347093
3883973437548473773
-3520520822778253038
119403010119861560
-2698140048315567486
2492779903315707039
2756438974668118695
5086030492912380723
-7384377335319284642
-2475079380356231557
-6685285423703992077
-7181302371420895659
-3807103511510473402
-6292835537461424578
7175433009743391565
9119775687540137813
-4936435523747166049
-6531035041291538477
4252339344955934316
6724840956897496600
-2044381259683337657
-977205925668510400
886172652625257351
-4387875844474979280
3751214013186939407
6570585384732395033
3515879683227613606
7081828041419208774
4943028552599748625
6825194428863227958
1988808986565550967
3839331181859592953
-5393625081824218456
-1738112273824437858
-6623883568245564019
2414838178161861171
6766600573708025192
6130957107090532523
8492985370495815038
6086183322805230783
3616614888106221811
5742890006958014923
-2831901707287918867
-5460628298921292018
7726829318471902387
-4531121399212589028
-1919463701226594406
-5770068314062969601
5002034621555796154
-6353447362843067716
2118700691551844045
-2156525244586936508
5458971381816591401
-504053063987678999
711745701546109329
3489297862941090954
5933945302843857675
-1045509877075678422
8969800053699979630
7169460096570806390
-3935681318827884744
-5661447381708560498
8876109240928436642
-38379655329660276
3893192761594844060
-6823782873708434180
4855573509723193844
-6834712090321311957
-2550604530876249022
6576366002151235680
22166450268665128
3715575146075214606
-755015531968664820
1516543416062818267
-5605866055413089304
4968321108809291600
-8565360177425657245
1940887965622278676
-3578810673308664330
-8700752254082331659
7005661847908014643
3666592078478448989
-7165466869431014303
3399825337278553238
-29453839758722938
6460207908745702600
-5760311548645248103
-7284669707000906370
8381027588723172084
4774564349228525703
3645566919123646888
-1941400036444402421
-3147038199498730628
-7364114252963167224
-2647115105904442191
2286906900156007374
7085696790612392548
519204775439720332
6653012711415299456
669453318740356866
1430371240432858950
1607648449068457016
-3515790768086208895
-2271082169572767240
6162353473944267264
-1026923015219531058
-6310171763055980271
-830044061826215454
-2865713801697418588
763248746038677371
4957433192020073586
5765585236041451377
-86554413497051888
7812768508661450121
49896130456632504
-7551952647130820800
-1580090340967231380
7285172586081822769
-6513084890115348055
6591562803322363798
6475523600840481080
-7151406081626789048
-7514869255264695210
5358253387608388836
-125666386530252414
-6926982641809720126
-3285548229900743880
-3130949533206177347
-3538675403813793572
-556823737797394514
1383790988110942710
4448850407558414641
-557246827154239327
4173987571991901014
7239946354692553760
4925625440232107202
-1576919566973373583
-5209533375311675176
-7675370657066497174
6948982170289171048
-2301344413601752535
-7274383774314382889
-8352026666619880195
7475990765474813328
-3088498078308988263
-938043666880626919
5493000851959501918
-8290641899398782429
6686927573918417276
4303977348360928347
-4241979997903341256
285469415718084436
1255096071339697007
3032704921084738652
-1264854303266325399
3657986940544133628
6027412114211814315
-6926736639193099126
2964548526454536370
-1409974276319357116
7494991540105353467
6542751249001051854
4061802756481440218
-4001307043182129323
6188173306779701020
9159011323864126472
-5388575183474517967
5318813913690150700
190132467446145629
-6348739408098773999
-6502853494119388384
-2908281490991762328
6176684443177164261
7402154478380895359
-2983059653848398418
-2216907788171990781
-5166392113946973773
-9053919195215417209
-2809217432619450276
6891063173353381954
-4786523523437787142
-7021985370351617359
-1270234023239964977
2126641381213405143
3951292711608735459
3041868352655370307
2971107275113303572
-1661621104446981801
-6572274542446553664
-5113474262110655383
-3714504683372416927
6510010380416768757
-1058996527889408110
-7570197240604099551
6252941177910538046
-6323238417291418823
-7458731434300381808
485158988564465791
8086467839925524801
6485733371447573422
-5015776101310266225
-5113154241150739310
6487918025286440808
142469601495672087
3658231591486651279
-5515304846089497302
-5979582852828398122
-1830212446150046707
-8696341815094520247
4514471779480059163
-3968628199071452231
4426626204086698309
-2373433280209978859
-5474321066641396387
4949693543625875795
-2959908282843488110
3376732614491875012
-6746694642804992186
837384513928361628
-4419810969094684428
